"caption","childPosts/0/caption","childPosts/0/commentsCount","childPosts/0/dimensionsHeight","childPosts/0/dimensionsWidth","childPosts/0/displayUrl","childPosts/0/firstComment","childPosts/0/id","childPosts/0/productType","childPosts/0/taggedUsers/0/full_name","childPosts/0/taggedUsers/0/id","childPosts/0/taggedUsers/0/is_private","childPosts/0/taggedUsers/0/is_verified","childPosts/0/taggedUsers/0/profile_pic_id","childPosts/0/taggedUsers/0/profile_pic_url","childPosts/0/taggedUsers/0/username","childPosts/0/taggedUsers/1/full_name","childPosts/0/taggedUsers/1/id","childPosts/0/taggedUsers/1/is_private","childPosts/0/taggedUsers/1/is_verified","childPosts/0/taggedUsers/1/profile_pic_id","childPosts/0/taggedUsers/1/profile_pic_url","childPosts/0/taggedUsers/1/username","childPosts/0/timestamp","childPosts/0/type","childPosts/0/videoDuration","childPosts/0/videoUrl","childPosts/1/caption","childPosts/1/commentsCount","childPosts/1/dimensionsHeight","childPosts/1/dimensionsWidth","childPosts/1/displayUrl","childPosts/1/firstComment","childPosts/1/id","childPosts/1/productType","childPosts/1/taggedUsers/0/full_name","childPosts/1/taggedUsers/0/id","childPosts/1/taggedUsers/0/is_private","childPosts/1/taggedUsers/0/is_verified","childPosts/1/taggedUsers/0/profile_pic_id","childPosts/1/taggedUsers/0/profile_pic_url","childPosts/1/taggedUsers/0/username","childPosts/1/taggedUsers/1/full_name","childPosts/1/taggedUsers/1/id","childPosts/1/taggedUsers/1/is_private","childPosts/1/taggedUsers/1/is_verified","childPosts/1/taggedUsers/1/profile_pic_id","childPosts/1/taggedUsers/1/profile_pic_url","childPosts/1/taggedUsers/1/username","childPosts/1/timestamp","childPosts/1/type","childPosts/1/videoDuration","childPosts/1/videoUrl","childPosts/2/caption","childPosts/2/commentsCount","childPosts/2/dimensionsHeight","childPosts/2/dimensionsWidth","childPosts/2/displayUrl","childPosts/2/firstComment","childPosts/2/id","childPosts/2/productType","childPosts/2/taggedUsers/0/full_name","childPosts/2/taggedUsers/0/id","childPosts/2/taggedUsers/0/is_private","childPosts/2/taggedUsers/0/is_verified","childPosts/2/taggedUsers/0/profile_pic_id","childPosts/2/taggedUsers/0/profile_pic_url","childPosts/2/taggedUsers/0/username","childPosts/2/taggedUsers/1/full_name","childPosts/2/taggedUsers/1/id","childPosts/2/taggedUsers/1/is_private","childPosts/2/taggedUsers/1/is_verified","childPosts/2/taggedUsers/1/profile_pic_id","childPosts/2/taggedUsers/1/profile_pic_url","childPosts/2/taggedUsers/1/username","childPosts/2/timestamp","childPosts/2/type","childPosts/2/videoDuration","childPosts/2/videoUrl","childPosts/3/caption","childPosts/3/commentsCount","childPosts/3/dimensionsHeight","childPosts/3/dimensionsWidth","childPosts/3/displayUrl","childPosts/3/firstComment","childPosts/3/id","childPosts/3/productType","childPosts/3/taggedUsers/0/full_name","childPosts/3/taggedUsers/0/id","childPosts/3/taggedUsers/0/is_private","childPosts/3/taggedUsers/0/is_verified","childPosts/3/taggedUsers/0/profile_pic_id","childPosts/3/taggedUsers/0/profile_pic_url","childPosts/3/taggedUsers/0/username","childPosts/3/taggedUsers/1/full_name","childPosts/3/taggedUsers/1/id","childPosts/3/taggedUsers/1/is_private","childPosts/3/taggedUsers/1/is_verified","childPosts/3/taggedUsers/1/profile_pic_id","childPosts/3/taggedUsers/1/profile_pic_url","childPosts/3/taggedUsers/1/username","childPosts/3/timestamp","childPosts/3/type","childPosts/3/videoDuration","childPosts/3/videoUrl","childPosts/4/caption","childPosts/4/commentsCount","childPosts/4/dimensionsHeight","childPosts/4/dimensionsWidth","childPosts/4/displayUrl","childPosts/4/firstComment","childPosts/4/id","childPosts/4/productType","childPosts/4/taggedUsers/0/full_name","childPosts/4/taggedUsers/0/id","childPosts/4/taggedUsers/0/is_private","childPosts/4/taggedUsers/0/is_verified","childPosts/4/taggedUsers/0/profile_pic_id","childPosts/4/taggedUsers/0/profile_pic_url","childPosts/4/taggedUsers/0/username","childPosts/4/taggedUsers/1/full_name","childPosts/4/taggedUsers/1/id","childPosts/4/taggedUsers/1/is_private","childPosts/4/taggedUsers/1/is_verified","childPosts/4/taggedUsers/1/profile_pic_id","childPosts/4/taggedUsers/1/profile_pic_url","childPosts/4/taggedUsers/1/username","childPosts/4/timestamp","childPosts/4/type","childPosts/4/videoDuration","childPosts/4/videoUrl","childPosts/5/caption","childPosts/5/commentsCount","childPosts/5/dimensionsHeight","childPosts/5/dimensionsWidth","childPosts/5/displayUrl","childPosts/5/firstComment","childPosts/5/id","childPosts/5/productType","childPosts/5/taggedUsers/0/full_name","childPosts/5/taggedUsers/0/id","childPosts/5/taggedUsers/0/is_private","childPosts/5/taggedUsers/0/is_verified","childPosts/5/taggedUsers/0/profile_pic_id","childPosts/5/taggedUsers/0/profile_pic_url","childPosts/5/taggedUsers/0/username","childPosts/5/taggedUsers/1/full_name","childPosts/5/taggedUsers/1/id","childPosts/5/taggedUsers/1/is_private","childPosts/5/taggedUsers/1/is_verified","childPosts/5/taggedUsers/1/profile_pic_id","childPosts/5/taggedUsers/1/profile_pic_url","childPosts/5/taggedUsers/1/username","childPosts/5/timestamp","childPosts/5/type","childPosts/5/videoDuration","childPosts/5/videoUrl","childPosts/6/caption","childPosts/6/commentsCount","childPosts/6/dimensionsHeight","childPosts/6/dimensionsWidth","childPosts/6/displayUrl","childPosts/6/firstComment","childPosts/6/id","childPosts/6/productType","childPosts/6/taggedUsers/0/full_name","childPosts/6/taggedUsers/0/id","childPosts/6/taggedUsers/0/is_private","childPosts/6/taggedUsers/0/is_verified","childPosts/6/taggedUsers/0/profile_pic_id","childPosts/6/taggedUsers/0/profile_pic_url","childPosts/6/taggedUsers/0/username","childPosts/6/taggedUsers/1/full_name","childPosts/6/taggedUsers/1/id","childPosts/6/taggedUsers/1/is_private","childPosts/6/taggedUsers/1/is_verified","childPosts/6/taggedUsers/1/profile_pic_id","childPosts/6/taggedUsers/1/profile_pic_url","childPosts/6/taggedUsers/1/username","childPosts/6/timestamp","childPosts/6/type","childPosts/6/videoDuration","childPosts/6/videoUrl","childPosts/7/caption","childPosts/7/commentsCount","childPosts/7/dimensionsHeight","childPosts/7/dimensionsWidth","childPosts/7/displayUrl","childPosts/7/firstComment","childPosts/7/id","childPosts/7/productType","childPosts/7/taggedUsers/0/full_name","childPosts/7/taggedUsers/0/id","childPosts/7/taggedUsers/0/is_private","childPosts/7/taggedUsers/0/is_verified","childPosts/7/taggedUsers/0/profile_pic_id","childPosts/7/taggedUsers/0/profile_pic_url","childPosts/7/taggedUsers/0/username","childPosts/7/taggedUsers/1/full_name","childPosts/7/taggedUsers/1/id","childPosts/7/taggedUsers/1/is_private","childPosts/7/taggedUsers/1/is_verified","childPosts/7/taggedUsers/1/profile_pic_id","childPosts/7/taggedUsers/1/profile_pic_url","childPosts/7/taggedUsers/1/username","childPosts/7/timestamp","childPosts/7/type","childPosts/7/videoDuration","childPosts/7/videoUrl","childPosts/8/caption","childPosts/8/commentsCount","childPosts/8/dimensionsHeight","childPosts/8/dimensionsWidth","childPosts/8/displayUrl","childPosts/8/firstComment","childPosts/8/id","childPosts/8/productType","childPosts/8/taggedUsers/0/full_name","childPosts/8/taggedUsers/0/id","childPosts/8/taggedUsers/0/is_private","childPosts/8/taggedUsers/0/is_verified","childPosts/8/taggedUsers/0/profile_pic_id","childPosts/8/taggedUsers/0/profile_pic_url","childPosts/8/taggedUsers/0/username","childPosts/8/taggedUsers/1/full_name","childPosts/8/taggedUsers/1/id","childPosts/8/taggedUsers/1/is_private","childPosts/8/taggedUsers/1/is_verified","childPosts/8/taggedUsers/1/profile_pic_id","childPosts/8/taggedUsers/1/profile_pic_url","childPosts/8/taggedUsers/1/username","childPosts/8/timestamp","childPosts/8/type","childPosts/8/videoDuration","childPosts/8/videoUrl","childPosts/9/caption","childPosts/9/commentsCount","childPosts/9/dimensionsHeight","childPosts/9/dimensionsWidth","childPosts/9/displayUrl","childPosts/9/firstComment","childPosts/9/id","childPosts/9/productType","childPosts/9/taggedUsers/0/full_name","childPosts/9/taggedUsers/0/id","childPosts/9/taggedUsers/0/is_private","childPosts/9/taggedUsers/0/is_verified","childPosts/9/taggedUsers/0/profile_pic_id","childPosts/9/taggedUsers/0/profile_pic_url","childPosts/9/taggedUsers/0/username","childPosts/9/taggedUsers/1/full_name","childPosts/9/taggedUsers/1/id","childPosts/9/taggedUsers/1/is_private","childPosts/9/taggedUsers/1/is_verified","childPosts/9/taggedUsers/1/profile_pic_id","childPosts/9/taggedUsers/1/profile_pic_url","childPosts/9/taggedUsers/1/username","childPosts/9/timestamp","childPosts/9/type","childPosts/9/videoDuration","childPosts/9/videoUrl","childPosts/10/caption","childPosts/10/commentsCount","childPosts/10/dimensionsHeight","childPosts/10/dimensionsWidth","childPosts/10/displayUrl","childPosts/10/firstComment","childPosts/10/id","childPosts/10/productType","childPosts/10/taggedUsers/0/full_name","childPosts/10/taggedUsers/0/id","childPosts/10/taggedUsers/0/is_private","childPosts/10/taggedUsers/0/is_verified","childPosts/10/taggedUsers/0/profile_pic_id","childPosts/10/taggedUsers/0/profile_pic_url","childPosts/10/taggedUsers/0/username","childPosts/10/taggedUsers/1/full_name","childPosts/10/taggedUsers/1/id","childPosts/10/taggedUsers/1/is_private","childPosts/10/taggedUsers/1/is_verified","childPosts/10/taggedUsers/1/profile_pic_id","childPosts/10/taggedUsers/1/profile_pic_url","childPosts/10/taggedUsers/1/username","childPosts/10/timestamp","childPosts/10/type","childPosts/10/videoDuration","childPosts/10/videoUrl","childPosts/11/caption","childPosts/11/commentsCount","childPosts/11/dimensionsHeight","childPosts/11/dimensionsWidth","childPosts/11/displayUrl","childPosts/11/firstComment","childPosts/11/id","childPosts/11/productType","childPosts/11/taggedUsers/0/full_name","childPosts/11/taggedUsers/0/id","childPosts/11/taggedUsers/0/is_private","childPosts/11/taggedUsers/0/is_verified","childPosts/11/taggedUsers/0/profile_pic_id","childPosts/11/taggedUsers/0/profile_pic_url","childPosts/11/taggedUsers/0/username","childPosts/11/taggedUsers/1/full_name","childPosts/11/taggedUsers/1/id","childPosts/11/taggedUsers/1/is_private","childPosts/11/taggedUsers/1/is_verified","childPosts/11/taggedUsers/1/profile_pic_id","childPosts/11/taggedUsers/1/profile_pic_url","childPosts/11/taggedUsers/1/username","childPosts/11/timestamp","childPosts/11/type","childPosts/11/videoDuration","childPosts/11/videoUrl","childPosts/12/caption","childPosts/12/commentsCount","childPosts/12/dimensionsHeight","childPosts/12/dimensionsWidth","childPosts/12/displayUrl","childPosts/12/firstComment","childPosts/12/id","childPosts/12/productType","childPosts/12/taggedUsers/0/full_name","childPosts/12/taggedUsers/0/id","childPosts/12/taggedUsers/0/is_private","childPosts/12/taggedUsers/0/is_verified","childPosts/12/taggedUsers/0/profile_pic_id","childPosts/12/taggedUsers/0/profile_pic_url","childPosts/12/taggedUsers/0/username","childPosts/12/taggedUsers/1/full_name","childPosts/12/taggedUsers/1/id","childPosts/12/taggedUsers/1/is_private","childPosts/12/taggedUsers/1/is_verified","childPosts/12/taggedUsers/1/profile_pic_id","childPosts/12/taggedUsers/1/profile_pic_url","childPosts/12/taggedUsers/1/username","childPosts/12/timestamp","childPosts/12/type","childPosts/12/videoDuration","childPosts/12/videoUrl","childPosts/13/caption","childPosts/13/commentsCount","childPosts/13/dimensionsHeight","childPosts/13/dimensionsWidth","childPosts/13/displayUrl","childPosts/13/firstComment","childPosts/13/id","childPosts/13/productType","childPosts/13/taggedUsers/0/full_name","childPosts/13/taggedUsers/0/id","childPosts/13/taggedUsers/0/is_private","childPosts/13/taggedUsers/0/is_verified","childPosts/13/taggedUsers/0/profile_pic_id","childPosts/13/taggedUsers/0/profile_pic_url","childPosts/13/taggedUsers/0/username","childPosts/13/taggedUsers/1/full_name","childPosts/13/taggedUsers/1/id","childPosts/13/taggedUsers/1/is_private","childPosts/13/taggedUsers/1/is_verified","childPosts/13/taggedUsers/1/profile_pic_id","childPosts/13/taggedUsers/1/profile_pic_url","childPosts/13/taggedUsers/1/username","childPosts/13/timestamp","childPosts/13/type","childPosts/13/videoDuration","childPosts/13/videoUrl","coauthorProducers/0/full_name","coauthorProducers/0/id","coauthorProducers/0/is_private","coauthorProducers/0/is_verified","coauthorProducers/0/profile_pic_id","coauthorProducers/0/profile_pic_url","coauthorProducers/0/username","commentsCount","dimensionsHeight","dimensionsWidth","displayUrl","fbLikeCount","fbPlayCount","firstComment","hashtags/0","hashtags/1","hashtags/2","hashtags/3","hashtags/4","id","igPlayCount","images/0","images/1","images/2","images/3","images/4","images/5","images/6","images/7","images/8","images/9","images/10","images/11","images/12","images/13","inputUrl","latestComments","likesCount","locationName","mentions/0","mentions/1","musicInfo/artist_name","musicInfo/audio_canonical_id","musicInfo/audio_id","musicInfo/audio_type","musicInfo/music_info","musicInfo/music_info/audio_canonical_id","musicInfo/music_info/music_asset_info/allows_saving","musicInfo/music_info/music_asset_info/artist_id","musicInfo/music_info/music_asset_info/audio_id","musicInfo/music_info/music_asset_info/caption","musicInfo/music_info/music_asset_info/cover_artwork_thumbnail_uri","musicInfo/music_info/music_asset_info/cover_artwork_uri","musicInfo/music_info/music_asset_info/dark_message","musicInfo/music_info/music_asset_info/display_artist","musicInfo/music_info/music_asset_info/duration_in_ms","musicInfo/music_info/music_asset_info/fast_start_progressive_download_url","musicInfo/music_info/music_asset_info/has_lyrics","musicInfo/music_info/music_asset_info/highlight_start_times_in_ms/0","musicInfo/music_info/music_asset_info/highlight_start_times_in_ms/1","musicInfo/music_info/music_asset_info/highlight_start_times_in_ms/2","musicInfo/music_info/music_asset_info/id","musicInfo/music_info/music_asset_info/ig_username","musicInfo/music_info/music_asset_info/is_eligible_for_audio_effects","musicInfo/music_info/music_asset_info/is_eligible_for_vinyl_sticker","musicInfo/music_info/music_asset_info/is_explicit","musicInfo/music_info/music_asset_info/licensed_music_subtype","musicInfo/music_info/music_asset_info/lyrics","musicInfo/music_info/music_asset_info/progressive_download_url","musicInfo/music_info/music_asset_info/reactive_audio_download_url","musicInfo/music_info/music_asset_info/related_audios","musicInfo/music_info/music_asset_info/sanitized_title","musicInfo/music_info/music_asset_info/song_monetization_info","musicInfo/music_info/music_asset_info/spotify_track_metadata","musicInfo/music_info/music_asset_info/subtitle","musicInfo/music_info/music_asset_info/title","musicInfo/music_info/music_asset_info/web_30s_preview_download_url","musicInfo/music_info/music_consumption_info/allow_media_creation_with_music","musicInfo/music_info/music_consumption_info/audio_asset_start_time_in_ms","musicInfo/music_info/music_consumption_info/audio_muting_info/allow_audio_editing","musicInfo/music_info/music_consumption_info/audio_muting_info/mute_audio","musicInfo/music_info/music_consumption_info/audio_muting_info/mute_reason_str","musicInfo/music_info/music_consumption_info/audio_muting_info/show_muted_audio_toast","musicInfo/music_info/music_consumption_info/contains_lyrics","musicInfo/music_info/music_consumption_info/derived_content_id","musicInfo/music_info/music_consumption_info/derived_content_start_time_in_composition_in_ms","musicInfo/music_info/music_consumption_info/display_labels","musicInfo/music_info/music_consumption_info/formatted_clips_media_count","musicInfo/music_info/music_consumption_info/ig_artist/full_name","musicInfo/music_info/music_consumption_info/ig_artist/id","musicInfo/music_info/music_consumption_info/ig_artist/is_private","musicInfo/music_info/music_consumption_info/ig_artist/is_verified","musicInfo/music_info/music_consumption_info/ig_artist/profile_pic_id","musicInfo/music_info/music_consumption_info/ig_artist/profile_pic_url","musicInfo/music_info/music_consumption_info/ig_artist/username","musicInfo/music_info/music_consumption_info/is_bookmarked","musicInfo/music_info/music_consumption_info/is_trending_in_clips","musicInfo/music_info/music_consumption_info/music_creation_restriction_reason","musicInfo/music_info/music_consumption_info/overlap_duration_in_ms","musicInfo/music_info/music_consumption_info/placeholder_profile_pic_url","musicInfo/music_info/music_consumption_info/previous_trend_rank","musicInfo/music_info/music_consumption_info/related_audios","musicInfo/music_info/music_consumption_info/should_allow_music_editing","musicInfo/music_info/music_consumption_info/should_mute_audio","musicInfo/music_info/music_consumption_info/should_mute_audio_reason","musicInfo/music_info/music_consumption_info/should_mute_audio_reason_type","musicInfo/music_info/music_consumption_info/trend_rank","musicInfo/music_info/music_consumption_info/user_notes","musicInfo/original_sound_info","musicInfo/pinned_media_ids","musicInfo/should_mute_audio","musicInfo/should_mute_audio_reason","musicInfo/song_name","musicInfo/uses_original_audio","ownerFullName","ownerId","ownerUsername","paidPartnership","productType","shortCode","taggedUsers/0/full_name","taggedUsers/0/id","taggedUsers/0/is_private","taggedUsers/0/is_verified","taggedUsers/0/profile_pic_id","taggedUsers/0/profile_pic_url","taggedUsers/0/profile_pic_url_hd","taggedUsers/0/username","taggedUsers/1/full_name","taggedUsers/1/id","taggedUsers/1/is_private","taggedUsers/1/is_verified","taggedUsers/1/profile_pic_id","taggedUsers/1/profile_pic_url","taggedUsers/1/profile_pic_url_hd","taggedUsers/1/username","timestamp","type","url","videoDuration","videoPlayCount","videoUrl"
"防曬養膚我都要 夏天給肌膚最溫柔的呵護！
一起享受hidiff年中慶🍀

夏天最怕的不是曬黑☀️
而是皮膚又乾又粗 底妝還一直不服貼！

最近愛用的保養組合就是hidiff防曬組💖
從保養到防曬一次搞定～

🌟角質棒溫和帶走老廢角質
讓肌膚摸起來更細緻、後續保養更好吸收

🌟精華液補水保濕
改善乾燥粗糙 讓肌膚維持透亮水潤感

🌟防曬質地清爽不黏膩
日常通勤、外出都能輕鬆防護

很多人防曬擦得很勤 
但皮膚還是暗沉、底妝容易卡粉🥺
其實問題可能出在角質堆積和肌膚缺水！

定期去角質 ➜ 加強保濕 ➜ 做好防曬
才是維持透亮膚況的關鍵💧✨

最近出門前就是這樣保養
皮膚看起來更有光澤感 連上妝都服貼很多🥰

@hidiff.tw 

#hidiff #hidiff防曬組 #角質護理 #保濕精華 #夏日保養",,,,,,,,,,,,,,,,,,,,,,,,,,,,,,,,,,,,,,,,,,,,,,,,,,,,,,,,,,,,,,,,,,,,,,,,,,,,,,,,,,,,,,,,,,,,,,,,,,,,,,,,,,,,,,,,,,,,,,,,,,,,,,,,,,,,,,,,,,,,,,,,,,,,,,,,,,,,,,,,,,,,,,,,,,,,,,,,,,,,,,,,,,,,,,,,,,,,,,,,,,,,,,,,,,,,,,,,,,,,,,,,,,,,,,,,,,,,,,,,,,,,,,,,,,,,,,,,,,,,,,,,,,,,,,,,,,,,,,,,,,,,,,,,,,,,,,,,,,,,,,,,,,,,,,,,,,,,,,,,,,,,,,,,,,,,,,,,,,,,,,,,,,,,,,,,,,,,,,,,,,,,,,,,,,,,"1","1920","1080","https://scontent-phx1-1.cdninstagram.com/v/t51.82787-15/724251545_18565239556064692_7677047785435045950_n.jpg?stp=dst-jpg_e15_p750x750_tt6&_nc_cat=106&ig_cache_key=MzkyMTQ1MzIxMDcwNzQ5MTUwODE4NTY1MjM5NTUzMDY0Njky.3-ccb7-5&ccb=7-5&_nc_sid=58cdad&efg=eyJ2ZW5jb2RlX3RhZyI6IkNMSVBTLnhwaWRzLjc3Mi5zZHIudmlkZW9fZGVmYXVsdF9jb3Zlcl9mcmFtZS5DMyJ9&_nc_ohc=wTvnZxG9o1kQ7kNvwFf_BpW&_nc_oc=AdqGB2ZFD7EOi7WakTKtm9toepsSDeN7XJpvRKRH6b_06EO3BJWNSJkDFmnqAE06w78&_nc_ad=z-m&_nc_cid=0&_nc_zt=23&_nc_ht=scontent-phx1-1.cdninstagram.com&_nc_gid=q8wXmmw2S_01lKpjm9diSQ&_nc_ss=7a3ba&oh=00_Af9KwQDKqGkwNUgFTmph-hr8cZDluxTw2SecYjJHAt4VqA&oe=6A398166",,,"","hidiff","hidiff防曬組","角質護理","保濕精華","夏日保養","3921453210707491508","907",,,,,,,,,,,,,,,"https://www.instagram.com/hidiff.tw/",,"-1",,"hidiff.tw",,"o1.mmii",,"27645813441677080",,,,,,,,,,,,,,,,,,,,,,,,,,,,,,,,,,,,,,,,,,,,,,,,,,,,,,,,,,,,,,,,,,,"false","","Original audio","true","芭莎ʙᴀsɪᴀ","2030200691","o1.mmii",,"clips","DZrzOsbiPq0","hidiff.tw","80015491870","false","false",,"https://scontent-phx1-1.cdninstagram.com/v/t51.82787-19/615343798_17845310625667871_7065812407261479699_n.jpg?stp=dst-jpg_e0_s150x150_tt6&efg=eyJ2ZW5jb2RlX3RhZyI6InByb2ZpbGVfcGljLmRqYW5nby43OTYuYzIifQ&_nc_ht=scontent-phx1-1.cdninstagram.com&_nc_cat=1&_nc_oc=Q6cZ2gEYQwb1-wuYfl4s_0GoGJf-ck6OJevTtJwsSkjMHqUrbfc3_uOOatNrimUmhNQTOwc&_nc_ohc=CmgFRSIfk20Q7kNvwEv6Rnn&_nc_gid=q8wXmmw2S_01lKpjm9diSQ&edm=APGXKFABAAAA&ccb=7-5&ig_cache_key=GLZmrSQf278oN2Y-ABNDXrjyzg5ibmNDAQAB1501500j-ccb7-5&oh=00_Af_Ms8MKLr3-e5cGOQ_GFKFyi8Z2drrzm-JeITM4gk5Bcw&oe=6A399CDC&_nc_sid=a8b8e2",,"hidiff.tw",,,,,,,,,"2026-06-17T10:55:51.000Z","Video","https://www.instagram.com/p/DZrzOsbiPq0/","66.46600341796875","907","https://scontent-phx1-1.cdninstagram.com/o1/v/t2/f2/m86/AQO88hc2b1R48VNuF47mPD8Qel-uZr5MhWQbEbXKtUpEAZWheQ-Ip6GF0wXNc_ksQKP3iTDQjPIKlHVAVpVPu8WA-DaP5F6CUv-VL0E.mp4?_nc_cat=103&_nc_sid=5e9851&_nc_ht=scontent-phx1-1.cdninstagram.com&_nc_ohc=miVUwbCKzYoQ7kNvwH8D-46&efg=eyJ2ZW5jb2RlX3RhZyI6Inhwdl9wcm9ncmVzc2l2ZS5JTlNUQUdSQU0uQ0xJUFMuQzMuNzIwLmRhc2hfYmFzZWxpbmVfMV92MSIsInhwdl9hc3NldF9pZCI6MTMxMzA0Mjc2NDMxOTI2NCwiYXNzZXRfYWdlX2RheXMiOjAsInZpX3VzZWNhc2VfaWQiOjEwMDk5LCJkdXJhdGlvbl9zIjo2NiwidXJsZ2VuX3NvdXJjZSI6Ind3dyJ9&ccb=17-1&vs=652346e1b5b00a13&_nc_vs=HBksFQIYUmlnX3hwdl9yZWVsc19wZXJtYW5lbnRfc3JfcHJvZC9DMDQzQTZCNUYxMjUwOTgyQkNBNzkyOURFOEYyNTJCRl92aWRlb19kYXNoaW5pdC5tcDQVAALIARIAFQIYUWlnX3hwdl9wbGFjZW1lbnRfcGVybWFuZW50X3YyLzlFNDgxRUQ2NDNGQjAwQTE2Nzk1NzZBQUZBNTlFMTkzX2F1ZGlvX2Rhc2hpbml0Lm1wNBUCAsgBEgAoABgAGwKIB3VzZV9vaWwBMRJwcm9ncmVzc2l2ZV9yZWNpcGUBMRUAACbAqNb4ko3VBBUCKAJDMywXQFCd0vGp--cYEmRhc2hfYmFzZWxpbmVfMV92MREAdf4HZeadAQA&_nc_gid=q8wXmmw2S_01lKpjm9diSQ&_nc_ss=7a3ba&_nc_zt=28&oh=00_Af-GJJ-MuyUys2JX40f4GyF1vDCICFFJkl1f0qNqKKy2NA&oe=6A357DFC"
"防曬養膚我都要，夏天給肌膚最溫柔的呵護！一起享受hidiff年中慶🍀

最喜歡的季節是夏天
但高溫帶來的粗糙、暗沉
往往在不知不覺中吃掉了肌膚的質感
對我來說，夏日的優雅
來自於乾淨且自帶光澤的肌膚

最近被 @hidiff.tw 這組保養術給拯救了！

從溫和褪去老廢角質的 溫和去角質潔膚棒
到深層舒緩泛紅、穩健肌底的 綠珍珠B5高濃縮水精華
最後用兼具最高防曬係數與透亮光澤
卻絲毫不黏膩的綠珍珠晶球防曬乳完美結尾

不厚重、不悶痘，只留下剛剛好的清透與高級光
這個夏天，讓我們一起把粗糙留在過去
開啟一場屬於肌膚的夏日拋光計畫！

#hidiff #hidiff防曬組",,,,,,,,,,,,,,,,,,,,,,,,,,,,,,,,,,,,,,,,,,,,,,,,,,,,,,,,,,,,,,,,,,,,,,,,,,,,,,,,,,,,,,,,,,,,,,,,,,,,,,,,,,,,,,,,,,,,,,,,,,,,,,,,,,,,,,,,,,,,,,,,,,,,,,,,,,,,,,,,,,,,,,,,,,,,,,,,,,,,,,,,,,,,,,,,,,,,,,,,,,,,,,,,,,,,,,,,,,,,,,,,,,,,,,,,,,,,,,,,,,,,,,,,,,,,,,,,,,,,,,,,,,,,,,,,,,,,,,,,,,,,,,,,,,,,,,,,,,,,,,,,,,,,,,,,,,,,,,,,,,,,,,,,,,,,,,,,,,,,,,,,,,,,,,,,,,,,,,,,,,,,,,,,,,,,"3","1920","1080","https://scontent-phx1-1.cdninstagram.com/v/t51.82787-15/724420149_18597671326053773_2064810678607750563_n.jpg?stp=dst-jpg_e35_p750x750_sh2.08_tt6&_nc_cat=104&ig_cache_key=MzkyMDgwNjg5NjU2NzE4MDc3NDE4NTk3NjcxMzIwMDUzNzcz.3-ccb7-5&ccb=7-5&_nc_sid=58cdad&efg=eyJ2ZW5jb2RlX3RhZyI6IkNMSVBTLnhwaWRzLjEyMTQuc2RyLnZpZGVvX2RlZmF1bHRfY292ZXJfZnJhbWUuQzMifQ%3D%3D&_nc_ohc=bTSYJAC5RPQQ7kNvwHegK7u&_nc_oc=Adrwz-PhuLqUGljdZXFjOV7wW7yl79A7kX4ZpuoDF1jomYDOz98l6S8t2G4DTjP2np0&_nc_ad=z-m&_nc_cid=0&_nc_zt=23&_nc_ht=scontent-phx1-1.cdninstagram.com&_nc_gid=q8wXmmw2S_01lKpjm9diSQ&_nc_ss=7a3ba&oh=00_Af-EAHqOIAGONCoU6eEHlHov_J_yHBqnmonJtEuJlDTc0g&oe=6A397BE1",,,"","hidiff","hidiff防曬組",,,,"3920806896567180774","1462",,,,,,,,,,,,,,,"https://www.instagram.com/hidiff.tw/",,"68",,"hidiff.tw",,"yi__hsuan",,"27071399905894340",,,,,,,,,,,,,,,,,,,,,,,,,,,,,,,,,,,,,,,,,,,,,,,,,,,,,,,,,,,,,,,,,,,"false","","原始音訊","true","Yi__Hsuan","423605772","yi__hsuan","true","clips","DZpgRleyd3m","hidiff.tw","80015491870","false","false",,"https://scontent-phx1-1.cdninstagram.com/v/t51.82787-19/615343798_17845310625667871_7065812407261479699_n.jpg?stp=dst-jpg_e0_s150x150_tt6&efg=eyJ2ZW5jb2RlX3RhZyI6InByb2ZpbGVfcGljLmRqYW5nby43OTYuYzIifQ&_nc_ht=scontent-phx1-1.cdninstagram.com&_nc_cat=1&_nc_oc=Q6cZ2gEYQwb1-wuYfl4s_0GoGJf-ck6OJevTtJwsSkjMHqUrbfc3_uOOatNrimUmhNQTOwc&_nc_ohc=CmgFRSIfk20Q7kNvwEv6Rnn&_nc_gid=q8wXmmw2S_01lKpjm9diSQ&edm=APGXKFABAAAA&ccb=7-5&ig_cache_key=GLZmrSQf278oN2Y-ABNDXrjyzg5ibmNDAQAB1501500j-ccb7-5&oh=00_Af_Ms8MKLr3-e5cGOQ_GFKFyi8Z2drrzm-JeITM4gk5Bcw&oe=6A399CDC&_nc_sid=a8b8e2",,"hidiff.tw",,,,,,,,,"2026-06-16T13:30:09.000Z","Video","https://www.instagram.com/p/DZpgRleyd3m/","54.233001708984375","1462","https://scontent-phx1-1.cdninstagram.com/o1/v/t2/f2/m86/AQNAhzViezRfr2RzDtIVzBImbH-USHLuIdlc9y2fOa0DTGwqE15oEWTVJaRuQi_y7gwnCc6OjFF491voEmDUe_2e-TMqQsx26T1xp1g.mp4?_nc_cat=109&_nc_sid=5e9851&_nc_ht=scontent-phx1-1.cdninstagram.com&_nc_ohc=LPzLTB0BCc4Q7kNvwESmSuN&efg=eyJ2ZW5jb2RlX3RhZyI6Inhwdl9wcm9ncmVzc2l2ZS5JTlNUQUdSQU0uQ0xJUFMuQzMuNzIwLmRhc2hfYmFzZWxpbmVfMV92MSIsInhwdl9hc3NldF9pZCI6MTUyNzk5MTg2MjM4MjY1OCwiYXNzZXRfYWdlX2RheXMiOjEsInZpX3VzZWNhc2VfaWQiOjEwMDk5LCJkdXJhdGlvbl9zIjo1NCwidXJsZ2VuX3NvdXJjZSI6Ind3dyJ9&ccb=17-1&vs=5befb427db3ca69&_nc_vs=HBksFQIYUmlnX3hwdl9yZWVsc19wZXJtYW5lbnRfc3JfcHJvZC85MTQxMzI5ODhCRjlCQ0VDMTgwRDFBOEU3QTFFMjY4RV92aWRlb19kYXNoaW5pdC5tcDQVAALIARIAFQIYUWlnX3hwdl9wbGFjZW1lbnRfcGVybWFuZW50X3YyLzE0NDk2RTJFRUZFMzkxMkU5MkU2RjM3MDRDNEE0RDlBX2F1ZGlvX2Rhc2hpbml0Lm1wNBUCAsgBEgAoABgAGwKIB3VzZV9vaWwBMRJwcm9ncmVzc2l2ZV9yZWNpcGUBMRUAACaEwerC6uy2BRUCKAJDMywXQEsd0vGp--cYEmRhc2hfYmFzZWxpbmVfMV92MREAdf4HZeadAQA&_nc_gid=q8wXmmw2S_01lKpjm9diSQ&_nc_ss=7a3ba&_nc_zt=28&oh=00_Af9McgZLrQm3ft3uqQp23CzQTovQLcZSMWNVFC5dlSlI_w&oe=6A35918E"
"懂肌膚的需要，養成穩定又漂亮的水光肌，一起來享受hidiff寵愛年中慶✨

今年夏天熱到瘋掉🔥
太熱臉開始泛紅長痘痘粉刺 
還好有 @hidiff.tw 拯救我的皮膚！
用了一週左右肌膚立刻回穩
Hidiff 是敏感肌、痘痘肌可以安心使用的品牌
泡泡化妝水、精華和修護乳霜都非常溫和！
💚綠珍珠潤肌泡泡化妝水
這瓶泡泡化妝水我每天使用，加入了B5、神經醯胺、韓國綠茶水，不只讓肌膚更穩定，肌膚還會更有光澤！
💚綠珍珠B5高濃縮水精華
雖然是高濃縮精華，但質地非常清爽又不黏膩，肌膚敏感泛紅、
💚綠珍珠酪梨修護乳霜
加入了酪梨油和澳洲堅果油，質皮膚比較乾燥的時候用它就對了！

如果你也在找適合夏天的肌膚保養品推薦Hidiff給你唷！
@hidiff.tw",,,,,,,,,,,,,,,,,,,,,,,,,,,,,,,,,,,,,,,,,,,,,,,,,,,,,,,,,,,,,,,,,,,,,,,,,,,,,,,,,,,,,,,,,,,,,,,,,,,,,,,,,,,,,,,,,,,,,,,,,,,,,,,,,,,,,,,,,,,,,,,,,,,,,,,,,,,,,,,,,,,,,,,,,,,,,,,,,,,,,,,,,,,,,,,,,,,,,,,,,,,,,,,,,,,,,,,,,,,,,,,,,,,,,,,,,,,,,,,,,,,,,,,,,,,,,,,,,,,,,,,,,,,,,,,,,,,,,,,,,,,,,,,,,,,,,,,,,,,,,,,,,,,,,,,,,,,,,,,,,,,,,,,,,,,,,,,,,,,,,,,,,,,,,,,,,,,,,,,,,,,,,,,,,,,,"1","1920","1080","https://scontent-phx1-1.cdninstagram.com/v/t51.71878-15/724684932_1738082717223496_2489092484056528889_n.jpg?stp=dst-jpg_e15_tt6&_nc_cat=102&ig_cache_key=MzkyMDEwOTE0MTU3MTg4MDYxMg%3D%3D.3-ccb7-5&ccb=7-5&_nc_sid=58cdad&efg=eyJ2ZW5jb2RlX3RhZyI6IkNMSVBTLnhwaWRzLjY0MC5zZHIudmlkZW9fZGVmYXVsdF9jb3Zlcl9mcmFtZS5DMyJ9&_nc_ohc=5iCC1-1V_-gQ7kNvwH2IjU4&_nc_oc=AdrIB-0SV4a5_6tudjOIePkgx8uWKhpA2TBo3ojY_daGZvYClm0idZcpTFNVZnWLa-s&_nc_ad=z-m&_nc_cid=0&_nc_zt=23&_nc_ht=scontent-phx1-1.cdninstagram.com&_nc_gid=q8wXmmw2S_01lKpjm9diSQ&_nc_ss=7a3ba&oh=00_Af_nAFwn2yxhDD74Rjy1IeCsiUMrKtII45mHnUu48zpP8g&oe=6A39826C",,,"",,,,,,"3920109141571880612","1235",,,,,,,,,,,,,,,"https://www.instagram.com/hidiff.tw/",,"24",,"hidiff.tw",,"rita__0126",,"26918678554494200",,,,,,,,,,,,,,,,,,,,,,,,,,,,,,,,,,,,,,,,,,,,,,,,,,,,,,,,,,,,,,,,,,,"false","","Original audio","true","Rita🐰❤️","1116807156","rita__0126","true","clips","DZnBn6gJ0ak","hidiff.tw","80015491870","false","false",,"https://scontent-phx1-1.cdninstagram.com/v/t51.82787-19/615343798_17845310625667871_7065812407261479699_n.jpg?stp=dst-jpg_e0_s150x150_tt6&efg=eyJ2ZW5jb2RlX3RhZyI6InByb2ZpbGVfcGljLmRqYW5nby43OTYuYzIifQ&_nc_ht=scontent-phx1-1.cdninstagram.com&_nc_cat=1&_nc_oc=Q6cZ2gEYQwb1-wuYfl4s_0GoGJf-ck6OJevTtJwsSkjMHqUrbfc3_uOOatNrimUmhNQTOwc&_nc_ohc=CmgFRSIfk20Q7kNvwEv6Rnn&_nc_gid=q8wXmmw2S_01lKpjm9diSQ&edm=APGXKFABAAAA&ccb=7-5&ig_cache_key=GLZmrSQf278oN2Y-ABNDXrjyzg5ibmNDAQAB1501500j-ccb7-5&oh=00_Af_Ms8MKLr3-e5cGOQ_GFKFyi8Z2drrzm-JeITM4gk5Bcw&oe=6A399CDC&_nc_sid=a8b8e2",,"hidiff.tw",,,,,,,,,"2026-06-15T14:26:46.000Z","Video","https://www.instagram.com/p/DZnBn6gJ0ak/","47.970001220703125","1243","https://scontent-phx1-1.cdninstagram.com/o1/v/t2/f2/m86/AQNt5mBBHqRLDU3-0VkiWLUxOXLJeDR2mjsVGs1navuP3_msAnJFOGPEc7uP11OnGaOGnnE2vHP29e3DBgcTYxNCPIjN5vdvqaYT_Is.mp4?_nc_cat=104&_nc_sid=5e9851&_nc_ht=scontent-phx1-1.cdninstagram.com&_nc_ohc=-OoxTlUQdG8Q7kNvwEcvFRY&efg=eyJ2ZW5jb2RlX3RhZyI6Inhwdl9wcm9ncmVzc2l2ZS5JTlNUQUdSQU0uQ0xJUFMuQzMuNzIwLmRhc2hfYmFzZWxpbmVfMV92MSIsInhwdl9hc3NldF9pZCI6MjE5MzkwNDg1NDc4MzYwMCwiYXNzZXRfYWdlX2RheXMiOjIsInZpX3VzZWNhc2VfaWQiOjEwMDk5LCJkdXJhdGlvbl9zIjo0NywidXJsZ2VuX3NvdXJjZSI6Ind3dyJ9&ccb=17-1&vs=7710889af7354cbb&_nc_vs=HBksFQIYUmlnX3hwdl9yZWVsc19wZXJtYW5lbnRfc3JfcHJvZC9CMTQzODUzRkM3QzZEREUwOEQxRTIxRTE1QURBQTFBM192aWRlb19kYXNoaW5pdC5tcDQVAALIARIAFQIYUWlnX3hwdl9wbGFjZW1lbnRfcGVybWFuZW50X3YyLzAyNDU4RTg2ODNEMjREOUU4Mjk0MTYxNzQ1MTVGMUE4X2F1ZGlvX2Rhc2hpbml0Lm1wNBUCAsgBEgAoABgAGwKIB3VzZV9vaWwBMRJwcm9ncmVzc2l2ZV9yZWNpcGUBMRUAACbg2dL4iNblBxUCKAJDMywXQEf7peNT988YEmRhc2hfYmFzZWxpbmVfMV92MREAdf4HZeadAQA&_nc_gid=q8wXmmw2S_01lKpjm9diSQ&_nc_ss=7a3ba&_nc_zt=28&oh=00_Af9JFscetpcEpUGM7D5uucvPAbZNcV9Ofxka0jsTT_c6tg&oe=6A358C0D"
"懂肌膚真正需要的，不是一直更換保養品，
而是先把肌膚底子顧好💚
一起來享受 HIDIFF 寵愛年中慶
 最近很多人問我，夏天肌膚怎麼維持得這麼穩？✨

以前只要毛孔、出油、泛紅或暗沉找上門，
我就急著換保養品，
但後來發現，比起一直更換產品，
先把肌膚底子照顧好更重要

最近使用到HIDIFF 深層補水修復組
包含綠珍珠潤肌泡泡化妝水
綠珍珠B5高濃縮水精華
以及綠珍珠酪梨修護乳霜

泡泡化妝水質地特別，上臉舒服又清爽
高濃縮水精華很適合長時間待冷氣房時使用
酪梨修護乳霜則能幫助鎖住水分，
夏天擦也不厚重

另外讓我很有好感的是
HIDIFF 創辦人在懷孕期間親自參與
產品研發與測試整體配方走溫和路線
使用起來更安心

現在每天最期待的
反而是這段簡單的保養時光✨

不再追求繁複步驟，把肌膚好好照顧
慢慢維持穩定狀態
就是我喜歡的保養方式🤍
@hidiff.tw  #히디프 #hidiff#深層補水修復組 #減法保養 #夏季保養",,,,,,,,,,,,,,,,,,,,,,,,,,,,,,,,,,,,,,,,,,,,,,,,,,,,,,,,,,,,,,,,,,,,,,,,,,,,,,,,,,,,,,,,,,,,,,,,,,,,,,,,,,,,,,,,,,,,,,,,,,,,,,,,,,,,,,,,,,,,,,,,,,,,,,,,,,,,,,,,,,,,,,,,,,,,,,,,,,,,,,,,,,,,,,,,,,,,,,,,,,,,,,,,,,,,,,,,,,,,,,,,,,,,,,,,,,,,,,,,,,,,,,,,,,,,,,,,,,,,,,,,,,,,,,,,,,,,,,,,,,,,,,,,,,,,,,,,,,,,,,,,,,,,,,,,,,,,,,,,,,,,,,,,,,,,,,,,,,,,,,,,,,,,,,,,,,,,,,,,,,,,,,,,,,,,"12","1920","1080","https://scontent-phx1-1.cdninstagram.com/v/t51.82787-15/724181759_18586696789051049_518371557210694668_n.jpg?stp=dst-jpg_e35_p750x750_sh2.08_tt6&_nc_cat=102&ig_cache_key=MzkyMDA0MTcyMjc0MDczNTgxOTE4NTg2Njk2NzgwMDUxMDQ5.3-ccb7-5&ccb=7-5&_nc_sid=58cdad&efg=eyJ2ZW5jb2RlX3RhZyI6IkNMSVBTLnhwaWRzLjEyMTUuc2RyLnZpZGVvX2RlZmF1bHRfY292ZXJfZnJhbWUuQzMifQ%3D%3D&_nc_ohc=v16fzAOglhYQ7kNvwGDGgl_&_nc_oc=AdrdzUlB7U8dk8VtiMl201c6yWs4EXeUPbgdYyzbL15NpVcFlaXmnT8nsK89LGxub0o&_nc_ad=z-m&_nc_cid=0&_nc_zt=23&_nc_ht=scontent-phx1-1.cdninstagram.com&_nc_gid=q8wXmmw2S_01lKpjm9diSQ&_nc_ss=7a3ba&oh=00_Af-79_X7_dOmyJda49SbdJymMEHmqCLO6CmPZDz6x5C1KQ&oe=6A398C63",,,"","히디프","hidiff","深層補水修復組","減法保養","夏季保養","3920041722740735819","1399",,,,,,,,,,,,,,,"https://www.instagram.com/hidiff.tw/",,"79",,"hidiff.tw",,"sunner0813",,"27294908693453136",,,,,,,,,,,,,,,,,,,,,,,,,,,,,,,,,,,,,,,,,,,,,,,,,,,,,,,,,,,,,,,,,,,"false","","Original audio","true","Winnie Sunner","584371048","sunner0813","true","clips","DZmyS10q_9L","hidiff.tw","80015491870","false","false",,"https://scontent-phx1-1.cdninstagram.com/v/t51.82787-19/615343798_17845310625667871_7065812407261479699_n.jpg?stp=dst-jpg_e0_s150x150_tt6&efg=eyJ2ZW5jb2RlX3RhZyI6InByb2ZpbGVfcGljLmRqYW5nby43OTYuYzIifQ&_nc_ht=scontent-phx1-1.cdninstagram.com&_nc_cat=1&_nc_oc=Q6cZ2gEYQwb1-wuYfl4s_0GoGJf-ck6OJevTtJwsSkjMHqUrbfc3_uOOatNrimUmhNQTOwc&_nc_ohc=CmgFRSIfk20Q7kNvwEv6Rnn&_nc_gid=q8wXmmw2S_01lKpjm9diSQ&edm=APGXKFABAAAA&ccb=7-5&ig_cache_key=GLZmrSQf278oN2Y-ABNDXrjyzg5ibmNDAQAB1501500j-ccb7-5&oh=00_Af_Ms8MKLr3-e5cGOQ_GFKFyi8Z2drrzm-JeITM4gk5Bcw&oe=6A399CDC&_nc_sid=a8b8e2",,"hidiff.tw",,,,,,,,,"2026-06-15T12:44:26.000Z","Video","https://www.instagram.com/p/DZmyS10q_9L/","71.19999694824219","1691","https://scontent-phx1-1.cdninstagram.com/o1/v/t2/f2/m86/AQNfY_oJlNzyh869SfA1hrIZF_EU1GPsamdR09ifKV1tWSD7BlpCtPcpRC29FKHD7RC6ClMcCeskHtl6m_aGVC8JjaXMTW8Fy5e5MtE.mp4?_nc_cat=100&_nc_sid=5e9851&_nc_ht=scontent-phx1-1.cdninstagram.com&_nc_ohc=YHuUAUZjG14Q7kNvwGexwuq&efg=eyJ2ZW5jb2RlX3RhZyI6Inhwdl9wcm9ncmVzc2l2ZS5JTlNUQUdSQU0uQ0xJUFMuQzMuNzIwLmRhc2hfYmFzZWxpbmVfMV92MSIsInhwdl9hc3NldF9pZCI6OTc2OTAyODg4NTA4MzIyLCJhc3NldF9hZ2VfZGF5cyI6MiwidmlfdXNlY2FzZV9pZCI6MTA4MjcsImR1cmF0aW9uX3MiOjcxLCJ1cmxnZW5fc291cmNlIjoid3d3In0%3D&ccb=17-1&vs=7deb13e5825ba130&_nc_vs=HBksFQIYUmlnX3hwdl9yZWVsc19wZXJtYW5lbnRfc3JfcHJvZC9GNTQ2MTQyNTY4NEE2MDkwMjNGNUVBRDUzNTVCQzhBMl92aWRlb19kYXNoaW5pdC5tcDQVAALIARIAFQIYUWlnX3hwdl9wbGFjZW1lbnRfcGVybWFuZW50X3YyL0RDNEZGMEQ0OURFNkUzQjkwMDQ4OEUxQjUxRjk4Mjk4X2F1ZGlvX2Rhc2hpbml0Lm1wNBUCAsgBEgAoABgAGwKIB3VzZV9vaWwBMRJwcm9ncmVzc2l2ZV9yZWNpcGUBMRUAACbErrLanZ-8AxUCKAJDMywXQFHMzMzMzM0YEmRhc2hfYmFzZWxpbmVfMV92MREAdf4HZZapAQA&_nc_gid=q8wXmmw2S_01lKpjm9diSQ&_nc_ss=7a3ba&_nc_zt=28&oh=00_Af8LOo6uoNv79RC3qHRKpxupbUHMnilq4I3WkVtUuoX4rw&oe=6A359B8D"
"懂肌膚的需要，要細心保養才能養出好肌膚。一起來享受hidiff寵愛年中慶💚
這陣子固定在用 Hidiff 深層補水修復組
從泡泡化妝水、精華到乳霜
整套搭配下來肌膚真的有被好好呵護的感覺

先用綠珍珠泡泡化妝水幫肌膚補充水分
細緻綿密的泡泡輕拍上臉
像是替疲憊了一整天的肌膚做一次溫柔的舒緩

接著是我很喜歡的綠珍珠B5高濃縮水精華
添加B5
質地輕盈卻有足夠的保濕感
推開後很快就被肌膚吸收
不會有厚重黏膩的負擔！

最後再擦上綠珍珠酪梨修護乳霜
幫肌膚把水分牢牢鎖住
讓保養後的肌膚維持柔嫩細緻的狀態

比起追求快速的改變，
我更喜歡這種慢慢養出來的穩定感～

當肌膚維持在舒服的狀態時
素顏看起來會更有光澤
上妝也變得服貼許多✨

好的保養不一定要很複雜
找到適合自己的節奏
每天花幾分鐘好好照顧自己
就是最舒服的儀式感🤍
@hidiff.tw
#히디프 #hidiff#深層補水修復組",,,,,,,,,,,,,,,,,,,,,,,,,,,,,,,,,,,,,,,,,,,,,,,,,,,,,,,,,,,,,,,,,,,,,,,,,,,,,,,,,,,,,,,,,,,,,,,,,,,,,,,,,,,,,,,,,,,,,,,,,,,,,,,,,,,,,,,,,,,,,,,,,,,,,,,,,,,,,,,,,,,,,,,,,,,,,,,,,,,,,,,,,,,,,,,,,,,,,,,,,,,,,,,,,,,,,,,,,,,,,,,,,,,,,,,,,,,,,,,,,,,,,,,,,,,,,,,,,,,,,,,,,,,,,,,,,,,,,,,,,,,,,,,,,,,,,,,,,,,,,,,,,,,,,,,,,,,,,,,,,,,,,,,,,,,,,,,,,,,,,,,,,,,,,,,,,,,,,,,,,,,,,,,,,,,,"1","1920","1080","https://scontent-phx1-1.cdninstagram.com/v/t51.82787-15/721517085_18561017395071529_7963106474265223466_n.jpg?stp=dst-jpg_e35_p750x750_sh2.08_tt6&_nc_cat=109&ig_cache_key=MzkyMDEwNzc1ODg3OTE1ODM3NTE4NTYxMDE3MzkyMDcxNTI5.3-ccb7-5&ccb=7-5&_nc_sid=58cdad&efg=eyJ2ZW5jb2RlX3RhZyI6IkNMSVBTLnhwaWRzLjEyMDIuc2RyLnZpZGVvX2RlZmF1bHRfY292ZXJfZnJhbWUuQzMifQ%3D%3D&_nc_ohc=PznfO2im5ZQQ7kNvwHE-f01&_nc_oc=AdrQRwM9YpaBhqOkXFPDPaCkvj9Y3eoCXTI4L2HlC-4MatYiRCTl-sBOHPHnhAtS1Ww&_nc_ad=z-m&_nc_cid=0&_nc_zt=23&_nc_ht=scontent-phx1-1.cdninstagram.com&_nc_gid=q8wXmmw2S_01lKpjm9diSQ&_nc_ss=7a3ba&oh=00_Af9F57-B1MQOfOwau-aLq3-oeaMg46Uhf8y-m35f3M9rjg&oe=6A3967B3","0","37","","히디프","hidiff","深層補水修復組",,,"3920107758879158375","3250",,,,,,,,,,,,,,,"https://www.instagram.com/hidiff.tw/",,"-1",,"hidiff.tw",,"o2yunn_",,"36468971829384056",,,,,,,,,,,,,,,,,,,,,,,,,,,,,,,,,,,,,,,,,,,,,,,,,,,,,,,,,,,,,,,,,,,"false","","Original audio","true","芸yun","1930183528","o2yunn_",,"clips","DZnBTyxPrBn","hidiff.tw","80015491870","false","false",,"https://scontent-phx1-1.cdninstagram.com/v/t51.82787-19/615343798_17845310625667871_7065812407261479699_n.jpg?stp=dst-jpg_e0_s150x150_tt6&efg=eyJ2ZW5jb2RlX3RhZyI6InByb2ZpbGVfcGljLmRqYW5nby43OTYuYzIifQ&_nc_ht=scontent-phx1-1.cdninstagram.com&_nc_cat=1&_nc_oc=Q6cZ2gEYQwb1-wuYfl4s_0GoGJf-ck6OJevTtJwsSkjMHqUrbfc3_uOOatNrimUmhNQTOwc&_nc_ohc=CmgFRSIfk20Q7kNvwEv6Rnn&_nc_gid=q8wXmmw2S_01lKpjm9diSQ&edm=APGXKFABAAAA&ccb=7-5&ig_cache_key=GLZmrSQf278oN2Y-ABNDXrjyzg5ibmNDAQAB1501500j-ccb7-5&oh=00_Af_Ms8MKLr3-e5cGOQ_GFKFyi8Z2drrzm-JeITM4gk5Bcw&oe=6A399CDC&_nc_sid=a8b8e2",,"hidiff.tw",,,,,,,,,"2026-06-15T14:22:34.000Z","Video","https://www.instagram.com/p/DZnBTyxPrBn/","51.76599884033203","3906","https://scontent-phx1-1.cdninstagram.com/o1/v/t2/f2/m86/AQOuJAU_ICgjPt2dbOSqSy-hqUhmsQHdDjQI-nVDf_CURKzwoD2OSEogyJs9u_0V5MDGL5Mg3W5jmTjktbOvYC9upxutQEhlZApDcDA.mp4?_nc_cat=110&_nc_sid=5e9851&_nc_ht=scontent-phx1-1.cdninstagram.com&_nc_ohc=9KhE3IUof20Q7kNvwHE-a8z&efg=eyJ2ZW5jb2RlX3RhZyI6Inhwdl9wcm9ncmVzc2l2ZS5JTlNUQUdSQU0uQ0xJUFMuQzMuNzIwLmRhc2hfYmFzZWxpbmVfMV92MSIsInhwdl9hc3NldF9pZCI6MjgxNzk2MTgxODgzMDc1MzEsImFzc2V0X2FnZV9kYXlzIjoyLCJ2aV91c2VjYXNlX2lkIjoxMDA5OSwiZHVyYXRpb25fcyI6NTEsInVybGdlbl9zb3VyY2UiOiJ3d3cifQ%3D%3D&ccb=17-1&vs=18a8271dfbd67851&_nc_vs=HBksFQIYUmlnX3hwdl9yZWVsc19wZXJtYW5lbnRfc3JfcHJvZC9FMTQ0RkE0NzY0RjE0NTgyQkFCQUEzQ0JBMjVFREI5Q192aWRlb19kYXNoaW5pdC5tcDQVAALIARIAFQIYUWlnX3hwdl9wbGFjZW1lbnRfcGVybWFuZW50X3YyL0RGNDE0Mzg0RjM5M0NDQjZGNEQzRTREQUM1NjU4OUEyX2F1ZGlvX2Rhc2hpbml0Lm1wNBUCAsgBEgAoABgAGwKIB3VzZV9vaWwBMRJwcm9ncmVzc2l2ZV9yZWNpcGUBMRUAACaWsanA1M2OZBUCKAJDMywXQEniDEm6XjUYEmRhc2hfYmFzZWxpbmVfMV92MREAdf4HZeadAQA&_nc_gid=q8wXmmw2S_01lKpjm9diSQ&_nc_ss=7a3ba&_nc_zt=28&oh=00_Af9YSwLwsYpmZ7kjI83mrnxP7MJdJKYeDZjDydv3mqd6YA&oe=6A359843"
"懂肌膚的需要，穩定膚況從現在開始 一起來享受hidiff寵愛年中慶💚
最近真的被朋友推坑到一個好東西
因為我是超容易泛紅、敏感的膚質，加上幾乎每天都要帶妝，夏天一到太陽曬、流汗悶著，皮膚很容易給我鬧脾氣
前陣子開始用韓國敏感肌品牌 hidiff 的深層補水修復組
尤其是那罐綠珍珠潤肌泡泡化妝水，第一次用到這種質地，擠出來直接是泡泡超酷
再搭配綠珍珠B5高濃縮水精華＆綠珍珠酪梨修護乳霜
用了大概一段時間後，覺得皮膚穩定很多！
上妝也比較服貼推薦給大家
@hidiff.tw
#히디프 #hidiff#深層補水修復組",,,,,,,,,,,,,,,,,,,,,,,,,,,,,,,,,,,,,,,,,,,,,,,,,,,,,,,,,,,,,,,,,,,,,,,,,,,,,,,,,,,,,,,,,,,,,,,,,,,,,,,,,,,,,,,,,,,,,,,,,,,,,,,,,,,,,,,,,,,,,,,,,,,,,,,,,,,,,,,,,,,,,,,,,,,,,,,,,,,,,,,,,,,,,,,,,,,,,,,,,,,,,,,,,,,,,,,,,,,,,,,,,,,,,,,,,,,,,,,,,,,,,,,,,,,,,,,,,,,,,,,,,,,,,,,,,,,,,,,,,,,,,,,,,,,,,,,,,,,,,,,,,,,,,,,,,,,,,,,,,,,,,,,,,,,,,,,,,,,,,,,,,,,,,,,,,,,,,,,,,,,,,,,,,,,,"1","1920","1080","https://scontent-phx1-1.cdninstagram.com/v/t51.82787-15/724242692_18592958764058287_3165794226278078017_n.jpg?stp=dst-jpg_e35_p750x750_sh2.08_tt6&_nc_cat=109&ig_cache_key=MzkyMDEwNTAwNTYwODU4MDEzMDE4NTkyOTU4NzYxMDU4Mjg3.3-ccb7-5&ccb=7-5&_nc_sid=58cdad&efg=eyJ2ZW5jb2RlX3RhZyI6IkNMSVBTLnhwaWRzLjEyMTYuc2RyLnZpZGVvX2RlZmF1bHRfY292ZXJfZnJhbWUuQzMifQ%3D%3D&_nc_ohc=-0U_mArBtKAQ7kNvwHGwtT5&_nc_oc=AdrWdPAVJgaLzMFuzNSiEVntrbj2ZHsJNIV1XnRJYFQfUS1BKs9vvYWeWOiMNTUD3vY&_nc_ad=z-m&_nc_cid=0&_nc_zt=23&_nc_ht=scontent-phx1-1.cdninstagram.com&_nc_gid=q8wXmmw2S_01lKpjm9diSQ&_nc_ss=7a3ba&oh=00_Af96cqJXqHk8AVsf-th0-Lt0Ce8bjQ8bKRrOGkTZhunF4g&oe=6A3997BC",,,"","히디프","hidiff","深層補水修復組",,,"3920105005608580130","2212",,,,,,,,,,,,,,,"https://www.instagram.com/hidiff.tw/",,"-1",,"hidiff.tw",,"parnee.a",,"27442000515418280",,,,,,,,,,,,,,,,,,,,,,,,,,,,,,,,,,,,,,,,,,,,,,,,,,,,,,,,,,,,,,,,,,,"false","","Original audio","true","PARNEE","1288762286","parnee.a",,"clips","DZnArulh7Qi","hidiff.tw","80015491870","false","false",,"https://scontent-phx1-1.cdninstagram.com/v/t51.82787-19/615343798_17845310625667871_7065812407261479699_n.jpg?stp=dst-jpg_e0_s150x150_tt6&efg=eyJ2ZW5jb2RlX3RhZyI6InByb2ZpbGVfcGljLmRqYW5nby43OTYuYzIifQ&_nc_ht=scontent-phx1-1.cdninstagram.com&_nc_cat=1&_nc_oc=Q6cZ2gEYQwb1-wuYfl4s_0GoGJf-ck6OJevTtJwsSkjMHqUrbfc3_uOOatNrimUmhNQTOwc&_nc_ohc=CmgFRSIfk20Q7kNvwEv6Rnn&_nc_gid=q8wXmmw2S_01lKpjm9diSQ&edm=APGXKFABAAAA&ccb=7-5&ig_cache_key=GLZmrSQf278oN2Y-ABNDXrjyzg5ibmNDAQAB1501500j-ccb7-5&oh=00_Af_Ms8MKLr3-e5cGOQ_GFKFyi8Z2drrzm-JeITM4gk5Bcw&oe=6A399CDC&_nc_sid=a8b8e2",,"hidiff.tw",,,,,,,,,"2026-06-15T14:21:30.000Z","Video","https://www.instagram.com/p/DZnArulh7Qi/","63.15599822998047","2212","https://scontent-phx1-1.cdninstagram.com/o1/v/t2/f2/m86/AQO0-BszjMFdIlOlHWfdQI1rCX9DLEdN9jiILFrku1aKoGb49Njm2EaO9BusJY8RkNUunujRvwjmmAknxqSv1-sBI1Fyia-ysDJRTn0.mp4?_nc_cat=104&_nc_sid=5e9851&_nc_ht=scontent-phx1-1.cdninstagram.com&_nc_ohc=sOxLtQrNA14Q7kNvwHBLDkm&efg=eyJ2ZW5jb2RlX3RhZyI6Inhwdl9wcm9ncmVzc2l2ZS5JTlNUQUdSQU0uQ0xJUFMuQzMuNzIwLmRhc2hfYmFzZWxpbmVfMV92MSIsInhwdl9hc3NldF9pZCI6MjIyNDg1NTk4ODI5MDgyMywiYXNzZXRfYWdlX2RheXMiOjIsInZpX3VzZWNhc2VfaWQiOjEwMDk5LCJkdXJhdGlvbl9zIjo2MywidXJsZ2VuX3NvdXJjZSI6Ind3dyJ9&ccb=17-1&vs=cff175fc0c8ee3de&_nc_vs=HBksFQIYUmlnX3hwdl9yZWVsc19wZXJtYW5lbnRfc3JfcHJvZC82RTRFNEUyM0RGQzI2NUE1NUZGMjkxM0M1QThGODE4NV92aWRlb19kYXNoaW5pdC5tcDQVAALIARIAFQIYUWlnX3hwdl9wbGFjZW1lbnRfcGVybWFuZW50X3YyLzEwNEQzMDJGOTNBMTg3NTZBN0YxODczRkFGNzQyQUFEX2F1ZGlvX2Rhc2hpbml0Lm1wNBUCAsgBEgAoABgAGwKIB3VzZV9vaWwBMRJwcm9ncmVzc2l2ZV9yZWNpcGUBMRUAACaOlN7t1N_zBxUCKAJDMywXQE-RBiTdLxsYEmRhc2hfYmFzZWxpbmVfMV92MREAdf4HZeadAQA&_nc_gid=q8wXmmw2S_01lKpjm9diSQ&_nc_ss=7a3ba&_nc_zt=28&oh=00_Af9q1PMJUwVP1jnwD6sj1eejdz-33EjK6YPOmjqfUGgQEw&oe=6A357535"
"乾敏肌不要錯過！給肌膚最溫柔的呵護！一起享受hidiff年中慶🍀

假日沒有鬧鐘
窗簾縫透進來一點光
就這樣開始保養
hidiff的綠珍珠B5高濃縮水精華倒在手心的手感
像在做一件很小但很認真的事
推開的時候感受皮膚穩定且舒適
乾肌敏感肌的日子 特別懂那種緊繃感
但用完綠珍珠酪梨修護乳霜壓下去後
那個焦慮好像也少了一點
不需要每天都過得很精彩
好好把臉保養完，也算是對自己好了
@hidiff.tw 

#hidiff #週末日常 #敏感肌救星 #屏障修護
#拋光屏障修護組",,,,,,,,,,,,,,,,,,,,,,,,,,,,,,,,,,,,,,,,,,,,,,,,,,,,,,,,,,,,,,,,,,,,,,,,,,,,,,,,,,,,,,,,,,,,,,,,,,,,,,,,,,,,,,,,,,,,,,,,,,,,,,,,,,,,,,,,,,,,,,,,,,,,,,,,,,,,,,,,,,,,,,,,,,,,,,,,,,,,,,,,,,,,,,,,,,,,,,,,,,,,,,,,,,,,,,,,,,,,,,,,,,,,,,,,,,,,,,,,,,,,,,,,,,,,,,,,,,,,,,,,,,,,,,,,,,,,,,,,,,,,,,,,,,,,,,,,,,,,,,,,,,,,,,,,,,,,,,,,,,,,,,,,,,,,,,,,,,,,,,,,,,,,,,,,,,,,,,,,,,,,,,,,,,,,"2","1920","1080","https://scontent-phx1-1.cdninstagram.com/v/t51.82787-15/724738613_18594799750013312_7232591652475026035_n.jpg?stp=dst-jpg_e15_p750x750_tt6&_nc_cat=108&ig_cache_key=MzkyMDA4NzQxNzI2MDQ3ODEzNjE4NTk0Nzk5NzQ0MDEzMzEy.3-ccb7-5&ccb=7-5&_nc_sid=58cdad&efg=eyJ2ZW5jb2RlX3RhZyI6IkNMSVBTLnhwaWRzLjk5MC5zZHIudmlkZW9fZGVmYXVsdF9jb3Zlcl9mcmFtZS5DMyJ9&_nc_ohc=UzrPeYvSP60Q7kNvwHiWRLz&_nc_oc=AdplSWz38Kaq1rSvc-yJUWg3aClA826ywraKDJinbzATxJApoV9Aez7rSkNCfTQqM7U&_nc_ad=z-m&_nc_cid=0&_nc_zt=23&_nc_ht=scontent-phx1-1.cdninstagram.com&_nc_gid=q8wXmmw2S_01lKpjm9diSQ&_nc_ss=7a3ba&oh=00_Af9uJwJ_9G7Jyuy60Z6X2bgJh72wzr-EgZycYfwUtKV4XQ&oe=6A39706D",,,"","hidiff","週末日常","敏感肌救星","屏障修護","拋光屏障修護組","3920087417260478136","1686",,,,,,,,,,,,,,,"https://www.instagram.com/hidiff.tw/",,"18",,"hidiff.tw",,"iamnotannber",,"28009907585268940",,,,,,,,,,,,,,,,,,,,,,,,,,,,,,,,,,,,,,,,,,,,,,,,,,,,,,,,,,,,,,,,,,,"false","","Original audio","true","앰버","320333311","iamnotannber","true","clips","DZm8ryKSg64",,,,,,,,,,,,,,,,,"2026-06-15T13:42:37.000Z","Video","https://www.instagram.com/p/DZm8ryKSg64/","56.733001708984375","1856","https://scontent-phx1-1.cdninstagram.com/o1/v/t2/f2/m86/AQPeB9jkEPGcU2ry9Gk9fJgL4q9u_HNq6ECWWMSQgogMAvyMZqJqQVpToeOnw0jZrow3Sj9siNadDdXyqh8be18PYgxumvllirncYlQ.mp4?_nc_cat=110&_nc_sid=5e9851&_nc_ht=scontent-phx1-1.cdninstagram.com&_nc_ohc=yEMyuk6luewQ7kNvwGJONhw&efg=eyJ2ZW5jb2RlX3RhZyI6Inhwdl9wcm9ncmVzc2l2ZS5JTlNUQUdSQU0uQ0xJUFMuQzMuNzIwLmRhc2hfYmFzZWxpbmVfMV92MSIsInhwdl9hc3NldF9pZCI6MjI1MDAxMDEwMjQwMzk1NSwiYXNzZXRfYWdlX2RheXMiOjIsInZpX3VzZWNhc2VfaWQiOjEwMDk5LCJkdXJhdGlvbl9zIjo1NiwidXJsZ2VuX3NvdXJjZSI6Ind3dyJ9&ccb=17-1&vs=9e873b60f993f652&_nc_vs=HBksFQIYUmlnX3hwdl9yZWVsc19wZXJtYW5lbnRfc3JfcHJvZC9FNzRBRjUwNzY2RjFDM0EzMEFBMUQzNDU4QjMwMzM4OF92aWRlb19kYXNoaW5pdC5tcDQVAALIARIAFQIYUWlnX3hwdl9wbGFjZW1lbnRfcGVybWFuZW50X3YyL0FFNDFGNzNGRjQ0N0I2Qzc1RUZCNjhBNkUxQzI2REE2X2F1ZGlvX2Rhc2hpbml0Lm1wNBUCAsgBEgAoABgAGwKIB3VzZV9vaWwBMRJwcm9ncmVzc2l2ZV9yZWNpcGUBMRUAACbmzajO6Zf_BxUCKAJDMywXQExd0vGp--cYEmRhc2hfYmFzZWxpbmVfMV92MREAdf4HZeadAQA&_nc_gid=q8wXmmw2S_01lKpjm9diSQ&_nc_ss=7a3ba&_nc_zt=28&oh=00_Af9In0Ieb4OH3CbRIYHJonUoLyEv_FOk3f50h8bQst9AWQ&oe=6A3589BB"
"-
懂肌膚的需要，養出健康好膚況♡一起來享受 Hidiff 寵愛年中慶💚

以前一直以為皮膚不穩定的時候
就是要一直找更厲害的產品來救急！
但後來發現，真正有感的其實不是「猛藥」
而是把肌膚慢慢養回穩定狀態𖦹 ⋆｡°✩ 

我的皮膚本來就偏敏感
夏天更容易因為冷氣房、熬夜、
壓力大出現粗糙或乾癢的問題(☍﹏⁰。)
最近開始調整保養觀念
與其一直追求快速見效
不如先把肌膚底子顧好 ♡

這陣子hidiff保養流程很簡單：
𖤐 綠珍珠潤肌泡泡化妝水
𖤐 綠珍珠B5高濃縮水精華
𖤐 綠珍珠酪梨修護乳霜

品牌創辦人是超級敏感肌
所有產品都有經過她嚴格把關
所以敏感肌也能安心使用！
每天晚上我都會乖乖擦
皮膚穩定度真的有變好變亮
連邱哥都搶著要擦✨

@hidiff.tw 
#히디프 #hidiff#綠珍珠系列#hidiff深層補水修復組",,,,,,,,,,,,,,,,,,,,,,,,,,,,,,,,,,,,,,,,,,,,,,,,,,,,,,,,,,,,,,,,,,,,,,,,,,,,,,,,,,,,,,,,,,,,,,,,,,,,,,,,,,,,,,,,,,,,,,,,,,,,,,,,,,,,,,,,,,,,,,,,,,,,,,,,,,,,,,,,,,,,,,,,,,,,,,,,,,,,,,,,,,,,,,,,,,,,,,,,,,,,,,,,,,,,,,,,,,,,,,,,,,,,,,,,,,,,,,,,,,,,,,,,,,,,,,,,,,,,,,,,,,,,,,,,,,,,,,,,,,,,,,,,,,,,,,,,,,,,,,,,,,,,,,,,,,,,,,,,,,,,,,,,,,,,,,,,,,,,,,,,,,,,,,,,,,,,,,,,,,,,,,,,,,,,"2","1920","1080","https://scontent-phx1-1.cdninstagram.com/v/t51.82787-15/722562704_18608272135008512_2655249359110203399_n.jpg?stp=dst-jpg_e35_p750x750_sh2.08_tt6&_nc_cat=103&ig_cache_key=MzkyMDA0NjEyNTc5NjQ0MTk0ODE4NjA4MjcyMTI5MDA4NTEy.3-ccb7-5&ccb=7-5&_nc_sid=58cdad&efg=eyJ2ZW5jb2RlX3RhZyI6IkNMSVBTLnhwaWRzLjEyMTUuc2RyLnZpZGVvX2RlZmF1bHRfY292ZXJfZnJhbWUuQzMifQ%3D%3D&_nc_ohc=31oIYZ16ChEQ7kNvwFXIGUs&_nc_oc=Adp0lv9v6npiB8nY-srTEEbqRq_Pl0muS8lxDz7CH25u23ATVuXEiUsq1DHhMIJ5bJ8&_nc_ad=z-m&_nc_cid=0&_nc_zt=23&_nc_ht=scontent-phx1-1.cdninstagram.com&_nc_gid=q8wXmmw2S_01lKpjm9diSQ&_nc_ss=7a3ba&oh=00_Af86lN8bYKMmAkJflm8SlKIThU84O9RthI52c_htG7cZHg&oe=6A397F5F",,,"","히디프","hidiff","綠珍珠系列","hidiff深層補水修復組",,"3920046125796441948","1340",,,,,,,,,,,,,,,"https://www.instagram.com/hidiff.tw/",,"-1",,"hidiff.tw",,"abby___130",,"27273821168912492",,,,,,,,,,,,,,,,,,,,,,,,,,,,,,,,,,,,,,,,,,,,,,,,,,,,,,,,,,,,,,,,,,,"false","","Original audio","true","𝐀 𝐁 𝐁 𝐘 ,, 유 지 은","306568511","abby___130",,"clips","DZmzS6fPj9c","hidiff 히디프 🌳","63403377015","false","false",,"https://scontent-phx1-1.cdninstagram.com/v/t51.2885-19/452147619_3743307565986401_1601641283140305637_n.jpg?stp=dst-jpg_e0_s150x150_tt6&efg=eyJ2ZW5jb2RlX3RhZyI6InByb2ZpbGVfcGljLmRqYW5nby43OTYuYzIifQ&_nc_ht=scontent-phx1-1.cdninstagram.com&_nc_cat=105&_nc_oc=Q6cZ2gEYQwb1-wuYfl4s_0GoGJf-ck6OJevTtJwsSkjMHqUrbfc3_uOOatNrimUmhNQTOwc&_nc_ohc=MQ_jj_B8i10Q7kNvwG2Hve_&_nc_gid=q8wXmmw2S_01lKpjm9diSQ&edm=APGXKFABAAAA&ccb=7-5&ig_cache_key=GKM58xphcsG1hEwNAOXCLdtCLDoWbkULAAAB1501500j-ccb7-5&oh=00_Af-Ijgd5PnJTtK-pK-iI_C-mUW8xI-tm3t9Q_TujW65OlQ&oe=6A3970CE&_nc_sid=a8b8e2",,"hidiff_official","hidiff.tw","80015491870","false","false",,"https://scontent-phx1-1.cdninstagram.com/v/t51.82787-19/615343798_17845310625667871_7065812407261479699_n.jpg?stp=dst-jpg_e0_s150x150_tt6&efg=eyJ2ZW5jb2RlX3RhZyI6InByb2ZpbGVfcGljLmRqYW5nby43OTYuYzIifQ&_nc_ht=scontent-phx1-1.cdninstagram.com&_nc_cat=1&_nc_oc=Q6cZ2gEYQwb1-wuYfl4s_0GoGJf-ck6OJevTtJwsSkjMHqUrbfc3_uOOatNrimUmhNQTOwc&_nc_ohc=CmgFRSIfk20Q7kNvwEv6Rnn&_nc_gid=q8wXmmw2S_01lKpjm9diSQ&edm=APGXKFABAAAA&ccb=7-5&ig_cache_key=GLZmrSQf278oN2Y-ABNDXrjyzg5ibmNDAQAB1501500j-ccb7-5&oh=00_Af_Ms8MKLr3-e5cGOQ_GFKFyi8Z2drrzm-JeITM4gk5Bcw&oe=6A399CDC&_nc_sid=a8b8e2",,"hidiff.tw","2026-06-15T12:19:40.000Z","Video","https://www.instagram.com/p/DZmzS6fPj9c/","78.71399688720703","1393","https://scontent-phx1-1.cdninstagram.com/o1/v/t2/f2/m86/AQPCt9G-6kBio0biLpmobrtkmnL5DmrS7FJfK0eBohOllWBuicJSYjvAaHMl11yaYnP6eGEtbOTloUcHfHSDxI519tfu1gLN60FobQ8.mp4?_nc_cat=101&_nc_sid=5e9851&_nc_ht=scontent-phx1-1.cdninstagram.com&_nc_ohc=vnQOj_s9CtUQ7kNvwEzV-lH&efg=eyJ2ZW5jb2RlX3RhZyI6Inhwdl9wcm9ncmVzc2l2ZS5JTlNUQUdSQU0uQ0xJUFMuQzMuNzIwLmRhc2hfYmFzZWxpbmVfMV92MSIsInhwdl9hc3NldF9pZCI6MTQ4ODIwMDgyNjMxODY5NiwiYXNzZXRfYWdlX2RheXMiOjIsInZpX3VzZWNhc2VfaWQiOjEwMDk5LCJkdXJhdGlvbl9zIjo3OCwidXJsZ2VuX3NvdXJjZSI6Ind3dyJ9&ccb=17-1&vs=f38a1473f69ce61&_nc_vs=HBksFQIYUmlnX3hwdl9yZWVsc19wZXJtYW5lbnRfc3JfcHJvZC9CNDQ3NTRCRTZGOEE2QURGNDczRkQwNEQyOTkxNEE5Ml92aWRlb19kYXNoaW5pdC5tcDQVAALIARIAFQIYUWlnX3hwdl9wbGFjZW1lbnRfcGVybWFuZW50X3YyLzgzNDkyRDFCRTFCQjkxOUUwOEJDOTFDMTVCODNGRThEX2F1ZGlvX2Rhc2hpbml0Lm1wNBUCAsgBEgAoABgAGwKIB3VzZV9vaWwBMRJwcm9ncmVzc2l2ZV9yZWNpcGUBMRUAACbQvduZ2OCkBRUCKAJDMywXQFOszMzMzM0YEmRhc2hfYmFzZWxpbmVfMV92MREAdf4HZeadAQA&_nc_gid=q8wXmmw2S_01lKpjm9diSQ&_nc_ss=7a3ba&_nc_zt=28&oh=00_Af_pGPy3HkV_rGiGDZWsnPYhbeKJQ2EFH2HE2tI5Ff1E-A&oe=6A359836"
"-
懂肌膚的需要，保濕鎖水全面修復。一起來享受hidiff寵愛年中慶💚

成為水煮蛋肌的路上我還在努力！！不過一定要跟你們分享我最近的愛用第一名！！

✨HIDIFF的深層補水養膚修復組✨

💖綠珍珠潤肌泡泡化妝水
泡泡狀的質地好取量又可愛（😍），塗抹後吸收超快速、清爽一百分！
💖綠珍珠B5高濃度鎖水精華
精華液中的B5和神經醯胺能夠大大穩定肌膚，讓肌膚補滿水！
💖綠珍珠酪梨修護乳霜
含有酪梨油×澳洲堅果油雙重潤澤，把肌膚水分全面鎖住！

不藏私的水煮蛋肌密技你一定也要擁有，快揪兄弟姐妹們一起變美麗！

@hidiff.tw
#히디프 #hidiff#深層補水修復組",,,,,,,,,,,,,,,,,,,,,,,,,,,,,,,,,,,,,,,,,,,,,,,,,,,,,,,,,,,,,,,,,,,,,,,,,,,,,,,,,,,,,,,,,,,,,,,,,,,,,,,,,,,,,,,,,,,,,,,,,,,,,,,,,,,,,,,,,,,,,,,,,,,,,,,,,,,,,,,,,,,,,,,,,,,,,,,,,,,,,,,,,,,,,,,,,,,,,,,,,,,,,,,,,,,,,,,,,,,,,,,,,,,,,,,,,,,,,,,,,,,,,,,,,,,,,,,,,,,,,,,,,,,,,,,,,,,,,,,,,,,,,,,,,,,,,,,,,,,,,,,,,,,,,,,,,,,,,,,,,,,,,,,,,,,,,,,,,,,,,,,,,,,,,,,,,,,,,,,,,,,,,,,,,,,,"2","1920","1080","https://scontent-phx1-1.cdninstagram.com/v/t51.82787-15/723792407_17908758342422870_9108179121610832345_n.jpg?stp=dst-jpg_e35_p750x750_sh2.08_tt6&_nc_cat=107&ig_cache_key=MzkyMDA0Mjk2NjEzNTU4OTMyMTE3OTA4NzU4MzM2NDIyODcw.3-ccb7-5&ccb=7-5&_nc_sid=58cdad&efg=eyJ2ZW5jb2RlX3RhZyI6IkNMSVBTLnhwaWRzLjEyMTUuc2RyLnZpZGVvX2RlZmF1bHRfY292ZXJfZnJhbWUuQzMifQ%3D%3D&_nc_ohc=7jMhwKlpHKAQ7kNvwG2-Mbw&_nc_oc=Adq3fxU2zN6BadaO0UPQLIQxdQCPyERSwh8fvj-zYqBFnS9HiAyos6x9yKnKlJBqdv0&_nc_ad=z-m&_nc_cid=0&_nc_zt=23&_nc_ht=scontent-phx1-1.cdninstagram.com&_nc_gid=q8wXmmw2S_01lKpjm9diSQ&_nc_ss=7a3ba&oh=00_Af8QoYjPqLPxCpOTOSGa0LGHewrMCC1ZsPWq4MpexVnZ9Q&oe=6A396D27",,,"","히디프","hidiff","深層補水修復組",,,"3920042966135589321","8818",,,,,,,,,,,,,,,"https://www.instagram.com/hidiff.tw/",,"254",,"hidiff.tw",,"tting031_2.0",,"27281478528171570",,,,,,,,,,,,,,,,,,,,,,,,,,,,,,,,,,,,,,,,,,,,,,,,,,,,,,,,,,,,,,,,,,,"false","","Original audio","true","","72500126869","tting031_2.0",,"clips","DZmyk70x8nJ","hidiff.tw","80015491870","false","false",,"https://scontent-phx1-1.cdninstagram.com/v/t51.82787-19/615343798_17845310625667871_7065812407261479699_n.jpg?stp=dst-jpg_e0_s150x150_tt6&efg=eyJ2ZW5jb2RlX3RhZyI6InByb2ZpbGVfcGljLmRqYW5nby43OTYuYzIifQ&_nc_ht=scontent-phx1-1.cdninstagram.com&_nc_cat=1&_nc_oc=Q6cZ2gEYQwb1-wuYfl4s_0GoGJf-ck6OJevTtJwsSkjMHqUrbfc3_uOOatNrimUmhNQTOwc&_nc_ohc=CmgFRSIfk20Q7kNvwEv6Rnn&_nc_gid=q8wXmmw2S_01lKpjm9diSQ&edm=APGXKFABAAAA&ccb=7-5&ig_cache_key=GLZmrSQf278oN2Y-ABNDXrjyzg5ibmNDAQAB1501500j-ccb7-5&oh=00_Af_Ms8MKLr3-e5cGOQ_GFKFyi8Z2drrzm-JeITM4gk5Bcw&oe=6A399CDC&_nc_sid=a8b8e2",,"hidiff.tw",,,,,,,,,"2026-06-15T12:13:48.000Z","Video","https://www.instagram.com/p/DZmyk70x8nJ/","75.64900207519531","8858","https://scontent-phx1-1.cdninstagram.com/o1/v/t2/f2/m86/AQPlrbxh-17QRign2DrXG9-yigZS8gjuH8Lf_p1rDlEcFiErIkS6wTuHIP6PU0JHdMx5-rxVgyD_1XDIwwi2nNV4dm4kRqY0WZtpIh8.mp4?_nc_cat=102&_nc_sid=5e9851&_nc_ht=scontent-phx1-1.cdninstagram.com&_nc_ohc=6R5nCbE1vFoQ7kNvwEoDXRi&efg=eyJ2ZW5jb2RlX3RhZyI6Inhwdl9wcm9ncmVzc2l2ZS5JTlNUQUdSQU0uQ0xJUFMuQzMuNzIwLmRhc2hfYmFzZWxpbmVfMV92MSIsInhwdl9hc3NldF9pZCI6MTA0NjQyNjI1Nzk0NjUyNSwiYXNzZXRfYWdlX2RheXMiOjIsInZpX3VzZWNhc2VfaWQiOjEwMDk5LCJkdXJhdGlvbl9zIjo3NSwidXJsZ2VuX3NvdXJjZSI6Ind3dyJ9&ccb=17-1&vs=67c85e067c358c75&_nc_vs=HBksFQIYUmlnX3hwdl9yZWVsc19wZXJtYW5lbnRfc3JfcHJvZC8zNzQ4OEFBODMzOThEMkZFMDFFRTlBMDkyQTdGODc4RF92aWRlb19kYXNoaW5pdC5tcDQVAALIARIAFQIYUWlnX3hwdl9wbGFjZW1lbnRfcGVybWFuZW50X3YyL0M2NDk5Nzc1OUJBMUZCN0YyOUE1MTUzQkFERUU1NjlBX2F1ZGlvX2Rhc2hpbml0Lm1wNBUCAsgBEgAoABgAGwKIB3VzZV9vaWwBMRJwcm9ncmVzc2l2ZV9yZWNpcGUBMRUAACa63puWg-7bAxUCKAJDMywXQFLogxJul40YEmRhc2hfYmFzZWxpbmVfMV92MREAdf4HZeadAQA&_nc_gid=q8wXmmw2S_01lKpjm9diSQ&_nc_ss=7a3ba&_nc_zt=28&oh=00_Af815Fo8fRQfWM5ROyrcPXrP3RxXbZtE6Mtloma0DHo43A&oe=6A359E27"
"🍀好膚況從日常累積，
給肌膚最溫柔的呵護！
hidiff 年中慶別錯過 🍀
不知道大家是不是跟我一樣，
只要一到夏天，
膚況就特別容易失控🥹
悶熱潮濕的天氣
讓肌膚容易累積油脂、
髒污和老廢角質，
再加上每天都要面對紫外線，
都會讓肌膚有大麻煩🫪

最近找到很適合夏天的保養方式， hidiff的拋光屏障修護組
綠珍珠溫和去角質潔膚棒＆
綠珍珠B5高濃縮水精華＆
綠珍珠酪梨修護乳霜 把去角質、舒緩和保濕一次做好，
皮膚穩定不少🤍✨
@hidiff.tw #hidiff #히디프 #拋光屏障修護組",,,,,,,,,,,,,,,,,,,,,,,,,,,,,,,,,,,,,,,,,,,,,,,,,,,,,,,,,,,,,,,,,,,,,,,,,,,,,,,,,,,,,,,,,,,,,,,,,,,,,,,,,,,,,,,,,,,,,,,,,,,,,,,,,,,,,,,,,,,,,,,,,,,,,,,,,,,,,,,,,,,,,,,,,,,,,,,,,,,,,,,,,,,,,,,,,,,,,,,,,,,,,,,,,,,,,,,,,,,,,,,,,,,,,,,,,,,,,,,,,,,,,,,,,,,,,,,,,,,,,,,,,,,,,,,,,,,,,,,,,,,,,,,,,,,,,,,,,,,,,,,,,,,,,,,,,,,,,,,,,,,,,,,,,,,,,,,,,,,,,,,,,,,,,,,,,,,,,,,,,,,,,,,,,,,,"6","1920","1080","https://scontent-phx1-1.cdninstagram.com/v/t51.82787-15/723883664_18596650591002191_1840621217171625812_n.jpg?stp=dst-jpg_e15_p750x750_tt6&_nc_cat=107&ig_cache_key=MzkyMDAzOTA5MDM5Njc0NjAwNjE4NTk2NjUwNTg4MDAyMTkx.3-ccb7-5&ccb=7-5&_nc_sid=58cdad&efg=eyJ2ZW5jb2RlX3RhZyI6IkNMSVBTLnhwaWRzLjk4MC5zZHIudmlkZW9fZGVmYXVsdF9jb3Zlcl9mcmFtZS5DMyJ9&_nc_ohc=lVgLGyw9VJoQ7kNvwFQ4xep&_nc_oc=AdqJkgkOJNWyUaQ2YVMlOBbyCvLQYIoHLnf--XoUFXztcMsYCDJ8lfj3PAy3ED6Dx7U&_nc_ad=z-m&_nc_cid=0&_nc_zt=23&_nc_ht=scontent-phx1-1.cdninstagram.com&_nc_gid=q8wXmmw2S_01lKpjm9diSQ&_nc_ss=7a3ba&oh=00_Af_FSegkDXJSq4x5VovvzupUuERU7jyQ0lA-MULKqC-viA&oe=6A3978B0",,,"","hidiff","히디프","拋光屏障修護組",,,"3920039090396746006","5892",,,,,,,,,,,,,,,"https://www.instagram.com/hidiff.tw/",,"122",,"hidiff.tw",,"milliekuooooo",,"27365050673152784",,,,,,,,,,,,,,,,,,,,,,,,,,,,,,,,,,,,,,,,,,,,,,,,,,,,,,,,,,,,,,,,,,,"false","","Original audio","true","𝐌𝐢𝐥𝐥𝐢𝐞 𝐊𝐮𝐨 ♡̷̷̷♡̶♡","270338190","milliekuooooo",,"clips","DZmxsiQvlEW","hidiff.tw","80015491870","false","false",,"https://scontent-phx1-1.cdninstagram.com/v/t51.82787-19/615343798_17845310625667871_7065812407261479699_n.jpg?stp=dst-jpg_e0_s150x150_tt6&efg=eyJ2ZW5jb2RlX3RhZyI6InByb2ZpbGVfcGljLmRqYW5nby43OTYuYzIifQ&_nc_ht=scontent-phx1-1.cdninstagram.com&_nc_cat=1&_nc_oc=Q6cZ2gEYQwb1-wuYfl4s_0GoGJf-ck6OJevTtJwsSkjMHqUrbfc3_uOOatNrimUmhNQTOwc&_nc_ohc=CmgFRSIfk20Q7kNvwEv6Rnn&_nc_gid=q8wXmmw2S_01lKpjm9diSQ&edm=APGXKFABAAAA&ccb=7-5&ig_cache_key=GLZmrSQf278oN2Y-ABNDXrjyzg5ibmNDAQAB1501500j-ccb7-5&oh=00_Af_Ms8MKLr3-e5cGOQ_GFKFyi8Z2drrzm-JeITM4gk5Bcw&oe=6A399CDC&_nc_sid=a8b8e2",,"hidiff.tw",,,,,,,,,"2026-06-15T12:09:26.000Z","Video","https://www.instagram.com/p/DZmxsiQvlEW/","67.83300018310547","6515","https://scontent-phx1-1.cdninstagram.com/o1/v/t2/f2/m86/AQOlCdoReeIqpjwdX9a5lEhNa6T_clDlXC-q-JDZ1oJA6BfFHRNrfoiBNwiIpkbBkXuoFegKnGGUC6Y0Eo2Nd8LBJXoQHm3DJn2K5Es.mp4?_nc_cat=105&_nc_sid=5e9851&_nc_ht=scontent-phx1-1.cdninstagram.com&_nc_ohc=yUTyMCZl4vwQ7kNvwHokq83&efg=eyJ2ZW5jb2RlX3RhZyI6Inhwdl9wcm9ncmVzc2l2ZS5JTlNUQUdSQU0uQ0xJUFMuQzMuNzIwLmRhc2hfYmFzZWxpbmVfMV92MSIsInhwdl9hc3NldF9pZCI6MTU4MzQ1NDkyMDAxOTAxNywiYXNzZXRfYWdlX2RheXMiOjIsInZpX3VzZWNhc2VfaWQiOjEwMDk5LCJkdXJhdGlvbl9zIjo2NywidXJsZ2VuX3NvdXJjZSI6Ind3dyJ9&ccb=17-1&vs=69ecce9c55f61023&_nc_vs=HBksFQIYUmlnX3hwdl9yZWVsc19wZXJtYW5lbnRfc3JfcHJvZC8zQzQ3OEE2RDkyNDRGMTMwMEM4QjQyQ0M4OTlFNUQ4MF92aWRlb19kYXNoaW5pdC5tcDQVAALIARIAFQIYUWlnX3hwdl9wbGFjZW1lbnRfcGVybWFuZW50X3YyLzRGNDk1NEMxQjAyRDZBRjM0NDBDMzkyRDY2MTFDODgzX2F1ZGlvX2Rhc2hpbml0Lm1wNBUCAsgBEgAoABgAGwKIB3VzZV9vaWwBMRJwcm9ncmVzc2l2ZV9yZWNpcGUBMRUAACaSsbTAmonQBRUCKAJDMywXQFD1T987ZFoYEmRhc2hfYmFzZWxpbmVfMV92MREAdf4HZeadAQA&_nc_gid=q8wXmmw2S_01lKpjm9diSQ&_nc_zt=28&_nc_ss=7a3ba&oh=00_Af8P3AbelEAU48JMex28oCfTcoA9Hbc9MoGy_UH9LVCN4g&oe=6A3575E6"
"把肌底照顧好，一起來享受 Hidiff 寵愛年中慶💚

懷孕的時候皮膚超亮超有光澤
但生完後，膠原蛋白好像跟著牙噠一起離肚出走了😮‍💨
臉開始乾燥、暗沉、沒光澤
所以我最近開始認真保養，千萬不能當黃臉婆

最近發現 @hidiff.tw  的深層補水修復組
特別是化妝水深得我心

Step 1✨綠珍珠潤肌泡泡化妝水
泡泡狀質地很特別！清爽又好吸收
添加B5、神經醯胺與韓國綠茶水

Step 2✨綠珍珠B5高濃縮水精華
含B5與神經醯胺，幫肌膚補水舒緩
透明質地清爽很舒服

Step 3✨綠珍珠酪梨修護乳霜
添加酪梨油與澳洲堅果油，滋潤卻不厚重黏膩

夏天到了不一定要美白
好好補水把底子養好更重要🫶🏻
@hidiff.tw

#wegaselect
#히디프 #hidiff#hidiff深層補水修復組#保養品推薦",,,,,,,,,,,,,,,,,,,,,,,,,,,,,,,,,,,,,,,,,,,,,,,,,,,,,,,,,,,,,,,,,,,,,,,,,,,,,,,,,,,,,,,,,,,,,,,,,,,,,,,,,,,,,,,,,,,,,,,,,,,,,,,,,,,,,,,,,,,,,,,,,,,,,,,,,,,,,,,,,,,,,,,,,,,,,,,,,,,,,,,,,,,,,,,,,,,,,,,,,,,,,,,,,,,,,,,,,,,,,,,,,,,,,,,,,,,,,,,,,,,,,,,,,,,,,,,,,,,,,,,,,,,,,,,,,,,,,,,,,,,,,,,,,,,,,,,,,,,,,,,,,,,,,,,,,,,,,,,,,,,,,,,,,,,,,,,,,,,,,,,,,,,,,,,,,,,,,,,,,,,,,,,,,,,,"1","1912","1076","https://scontent-phx1-1.cdninstagram.com/v/t51.82787-15/724076232_18595455160053811_3926280987982767106_n.jpg?stp=dst-jpg_e35_p750x750_sh2.08_tt6&_nc_cat=106&ig_cache_key=MzkyMDAzNzg3MTgzNDk1NDc3NzE4NTk1NDU1MTU0MDUzODEx.3-ccb7-5&ccb=7-5&_nc_sid=58cdad&efg=eyJ2ZW5jb2RlX3RhZyI6IkNMSVBTLnhwaWRzLjEyMTUuc2RyLnZpZGVvX2RlZmF1bHRfY292ZXJfZnJhbWUuQzMifQ%3D%3D&_nc_ohc=Z3cN1YiLn3IQ7kNvwEahSSD&_nc_oc=Ado1U04_FIuC1-roE2slw37vRqz-fijTVVk_dV8NuRa32RFwHKYm27KMTAr3JZDLMqI&_nc_ad=z-m&_nc_cid=0&_nc_zt=23&_nc_ht=scontent-phx1-1.cdninstagram.com&_nc_gid=q8wXmmw2S_01lKpjm9diSQ&_nc_ss=7a3ba&oh=00_Af_1vk8_7Y9fQDT3aIWkjEOPOoVtWsUHq2NybgAaUFNF2w&oe=6A396A0A",,,"","wegaselect","히디프","hidiff","hidiff深層補水修復組","保養品推薦","3920037871834954777","1551",,,,,,,,,,,,,,,"https://www.instagram.com/hidiff.tw/",,"24",,"hidiff.tw",,"lovingcaca",,"36735419122738760",,,,,,,,,,,,,,,,,,,,,,,,,,,,,,,,,,,,,,,,,,,,,,,,,,,,,,,,,,,,,,,,,,,"false","","Original audio","true","Rebecca Jao","20149810","lovingcaca","true","clips","DZmxazYzPwZ","hidiff 히디프 🌳","63403377015","false","false",,"https://scontent-phx1-1.cdninstagram.com/v/t51.2885-19/452147619_3743307565986401_1601641283140305637_n.jpg?stp=dst-jpg_e0_s150x150_tt6&efg=eyJ2ZW5jb2RlX3RhZyI6InByb2ZpbGVfcGljLmRqYW5nby43OTYuYzIifQ&_nc_ht=scontent-phx1-1.cdninstagram.com&_nc_cat=105&_nc_oc=Q6cZ2gEYQwb1-wuYfl4s_0GoGJf-ck6OJevTtJwsSkjMHqUrbfc3_uOOatNrimUmhNQTOwc&_nc_ohc=MQ_jj_B8i10Q7kNvwG2Hve_&_nc_gid=q8wXmmw2S_01lKpjm9diSQ&edm=APGXKFABAAAA&ccb=7-5&ig_cache_key=GKM58xphcsG1hEwNAOXCLdtCLDoWbkULAAAB1501500j-ccb7-5&oh=00_Af-Ijgd5PnJTtK-pK-iI_C-mUW8xI-tm3t9Q_TujW65OlQ&oe=6A3970CE&_nc_sid=a8b8e2",,"hidiff_official","hidiff.tw","80015491870","false","false",,"https://scontent-phx1-1.cdninstagram.com/v/t51.82787-19/615343798_17845310625667871_7065812407261479699_n.jpg?stp=dst-jpg_e0_s150x150_tt6&efg=eyJ2ZW5jb2RlX3RhZyI6InByb2ZpbGVfcGljLmRqYW5nby43OTYuYzIifQ&_nc_ht=scontent-phx1-1.cdninstagram.com&_nc_cat=1&_nc_oc=Q6cZ2gEYQwb1-wuYfl4s_0GoGJf-ck6OJevTtJwsSkjMHqUrbfc3_uOOatNrimUmhNQTOwc&_nc_ohc=CmgFRSIfk20Q7kNvwEv6Rnn&_nc_gid=q8wXmmw2S_01lKpjm9diSQ&edm=APGXKFABAAAA&ccb=7-5&ig_cache_key=GLZmrSQf278oN2Y-ABNDXrjyzg5ibmNDAQAB1501500j-ccb7-5&oh=00_Af_Ms8MKLr3-e5cGOQ_GFKFyi8Z2drrzm-JeITM4gk5Bcw&oe=6A399CDC&_nc_sid=a8b8e2",,"hidiff.tw","2026-06-15T12:05:04.000Z","Video","https://www.instagram.com/p/DZmxazYzPwZ/","55.68000030517578","1618","https://scontent-phx1-1.cdninstagram.com/o1/v/t2/f2/m86/AQMA4EJ3fSYFqJMJIvsji7W6rpd30sIE7orld0KTq4WmLRfOXLFQDX9YpMyTf1Kavd8UCODjelxvCSVxYDg1_7lMRZ7Z9GztdpmEm8Y.mp4?_nc_cat=101&_nc_sid=5e9851&_nc_ht=scontent-phx1-1.cdninstagram.com&_nc_ohc=md0INkmotN4Q7kNvwGcllxs&efg=eyJ2ZW5jb2RlX3RhZyI6Inhwdl9wcm9ncmVzc2l2ZS5JTlNUQUdSQU0uQ0xJUFMuQzMuNzIwLmRhc2hfYmFzZWxpbmVfMV92MSIsInhwdl9hc3NldF9pZCI6MTkwNTgxMDU1Njc2MTE0MiwiYXNzZXRfYWdlX2RheXMiOjIsInZpX3VzZWNhc2VfaWQiOjEwMDk5LCJkdXJhdGlvbl9zIjo1NSwidXJsZ2VuX3NvdXJjZSI6Ind3dyJ9&ccb=17-1&vs=bad0bb898d4626a&_nc_vs=HBksFQIYUmlnX3hwdl9yZWVsc19wZXJtYW5lbnRfc3JfcHJvZC8xODQ4Mjg3MjcwRTdGOUQ4NjNGNDNGNUVBQ0E3MEM4MF92aWRlb19kYXNoaW5pdC5tcDQVAALIARIAFQIYUWlnX3hwdl9wbGFjZW1lbnRfcGVybWFuZW50X3YyL0VDNDBFQzhGMTdFNTc3N0Q4REE5QkQ3MUE1NjM2NEEyX2F1ZGlvX2Rhc2hpbml0Lm1wNBUCAsgBEgAoABgAGwKIB3VzZV9vaWwBMRJwcm9ncmVzc2l2ZV9yZWNpcGUBMRUAACbs0PWT49TiBhUCKAJDMywXQEvVP3ztkWgYEmRhc2hfYmFzZWxpbmVfMV92MREAdf4HZeadAQA&_nc_gid=q8wXmmw2S_01lKpjm9diSQ&_nc_zt=28&_nc_ss=7a3ba&oh=00_Af_YDpoRzXkvN3G8IFuegwCI58POh8JdAum3V3ZL5ps0BQ&oe=6A35737A"
"我養出水光肌的小秘密🤫
給肌膚最溫柔的呵護！一起享受hidiff年中慶🍀

敏感肌的我替大家找到夏天必備的組合了！
Hidiff拋光屏障修護組我試用了一個月
臉真的光滑非！常！多！

第一次使用綠珍珠溫和去角質潔膚棒
沒想到洗完臉臉上還是這麼多髒污😭
綠珍珠B5高濃縮水精華非常好吸收而且不黏膩
悶熱的夏天非常適合！

再搭配同系列的綠珍珠酪梨修護乳霜
敏感肌完全不泛紅不刺激👌
韓國已經非常熱賣～～現在台灣就可以賣到哩！
@hidiff.tw 

#hidiff #綠珍珠系列 #去角質棉棒
#히디프#拋光屏障修護組",,,,,,,,,,,,,,,,,,,,,,,,,,,,,,,,,,,,,,,,,,,,,,,,,,,,,,,,,,,,,,,,,,,,,,,,,,,,,,,,,,,,,,,,,,,,,,,,,,,,,,,,,,,,,,,,,,,,,,,,,,,,,,,,,,,,,,,,,,,,,,,,,,,,,,,,,,,,,,,,,,,,,,,,,,,,,,,,,,,,,,,,,,,,,,,,,,,,,,,,,,,,,,,,,,,,,,,,,,,,,,,,,,,,,,,,,,,,,,,,,,,,,,,,,,,,,,,,,,,,,,,,,,,,,,,,,,,,,,,,,,,,,,,,,,,,,,,,,,,,,,,,,,,,,,,,,,,,,,,,,,,,,,,,,,,,,,,,,,,,,,,,,,,,,,,,,,,,,,,,,,,,,,,,,,,,"1","1920","1080","https://scontent-phx1-1.cdninstagram.com/v/t51.82787-15/722859162_18598550491007716_7660983629164727536_n.jpg?stp=dst-jpg_e35_p750x750_sh2.08_tt6&_nc_cat=104&ig_cache_key=MzkyMDAzNjg4MjkzNTQ3NDMxMjE4NTk4NTUwNDg1MDA3NzE2.3-ccb7-5&ccb=7-5&_nc_sid=58cdad&efg=eyJ2ZW5jb2RlX3RhZyI6IkNMSVBTLnhwaWRzLjEyMTYuc2RyLnZpZGVvX2RlZmF1bHRfY292ZXJfZnJhbWUuQzMifQ%3D%3D&_nc_ohc=MHnI1XVCwawQ7kNvwE2ojEW&_nc_oc=Adq6sMuKK39EOcp1mx4wI5eDsj8Q_YhXgOtIcQKHm-dgrZuZ0V83uOmzwwDtFBzxTIc&_nc_ad=z-m&_nc_cid=0&_nc_zt=23&_nc_ht=scontent-phx1-1.cdninstagram.com&_nc_gid=q8wXmmw2S_01lKpjm9diSQ&_nc_ss=7a3ba&oh=00_Af_UO8gXsPVmo1SyvSPtJE1iLdXLDOknNI93gWkEiV80VA&oe=6A39999D",,,"","hidiff","綠珍珠系列","去角質棉棒","히디프","拋光屏障修護組","3920036882935474312","3827",,,,,,,,,,,,,,,"https://www.instagram.com/hidiff.tw/",,"54",,"hidiff.tw",,"jean000408",,"27150087281267760",,,,,,,,,,,,,,,,,,,,,,,,,,,,,,,,,,,,,,,,,,,,,,,,,,,,,,,,,,,,,,,,,,,"false","","Original audio","true","Jean💫","297415715","jean000408","true","clips","DZmxMaZzGiI","hidiff.tw","80015491870","false","false",,"https://scontent-phx1-1.cdninstagram.com/v/t51.82787-19/615343798_17845310625667871_7065812407261479699_n.jpg?stp=dst-jpg_e0_s150x150_tt6&efg=eyJ2ZW5jb2RlX3RhZyI6InByb2ZpbGVfcGljLmRqYW5nby43OTYuYzIifQ&_nc_ht=scontent-phx1-1.cdninstagram.com&_nc_cat=1&_nc_oc=Q6cZ2gEYQwb1-wuYfl4s_0GoGJf-ck6OJevTtJwsSkjMHqUrbfc3_uOOatNrimUmhNQTOwc&_nc_ohc=CmgFRSIfk20Q7kNvwEv6Rnn&_nc_gid=q8wXmmw2S_01lKpjm9diSQ&edm=APGXKFABAAAA&ccb=7-5&ig_cache_key=GLZmrSQf278oN2Y-ABNDXrjyzg5ibmNDAQAB1501500j-ccb7-5&oh=00_Af_Ms8MKLr3-e5cGOQ_GFKFyi8Z2drrzm-JeITM4gk5Bcw&oe=6A399CDC&_nc_sid=a8b8e2",,"hidiff.tw",,,,,,,,,"2026-06-15T12:03:32.000Z","Video","https://www.instagram.com/p/DZmxMaZzGiI/","66.13300323486328","4801","https://scontent-phx1-1.cdninstagram.com/o1/v/t2/f2/m86/AQPgqtsDBsiXDhGdaMI2AdBio16MN-7WGW-tMWMxeJsBAvhziu57aIGG8ZDpo-7Xy1HxlF1biKR2eRqzUGE1vha0yMsQjw5TiG_KSTs.mp4?_nc_cat=103&_nc_sid=5e9851&_nc_ht=scontent-phx1-1.cdninstagram.com&_nc_ohc=47IfqisEhBoQ7kNvwGgG6kD&efg=eyJ2ZW5jb2RlX3RhZyI6Inhwdl9wcm9ncmVzc2l2ZS5JTlNUQUdSQU0uQ0xJUFMuQzMuNzIwLmRhc2hfYmFzZWxpbmVfMV92MSIsInhwdl9hc3NldF9pZCI6MTAwNDA2MzQ1NTU0MzQ3MSwiYXNzZXRfYWdlX2RheXMiOjIsInZpX3VzZWNhc2VfaWQiOjEwMDk5LCJkdXJhdGlvbl9zIjo2NiwidXJsZ2VuX3NvdXJjZSI6Ind3dyJ9&ccb=17-1&vs=556fa9a0059af14a&_nc_vs=HBksFQIYUmlnX3hwdl9yZWVsc19wZXJtYW5lbnRfc3JfcHJvZC9CNzQ1MTE3MDE5NjEzRDkwQTdCOEM1QzZDMDRBQTFBQ192aWRlb19kYXNoaW5pdC5tcDQVAALIARIAFQIYUWlnX3hwdl9wbGFjZW1lbnRfcGVybWFuZW50X3YyL0RDNENGMDJEQThDRkNDNTlFNjYyN0E5MDgzODIzRDg5X2F1ZGlvX2Rhc2hpbml0Lm1wNBUCAsgBEgAoABgAGwKIB3VzZV9vaWwBMRJwcm9ncmVzc2l2ZV9yZWNpcGUBMRUAACbegszZl8zIAxUCKAJDMywXQFCIgxJul40YEmRhc2hfYmFzZWxpbmVfMV92MREAdf4HZeadAQA&_nc_gid=q8wXmmw2S_01lKpjm9diSQ&_nc_ss=7a3ba&_nc_zt=28&oh=00_Af-lpoJG_QBqaPQjxvCOtoKRMFFS4tdGMsEn1ukXcE2ovA&oe=6A357790"
"懂肌膚的需要，養成穩定又漂亮的水光肌，一起來享受hidiff寵愛年中慶💚

今年的夏天太可怕了！熱到瘋掉🥵
一熱臉就開始泛紅 出油長痘痘粉刺還好立刻用 @hidiff.tw 拯救我的皮膚！用了一週左右肌膚立刻回穩🥳

Hidiff 是敏感肌、痘痘肌可以完全安心使用的品牌♡從泡泡化妝水、精華到修護乳霜都非常溫和

🫧 綠珍珠潤肌泡泡化妝水
這瓶泡泡化妝水我每天早晚使用，加入了B5、神經醯胺、韓國綠茶水，不只讓肌膚更穩定，肌膚還會更有光澤！

🫧 綠珍珠B5高濃縮水精華
雖然是高濃縮精華，但質地非常清爽不厚重、不黏膩，肌膚敏感泛紅、長痘痘時我自己都會多擦幾層～

🫧 綠珍珠酪梨修護乳霜
這瓶乳霜也是我的愛🥑加入了酪梨油和澳洲堅果油，質地很柔軟～膚感非常舒服，皮膚比較乾燥的時候用它就對了！
如果你也在找適合夏天的肌膚保養品推薦Hidiff給你唷💚

@hidiff.tw
#히디프 #hidiff #綠珍珠系列 #深層補水修復組",,,,,,,,,,,,,,,,,,,,,,,,,,,,,,,,,,,,,,,,,,,,,,,,,,,,,,,,,,,,,,,,,,,,,,,,,,,,,,,,,,,,,,,,,,,,,,,,,,,,,,,,,,,,,,,,,,,,,,,,,,,,,,,,,,,,,,,,,,,,,,,,,,,,,,,,,,,,,,,,,,,,,,,,,,,,,,,,,,,,,,,,,,,,,,,,,,,,,,,,,,,,,,,,,,,,,,,,,,,,,,,,,,,,,,,,,,,,,,,,,,,,,,,,,,,,,,,,,,,,,,,,,,,,,,,,,,,,,,,,,,,,,,,,,,,,,,,,,,,,,,,,,,,,,,,,,,,,,,,,,,,,,,,,,,,,,,,,,,,,,,,,,,,,,,,,,,,,,,,,,,,,,,,,,,,,"1","1920","1080","https://scontent-phx1-1.cdninstagram.com/v/t51.82787-15/724242571_18599696365021925_462079242670484742_n.jpg?stp=dst-jpg_e35_p750x750_sh2.08_tt6&_nc_cat=106&ig_cache_key=MzkyMDAzNjk4MjEyNjIzMTA5NTE4NTk5Njk2MzYyMDIxOTI1.3-ccb7-5&ccb=7-5&_nc_sid=58cdad&efg=eyJ2ZW5jb2RlX3RhZyI6IkNMSVBTLnhwaWRzLjEyMTYuc2RyLnZpZGVvX2RlZmF1bHRfY292ZXJfZnJhbWUuQzMifQ%3D%3D&_nc_ohc=zz3iFYCH3k8Q7kNvwEBy79z&_nc_oc=AdpkxKi-h3c-MlxjGeMrT6TQ_5coMtEPZqkGhY3frqLFNyxaFJqQkPCsXbq00Zs3GpQ&_nc_ad=z-m&_nc_cid=0&_nc_zt=23&_nc_ht=scontent-phx1-1.cdninstagram.com&_nc_gid=q8wXmmw2S_01lKpjm9diSQ&_nc_ss=7a3ba&oh=00_Af-ePcnWWmKf9odp2vpygGU2jTRnuQqw6bDGy9ctRD5-gA&oe=6A3983CD",,,"","히디프","hidiff","綠珍珠系列","深層補水修復組",,"3920036982126231095","1218",,,,,,,,,,,,,,,"https://www.instagram.com/hidiff.tw/",,"-1",,"hidiff.tw",,"amberq.17",,"27103393802662936",,,,,,,,,,,,,,,,,,,,,,,,,,,,,,,,,,,,,,,,,,,,,,,,,,,,,,,,,,,,,,,,,,,"false","","Original audio","true","𝕒𝕞𝕓𝕖𝕣","303317924","amberq.17","true","clips","DZmxN2yBz43","hidiff 히디프 🌳","63403377015","false","false",,"https://scontent-phx1-1.cdninstagram.com/v/t51.2885-19/452147619_3743307565986401_1601641283140305637_n.jpg?stp=dst-jpg_e0_s150x150_tt6&efg=eyJ2ZW5jb2RlX3RhZyI6InByb2ZpbGVfcGljLmRqYW5nby43OTYuYzIifQ&_nc_ht=scontent-phx1-1.cdninstagram.com&_nc_cat=105&_nc_oc=Q6cZ2gEYQwb1-wuYfl4s_0GoGJf-ck6OJevTtJwsSkjMHqUrbfc3_uOOatNrimUmhNQTOwc&_nc_ohc=MQ_jj_B8i10Q7kNvwG2Hve_&_nc_gid=q8wXmmw2S_01lKpjm9diSQ&edm=APGXKFABAAAA&ccb=7-5&ig_cache_key=GKM58xphcsG1hEwNAOXCLdtCLDoWbkULAAAB1501500j-ccb7-5&oh=00_Af-Ijgd5PnJTtK-pK-iI_C-mUW8xI-tm3t9Q_TujW65OlQ&oe=6A3970CE&_nc_sid=a8b8e2",,"hidiff_official","hidiff.tw","80015491870","false","false",,"https://scontent-phx1-1.cdninstagram.com/v/t51.82787-19/615343798_17845310625667871_7065812407261479699_n.jpg?stp=dst-jpg_e0_s150x150_tt6&efg=eyJ2ZW5jb2RlX3RhZyI6InByb2ZpbGVfcGljLmRqYW5nby43OTYuYzIifQ&_nc_ht=scontent-phx1-1.cdninstagram.com&_nc_cat=1&_nc_oc=Q6cZ2gEYQwb1-wuYfl4s_0GoGJf-ck6OJevTtJwsSkjMHqUrbfc3_uOOatNrimUmhNQTOwc&_nc_ohc=CmgFRSIfk20Q7kNvwEv6Rnn&_nc_gid=q8wXmmw2S_01lKpjm9diSQ&edm=APGXKFABAAAA&ccb=7-5&ig_cache_key=GLZmrSQf278oN2Y-ABNDXrjyzg5ibmNDAQAB1501500j-ccb7-5&oh=00_Af_Ms8MKLr3-e5cGOQ_GFKFyi8Z2drrzm-JeITM4gk5Bcw&oe=6A399CDC&_nc_sid=a8b8e2",,"hidiff.tw","2026-06-15T12:02:12.000Z","Video","https://www.instagram.com/p/DZmxN2yBz43/","73.00199890136719","1264","https://scontent-phx1-1.cdninstagram.com/o1/v/t2/f2/m86/AQOZb345pTkXZVWjG5xoaGBqWeiFmSQ-pcoFMhwW8qUUAphtnbpSz14r-i912ukHAQOxF_NiJqrdSju7o0lUmXAhcBfl9-bvbJWOBOc.mp4?_nc_cat=102&_nc_sid=5e9851&_nc_ht=scontent-phx1-1.cdninstagram.com&_nc_ohc=usG8xhYsQ-oQ7kNvwEZe9u1&efg=eyJ2ZW5jb2RlX3RhZyI6Inhwdl9wcm9ncmVzc2l2ZS5JTlNUQUdSQU0uQ0xJUFMuQzMuNzIwLmRhc2hfYmFzZWxpbmVfMV92MSIsInhwdl9hc3NldF9pZCI6MTkxOTIyMTQ1NTQwMjk1MiwiYXNzZXRfYWdlX2RheXMiOjIsInZpX3VzZWNhc2VfaWQiOjEwMDk5LCJkdXJhdGlvbl9zIjo3MywidXJsZ2VuX3NvdXJjZSI6Ind3dyJ9&ccb=17-1&vs=6654cef6209f1e74&_nc_vs=HBksFQIYUmlnX3hwdl9yZWVsc19wZXJtYW5lbnRfc3JfcHJvZC8zRDQ1ODA0MkQ3MTgyQUZGMzI3QjcxRTk4NjdGOUNCRV92aWRlb19kYXNoaW5pdC5tcDQVAALIARIAFQIYUWlnX3hwdl9wbGFjZW1lbnRfcGVybWFuZW50X3YyLzlGNDU3ODg4OTFFQzRDQ0RDNjNFRDk2Nzk2NjEzQ0FCX2F1ZGlvX2Rhc2hpbml0Lm1wNBUCAsgBEgAoABgAGwKIB3VzZV9vaWwBMRJwcm9ncmVzc2l2ZV9yZWNpcGUBMRUAACaQ38GRsuHoBhUCKAJDMywXQFJAAAAAAAAYEmRhc2hfYmFzZWxpbmVfMV92MREAdf4HZeadAQA&_nc_gid=q8wXmmw2S_01lKpjm9diSQ&_nc_ss=7a3ba&_nc_zt=28&oh=00_Af9XQpLnYzdP7RnsLY12ggHVCcZC5gxsxdVKr6MeWuEjtw&oe=6A358963"
"懂肌膚的需要，擊退夏天的粉刺與泛紅。
一起來享受hidiff寵愛年中慶💚

最近天氣一變熱
皮膚也跟著容易泛紅、長紅痘冒粉刺
@hidiff.tw 的深層補水修復組陪著我慢慢穩定肌膚
第一步綠珍珠潤肌泡泡化妝水
質地超特別！擠出來是泡沫
但在臉上塗抹開後會慢慢化成水
先為肌膚做足打底保濕🫧
接著是綠珍珠B5高濃縮水精華
再次加強保濕，吸收快速又不黏膩～
最後抹上綠珍珠酪梨修護乳霜鎖水滋潤
雖然是乳霜質地但吸收後很清爽
會感覺前面補充的水分都一起吸收進去了🥑
夏天到了，真的很需要這種清爽保濕的保養重點是包裝也超漂亮！！
看了心情就很好🥹🌿

@hidiff.tw
#히디프 #hidiff#綠珍珠系列#深層補水修復組",,,,,,,,,,,,,,,,,,,,,,,,,,,,,,,,,,,,,,,,,,,,,,,,,,,,,,,,,,,,,,,,,,,,,,,,,,,,,,,,,,,,,,,,,,,,,,,,,,,,,,,,,,,,,,,,,,,,,,,,,,,,,,,,,,,,,,,,,,,,,,,,,,,,,,,,,,,,,,,,,,,,,,,,,,,,,,,,,,,,,,,,,,,,,,,,,,,,,,,,,,,,,,,,,,,,,,,,,,,,,,,,,,,,,,,,,,,,,,,,,,,,,,,,,,,,,,,,,,,,,,,,,,,,,,,,,,,,,,,,,,,,,,,,,,,,,,,,,,,,,,,,,,,,,,,,,,,,,,,,,,,,,,,,,,,,,,,,,,,,,,,,,,,,,,,,,,,,,,,,,,,,,,,,,,,,"1","1920","1080","https://scontent-phx1-1.cdninstagram.com/v/t51.82787-15/724453834_18593500156054310_5645890315276609278_n.jpg?stp=dst-jpg_e35_p750x750_sh2.08_tt6&_nc_cat=109&ig_cache_key=MzkyMDAzNjMwNDk2NjE4NjkxMjE4NTkzNTAwMTUzMDU0MzEw.3-ccb7-5&ccb=7-5&_nc_sid=58cdad&efg=eyJ2ZW5jb2RlX3RhZyI6IkNMSVBTLnhwaWRzLjExNzQuc2RyLnZpZGVvX2RlZmF1bHRfY292ZXJfZnJhbWUuQzMifQ%3D%3D&_nc_ohc=NlulxypjJKoQ7kNvwHcgiPa&_nc_oc=AdqiObruT3UHHebEYCJRYmRxaT-O77EbIIiCHbzUHzxG5A63KV_0kuo6KRRmwbmDACc&_nc_ad=z-m&_nc_cid=0&_nc_zt=23&_nc_ht=scontent-phx1-1.cdninstagram.com&_nc_gid=q8wXmmw2S_01lKpjm9diSQ&_nc_ss=7a3ba&oh=00_Af94N7r4QIkboRXx3ww2QzUxPzNFhMiqASpRLH0wfNE9Lw&oe=6A399CD7",,,"","히디프","hidiff","綠珍珠系列","深層補水修復組",,"3920036304966186912","2426",,,,,,,,,,,,,,,"https://www.instagram.com/hidiff.tw/",,"55",,"hidiff.tw",,"_20000808_",,"27341321212154024",,,,,,,,,,,,,,,,,,,,,,,,,,,,,,,,,,,,,,,,,,,,,,,,,,,,,,,,,,,,,,,,,,,"false","","Original audio","true","叮🐻","1782134309","_20000808_",,"clips","DZmxEAIJPeg","hidiff.tw","80015491870","false","false",,"https://scontent-phx1-1.cdninstagram.com/v/t51.82787-19/615343798_17845310625667871_7065812407261479699_n.jpg?stp=dst-jpg_e0_s150x150_tt6&efg=eyJ2ZW5jb2RlX3RhZyI6InByb2ZpbGVfcGljLmRqYW5nby43OTYuYzIifQ&_nc_ht=scontent-phx1-1.cdninstagram.com&_nc_cat=1&_nc_oc=Q6cZ2gEYQwb1-wuYfl4s_0GoGJf-ck6OJevTtJwsSkjMHqUrbfc3_uOOatNrimUmhNQTOwc&_nc_ohc=CmgFRSIfk20Q7kNvwEv6Rnn&_nc_gid=q8wXmmw2S_01lKpjm9diSQ&edm=APGXKFABAAAA&ccb=7-5&ig_cache_key=GLZmrSQf278oN2Y-ABNDXrjyzg5ibmNDAQAB1501500j-ccb7-5&oh=00_Af_Ms8MKLr3-e5cGOQ_GFKFyi8Z2drrzm-JeITM4gk5Bcw&oe=6A399CDC&_nc_sid=a8b8e2",,"hidiff.tw",,,,,,,,,"2026-06-15T12:00:33.000Z","Video","https://www.instagram.com/p/DZmxEAIJPeg/","53.099998474121094","2537","https://scontent-phx1-1.cdninstagram.com/o1/v/t2/f2/m86/AQO1A8UA8k078RrUuW3tbGGEMkX8DaZZsnMeerLky6vMUgnmhoqNcDTND_hlJKOXQyuL8lX08nHXOOrbX-rPlkg73JhP2p6d_qDmZQ0.mp4?_nc_cat=105&_nc_sid=5e9851&_nc_ht=scontent-phx1-1.cdninstagram.com&_nc_ohc=Gtfpb2NJHkEQ7kNvwFUp7me&efg=eyJ2ZW5jb2RlX3RhZyI6Inhwdl9wcm9ncmVzc2l2ZS5JTlNUQUdSQU0uQ0xJUFMuQzMuNzIwLmRhc2hfYmFzZWxpbmVfMV92MSIsInhwdl9hc3NldF9pZCI6ODMwMjc3NTY5OTU0MDQ2LCJhc3NldF9hZ2VfZGF5cyI6MiwidmlfdXNlY2FzZV9pZCI6MTAwOTksImR1cmF0aW9uX3MiOjUzLCJ1cmxnZW5fc291cmNlIjoid3d3In0%3D&ccb=17-1&vs=9177945204a01ad8&_nc_vs=HBksFQIYUmlnX3hwdl9yZWVsc19wZXJtYW5lbnRfc3JfcHJvZC9DRjRCNEU4RUZENzE3MzFDQUYxRThERkZBREFGNDFCRV92aWRlb19kYXNoaW5pdC5tcDQVAALIARIAFQIYUWlnX3hwdl9wbGFjZW1lbnRfcGVybWFuZW50X3YyL0I2NEQ5MEMzRUM5RkE5MzU2RDk0Mjg3OTk4M0FEM0FGX2F1ZGlvX2Rhc2hpbml0Lm1wNBUCAsgBEgAoABgAGwKIB3VzZV9vaWwBMRJwcm9ncmVzc2l2ZV9yZWNpcGUBMRUAACb8g_r5wcj5AhUCKAJDMywXQEqMzMzMzM0YEmRhc2hfYmFzZWxpbmVfMV92MREAdf4HZeadAQA&_nc_gid=q8wXmmw2S_01lKpjm9diSQ&_nc_ss=7a3ba&_nc_zt=28&oh=00_Af9EiC3v8cwqofljblAL5VlaQwDzKEuGycqKhJXIoiIjpw&oe=6A35A672"
"防曬養膚我都要，夏天給肌膚最溫柔的呵護！
一起享受hidiff年中慶🍀

⋆.𐙚 ̊ hidiff夏日拋光計劃 𝜗𝜚˚⋆
夏天最怕的不是曬黑
而是肌膚暗沉、沒光澤
-
分享我的【夏日拋光組合】✨
☀️ 綠珍珠晶球防曬乳
 ・清爽不黏膩
 ・妝前使用也不厚重
 ・夏天不怕悶、不怕脫妝
-
🌿 綠珍珠溫和去角質潔膚棒
 ・幫助代謝老廢角質
 ・改善暗沉粗糙感
 ・添加蜂膠萃取物、B5 精華
-
💧 綠珍珠 B5 高濃縮水精華
 ・D-泛醇 × 神經醯胺
 ・舒緩乾燥不適
 ・補水同時修護肌膚屏障
-
✔️ 白天認真防曬
✔️ 定期代謝角質
✔️ 加強補水修護
夏日也能輕鬆擁有透亮好肌膚

@hidiff.tw 
#hidiff #hidiff防曬組 #夏日保養 #透亮肌 #日常保養",,,,,,,,,,,,,,,,,,,,,,,,,,,,,,,,,,,,,,,,,,,,,,,,,,,,,,,,,,,,,,,,,,,,,,,,,,,,,,,,,,,,,,,,,,,,,,,,,,,,,,,,,,,,,,,,,,,,,,,,,,,,,,,,,,,,,,,,,,,,,,,,,,,,,,,,,,,,,,,,,,,,,,,,,,,,,,,,,,,,,,,,,,,,,,,,,,,,,,,,,,,,,,,,,,,,,,,,,,,,,,,,,,,,,,,,,,,,,,,,,,,,,,,,,,,,,,,,,,,,,,,,,,,,,,,,,,,,,,,,,,,,,,,,,,,,,,,,,,,,,,,,,,,,,,,,,,,,,,,,,,,,,,,,,,,,,,,,,,,,,,,,,,,,,,,,,,,,,,,,,,,,,,,,,,,,"1","1920","1080","https://scontent-phx1-1.cdninstagram.com/v/t51.82787-15/723686418_18557958445069479_3109464984044851543_n.jpg?stp=dst-jpg_e15_p750x750_tt6&_nc_cat=103&ig_cache_key=MzkxOTk4NjkzNzI0NTY5OTcyMDE4NTU3OTU4NDM2MDY5NDc5.3-ccb7-5&ccb=7-5&_nc_sid=58cdad&efg=eyJ2ZW5jb2RlX3RhZyI6IkNMSVBTLnhwaWRzLjEwNzguc2RyLnZpZGVvX2RlZmF1bHRfY292ZXJfZnJhbWUuQzMifQ%3D%3D&_nc_ohc=sTjBK4NG_M4Q7kNvwGSHL71&_nc_oc=AdpodGVsRUDjxRdhu0KqFrllW9_xcCp8VsH5IMmqBpBztoU6Chpavtx7oWz4IVIj1gM&_nc_ad=z-m&_nc_cid=0&_nc_zt=23&_nc_ht=scontent-phx1-1.cdninstagram.com&_nc_gid=q8wXmmw2S_01lKpjm9diSQ&_nc_ss=7a3ba&oh=00_Af8DWu8bmsybTd6ESIsFSiPhhmDnjdy5f-5jQhonaY-zQg&oe=6A3983A8",,,"","hidiff","hidiff防曬組","夏日保養","透亮肌","日常保養","3919986937245699720","1261",,,,,,,,,,,,,,,"https://www.instagram.com/hidiff.tw/",,"33",,"hidiff.tw",,"yuu._.wn",,"26790736923961236",,,,,,,,,,,,,,,,,,,,,,,,,,,,,,,,,,,,,,,,,,,,,,,,,,,,,,,,,,,,,,,,,,,"false","","Original audio","true","松鼠🐾","2063109478","yuu._.wn","true","clips","DZml1m2s46I","hidiff.tw","80015491870","false","false",,"https://scontent-phx1-1.cdninstagram.com/v/t51.82787-19/615343798_17845310625667871_7065812407261479699_n.jpg?stp=dst-jpg_e0_s150x150_tt6&efg=eyJ2ZW5jb2RlX3RhZyI6InByb2ZpbGVfcGljLmRqYW5nby43OTYuYzIifQ&_nc_ht=scontent-phx1-1.cdninstagram.com&_nc_cat=1&_nc_oc=Q6cZ2gEYQwb1-wuYfl4s_0GoGJf-ck6OJevTtJwsSkjMHqUrbfc3_uOOatNrimUmhNQTOwc&_nc_ohc=CmgFRSIfk20Q7kNvwEv6Rnn&_nc_gid=q8wXmmw2S_01lKpjm9diSQ&edm=APGXKFABAAAA&ccb=7-5&ig_cache_key=GLZmrSQf278oN2Y-ABNDXrjyzg5ibmNDAQAB1501500j-ccb7-5&oh=00_Af_Ms8MKLr3-e5cGOQ_GFKFyi8Z2drrzm-JeITM4gk5Bcw&oe=6A399CDC&_nc_sid=a8b8e2",,"hidiff.tw",,,,,,,,,"2026-06-15T10:22:32.000Z","Video","https://www.instagram.com/p/DZml1m2s46I/","55.36600112915039","1261","https://scontent-phx1-1.cdninstagram.com/o1/v/t2/f2/m86/AQNZ75sjLIbJhJY1Ns3Bs3o9TjtSC5fJvgNXOhYn10_GCVMOj2B1OgcQHopKhshIB1I0_m_gt1T_LBKyP5hgfN-w2qekd4PTe5YeM_U.mp4?_nc_cat=107&_nc_sid=5e9851&_nc_ht=scontent-phx1-1.cdninstagram.com&_nc_ohc=8pky_688QcoQ7kNvwH1T3fY&efg=eyJ2ZW5jb2RlX3RhZyI6Inhwdl9wcm9ncmVzc2l2ZS5JTlNUQUdSQU0uQ0xJUFMuQzMuNzIwLmRhc2hfYmFzZWxpbmVfMV92MSIsInhwdl9hc3NldF9pZCI6MTQwMDYzMDc3NTIwNzkxMywiYXNzZXRfYWdlX2RheXMiOjIsInZpX3VzZWNhc2VfaWQiOjEwMDk5LCJkdXJhdGlvbl9zIjo1NSwidXJsZ2VuX3NvdXJjZSI6Ind3dyJ9&ccb=17-1&vs=bb8cb4742e8c35fd&_nc_vs=HBksFQIYUmlnX3hwdl9yZWVsc19wZXJtYW5lbnRfc3JfcHJvZC8zQzRENzI3OUJCMDNDQTREODQ2RTgyMEUzMUNFNUI4Rl92aWRlb19kYXNoaW5pdC5tcDQVAALIARIAFQIYUWlnX3hwdl9wbGFjZW1lbnRfcGVybWFuZW50X3YyLzUzNDEzRDg5REE1RDk1OEFCQUY0MDEzQTgxMDcyNkJDX2F1ZGlvX2Rhc2hpbml0Lm1wNBUCAsgBEgAoABgAGwKIB3VzZV9vaWwBMRJwcm9ncmVzc2l2ZV9yZWNpcGUBMRUAACbS34q9uPf8BBUCKAJDMywXQEuu2RaHKwIYEmRhc2hfYmFzZWxpbmVfMV92MREAdf4HZeadAQA&_nc_gid=q8wXmmw2S_01lKpjm9diSQ&_nc_zt=28&_nc_ss=7a3ba&oh=00_Af9Lcpc09W_mnPRYSqz1qcmjPFuC0s-bGjAiTFQkfGVP9Q&oe=6A358C9C"
"防曬養膚我都要，夏天給肌膚最溫柔的呵護！一起享受hidiff年中慶🍀

最近很愛的夏日光澤肌Routine✨
我一直以為光澤感跟清爽感只能二選一，
沒想到這款防曬竟然亮而不油！

白天透過防曬做好防護
打造自然透亮的好膚質
晚上再用溫和去角質潔膚棒幫肌膚做好拋光，
搭配綠珍珠B5高濃縮水精華養膚💚

晚上拋光，白天發光，
雙管齊下一起養出乾淨透亮的夏日光澤肌☀️

@hidiff.tw
#hidiff #hidiff防曬組",,,,,,,,,,,,,,,,,,,,,,,,,,,,,,,,,,,,,,,,,,,,,,,,,,,,,,,,,,,,,,,,,,,,,,,,,,,,,,,,,,,,,,,,,,,,,,,,,,,,,,,,,,,,,,,,,,,,,,,,,,,,,,,,,,,,,,,,,,,,,,,,,,,,,,,,,,,,,,,,,,,,,,,,,,,,,,,,,,,,,,,,,,,,,,,,,,,,,,,,,,,,,,,,,,,,,,,,,,,,,,,,,,,,,,,,,,,,,,,,,,,,,,,,,,,,,,,,,,,,,,,,,,,,,,,,,,,,,,,,,,,,,,,,,,,,,,,,,,,,,,,,,,,,,,,,,,,,,,,,,,,,,,,,,,,,,,,,,,,,,,,,,,,,,,,,,,,,,,,,,,,,,,,,,,,,"1","1920","1080","https://scontent-phx1-1.cdninstagram.com/v/t51.82787-15/724019866_18557754988069230_6734594392625569534_n.jpg?stp=dst-jpg_e35_p750x750_sh2.08_tt6&_nc_cat=109&ig_cache_key=MzkxOTk3OTAyMDMzODYyODM5MzE4NTU3NzU0OTgyMDY5MjMw.3-ccb7-5&ccb=7-5&_nc_sid=58cdad&efg=eyJ2ZW5jb2RlX3RhZyI6IkNMSVBTLnhwaWRzLjExOTQuc2RyLnZpZGVvX2RlZmF1bHRfY292ZXJfZnJhbWUuQzMifQ%3D%3D&_nc_ohc=EAziBQ-cvUgQ7kNvwFf9d20&_nc_oc=Adrr5eRz8CbfhkfUyMtuAdIHG_si20EHezioPmI-Q2GU7B-S8cYKSRHSldq08juPLv8&_nc_ad=z-m&_nc_cid=0&_nc_zt=23&_nc_ht=scontent-phx1-1.cdninstagram.com&_nc_gid=q8wXmmw2S_01lKpjm9diSQ&_nc_ss=7a3ba&oh=00_Af_vcrid7nCJLHdeRxfVxi4AZNd8VMk6CidgwLaLFLSkrg&oe=6A39852F",,,"","hidiff","hidiff防曬組",,,,"3919979020338628393","1834",,,,,,,,,,,,,,,"https://www.instagram.com/hidiff.tw/",,"30",,"hidiff.tw",,"sylvialin126",,"26940258215673416",,,,,,,,,,,,,,,,,,,,,,,,,,,,,,,,,,,,,,,,,,,,,,,,,,,,,,,,,,,,,,,,,,,"false","","Original audio","true","木木","2157341229","sylvialin126","true","clips","DZmkCZqRIcp","hidiff.tw","80015491870","false","false",,"https://scontent-phx1-1.cdninstagram.com/v/t51.82787-19/615343798_17845310625667871_7065812407261479699_n.jpg?stp=dst-jpg_e0_s150x150_tt6&efg=eyJ2ZW5jb2RlX3RhZyI6InByb2ZpbGVfcGljLmRqYW5nby43OTYuYzIifQ&_nc_ht=scontent-phx1-1.cdninstagram.com&_nc_cat=1&_nc_oc=Q6cZ2gEYQwb1-wuYfl4s_0GoGJf-ck6OJevTtJwsSkjMHqUrbfc3_uOOatNrimUmhNQTOwc&_nc_ohc=CmgFRSIfk20Q7kNvwEv6Rnn&_nc_gid=q8wXmmw2S_01lKpjm9diSQ&edm=APGXKFABAAAA&ccb=7-5&ig_cache_key=GLZmrSQf278oN2Y-ABNDXrjyzg5ibmNDAQAB1501500j-ccb7-5&oh=00_Af_Ms8MKLr3-e5cGOQ_GFKFyi8Z2drrzm-JeITM4gk5Bcw&oe=6A399CDC&_nc_sid=a8b8e2",,"hidiff.tw",,,,,,,,,"2026-06-15T10:41:11.000Z","Video","https://www.instagram.com/p/DZmkCZqRIcp/","66.06600189208984","1834","https://scontent-phx1-1.cdninstagram.com/o1/v/t2/f2/m86/AQNdqD9thTaEO5wEkMZ6T7JEMyCX7G0tb7WtZI1RUeICVxKF0vewXk2INN7eK2354cU0STcqa6AKscropX-H9DJl3frL1Li9hFHdgaw.mp4?_nc_cat=110&_nc_sid=5e9851&_nc_ht=scontent-phx1-1.cdninstagram.com&_nc_ohc=SUkoh-2y0_cQ7kNvwEaItMZ&efg=eyJ2ZW5jb2RlX3RhZyI6Inhwdl9wcm9ncmVzc2l2ZS5JTlNUQUdSQU0uQ0xJUFMuQzMuNzIwLmRhc2hfYmFzZWxpbmVfMV92MSIsInhwdl9hc3NldF9pZCI6MjEyNDA3OTI2NDgyNjIzOSwiYXNzZXRfYWdlX2RheXMiOjIsInZpX3VzZWNhc2VfaWQiOjEwODI3LCJkdXJhdGlvbl9zIjo2NiwidXJsZ2VuX3NvdXJjZSI6Ind3dyJ9&ccb=17-1&vs=949cefb07f9656c8&_nc_vs=HBksFQIYUmlnX3hwdl9yZWVsc19wZXJtYW5lbnRfc3JfcHJvZC8xMDQyRDk0RTIwMThFNTlERkYzMjI1NEJFMDUxMDc5NF92aWRlb19kYXNoaW5pdC5tcDQVAALIARIAFQIYUWlnX3hwdl9wbGFjZW1lbnRfcGVybWFuZW50X3YyL0FGNEMwMDRGRTExQzQ3Nzc1OTM4NUY2QzhFMDI2NEJBX2F1ZGlvX2Rhc2hpbml0Lm1wNBUCAsgBEgAoABgAGwKIB3VzZV9vaWwBMRJwcm9ncmVzc2l2ZV9yZWNpcGUBMRUAACb-jfDg1_XFBxUCKAJDMywXQFCEOVgQYk4YEmRhc2hfYmFzZWxpbmVfMV92MREAdf4HZZapAQA&_nc_gid=q8wXmmw2S_01lKpjm9diSQ&_nc_ss=7a3ba&_nc_zt=28&oh=00_Af-MhpOVyeghw00YrMtmi2zi1LALJawxphWJO7sBLWkrFw&oe=6A359067"
"防曬養膚我都要，夏天給肌膚最溫柔的呵護！一起享受hidiff年中慶🍀

跟我一樣膚況不穩、時好時壞或是肌膚敏感
只能挑溫和養膚型產品的朋友們～

hidiff 真的非常適合你!!

𓏸 綠珍珠溫和去角質潔膚棒| 一周2次
𓏸 綠珍珠B5高濃縮水精華| 每日早晚
𓏸 綠珍珠精球曬乳| 每日早上

潔膚棒、精華、防曬乳 我都非常喜歡~
而且覺得很好用!

@hidiff.tw
#hidiff #hidiff防曬組",,,,,,,,,,,,,,,,,,,,,,,,,,,,,,,,,,,,,,,,,,,,,,,,,,,,,,,,,,,,,,,,,,,,,,,,,,,,,,,,,,,,,,,,,,,,,,,,,,,,,,,,,,,,,,,,,,,,,,,,,,,,,,,,,,,,,,,,,,,,,,,,,,,,,,,,,,,,,,,,,,,,,,,,,,,,,,,,,,,,,,,,,,,,,,,,,,,,,,,,,,,,,,,,,,,,,,,,,,,,,,,,,,,,,,,,,,,,,,,,,,,,,,,,,,,,,,,,,,,,,,,,,,,,,,,,,,,,,,,,,,,,,,,,,,,,,,,,,,,,,,,,,,,,,,,,,,,,,,,,,,,,,,,,,,,,,,,,,,,,,,,,,,,,,,,,,,,,,,,,,,,,,,,,,,,,"3","1920","1080","https://scontent-phx1-1.cdninstagram.com/v/t51.82787-15/724714736_18601489813005607_4819110886070741503_n.jpg?stp=dst-jpg_e35_p750x750_sh2.08_tt6&_nc_cat=108&ig_cache_key=MzkxOTk4MTUzOTQ2NzExMTM2MjE4NjAxNDg5ODEwMDA1NjA3.3-ccb7-5&ccb=7-5&_nc_sid=58cdad&efg=eyJ2ZW5jb2RlX3RhZyI6IkNMSVBTLnhwaWRzLjEyMTUuc2RyLnZpZGVvX2RlZmF1bHRfY292ZXJfZnJhbWUuQzMifQ%3D%3D&_nc_ohc=MKM-TZJcCiwQ7kNvwEU-LIo&_nc_oc=AdrLmEfiip3lTlpIaL57xktbEKFjAo3Kedhfv0w1TQracT4n3j4ZVKAvdTIM3FVwWJo&_nc_ad=z-m&_nc_cid=0&_nc_zt=23&_nc_ht=scontent-phx1-1.cdninstagram.com&_nc_gid=q8wXmmw2S_01lKpjm9diSQ&_nc_ss=7a3ba&oh=00_Af9YCFoSCGMOe30EssH2_96JTS8ZCz6fmo67EOxlLamG-Q&oe=6A3990E4",,,"","hidiff","hidiff防曬組",,,,"3919981539467111362","803",,,,,,,,,,,,,,,"https://www.instagram.com/hidiff.tw/",,"-1",,"hidiff.tw",,"_yt_0413",,"27407736792254350",,,,,,,,,,,,,,,,,,,,,,,,,,,,,,,,,,,,,,,,,,,,,,,,,,,,,,,,,,,,,,,,,,,"false","","Original audio","true","小恬( ¨̮ )","1629829606","_yt_0413",,"clips","DZmknDyBqvC","hidiff.tw","80015491870","false","false",,"https://scontent-phx1-1.cdninstagram.com/v/t51.82787-19/615343798_17845310625667871_7065812407261479699_n.jpg?stp=dst-jpg_e0_s150x150_tt6&efg=eyJ2ZW5jb2RlX3RhZyI6InByb2ZpbGVfcGljLmRqYW5nby43OTYuYzIifQ&_nc_ht=scontent-phx1-1.cdninstagram.com&_nc_cat=1&_nc_oc=Q6cZ2gEYQwb1-wuYfl4s_0GoGJf-ck6OJevTtJwsSkjMHqUrbfc3_uOOatNrimUmhNQTOwc&_nc_ohc=CmgFRSIfk20Q7kNvwEv6Rnn&_nc_gid=q8wXmmw2S_01lKpjm9diSQ&edm=APGXKFABAAAA&ccb=7-5&ig_cache_key=GLZmrSQf278oN2Y-ABNDXrjyzg5ibmNDAQAB1501500j-ccb7-5&oh=00_Af_Ms8MKLr3-e5cGOQ_GFKFyi8Z2drrzm-JeITM4gk5Bcw&oe=6A399CDC&_nc_sid=a8b8e2",,"hidiff.tw",,,,,,,,,"2026-06-15T10:28:20.000Z","Video","https://www.instagram.com/p/DZmknDyBqvC/","55.68000030517578","803","https://scontent-phx1-1.cdninstagram.com/o1/v/t2/f2/m86/AQMjwCWXBSb03-__pMkmRZFi27rMeMu_P51oQASchWAvdymBxQIfkEiuWyujOiFZgKdMQPBF2xFoMwmgZ_PibNOHS2riF2Aam-C8DfM.mp4?_nc_cat=105&_nc_sid=5e9851&_nc_ht=scontent-phx1-1.cdninstagram.com&_nc_ohc=JBcgKz0SDIAQ7kNvwExzxsj&efg=eyJ2ZW5jb2RlX3RhZyI6Inhwdl9wcm9ncmVzc2l2ZS5JTlNUQUdSQU0uQ0xJUFMuQzMuNzIwLmRhc2hfYmFzZWxpbmVfMV92MSIsInhwdl9hc3NldF9pZCI6MTExNzY4MjgyMDg3NjczNCwiYXNzZXRfYWdlX2RheXMiOjIsInZpX3VzZWNhc2VfaWQiOjEwODI3LCJkdXJhdGlvbl9zIjo1NSwidXJsZ2VuX3NvdXJjZSI6Ind3dyJ9&ccb=17-1&vs=8291492a148b8dd5&_nc_vs=HBksFQIYUmlnX3hwdl9yZWVsc19wZXJtYW5lbnRfc3JfcHJvZC82MzQzREIyNzQ2ODE5RTNDMTJCMzIyQkI1MTFBNkQ5OF92aWRlb19kYXNoaW5pdC5tcDQVAALIARIAFQIYUWlnX3hwdl9wbGFjZW1lbnRfcGVybWFuZW50X3YyLzIzNEFFNzQ3OUY2REExNUNERjM0N0RGNkYwQzJGNDg1X2F1ZGlvX2Rhc2hpbml0Lm1wNBUCAsgBEgAoABgAGwKIB3VzZV9vaWwBMRJwcm9ncmVzc2l2ZV9yZWNpcGUBMRUAACb8ppT42aH8AxUCKAJDMywXQEvVP3ztkWgYEmRhc2hfYmFzZWxpbmVfMV92MREAdf4HZZapAQA&_nc_gid=q8wXmmw2S_01lKpjm9diSQ&_nc_ss=7a3ba&_nc_zt=28&oh=00_Af-qO9Y0hIZ3Bv-DBtbORzl_2NxOchLl4eWYKHzB9BT2YQ&oe=6A35A166"
"防曬養膚我都要，夏天給肌膚最溫柔的呵護！一起享受hidiff年中慶🍀

覺得夏天最舒服的狀態就是
把皮膚顧好、擦好防曬直接出門

分享我最近的懶人養膚法：

✅ 定期去角質（一週兩次）
✅ 保濕修護（不要擦一堆，選對最重要）
✅ 天天防曬

以前一直以為水光肌是畫出來的，
現在才發現都是養出來的✨

最近每天都在擦 @hidiff.tw 的 #綠珍珠晶球防曬乳

有漂亮的光澤感，但完全不會黏膩
很適合台灣夏天

裡面還添加 D-泛醇成分
防曬的同時也順便把保養起來🤍

#hidiff #hidiff防曬組",,,,,,,,,,,,,,,,,,,,,,,,,,,,,,,,,,,,,,,,,,,,,,,,,,,,,,,,,,,,,,,,,,,,,,,,,,,,,,,,,,,,,,,,,,,,,,,,,,,,,,,,,,,,,,,,,,,,,,,,,,,,,,,,,,,,,,,,,,,,,,,,,,,,,,,,,,,,,,,,,,,,,,,,,,,,,,,,,,,,,,,,,,,,,,,,,,,,,,,,,,,,,,,,,,,,,,,,,,,,,,,,,,,,,,,,,,,,,,,,,,,,,,,,,,,,,,,,,,,,,,,,,,,,,,,,,,,,,,,,,,,,,,,,,,,,,,,,,,,,,,,,,,,,,,,,,,,,,,,,,,,,,,,,,,,,,,,,,,,,,,,,,,,,,,,,,,,,,,,,,,,,,,,,,,,,"36","1920","1080","https://scontent-phx1-1.cdninstagram.com/v/t51.82787-15/724299821_18568221100066800_5266291562053737441_n.jpg?stp=dst-jpg_e35_p750x750_sh2.08_tt6&_nc_cat=101&ig_cache_key=MzkxOTk4NDAzODcwMTgwMzY4NjE4NTY4MjIxMDk0MDY2ODAw.3-ccb7-5&ccb=7-5&_nc_sid=58cdad&efg=eyJ2ZW5jb2RlX3RhZyI6IkNMSVBTLnhwaWRzLjEyMTMuc2RyLnZpZGVvX2RlZmF1bHRfY292ZXJfZnJhbWUuQzMifQ%3D%3D&_nc_ohc=Lg9q3_a3dx4Q7kNvwEzkTGK&_nc_oc=AdpuWxtjBwymmeV5JiypgOF_qmS6L3jiLxs9rQqO8F_E98nRGeWAPlOPN5_Zq5-07V4&_nc_ad=z-m&_nc_cid=0&_nc_zt=23&_nc_ht=scontent-phx1-1.cdninstagram.com&_nc_gid=q8wXmmw2S_01lKpjm9diSQ&_nc_ss=7a3ba&oh=00_Af9BIbyqg0lDkAAaD-EKIwt56rvNe-zfz2_DIuz8dEsDEA&oe=6A3993AB",,,"","綠珍珠晶球防曬乳","hidiff","hidiff防曬組",,,"3919984038701803686","3972",,,,,,,,,,,,,,,"https://www.instagram.com/hidiff.tw/",,"166",,"hidiff.tw",,"im.sunnia",,"27263874473282560",,,,,,,,,,,,,,,,,,,,,,,,,,,,,,,,,,,,,,,,,,,,,,,,,,,,,,,,,,,,,,,,,,,"false","","Original audio","true","桑妮雅晴","1935442799","im.sunnia","true","clips","DZmlLbYBaim","hidiff.tw","80015491870","false","false",,"https://scontent-phx1-1.cdninstagram.com/v/t51.82787-19/615343798_17845310625667871_7065812407261479699_n.jpg?stp=dst-jpg_e0_s150x150_tt6&efg=eyJ2ZW5jb2RlX3RhZyI6InByb2ZpbGVfcGljLmRqYW5nby43OTYuYzIifQ&_nc_ht=scontent-phx1-1.cdninstagram.com&_nc_cat=1&_nc_oc=Q6cZ2gEYQwb1-wuYfl4s_0GoGJf-ck6OJevTtJwsSkjMHqUrbfc3_uOOatNrimUmhNQTOwc&_nc_ohc=CmgFRSIfk20Q7kNvwEv6Rnn&_nc_gid=q8wXmmw2S_01lKpjm9diSQ&edm=APGXKFABAAAA&ccb=7-5&ig_cache_key=GLZmrSQf278oN2Y-ABNDXrjyzg5ibmNDAQAB1501500j-ccb7-5&oh=00_Af_Ms8MKLr3-e5cGOQ_GFKFyi8Z2drrzm-JeITM4gk5Bcw&oe=6A399CDC&_nc_sid=a8b8e2",,"hidiff.tw",,,,,,,,,"2026-06-15T10:19:32.000Z","Video","https://www.instagram.com/p/DZmlLbYBaim/","59.29999923706055","3972","https://scontent-phx1-1.cdninstagram.com/o1/v/t2/f2/m86/AQNG5-QZfeGVs5RimygsCzLkdoyEF36iduZPDoXkEJdcrYXUvBf3lgvPCv3pUXTjSrLfcE_eu1fojpy0xJIy_5dX2AXTeQhA3wIYDxo.mp4?_nc_cat=100&_nc_sid=5e9851&_nc_ht=scontent-phx1-1.cdninstagram.com&_nc_ohc=2Uqd4ihaQ5EQ7kNvwGWT9Gc&efg=eyJ2ZW5jb2RlX3RhZyI6Inhwdl9wcm9ncmVzc2l2ZS5JTlNUQUdSQU0uQ0xJUFMuQzMuNzIwLmRhc2hfYmFzZWxpbmVfMV92MSIsInhwdl9hc3NldF9pZCI6MTAzNTQ0NDI4NjEwNTQxMywiYXNzZXRfYWdlX2RheXMiOjIsInZpX3VzZWNhc2VfaWQiOjEwODI3LCJkdXJhdGlvbl9zIjo1OSwidXJsZ2VuX3NvdXJjZSI6Ind3dyJ9&ccb=17-1&vs=913c27a958b61fe8&_nc_vs=HBksFQIYUmlnX3hwdl9yZWVsc19wZXJtYW5lbnRfc3JfcHJvZC84MDQ2QzU3NjIxQ0NDNDI3ODQ3Qjc0NEI0RENEMEJBNl92aWRlb19kYXNoaW5pdC5tcDQVAALIARIAFQIYUWlnX3hwdl9wbGFjZW1lbnRfcGVybWFuZW50X3YyL0U4NEY1ODNBMUFCMjgwREU2OUFGMzYyQkRDRDVGMTk3X2F1ZGlvX2Rhc2hpbml0Lm1wNBUCAsgBEgAoABgAGwKIB3VzZV9vaWwBMRJwcm9ncmVzc2l2ZV9yZWNpcGUBMRUAACaKnd2N5e7WAxUCKAJDMywXQE2mZmZmZmYYEmRhc2hfYmFzZWxpbmVfMV92MREAdf4HZZapAQA&_nc_gid=q8wXmmw2S_01lKpjm9diSQ&_nc_ss=7a3ba&_nc_zt=28&oh=00_Af-Vty9AbQKyFShffCnagPTf-oD4tnGOhTi8MhnZtwUSKg&oe=6A358661"
"-
防曬養膚我都要 夏天給肌膚最溫柔的呵護！
一起享受hidiff年中慶🍀

台灣的夏天真的很嚇人
每次出門五分鐘整個臉就會脫妝變成土石流、暗沉、狼狽
所以臉部越輕薄越好 

今年夏天我發現一個寶藏品牌 @hidiff.tw 
讓我只擦防曬還可以當行走的水煮蛋肌 
臉部有光澤的同時 卻不會黏膩

防曬產品因為成分的關係 
想要有光澤又不黏膩績幾乎做不到
但這款韓國熱銷的 #綠珍珠晶球防曬乳 
真的很神奇 居然做到了

防曬塗完再上妝 一樣很服貼 完全不會跟底妝打架 
反而亮度很細緻、很美！

不只如此 它是專門為敏感痘痘肌規格設計的 
更不用說夏天容易出汗的情況 都完全沒問題👍🏻

之前我滑到一個韓國創作者皮膚有夠好 
臉超級亮 整個被燒到 就去研究怎麼做到的
除了防曬之外 也要搭配 #綠珍珠溫和去角質潔膚棒 
跟 #綠珍珠B5高濃縮水精華 在妝前或夜間做保養 

夏天皮脂分泌旺盛 不清理就會很像一層灰在臉上越來越暗沉
所以需要定期去角質 

hidiff的去角質組合 去角質棉棒很柔軟、可以貼合臉的各種角度
包含鼻翼、下巴 也不會引發過敏
精華液成分含有AHA、蜂膠萃取物以及B5精華
能夠舒緩去角質而變得敏感的肌膚～

角質清潔完後 接著直接擦同系列
綠珍珠B5高濃縮水精華 
可以有效舒緩乾燥跟泛紅的肌膚

連續使用一個月後 
皮膚真的可以跟上了拋光一樣又有光澤又穩定！

@hidiff.tw
#hidiff #hidiff防曬組",,,,,,,,,,,,,,,,,,,,,,,,,,,,,,,,,,,,,,,,,,,,,,,,,,,,,,,,,,,,,,,,,,,,,,,,,,,,,,,,,,,,,,,,,,,,,,,,,,,,,,,,,,,,,,,,,,,,,,,,,,,,,,,,,,,,,,,,,,,,,,,,,,,,,,,,,,,,,,,,,,,,,,,,,,,,,,,,,,,,,,,,,,,,,,,,,,,,,,,,,,,,,,,,,,,,,,,,,,,,,,,,,,,,,,,,,,,,,,,,,,,,,,,,,,,,,,,,,,,,,,,,,,,,,,,,,,,,,,,,,,,,,,,,,,,,,,,,,,,,,,,,,,,,,,,,,,,,,,,,,,,,,,,,,,,,,,,,,,,,,,,,,,,,,,,,,,,,,,,,,,,,,,,,,,,,"4","1920","1080","https://scontent-phx1-1.cdninstagram.com/v/t51.71878-15/723883559_1705794987112916_6361042552195959232_n.jpg?stp=dst-jpg_e15_tt6&_nc_cat=109&ig_cache_key=MzkxOTk2MDUwNjg0ODU5ODcxMw%3D%3D.3-ccb7-5&ccb=7-5&_nc_sid=58cdad&efg=eyJ2ZW5jb2RlX3RhZyI6IkNMSVBTLnhwaWRzLjY0MC5zZHIudmlkZW9fZGVmYXVsdF9jb3Zlcl9mcmFtZS5DMyJ9&_nc_ohc=yqexDMgHPcwQ7kNvwEbkd-l&_nc_oc=AdoXP2KMqisniZb4aIfnoN5o-5vp9QNVruM7hqPJDXojfKqHMqStvu1z5YaPlH-ShDA&_nc_ad=z-m&_nc_cid=0&_nc_zt=23&_nc_ht=scontent-phx1-1.cdninstagram.com&_nc_gid=q8wXmmw2S_01lKpjm9diSQ&_nc_ss=7a3ba&oh=00_Af8FD4aQW266GEZ-ujeQ-DLA_JgJXTEtQrEyTfnjXmAMyw&oe=6A398A1E",,,"","綠珍珠晶球防曬乳","綠珍珠溫和去角質潔膚棒","綠珍珠B5高濃縮水精華","hidiff","hidiff防曬組","3919960506848598713","3161",,,,,,,,,,,,,,,"https://www.instagram.com/hidiff.tw/",,"101",,"hidiff.tw",,"2xin15__",,"28102009626067570",,,,,,,,,,,,,,,,,,,,,,,,,,,,,,,,,,,,,,,,,,,,,,,,,,,,,,,,,,,,,,,,,,,"false","","Original audio","true","","472075980","2xin15__","true","clips","DZmf0_oRVq5","hidiff.tw","80015491870","false","false",,"https://scontent-phx1-1.cdninstagram.com/v/t51.82787-19/615343798_17845310625667871_7065812407261479699_n.jpg?stp=dst-jpg_e0_s150x150_tt6&efg=eyJ2ZW5jb2RlX3RhZyI6InByb2ZpbGVfcGljLmRqYW5nby43OTYuYzIifQ&_nc_ht=scontent-phx1-1.cdninstagram.com&_nc_cat=1&_nc_oc=Q6cZ2gEYQwb1-wuYfl4s_0GoGJf-ck6OJevTtJwsSkjMHqUrbfc3_uOOatNrimUmhNQTOwc&_nc_ohc=CmgFRSIfk20Q7kNvwEv6Rnn&_nc_gid=q8wXmmw2S_01lKpjm9diSQ&edm=APGXKFABAAAA&ccb=7-5&ig_cache_key=GLZmrSQf278oN2Y-ABNDXrjyzg5ibmNDAQAB1501500j-ccb7-5&oh=00_Af_Ms8MKLr3-e5cGOQ_GFKFyi8Z2drrzm-JeITM4gk5Bcw&oe=6A399CDC&_nc_sid=a8b8e2",,"hidiff.tw",,,,,,,,,"2026-06-15T09:37:33.000Z","Video","https://www.instagram.com/p/DZmf0_oRVq5/","72.00299835205078","3161","https://scontent-phx1-1.cdninstagram.com/o1/v/t2/f2/m86/AQOsGt0jqhvzA4D_5Pj30ctTm7V0gNNmKYy8-pPOZTasvEDaRekp2t23OXeLp0GU1VkMskzdSeqzRpEbHTCFVaCgMVnKs7OVKUKBKE4.mp4?_nc_cat=102&_nc_sid=5e9851&_nc_ht=scontent-phx1-1.cdninstagram.com&_nc_ohc=4q-25VakFnwQ7kNvwEIUBqE&efg=eyJ2ZW5jb2RlX3RhZyI6Inhwdl9wcm9ncmVzc2l2ZS5JTlNUQUdSQU0uQ0xJUFMuQzMuNzIwLmRhc2hfYmFzZWxpbmVfMV92MSIsInhwdl9hc3NldF9pZCI6OTc4Mjc2Nzg1MTg2NjMxLCJhc3NldF9hZ2VfZGF5cyI6MiwidmlfdXNlY2FzZV9pZCI6MTAwOTksImR1cmF0aW9uX3MiOjcyLCJ1cmxnZW5fc291cmNlIjoid3d3In0%3D&ccb=17-1&vs=36024e5d6b23a93&_nc_vs=HBksFQIYUmlnX3hwdl9yZWVsc19wZXJtYW5lbnRfc3JfcHJvZC81MjQ4RjM3ODM5MjBBQUY0RDMwQTYzMTQ4NzY0OUVBMF92aWRlb19kYXNoaW5pdC5tcDQVAALIARIAFQIYUWlnX3hwdl9wbGFjZW1lbnRfcGVybWFuZW50X3YyL0JDNEYyMURGN0FDQzcyN0VENzU1MTdENEMwM0Q1Mzg1X2F1ZGlvX2Rhc2hpbml0Lm1wNBUCAsgBEgAoABgAGwKIB3VzZV9vaWwBMRJwcm9ncmVzc2l2ZV9yZWNpcGUBMRUAACaOna-Emu-8AxUCKAJDMywXQFIAAAAAAAAYEmRhc2hfYmFzZWxpbmVfMV92MREAdf4HZeadAQA&_nc_gid=q8wXmmw2S_01lKpjm9diSQ&_nc_zt=28&_nc_ss=7a3ba&oh=00_Af9-qduXxj5mU2MRHsqi0mKM4eazB0he0axbYgv6gGKEHQ&oe=6A357BC3"
"防曬養膚我都要，夏天給肌膚最溫柔的呵護！一起享受hidiff年中慶🍀

台灣天氣又濕又熱☀️
但hidiff的綠珍珠晶球防曬乳🤍
讓我今年夏天變成了行走中的發光水煮蛋肌✨

市面上很多防曬都偏黏
但這款防曬乳做到了有光澤、卻完全不黏膩✨
專為敏感痘痘肌設計，不阻塞毛孔
簡單擦完防曬的光澤感就像剛上完妝一樣的精緻

夜間保養再搭配同系列的
🤍綠珍珠溫和去角質潔膚棒
裡面添加了去角質成分AHA
搭配蜂膠萃取物和B5精華
在角質保養的同時也能舒緩肌膚🫶🏻

🤍綠珍珠 B5 高濃縮水精華
內含B5和神經醯胺💧
可以幫助舒緩敏感、乾燥和泛紅

從晚上的去角質拋光到白天的防曬提亮☀️
讓肌膚有一個完整的保養循環🔄
是我今年夏天肌膚一直維持透亮光澤肌的小秘密🤫

@hidiff.tw 
#hidiff #hidiff防曬組",,,,,,,,,,,,,,,,,,,,,,,,,,,,,,,,,,,,,,,,,,,,,,,,,,,,,,,,,,,,,,,,,,,,,,,,,,,,,,,,,,,,,,,,,,,,,,,,,,,,,,,,,,,,,,,,,,,,,,,,,,,,,,,,,,,,,,,,,,,,,,,,,,,,,,,,,,,,,,,,,,,,,,,,,,,,,,,,,,,,,,,,,,,,,,,,,,,,,,,,,,,,,,,,,,,,,,,,,,,,,,,,,,,,,,,,,,,,,,,,,,,,,,,,,,,,,,,,,,,,,,,,,,,,,,,,,,,,,,,,,,,,,,,,,,,,,,,,,,,,,,,,,,,,,,,,,,,,,,,,,,,,,,,,,,,,,,,,,,,,,,,,,,,,,,,,,,,,,,,,,,,,,,,,,,,,"4","1920","1080","https://scontent-phx1-1.cdninstagram.com/v/t51.82787-15/724466327_18598091617049977_508858675485336316_n.jpg?stp=dst-jpg_e15_p750x750_tt6&_nc_cat=110&ig_cache_key=MzkxOTkxNTMzNDYwNTgyMDk4ODE4NTk4MDkxNjE0MDQ5OTc3.3-ccb7-5&ccb=7-5&_nc_sid=58cdad&efg=eyJ2ZW5jb2RlX3RhZyI6IkNMSVBTLnhwaWRzLjk4Mi5zZHIudmlkZW9fZGVmYXVsdF9jb3Zlcl9mcmFtZS5DMyJ9&_nc_ohc=9RprDGbTu5sQ7kNvwElLtDE&_nc_oc=AdpiEe4ZOxNliAlsFSEdCEOmnOGzHJTYJLw0RLizZ8Os06KNfTofEBs8t5YU1dI_XzA&_nc_ad=z-m&_nc_cid=0&_nc_zt=23&_nc_ht=scontent-phx1-1.cdninstagram.com&_nc_gid=q8wXmmw2S_01lKpjm9diSQ&_nc_ss=7a3ba&oh=00_Af80GhKzixKPDUG9aHMAQoJEO-HiDonKy97f55Mxeglf9A&oe=6A3976E3",,,"","hidiff","hidiff防曬組",,,,"3919915334605820988","1407",,,,,,,,,,,,,,,"https://www.instagram.com/hidiff.tw/",,"56",,"hidiff.tw",,"4ching_",,"27528454936784744",,,,,,,,,,,,,,,,,,,,,,,,,,,,,,,,,,,,,,,,,,,,,,,,,,,,,,,,,,,,,,,,,,,"false","","Original audio","true","詩晴","482481976","4ching_","true","clips","DZmVjpsyVQ8","hidiff.tw","80015491870","false","false",,"https://scontent-phx1-1.cdninstagram.com/v/t51.82787-19/615343798_17845310625667871_7065812407261479699_n.jpg?stp=dst-jpg_e0_s150x150_tt6&efg=eyJ2ZW5jb2RlX3RhZyI6InByb2ZpbGVfcGljLmRqYW5nby43OTYuYzIifQ&_nc_ht=scontent-phx1-1.cdninstagram.com&_nc_cat=1&_nc_oc=Q6cZ2gEYQwb1-wuYfl4s_0GoGJf-ck6OJevTtJwsSkjMHqUrbfc3_uOOatNrimUmhNQTOwc&_nc_ohc=CmgFRSIfk20Q7kNvwEv6Rnn&_nc_gid=q8wXmmw2S_01lKpjm9diSQ&edm=APGXKFABAAAA&ccb=7-5&ig_cache_key=GLZmrSQf278oN2Y-ABNDXrjyzg5ibmNDAQAB1501500j-ccb7-5&oh=00_Af_Ms8MKLr3-e5cGOQ_GFKFyi8Z2drrzm-JeITM4gk5Bcw&oe=6A399CDC&_nc_sid=a8b8e2",,"hidiff.tw",,,,,,,,,"2026-06-15T08:00:27.000Z","Video","https://www.instagram.com/p/DZmVjpsyVQ8/","72.53299713134766","1407","https://scontent-phx1-1.cdninstagram.com/o1/v/t2/f2/m86/AQM4duXddowEi-dFCkMrHl9zSoscF2m1KEMA5m1ZymKpme59VnSTNPkwQs68cjSHujcoWXdwnDC8PDaTrW-L-487xnm7YvEMB2JMiTc.mp4?_nc_cat=106&_nc_sid=5e9851&_nc_ht=scontent-phx1-1.cdninstagram.com&_nc_ohc=L1Ca6DyrJ34Q7kNvwHLKUAc&efg=eyJ2ZW5jb2RlX3RhZyI6Inhwdl9wcm9ncmVzc2l2ZS5JTlNUQUdSQU0uQ0xJUFMuQzMuNzIwLmRhc2hfYmFzZWxpbmVfMV92MSIsInhwdl9hc3NldF9pZCI6MjA5NTkyMzY1NzkzNzU5NywiYXNzZXRfYWdlX2RheXMiOjMsInZpX3VzZWNhc2VfaWQiOjEwMDk5LCJkdXJhdGlvbl9zIjo3MiwidXJsZ2VuX3NvdXJjZSI6Ind3dyJ9&ccb=17-1&vs=f16323dd28a04477&_nc_vs=HBksFQIYUmlnX3hwdl9yZWVsc19wZXJtYW5lbnRfc3JfcHJvZC9FRDRBMzM3Qzg0Mzg0RDlEOTk2OEIyRjJGRTAxNDZCRF92aWRlb19kYXNoaW5pdC5tcDQVAALIARIAFQIYUWlnX3hwdl9wbGFjZW1lbnRfcGVybWFuZW50X3YyLzA3NEMyNUNGMkFFQTBCMjBFNTE5REQwM0FBRTQyMkJBX2F1ZGlvX2Rhc2hpbml0Lm1wNBUCAsgBEgAoABgAGwKIB3VzZV9vaWwBMRJwcm9ncmVzc2l2ZV9yZWNpcGUBMRUAACb6ytyR6I65BxUCKAJDMywXQFIiHKwIMScYEmRhc2hfYmFzZWxpbmVfMV92MREAdf4HZeadAQA&_nc_gid=q8wXmmw2S_01lKpjm9diSQ&_nc_ss=7a3ba&_nc_zt=28&oh=00_Af-a75tlrZKL7Q6S2YKDi3ZNMt244IbyTL_xLqx7Ls-9ig&oe=6A35A17B"
"夏天超清爽小綠瓶，到留言拿優惠🍀

最近夏天換季皮膚出油粉刺泛紅
還好有小綠瓶💚
每天保養的時間
都變成一種很療癒的小日常。
—
STEP 1｜HIDIFF 綠珍珠潤肌泡泡化妝水
Bubble Toner
泡泡質地的化妝水真的超特別💦
輕拍上臉，慢慢把水感疊進肌膚裡。
✔️ 保濕打底
✔️ 上妝前不卡粉
✔️ 乾肌很有安全感
第一步就像幫肌膚喝了一杯冰涼氣泡水 ✨
—
STEP 2｜HIDIFF 綠珍珠 D-泛醇3% 高濃縮水精華
Panthenol Calming Serum
最近熬夜、換季都靠它穩定膚況 🩶
✔️ 舒緩敏感
✔️ 補水保濕
✔️ 讓肌膚維持穩定感
皮膚狀態不好的時候
真的會特別想多塗一點🥹
—
 STEP 3｜HIDIFF 綠珍珠酪梨修護乳霜
Finish Cream
奶油質地滑順又不厚重💫
✔️ 修護乾燥
✔️ 鎖水保濕
✔️ 滋潤但不黏膩
最後一步像替肌膚蓋上一層柔軟小被子。
—
保濕 × 舒緩 × 修護
簡單三步驟就超級夠！

最近真的很喜歡這種
慢慢把肌膚養穩的感覺。
@hidiff.tw 
#히디프 #Hidiff #綠珍珠系列",,,,,,,,,,,,,,,,,,,,,,,,,,,,,,,,,,,,,,,,,,,,,,,,,,,,,,,,,,,,,,,,,,,,,,,,,,,,,,,,,,,,,,,,,,,,,,,,,,,,,,,,,,,,,,,,,,,,,,,,,,,,,,,,,,,,,,,,,,,,,,,,,,,,,,,,,,,,,,,,,,,,,,,,,,,,,,,,,,,,,,,,,,,,,,,,,,,,,,,,,,,,,,,,,,,,,,,,,,,,,,,,,,,,,,,,,,,,,,,,,,,,,,,,,,,,,,,,,,,,,,,,,,,,,,,,,,,,,,,,,,,,,,,,,,,,,,,,,,,,,,,,,,,,,,,,,,,,,,,,,,,,,,,,,,,,,,,,,,,,,,,,,,,,,,,,,,,,,,,,,,,,,,,,,,,,"1","1920","1080","https://scontent-phx1-1.cdninstagram.com/v/t51.82787-15/709636355_18587066584041504_7098624182388448135_n.jpg?stp=dst-jpg_e35_p750x750_sh2.08_tt6&_nc_cat=111&ig_cache_key=MzkwNzQ0MDU1ODMzMTQ1NTg2MzE4NTg3MDY2NTgxMDQxNTA0.3-ccb7-5&ccb=7-5&_nc_sid=58cdad&efg=eyJ2ZW5jb2RlX3RhZyI6IkNMSVBTLnhwaWRzLjExNzguc2RyLnZpZGVvX2RlZmF1bHRfY292ZXJfZnJhbWUuQzMifQ%3D%3D&_nc_ohc=hPhOC280ZusQ7kNvwGRjba7&_nc_oc=AdqblS28YErOrpS3SpnV93rYfwAJuHHOfRp6NcYWkjdO3IwQ8LLCOEf-IOFveKNrMFM&_nc_ad=z-m&_nc_cid=0&_nc_zt=23&_nc_ht=scontent-phx1-1.cdninstagram.com&_nc_gid=q8wXmmw2S_01lKpjm9diSQ&_nc_ss=7a3ba&oh=00_Af-mdZ7qH30IdwOctzdXV84HjUC3k7QmilafM97kFwrnCQ&oe=6A3988C3",,,"","히디프","Hidiff","綠珍珠系列",,,"3907440558331455863","3349",,,,,,,,,,,,,,,"https://www.instagram.com/hidiff.tw/",,"19",,"hidiff.tw",,"elsa_hsia",,"27122481377363424",,,,,,,,,,,,,,,,,,,,,,,,,,,,,,,,,,,,,,,,,,,,,,,,,,,,,,,,,,,,,,,,,,,"false","","Original audio","true","なつ🌞","1421353503","elsa_hsia","true","clips","DY6BHw8TOl3","hidiff.tw","80015491870","false","false",,"https://scontent-phx1-1.cdninstagram.com/v/t51.82787-19/615343798_17845310625667871_7065812407261479699_n.jpg?stp=dst-jpg_e0_s150x150_tt6&efg=eyJ2ZW5jb2RlX3RhZyI6InByb2ZpbGVfcGljLmRqYW5nby43OTYuYzIifQ&_nc_ht=scontent-phx1-1.cdninstagram.com&_nc_cat=1&_nc_oc=Q6cZ2gEYQwb1-wuYfl4s_0GoGJf-ck6OJevTtJwsSkjMHqUrbfc3_uOOatNrimUmhNQTOwc&_nc_ohc=CmgFRSIfk20Q7kNvwEv6Rnn&_nc_gid=q8wXmmw2S_01lKpjm9diSQ&edm=APGXKFABAAAA&ccb=7-5&ig_cache_key=GLZmrSQf278oN2Y-ABNDXrjyzg5ibmNDAQAB1501500j-ccb7-5&oh=00_Af_Ms8MKLr3-e5cGOQ_GFKFyi8Z2drrzm-JeITM4gk5Bcw&oe=6A399CDC&_nc_sid=a8b8e2",,"hidiff.tw",,,,,,,,,"2026-05-29T02:56:10.000Z","Video","https://www.instagram.com/p/DY6BHw8TOl3/","61.66600036621094","4915","https://scontent-phx1-1.cdninstagram.com/o1/v/t2/f2/m86/AQNHSc2NO6M-1E5oTsOrYg_bl5zN1H7KAprkzQS659KFRJ87caDW1Cm-ac3Pw3NqqmoTq_pZzLOyiKL_SdMPfAznI9G_t_M0fQBBFEQ.mp4?_nc_cat=104&_nc_sid=5e9851&_nc_ht=scontent-phx1-1.cdninstagram.com&_nc_ohc=vNDoAR2S6EUQ7kNvwErYxuW&efg=eyJ2ZW5jb2RlX3RhZyI6Inhwdl9wcm9ncmVzc2l2ZS5JTlNUQUdSQU0uQ0xJUFMuQzMuNzIwLmRhc2hfYmFzZWxpbmVfMV92MSIsInhwdl9hc3NldF9pZCI6MTAxOTAyMTY5NzQ1MDM5NSwiYXNzZXRfYWdlX2RheXMiOjIwLCJ2aV91c2VjYXNlX2lkIjoxMDA5OSwiZHVyYXRpb25fcyI6NjEsInVybGdlbl9zb3VyY2UiOiJ3d3cifQ%3D%3D&ccb=17-1&vs=3e99eb8842e27f0b&_nc_vs=HBksFQIYUmlnX3hwdl9yZWVsc19wZXJtYW5lbnRfc3JfcHJvZC9CNDRDMjJFMzBDOTQzN0ZBQjk1MzZBMzgxQzE4QjM4N192aWRlb19kYXNoaW5pdC5tcDQVAALIARIAFQIYUWlnX3hwdl9wbGFjZW1lbnRfcGVybWFuZW50X3YyLzEzNEY0MDM5MjkwNDNGNkM4MTEwRUIyQTFCNzY3NzgwX2F1ZGlvX2Rhc2hpbml0Lm1wNBUCAsgBEgAoABgAGwKIB3VzZV9vaWwBMRJwcm9ncmVzc2l2ZV9yZWNpcGUBMRUAACa2htyk77LPAxUCKAJDMywXQE7VP3ztkWgYEmRhc2hfYmFzZWxpbmVfMV92MREAdf4HZeadAQA&_nc_gid=q8wXmmw2S_01lKpjm9diSQ&_nc_ss=7a3ba&_nc_zt=28&oh=00_Af8IeYPvhl-ZP32g9_XATT8wC8YhB_4MTmcII2fftiApHw&oe=6A35A1A5"
"臉髒髒時就靠這組，到留言拿優惠🍀
May so far 的生活流水帳 🌿✨
五月有點充實過頭，清邁玩了一趟回來
台灣又見了好多人做好多事 
清邁真的好熱好悶 整趟旅程都黏搭搭的XD
但好險皮膚有乖乖 ww 我覺得是出發前就乖乖保養好的關係！ 
每天早晚先拍上 @hidiff.tw 綠珍珠潤肌泡泡化妝水
被泡泡溫柔地接住 保濕基底打好皮膚就不容易出狀況 ✨
再用綠珍珠D-泛醇3%高濃縮水精華救場 保濕舒緩一起來
最後再上一層綠珍珠酪梨修護乳霜鎖水
淡淡草本味 睡醒皮膚又軟又亮 🥑 感覺皮膚有被好好安撫到 
五月so far有 hidiff 陪我
旅行跟忙碌日常都能撐住 真的是我最近的穩定劑 

#MHidiff  #綠珍珠D泛醇3%高濃縮水精華 #綠珍珠潤肌泡泡化妝水 #綠珍珠酪梨修護乳霜","","0","2880","2160","https://scontent-iad6-1.cdninstagram.com/v/t51.82787-15/708154817_18586341913052106_2231335124786272128_n.jpg?stp=dst-jpg_e35_tt6&_nc_cat=100&ig_cache_key=MzkwNzQxNzMxMzM4MTAwMTYxNw%3D%3D.3-ccb7-5&ccb=7-5&_nc_sid=58cdad&efg=eyJ2ZW5jb2RlX3RhZyI6IkNBUk9VU0VMX0lURU0ueHBpZHMuMjE2MC5zZHIucmVndWxhcl9waG90by5DMyJ9&_nc_ohc=uwrEGHT0FiwQ7kNvwGGKJOU&_nc_oc=Adq8GdlgZc14eIVNr3FdQ6O5qcn_gitpTJO8LKMiSx7Qt7u6T2Frjjm_Ppx5G5O9F7c&_nc_ad=z-m&_nc_cid=0&_nc_zt=23&se=8&_nc_ht=scontent-iad6-1.cdninstagram.com&_nc_gid=Bg0XdCZculOZcaEaRCXlIg&_nc_ss=7a3ba&oh=00_Af--xFJgPDzI0tcrKRGlA8xzC8YuRo6R4Sv7snBtBQSygQ&oe=6A3966E9","","3907417313381001617","carousel_item","hidiff.tw","80015491870","false","false","3808232826123310266","https://scontent-iad3-1.cdninstagram.com/v/t51.82787-19/615343798_17845310625667871_7065812407261479699_n.jpg?stp=dst-jpg_e0_s150x150_tt6&efg=eyJ2ZW5jb2RlX3RhZyI6InByb2ZpbGVfcGljLmRqYW5nby43OTYuYzIifQ&_nc_ht=scontent-iad3-1.cdninstagram.com&_nc_cat=1&_nc_oc=Q6cZ2gHZdplpVHen7aNSkCdKFsQJeZfX37mycNdQkWgFQsIIzie3Ludq1dAqAXi3nZsbWrc&_nc_ohc=CmgFRSIfk20Q7kNvwE-SmCD&_nc_gid=Bg0XdCZculOZcaEaRCXlIg&edm=APGXKFABAAAA&ccb=7-5&ig_cache_key=GLZmrSQf278oN2Y-ABNDXrjyzg5ibmNDAQAB1501500j-ccb7-5&oh=00_Af8513YorQkEYFoqDVVr8vPypSL0-PSY8uBopcAskHp7sA&oe=6A399CDC&_nc_sid=a8b8e2","hidiff.tw",,,,,,,,"2026-05-29T02:07:59.000Z","Image",,,"","0","2880","2160","https://scontent-iad6-1.cdninstagram.com/v/t51.82787-15/707980301_18586341922052106_8243348633023606627_n.jpg?stp=dst-jpg_e35_tt6&_nc_cat=100&ig_cache_key=MzkwNzQxNzMzMjA1NDA1NjE0OA%3D%3D.3-ccb7-5&ccb=7-5&_nc_sid=58cdad&efg=eyJ2ZW5jb2RlX3RhZyI6IkNBUk9VU0VMX0lURU0ueHBpZHMuMjE2MC5zZHIucmVndWxhcl9waG90by5DMyJ9&_nc_ohc=ObxYeMi1NUIQ7kNvwEy8ivM&_nc_oc=AdoxgFkMt0uEjo1tFUZCuVS1SNqwq1WosHo7Xl73FjnoF76XNQTM-_cWqvfVpuQjoD4&_nc_ad=z-m&_nc_cid=0&_nc_zt=23&se=8&_nc_ht=scontent-iad6-1.cdninstagram.com&_nc_gid=Bg0XdCZculOZcaEaRCXlIg&_nc_ss=7a3ba&oh=00_Af-dwlu0M3YX2x4TyaOtmzKai-CCcx0KNOWP4A6l0YJiPw&oe=6A399AA9","","3907417332054056148","carousel_item",,,,,,,,,,,,,,,"2026-05-29T02:07:59.000Z","Image",,,"","0","2880","2160","https://scontent-iad6-1.cdninstagram.com/v/t51.82787-15/707866801_18586341934052106_8263168598797375280_n.jpg?stp=dst-jpg_e35_tt6&_nc_cat=100&ig_cache_key=MzkwNzQxNzM0MTI3MzE3ODA2OA%3D%3D.3-ccb7-5&ccb=7-5&_nc_sid=58cdad&efg=eyJ2ZW5jb2RlX3RhZyI6IkNBUk9VU0VMX0lURU0ueHBpZHMuMjE2MC5zZHIucmVndWxhcl9waG90by5DMyJ9&_nc_ohc=O1xyy_Ef5NYQ7kNvwG9XgPh&_nc_oc=AdqhSpPISuhERfwdUbeTthWpKI7lNWojrkz0pcNS6KDJt4oLI5adms3iT_9mhewbjPM&_nc_ad=z-m&_nc_cid=0&_nc_zt=23&se=8&_nc_ht=scontent-iad6-1.cdninstagram.com&_nc_gid=Bg0XdCZculOZcaEaRCXlIg&_nc_ss=7a3ba&oh=00_Af8WF3Ays1Aq-PaZVdl_sMOI7j4-1hNe9hc0EgK5OFeEiQ&oe=6A39789C","","3907417341273178068","carousel_item",,,,,,,,,,,,,,,"2026-05-29T02:07:59.000Z","Image",,,"","0","2880","2160","https://scontent-iad3-2.cdninstagram.com/v/t51.82787-15/708414499_18586341943052106_3608899796740991075_n.jpg?stp=dst-jpg_e35_tt6&_nc_cat=105&ig_cache_key=MzkwNzQxNzM1MDYyNjQwMTc3OA%3D%3D.3-ccb7-5&ccb=7-5&_nc_sid=58cdad&efg=eyJ2ZW5jb2RlX3RhZyI6IkNBUk9VU0VMX0lURU0ueHBpZHMuMjE2MC5zZHIucmVndWxhcl9waG90by5DMyJ9&_nc_ohc=gMXXOFnGXX0Q7kNvwF_S1re&_nc_oc=AdohbQann8mw_f1Nuo_Z5_GhZxyjQKc37KEXxjW4aI5F5eOPtS9DpyFcB-KjU_kZJrM&_nc_ad=z-m&_nc_cid=0&_nc_zt=23&se=8&_nc_ht=scontent-iad3-2.cdninstagram.com&_nc_gid=Bg0XdCZculOZcaEaRCXlIg&_nc_ss=7a3ba&oh=00_Af_UJM-Uf955RnbE0m6sKYZTpP32ZkbvRLQCjy3BUgU2kQ&oe=6A396C98","","3907417350626401778","carousel_item",,,,,,,,,,,,,,,"2026-05-29T02:07:59.000Z","Image",,,"","0","2880","2160","https://scontent-iad3-1.cdninstagram.com/v/t51.82787-15/707426882_18586341952052106_3708154588703235087_n.jpg?stp=dst-jpg_e35_tt6&_nc_cat=101&ig_cache_key=MzkwNzQxNzM1OTQxNzY4NDQzMA%3D%3D.3-ccb7-5&ccb=7-5&_nc_sid=58cdad&efg=eyJ2ZW5jb2RlX3RhZyI6IkNBUk9VU0VMX0lURU0ueHBpZHMuMjE2MC5zZHIucmVndWxhcl9waG90by5DMyJ9&_nc_ohc=RCMh2awrPXYQ7kNvwFtuOpq&_nc_oc=AdqlkXiMtYeoqhcf-STxkgMqW7FeswhYeqWx6q5ocRrHD_jH2xjrXTDSrZjwE12SBEo&_nc_ad=z-m&_nc_cid=0&_nc_zt=23&se=8&_nc_ht=scontent-iad3-1.cdninstagram.com&_nc_gid=Bg0XdCZculOZcaEaRCXlIg&_nc_ss=7a3ba&oh=00_Af8o3WYMXe_4_p2PygyVnrQEoYF9ZZZ4iy47F58ton5NMA&oe=6A399738","","3907417359417684430","carousel_item",,,,,,,,,,,,,,,"2026-05-29T02:07:59.000Z","Image",,,"","0","2880","2160","https://scontent-iad3-1.cdninstagram.com/v/t51.82787-15/707393470_18586341961052106_6745459807383695578_n.jpg?stp=dst-jpg_e35_tt6&_nc_cat=104&ig_cache_key=MzkwNzQxNzM2ODQ4NTk1MTc4MQ%3D%3D.3-ccb7-5&ccb=7-5&_nc_sid=58cdad&efg=eyJ2ZW5jb2RlX3RhZyI6IkNBUk9VU0VMX0lURU0ueHBpZHMuMjE2MC5zZHIucmVndWxhcl9waG90by5DMyJ9&_nc_ohc=gqSMbY8atsIQ7kNvwFD6E5e&_nc_oc=AdryjInj52JaAO5M-XXZSPmjIVMGJvL7cHJ4dcdww2H7Di38EfEVlCJXP5TQhnA_rjw&_nc_ad=z-m&_nc_cid=0&_nc_zt=23&se=8&_nc_ht=scontent-iad3-1.cdninstagram.com&_nc_gid=Bg0XdCZculOZcaEaRCXlIg&_nc_ss=7a3ba&oh=00_Af8g3tIUpM16iZzNDHTaL8DG0NJnc8NIe5jsLFVvzdyD5w&oe=6A397A79","","3907417368485951781","carousel_item",,,,,,,,,,,,,,,"2026-05-29T02:07:59.000Z","Image",,,"","0","2880","2160","https://scontent-iad6-1.cdninstagram.com/v/t51.82787-15/710537154_18586341973052106_24068995824275723_n.jpg?stp=dst-jpg_e35_tt6&_nc_cat=102&ig_cache_key=MzkwNzQxNzM3Nzg3MjU3MjI2Ng%3D%3D.3-ccb7-5&ccb=7-5&_nc_sid=58cdad&efg=eyJ2ZW5jb2RlX3RhZyI6IkNBUk9VU0VMX0lURU0ueHBpZHMuMjE2MC5zZHIucmVndWxhcl9waG90by5DMyJ9&_nc_ohc=YYYqSoETaW4Q7kNvwFquIDp&_nc_oc=AdqH-OpULAVOVkb9l2So3ddoS0-ebkXo1xYzYmcinI-hOf1wPkV3cTFhfJdvyPBqY3Q&_nc_ad=z-m&_nc_cid=0&_nc_zt=23&se=8&_nc_ht=scontent-iad6-1.cdninstagram.com&_nc_gid=Bg0XdCZculOZcaEaRCXlIg&_nc_ss=7a3ba&oh=00_Af_2EkLX1ZCC_kzHUufi8fd4cbCyFIdIDILphVOZYAqTZA&oe=6A3968C6","","3907417377872572266","carousel_item",,,,,,,,,,,,,,,"2026-05-29T02:07:59.000Z","Image",,,"","0","2880","2160","https://scontent-iad3-1.cdninstagram.com/v/t51.82787-15/708967039_18586341982052106_7983191108625413477_n.jpg?stp=dst-jpg_e35_tt6&_nc_cat=104&ig_cache_key=MzkwNzQxNzM4NzI2Nzg1ODk1Nw%3D%3D.3-ccb7-5&ccb=7-5&_nc_sid=58cdad&efg=eyJ2ZW5jb2RlX3RhZyI6IkNBUk9VU0VMX0lURU0ueHBpZHMuMjE2MC5zZHIucmVndWxhcl9waG90by5DMyJ9&_nc_ohc=dy2olgSuZx8Q7kNvwGovAgJ&_nc_oc=AdqicJMdXKTnsuU5m9ue_mUkX8pleifUiy-1aoxcZ_O_haEE15GpMMO3RSCxbH_fTio&_nc_ad=z-m&_nc_cid=0&_nc_zt=23&se=8&_nc_ht=scontent-iad3-1.cdninstagram.com&_nc_gid=Bg0XdCZculOZcaEaRCXlIg&_nc_ss=7a3ba&oh=00_Af9YMXEwBiB660gfHpqG7Syv0jkwiR2hnRUSsa_ODdgMIA&oe=6A396B78","","3907417387267858957","carousel_item",,,,,,,,,,,,,,,"2026-05-29T02:07:59.000Z","Image",,,"","0","2880","2160","https://scontent-iad6-1.cdninstagram.com/v/t51.82787-15/708192652_18586341991052106_8077953503515729331_n.jpg?stp=dst-jpg_e35_tt6&_nc_cat=109&ig_cache_key=MzkwNzQxNzM5Njk1Njg1ODUwMw%3D%3D.3-ccb7-5&ccb=7-5&_nc_sid=58cdad&efg=eyJ2ZW5jb2RlX3RhZyI6IkNBUk9VU0VMX0lURU0ueHBpZHMuMjE2MC5zZHIucmVndWxhcl9waG90by5DMyJ9&_nc_ohc=HnlOFXanMtwQ7kNvwFLNDcQ&_nc_oc=AdrlqgWcWZ6T3f98DSg909B4J9O9TyHSZLHDehgWJ9Ejug6oe_Nbpd1fXRnb0zI9bJU&_nc_ad=z-m&_nc_cid=0&_nc_zt=23&se=8&_nc_ht=scontent-iad6-1.cdninstagram.com&_nc_gid=Bg0XdCZculOZcaEaRCXlIg&_nc_ss=7a3ba&oh=00_Af9JnOfOAXl345RJb1eXYwVrlLYyIbXGW0mbzPI_i6up8w&oe=6A398E20","","3907417396956858503","carousel_item",,,,,,,,,,,,,,,"2026-05-29T02:07:59.000Z","Image",,,"","0","2880","2160","https://scontent-iad3-1.cdninstagram.com/v/t51.82787-15/709426563_18586342000052106_2622376056194644157_n.jpg?stp=dst-jpg_e35_tt6&_nc_cat=104&ig_cache_key=MzkwNzQxNzQwNTYwNTUzMzIwNw%3D%3D.3-ccb7-5&ccb=7-5&_nc_sid=58cdad&efg=eyJ2ZW5jb2RlX3RhZyI6IkNBUk9VU0VMX0lURU0ueHBpZHMuMjE2MC5zZHIucmVndWxhcl9waG90by5DMyJ9&_nc_ohc=7ji1AQnVNu8Q7kNvwGKy0nk&_nc_oc=Ado_ruMTUyqOIyr9Lk7cAEKcJCHu_-QK_lfmKZeN58SdcBqFjVVkdVitWVN7D7Ex-S0&_nc_ad=z-m&_nc_cid=0&_nc_zt=23&se=8&_nc_ht=scontent-iad3-1.cdninstagram.com&_nc_gid=Bg0XdCZculOZcaEaRCXlIg&_nc_ss=7a3ba&oh=00_Af94ZH4jhOYzJH5XmzZDscYvB2La-9riNr3f19ER4tTfuQ&oe=6A3970FC","","3907417405605533207","carousel_item",,,,,,,,,,,,,,,"2026-05-29T02:07:59.000Z","Image",,,"","0","2880","2160","https://scontent-iad6-1.cdninstagram.com/v/t51.82787-15/711546157_18586342012052106_6009133069963076979_n.jpg?stp=dst-jpg_e35_tt6&_nc_cat=107&ig_cache_key=MzkwNzQxNzQxNzIwNjkzNTk2OQ%3D%3D.3-ccb7-5&ccb=7-5&_nc_sid=58cdad&efg=eyJ2ZW5jb2RlX3RhZyI6IkNBUk9VU0VMX0lURU0ueHBpZHMuMjE2MC5zZHIucmVndWxhcl9waG90by5DMyJ9&_nc_ohc=ajvdA-k0l8sQ7kNvwENX1Z5&_nc_oc=Adr7tZFNVYY_GFsCuSuzwVI_psEgsNfMavPQi9vdV7ikLLpjsHQYtZVBZYREPNp8yT8&_nc_ad=z-m&_nc_cid=0&_nc_zt=23&se=8&_nc_ht=scontent-iad6-1.cdninstagram.com&_nc_gid=Bg0XdCZculOZcaEaRCXlIg&_nc_ss=7a3ba&oh=00_Af9TNDN9STIyaYUOJadjrEiZ1SPaMtsyAvbh9e9QXNOPDA&oe=6A39951F","","3907417417206935969","carousel_item",,,,,,,,,,,,,,,"2026-05-29T02:07:59.000Z","Image",,,,,,,,,,,,,,,,,,,,,,,,,,,,,,,,,,,,,,,,,,,,,,,,,,,,,,,,,,,,,,,,,,,,,,,,,,,,,,,,,"hidiff.tw","80015491870","false","false","3808232826123310266","https://scontent-iad3-1.cdninstagram.com/v/t51.82787-19/615343798_17845310625667871_7065812407261479699_n.jpg?stp=dst-jpg_e0_s150x150_tt6&efg=eyJ2ZW5jb2RlX3RhZyI6InByb2ZpbGVfcGljLmRqYW5nby43OTYuYzIifQ&_nc_ht=scontent-iad3-1.cdninstagram.com&_nc_cat=1&_nc_oc=Q6cZ2gHZdplpVHen7aNSkCdKFsQJeZfX37mycNdQkWgFQsIIzie3Ludq1dAqAXi3nZsbWrc&_nc_ohc=CmgFRSIfk20Q7kNvwE-SmCD&_nc_gid=Bg0XdCZculOZcaEaRCXlIg&edm=APGXKFABAAAA&ccb=7-5&ig_cache_key=GLZmrSQf278oN2Y-ABNDXrjyzg5ibmNDAQAB1501500j-ccb7-5&oh=00_Af8513YorQkEYFoqDVVr8vPypSL0-PSY8uBopcAskHp7sA&oe=6A399CDC&_nc_sid=a8b8e2","hidiff.tw","4","2880","2160","https://scontent-iad6-1.cdninstagram.com/v/t51.82787-15/708154817_18586341913052106_2231335124786272128_n.jpg?stp=dst-jpg_e35_tt6&_nc_cat=100&ig_cache_key=MzkwNzQxNzMxMzM4MTAwMTYxNw%3D%3D.3-ccb7-5&ccb=7-5&_nc_sid=58cdad&efg=eyJ2ZW5jb2RlX3RhZyI6IkNBUk9VU0VMX0lURU0ueHBpZHMuMjE2MC5zZHIucmVndWxhcl9waG90by5DMyJ9&_nc_ohc=uwrEGHT0FiwQ7kNvwGGKJOU&_nc_oc=Adq8GdlgZc14eIVNr3FdQ6O5qcn_gitpTJO8LKMiSx7Qt7u6T2Frjjm_Ppx5G5O9F7c&_nc_ad=z-m&_nc_cid=0&_nc_zt=23&se=8&_nc_ht=scontent-iad6-1.cdninstagram.com&_nc_gid=Bg0XdCZculOZcaEaRCXlIg&_nc_ss=7a3ba&oh=00_Af--xFJgPDzI0tcrKRGlA8xzC8YuRo6R4Sv7snBtBQSygQ&oe=6A3966E9",,,"","MHidiff","綠珍珠D泛醇3%高濃縮水精華","綠珍珠潤肌泡泡化妝水","綠珍珠酪梨修護乳霜",,"3907417455639793009",,"https://scontent-iad6-1.cdninstagram.com/v/t51.82787-15/708154817_18586341913052106_2231335124786272128_n.jpg?stp=dst-jpg_e35_tt6&_nc_cat=100&ig_cache_key=MzkwNzQxNzMxMzM4MTAwMTYxNw%3D%3D.3-ccb7-5&ccb=7-5&_nc_sid=58cdad&efg=eyJ2ZW5jb2RlX3RhZyI6IkNBUk9VU0VMX0lURU0ueHBpZHMuMjE2MC5zZHIucmVndWxhcl9waG90by5DMyJ9&_nc_ohc=uwrEGHT0FiwQ7kNvwGGKJOU&_nc_oc=Adq8GdlgZc14eIVNr3FdQ6O5qcn_gitpTJO8LKMiSx7Qt7u6T2Frjjm_Ppx5G5O9F7c&_nc_ad=z-m&_nc_cid=0&_nc_zt=23&se=8&_nc_ht=scontent-iad6-1.cdninstagram.com&_nc_gid=Bg0XdCZculOZcaEaRCXlIg&_nc_ss=7a3ba&oh=00_Af--xFJgPDzI0tcrKRGlA8xzC8YuRo6R4Sv7snBtBQSygQ&oe=6A3966E9","https://scontent-iad6-1.cdninstagram.com/v/t51.82787-15/707980301_18586341922052106_8243348633023606627_n.jpg?stp=dst-jpg_e35_tt6&_nc_cat=100&ig_cache_key=MzkwNzQxNzMzMjA1NDA1NjE0OA%3D%3D.3-ccb7-5&ccb=7-5&_nc_sid=58cdad&efg=eyJ2ZW5jb2RlX3RhZyI6IkNBUk9VU0VMX0lURU0ueHBpZHMuMjE2MC5zZHIucmVndWxhcl9waG90by5DMyJ9&_nc_ohc=ObxYeMi1NUIQ7kNvwEy8ivM&_nc_oc=AdoxgFkMt0uEjo1tFUZCuVS1SNqwq1WosHo7Xl73FjnoF76XNQTM-_cWqvfVpuQjoD4&_nc_ad=z-m&_nc_cid=0&_nc_zt=23&se=8&_nc_ht=scontent-iad6-1.cdninstagram.com&_nc_gid=Bg0XdCZculOZcaEaRCXlIg&_nc_ss=7a3ba&oh=00_Af-dwlu0M3YX2x4TyaOtmzKai-CCcx0KNOWP4A6l0YJiPw&oe=6A399AA9","https://scontent-iad6-1.cdninstagram.com/v/t51.82787-15/707866801_18586341934052106_8263168598797375280_n.jpg?stp=dst-jpg_e35_tt6&_nc_cat=100&ig_cache_key=MzkwNzQxNzM0MTI3MzE3ODA2OA%3D%3D.3-ccb7-5&ccb=7-5&_nc_sid=58cdad&efg=eyJ2ZW5jb2RlX3RhZyI6IkNBUk9VU0VMX0lURU0ueHBpZHMuMjE2MC5zZHIucmVndWxhcl9waG90by5DMyJ9&_nc_ohc=O1xyy_Ef5NYQ7kNvwG9XgPh&_nc_oc=AdqhSpPISuhERfwdUbeTthWpKI7lNWojrkz0pcNS6KDJt4oLI5adms3iT_9mhewbjPM&_nc_ad=z-m&_nc_cid=0&_nc_zt=23&se=8&_nc_ht=scontent-iad6-1.cdninstagram.com&_nc_gid=Bg0XdCZculOZcaEaRCXlIg&_nc_ss=7a3ba&oh=00_Af8WF3Ays1Aq-PaZVdl_sMOI7j4-1hNe9hc0EgK5OFeEiQ&oe=6A39789C","https://scontent-iad3-2.cdninstagram.com/v/t51.82787-15/708414499_18586341943052106_3608899796740991075_n.jpg?stp=dst-jpg_e35_tt6&_nc_cat=105&ig_cache_key=MzkwNzQxNzM1MDYyNjQwMTc3OA%3D%3D.3-ccb7-5&ccb=7-5&_nc_sid=58cdad&efg=eyJ2ZW5jb2RlX3RhZyI6IkNBUk9VU0VMX0lURU0ueHBpZHMuMjE2MC5zZHIucmVndWxhcl9waG90by5DMyJ9&_nc_ohc=gMXXOFnGXX0Q7kNvwF_S1re&_nc_oc=AdohbQann8mw_f1Nuo_Z5_GhZxyjQKc37KEXxjW4aI5F5eOPtS9DpyFcB-KjU_kZJrM&_nc_ad=z-m&_nc_cid=0&_nc_zt=23&se=8&_nc_ht=scontent-iad3-2.cdninstagram.com&_nc_gid=Bg0XdCZculOZcaEaRCXlIg&_nc_ss=7a3ba&oh=00_Af_UJM-Uf955RnbE0m6sKYZTpP32ZkbvRLQCjy3BUgU2kQ&oe=6A396C98","https://scontent-iad3-1.cdninstagram.com/v/t51.82787-15/707426882_18586341952052106_3708154588703235087_n.jpg?stp=dst-jpg_e35_tt6&_nc_cat=101&ig_cache_key=MzkwNzQxNzM1OTQxNzY4NDQzMA%3D%3D.3-ccb7-5&ccb=7-5&_nc_sid=58cdad&efg=eyJ2ZW5jb2RlX3RhZyI6IkNBUk9VU0VMX0lURU0ueHBpZHMuMjE2MC5zZHIucmVndWxhcl9waG90by5DMyJ9&_nc_ohc=RCMh2awrPXYQ7kNvwFtuOpq&_nc_oc=AdqlkXiMtYeoqhcf-STxkgMqW7FeswhYeqWx6q5ocRrHD_jH2xjrXTDSrZjwE12SBEo&_nc_ad=z-m&_nc_cid=0&_nc_zt=23&se=8&_nc_ht=scontent-iad3-1.cdninstagram.com&_nc_gid=Bg0XdCZculOZcaEaRCXlIg&_nc_ss=7a3ba&oh=00_Af8o3WYMXe_4_p2PygyVnrQEoYF9ZZZ4iy47F58ton5NMA&oe=6A399738","https://scontent-iad3-1.cdninstagram.com/v/t51.82787-15/707393470_18586341961052106_6745459807383695578_n.jpg?stp=dst-jpg_e35_tt6&_nc_cat=104&ig_cache_key=MzkwNzQxNzM2ODQ4NTk1MTc4MQ%3D%3D.3-ccb7-5&ccb=7-5&_nc_sid=58cdad&efg=eyJ2ZW5jb2RlX3RhZyI6IkNBUk9VU0VMX0lURU0ueHBpZHMuMjE2MC5zZHIucmVndWxhcl9waG90by5DMyJ9&_nc_ohc=gqSMbY8atsIQ7kNvwFD6E5e&_nc_oc=AdryjInj52JaAO5M-XXZSPmjIVMGJvL7cHJ4dcdww2H7Di38EfEVlCJXP5TQhnA_rjw&_nc_ad=z-m&_nc_cid=0&_nc_zt=23&se=8&_nc_ht=scontent-iad3-1.cdninstagram.com&_nc_gid=Bg0XdCZculOZcaEaRCXlIg&_nc_ss=7a3ba&oh=00_Af8g3tIUpM16iZzNDHTaL8DG0NJnc8NIe5jsLFVvzdyD5w&oe=6A397A79","https://scontent-iad6-1.cdninstagram.com/v/t51.82787-15/710537154_18586341973052106_24068995824275723_n.jpg?stp=dst-jpg_e35_tt6&_nc_cat=102&ig_cache_key=MzkwNzQxNzM3Nzg3MjU3MjI2Ng%3D%3D.3-ccb7-5&ccb=7-5&_nc_sid=58cdad&efg=eyJ2ZW5jb2RlX3RhZyI6IkNBUk9VU0VMX0lURU0ueHBpZHMuMjE2MC5zZHIucmVndWxhcl9waG90by5DMyJ9&_nc_ohc=YYYqSoETaW4Q7kNvwFquIDp&_nc_oc=AdqH-OpULAVOVkb9l2So3ddoS0-ebkXo1xYzYmcinI-hOf1wPkV3cTFhfJdvyPBqY3Q&_nc_ad=z-m&_nc_cid=0&_nc_zt=23&se=8&_nc_ht=scontent-iad6-1.cdninstagram.com&_nc_gid=Bg0XdCZculOZcaEaRCXlIg&_nc_ss=7a3ba&oh=00_Af_2EkLX1ZCC_kzHUufi8fd4cbCyFIdIDILphVOZYAqTZA&oe=6A3968C6","https://scontent-iad3-1.cdninstagram.com/v/t51.82787-15/708967039_18586341982052106_7983191108625413477_n.jpg?stp=dst-jpg_e35_tt6&_nc_cat=104&ig_cache_key=MzkwNzQxNzM4NzI2Nzg1ODk1Nw%3D%3D.3-ccb7-5&ccb=7-5&_nc_sid=58cdad&efg=eyJ2ZW5jb2RlX3RhZyI6IkNBUk9VU0VMX0lURU0ueHBpZHMuMjE2MC5zZHIucmVndWxhcl9waG90by5DMyJ9&_nc_ohc=dy2olgSuZx8Q7kNvwGovAgJ&_nc_oc=AdqicJMdXKTnsuU5m9ue_mUkX8pleifUiy-1aoxcZ_O_haEE15GpMMO3RSCxbH_fTio&_nc_ad=z-m&_nc_cid=0&_nc_zt=23&se=8&_nc_ht=scontent-iad3-1.cdninstagram.com&_nc_gid=Bg0XdCZculOZcaEaRCXlIg&_nc_ss=7a3ba&oh=00_Af9YMXEwBiB660gfHpqG7Syv0jkwiR2hnRUSsa_ODdgMIA&oe=6A396B78","https://scontent-iad6-1.cdninstagram.com/v/t51.82787-15/708192652_18586341991052106_8077953503515729331_n.jpg?stp=dst-jpg_e35_tt6&_nc_cat=109&ig_cache_key=MzkwNzQxNzM5Njk1Njg1ODUwMw%3D%3D.3-ccb7-5&ccb=7-5&_nc_sid=58cdad&efg=eyJ2ZW5jb2RlX3RhZyI6IkNBUk9VU0VMX0lURU0ueHBpZHMuMjE2MC5zZHIucmVndWxhcl9waG90by5DMyJ9&_nc_ohc=HnlOFXanMtwQ7kNvwFLNDcQ&_nc_oc=AdrlqgWcWZ6T3f98DSg909B4J9O9TyHSZLHDehgWJ9Ejug6oe_Nbpd1fXRnb0zI9bJU&_nc_ad=z-m&_nc_cid=0&_nc_zt=23&se=8&_nc_ht=scontent-iad6-1.cdninstagram.com&_nc_gid=Bg0XdCZculOZcaEaRCXlIg&_nc_ss=7a3ba&oh=00_Af9JnOfOAXl345RJb1eXYwVrlLYyIbXGW0mbzPI_i6up8w&oe=6A398E20","https://scontent-iad3-1.cdninstagram.com/v/t51.82787-15/709426563_18586342000052106_2622376056194644157_n.jpg?stp=dst-jpg_e35_tt6&_nc_cat=104&ig_cache_key=MzkwNzQxNzQwNTYwNTUzMzIwNw%3D%3D.3-ccb7-5&ccb=7-5&_nc_sid=58cdad&efg=eyJ2ZW5jb2RlX3RhZyI6IkNBUk9VU0VMX0lURU0ueHBpZHMuMjE2MC5zZHIucmVndWxhcl9waG90by5DMyJ9&_nc_ohc=7ji1AQnVNu8Q7kNvwGKy0nk&_nc_oc=Ado_ruMTUyqOIyr9Lk7cAEKcJCHu_-QK_lfmKZeN58SdcBqFjVVkdVitWVN7D7Ex-S0&_nc_ad=z-m&_nc_cid=0&_nc_zt=23&se=8&_nc_ht=scontent-iad3-1.cdninstagram.com&_nc_gid=Bg0XdCZculOZcaEaRCXlIg&_nc_ss=7a3ba&oh=00_Af94ZH4jhOYzJH5XmzZDscYvB2La-9riNr3f19ER4tTfuQ&oe=6A3970FC","https://scontent-iad6-1.cdninstagram.com/v/t51.82787-15/711546157_18586342012052106_6009133069963076979_n.jpg?stp=dst-jpg_e35_tt6&_nc_cat=107&ig_cache_key=MzkwNzQxNzQxNzIwNjkzNTk2OQ%3D%3D.3-ccb7-5&ccb=7-5&_nc_sid=58cdad&efg=eyJ2ZW5jb2RlX3RhZyI6IkNBUk9VU0VMX0lURU0ueHBpZHMuMjE2MC5zZHIucmVndWxhcl9waG90by5DMyJ9&_nc_ohc=ajvdA-k0l8sQ7kNvwENX1Z5&_nc_oc=Adr7tZFNVYY_GFsCuSuzwVI_psEgsNfMavPQi9vdV7ikLLpjsHQYtZVBZYREPNp8yT8&_nc_ad=z-m&_nc_cid=0&_nc_zt=23&se=8&_nc_ht=scontent-iad6-1.cdninstagram.com&_nc_gid=Bg0XdCZculOZcaEaRCXlIg&_nc_ss=7a3ba&oh=00_Af9TNDN9STIyaYUOJadjrEiZ1SPaMtsyAvbh9e9QXNOPDA&oe=6A39951F",,,,"https://www.instagram.com/hidiff.tw/",,"384","Chiang Mai, Thailand","hidiff.tw",,,"18277964611025728",,"licensed_music",,"18277964611025730","true","454465706240749","291549219623398",,"https://scontent-iad3-2.cdninstagram.com/v/t39.30808-6/427433036_1105783823755075_5623024239048252258_n.jpg?stp=dst-jpg_s168x128_tt6&_nc_cat=105&ccb=7-5&_nc_sid=2f2557&_nc_ohc=sKSz_ywJeIkQ7kNvwGt4XZM&_nc_oc=AdodyrvOvzvOVAJ0uNLzdocAKYC13LKhWz4xRTlGeA5he9WEhYcnWzGNrooZhNQLoII&_nc_ad=z-m&_nc_cid=0&_nc_zt=23&_nc_ht=scontent-iad3-2.cdninstagram.com&_nc_gid=Bg0XdCZculOZcaEaRCXlIg&_nc_ss=7039b&oh=00_Af-r8ny0eY9zQHnmgVnYPZ4VTVQRMKsSkJSxA_sqzCjFgQ&oe=6A39693D","https://scontent-iad3-2.cdninstagram.com/v/t39.30808-6/427433036_1105783823755075_5623024239048252258_n.jpg?stp=dst-jpg_s168x128_tt6&_nc_cat=105&ccb=7-5&_nc_sid=2f2557&_nc_ohc=sKSz_ywJeIkQ7kNvwGt4XZM&_nc_oc=AdodyrvOvzvOVAJ0uNLzdocAKYC13LKhWz4xRTlGeA5he9WEhYcnWzGNrooZhNQLoII&_nc_ad=z-m&_nc_cid=0&_nc_zt=23&_nc_ht=scontent-iad3-2.cdninstagram.com&_nc_gid=Bg0XdCZculOZcaEaRCXlIg&_nc_ss=7039b&oh=00_Af-r8ny0eY9zQHnmgVnYPZ4VTVQRMKsSkJSxA_sqzCjFgQ&oe=6A39693D",,"Aden","204375","https://scontent-iad3-1.cdninstagram.com/o1/v/t2/f2/m69/AQPhmJQ6aWHN9kFrqFaPMqlYIWsZGn4oc8IcjXzOR4Qw1QN4CykDu-yi9Ck1lTeffE3Sj6KPSRt7Xt5DGJzU_dBg.mp4?strext=1&_nc_cat=1&_nc_sid=b66105&_nc_ht=scontent-iad3-1.cdninstagram.com&_nc_ohc=b75pmpAxh-wQ7kNvwHrGoA-&efg=eyJ2ZW5jb2RlX3RhZyI6Inhwdl9wcm9ncmVzc2l2ZS5WSV9VU0VDQVNFX1BST0RVQ1RfVFlQRS4uQzMuMC5kYXNoX2xuX2hlYWFjX3ZicjNfbXB4X2F1ZGlvIiwieHB2X2Fzc2V0X2lkIjoxODAzMTE5ODUzNTA4MzY3LCJhc3NldF9hZ2VfZGF5cyI6MTYwNCwidmlfdXNlY2FzZV9pZCI6MTA1NjgsImR1cmF0aW9uX3MiOjIwNCwidXJsZ2VuX3NvdXJjZSI6Ind3dyJ9&ccb=17-1&vs=5ea8390c106104d1&_nc_vs=HBkcFQIYOnBhc3N0aHJvdWdoX2V2ZXJzdG9yZS9HTHptVlNCckM3Mmg3TnNIQUREalFzQmtNRklGYm1FeUFBQUYVAgLIARIAKAAYABsCiAd1c2Vfb2lsATEScHJvZ3Jlc3NpdmVfcmVjaXBlATEVAAAmntzY5bH7swYVAigCQzMsF0BpjAAAAAAAGBxkYXNoX2xuX2hlYWFjX3ZicjNfbXB4X2F1ZGlvEQB1AGWQpQEA&_nc_ss=7039b&_nc_zt=28&oh=00_Af8QvyYilV3GiUZmmUnTZDtU9_o7fovVvVz-PxFEBwKTnA&oe=6A39967D","true","47000","70500","145000","2725794601050137","adenqp","false","true","false","DEFAULT",,"https://scontent-iad3-1.cdninstagram.com/o1/v/t2/f2/m69/AQPhmJQ6aWHN9kFrqFaPMqlYIWsZGn4oc8IcjXzOR4Qw1QN4CykDu-yi9Ck1lTeffE3Sj6KPSRt7Xt5DGJzU_dBg.mp4?strext=1&_nc_cat=1&_nc_sid=b66105&_nc_ht=scontent-iad3-1.cdninstagram.com&_nc_ohc=b75pmpAxh-wQ7kNvwHrGoA-&efg=eyJ2ZW5jb2RlX3RhZyI6Inhwdl9wcm9ncmVzc2l2ZS5WSV9VU0VDQVNFX1BST0RVQ1RfVFlQRS4uQzMuMC5kYXNoX2xuX2hlYWFjX3ZicjNfbXB4X2F1ZGlvIiwieHB2X2Fzc2V0X2lkIjoxODAzMTE5ODUzNTA4MzY3LCJhc3NldF9hZ2VfZGF5cyI6MTYwNCwidmlfdXNlY2FzZV9pZCI6MTA1NjgsImR1cmF0aW9uX3MiOjIwNCwidXJsZ2VuX3NvdXJjZSI6Ind3dyJ9&ccb=17-1&vs=5ea8390c106104d1&_nc_vs=HBkcFQIYOnBhc3N0aHJvdWdoX2V2ZXJzdG9yZS9HTHptVlNCckM3Mmg3TnNIQUREalFzQmtNRklGYm1FeUFBQUYVAgLIARIAKAAYABsCiAd1c2Vfb2lsATEScHJvZ3Jlc3NpdmVfcmVjaXBlATEVAAAmntzY5bH7swYVAigCQzMsF0BpjAAAAAAAGBxkYXNoX2xuX2hlYWFjX3ZicjNfbXB4X2F1ZGlvEQB1AGWQpQEA&_nc_ss=7039b&_nc_zt=28&oh=00_Af8QvyYilV3GiUZmmUnTZDtU9_o7fovVvVz-PxFEBwKTnA&oe=6A39967D",,,,,,"","Wave (feat. RIPLEY)",,"true","47000","false","false","","false",,,"0",,,"NIKO","5515988070","false","false","3882989809220255158","https://scontent-iad3-2.cdninstagram.com/v/t51.82787-19/681312333_18406597858180071_42236194558360839_n.jpg?stp=dst-jpg_e0_s150x150_tt6&efg=eyJ2ZW5jb2RlX3RhZyI6InByb2ZpbGVfcGljLmRqYW5nby4xMDgwLmMyIn0&_nc_ht=scontent-iad3-2.cdninstagram.com&_nc_cat=103&_nc_oc=Q6cZ2gHZdplpVHen7aNSkCdKFsQJeZfX37mycNdQkWgFQsIIzie3Ludq1dAqAXi3nZsbWrc&_nc_ohc=sbZasJx6e_MQ7kNvwHzkM-G&_nc_gid=Bg0XdCZculOZcaEaRCXlIg&edm=APGXKFABAAAA&ccb=7-5&ig_cache_key=GE0AnCjnO9wGtGRBAAe9UF2YDZYAbmNDAQAB1501500j-ccb7-5&oh=00_Af-aa0QDyObIiC3Et1Hc56MN5w10Dt6CZQo9GKuAH0ggRQ&oe=6A3966BE&_nc_sid=a8b8e2","adenqp","false","false",,"30000","https://scontent-iad6-1.cdninstagram.com/v/t51.12442-15/43985629_311105916145351_58064759811405776_n.jpg?_nc_ht=scontent-iad6-1.cdninstagram.com&_nc_cat=107&_nc_oc=Q6cZ2gHZdplpVHen7aNSkCdKFsQJeZfX37mycNdQkWgFQsIIzie3Ludq1dAqAXi3nZsbWrc&_nc_ohc=leFGvcZxIc8Q7kNvwGbgaKA&_nc_gid=Bg0XdCZculOZcaEaRCXlIg&edm=APGXKFAAAAAA&ccb=7-5&oh=00_Af8uFl5zGU3MbVymkMC_YFaWmY4AUCRZ2fYkpYsjQejVrQ&oe=6A39877D&_nc_sid=a8b8e2",,,"false","false","",,,,,,,,,,"","1411636105","julycm__","true","carousel_container","DY573k4kg1x","hidiff.tw","80015491870","false","false",,"https://scontent-iad3-1.cdninstagram.com/v/t51.82787-19/615343798_17845310625667871_7065812407261479699_n.jpg?stp=dst-jpg_e0_s150x150_tt6&efg=eyJ2ZW5jb2RlX3RhZyI6InByb2ZpbGVfcGljLmRqYW5nby43OTYuYzIifQ&_nc_ht=scontent-iad3-1.cdninstagram.com&_nc_cat=1&_nc_oc=Q6cZ2gHZdplpVHen7aNSkCdKFsQJeZfX37mycNdQkWgFQsIIzie3Ludq1dAqAXi3nZsbWrc&_nc_ohc=CmgFRSIfk20Q7kNvwE-SmCD&_nc_gid=Bg0XdCZculOZcaEaRCXlIg&edm=APGXKFABAAAA&ccb=7-5&ig_cache_key=GLZmrSQf278oN2Y-ABNDXrjyzg5ibmNDAQAB1501500j-ccb7-5&oh=00_Af8513YorQkEYFoqDVVr8vPypSL0-PSY8uBopcAskHp7sA&oe=6A399CDC&_nc_sid=a8b8e2",,"hidiff.tw",,,,,,,,,"2026-05-29T02:08:00.000Z","Sidecar","https://www.instagram.com/p/DY573k4kg1x/",,"0",
"夏天最怕臉悶悶又不平滑🥲留言享優惠💚
尤其我這種容易泛紅的皮膚只要天氣一熱
膚況就很容易不穩定⋯

最近很愛用這組韓國超紅的綠珍珠溫和去角質潔膚棒✨
會先幫肌膚做溫和角質管理
每次擦完~
真的都會帶出好多髒污😳

而且棉頭很軟
連鼻翼、下巴那種細節都很好貼合
敏感肌用起來也很舒服🫶🏻

後面再搭配保濕綠珍珠D-泛醇3%高濃縮水精華＋綠珍珠酪梨修護乳霜
最近真的覺得膚況穩定很多
連上妝都變得更服貼✨

難怪在韓國討論度這麼高
甚至還拿過 Hwahae 美妝榜第一💖

如果你跟我一樣
夏天很容易出油、膚況不穩真的可以試試看這組🤍
@hidiff.tw  #히디프 #hidiff#綠珍珠系列",,,,,,,,,,,,,,,,,,,,,,,,,,,,,,,,,,,,,,,,,,,,,,,,,,,,,,,,,,,,,,,,,,,,,,,,,,,,,,,,,,,,,,,,,,,,,,,,,,,,,,,,,,,,,,,,,,,,,,,,,,,,,,,,,,,,,,,,,,,,,,,,,,,,,,,,,,,,,,,,,,,,,,,,,,,,,,,,,,,,,,,,,,,,,,,,,,,,,,,,,,,,,,,,,,,,,,,,,,,,,,,,,,,,,,,,,,,,,,,,,,,,,,,,,,,,,,,,,,,,,,,,,,,,,,,,,,,,,,,,,,,,,,,,,,,,,,,,,,,,,,,,,,,,,,,,,,,,,,,,,,,,,,,,,,,,,,,,,,,,,,,,,,,,,,,,,,,,,,,,,,,,,,,,,,,,"3","1280","720","https://scontent-iad3-1.cdninstagram.com/v/t51.82787-15/709590066_18592273327045242_3518187345027476078_n.jpg?stp=dst-jpg_e35_p750x750_sh2.08_tt6&_nc_cat=101&ig_cache_key=MzkwNzAyNzExMzk5MDkxMjI1NjE4NTkyMjczMzI0MDQ1MjQy.3-ccb7-5&ccb=7-5&_nc_sid=58cdad&efg=eyJ2ZW5jb2RlX3RhZyI6IkNMSVBTLnhwaWRzLjEyMDQuc2RyLnZpZGVvX2RlZmF1bHRfY292ZXJfZnJhbWUuQzMifQ%3D%3D&_nc_ohc=Zk2PQoD_GUMQ7kNvwHrL0xH&_nc_oc=AdqY6k0_PsOLurWRkmVgwcAtFgIZXgwyCTkX5FTVOG3RwCw1OclVqMPGrR_alljwMX8&_nc_ad=z-m&_nc_cid=0&_nc_zt=23&_nc_ht=scontent-iad3-1.cdninstagram.com&_nc_gid=Bg0XdCZculOZcaEaRCXlIg&_nc_ss=7a3ba&oh=00_Af_CHUmbOrfxv6xcWM5bcgsD5JtPrwYz4nK0PIcWhqH70A&oe=6A3988BA",,,"","히디프","hidiff","綠珍珠系列",,,"3907027113990912256","7632",,,,,,,,,,,,,,,"https://www.instagram.com/hidiff.tw/",,"84",,"hidiff.tw",,"meng1031",,"35809300372051120",,,,,,,,,,,,,,,,,,,,,,,,,,,,,,,,,,,,,,,,,,,,,,,,,,,,,,,,,,,,,,,,,,,"false","","Original audio","true","孟萱","599341241","meng1031",,"clips","DY4jHW5P3kA","hidiff.tw","80015491870","false","false",,"https://scontent-iad3-1.cdninstagram.com/v/t51.82787-19/615343798_17845310625667871_7065812407261479699_n.jpg?stp=dst-jpg_e0_s150x150_tt6&efg=eyJ2ZW5jb2RlX3RhZyI6InByb2ZpbGVfcGljLmRqYW5nby43OTYuYzIifQ&_nc_ht=scontent-iad3-1.cdninstagram.com&_nc_cat=1&_nc_oc=Q6cZ2gHZdplpVHen7aNSkCdKFsQJeZfX37mycNdQkWgFQsIIzie3Ludq1dAqAXi3nZsbWrc&_nc_ohc=CmgFRSIfk20Q7kNvwE-SmCD&_nc_gid=Bg0XdCZculOZcaEaRCXlIg&edm=APGXKFABAAAA&ccb=7-5&ig_cache_key=GLZmrSQf278oN2Y-ABNDXrjyzg5ibmNDAQAB1501500j-ccb7-5&oh=00_Af8513YorQkEYFoqDVVr8vPypSL0-PSY8uBopcAskHp7sA&oe=6A399CDC&_nc_sid=a8b8e2",,"hidiff.tw",,,,,,,,,"2026-05-28T13:15:45.000Z","Video","https://www.instagram.com/p/DY4jHW5P3kA/","51.33300018310547","10152","https://scontent-iad3-1.cdninstagram.com/o1/v/t2/f2/m86/AQMklKwzIxpQxNvXvOB8SOFru5EyCWe1Y4JeLPKAWsQvpTN7XjKi-OX7Cm5Z9c-ZRLxww0lOTQBo9XTMUYF82WwhLPbGIxOseJA_mMI.mp4?_nc_cat=108&_nc_sid=5e9851&_nc_ht=scontent-iad3-1.cdninstagram.com&_nc_ohc=zUZ20ORzmYkQ7kNvwHcL5wK&efg=eyJ2ZW5jb2RlX3RhZyI6Inhwdl9wcm9ncmVzc2l2ZS5JTlNUQUdSQU0uQ0xJUFMuQzMuNzIwLmRhc2hfYmFzZWxpbmVfMV92MSIsInhwdl9hc3NldF9pZCI6MTUyMTUyNjQzMjY5MzMwMSwiYXNzZXRfYWdlX2RheXMiOjIwLCJ2aV91c2VjYXNlX2lkIjoxMDA5OSwiZHVyYXRpb25fcyI6NTEsInVybGdlbl9zb3VyY2UiOiJ3d3cifQ%3D%3D&ccb=17-1&vs=f1343817eb0fec52&_nc_vs=HBksFQIYUmlnX3hwdl9yZWVsc19wZXJtYW5lbnRfc3JfcHJvZC82OTQwNDFBQ0ZDQzkxQTU3MEIwOTAyNjE3NjJDMTE4Ml92aWRlb19kYXNoaW5pdC5tcDQVAALIARIAFQIYUWlnX3hwdl9wbGFjZW1lbnRfcGVybWFuZW50X3YyL0E5NEYwRkY5NTE2MEZCNDBDMzY5N0M5MEUxMUQ0RUIwX2F1ZGlvX2Rhc2hpbml0Lm1wNBUCAsgBEgAoABgAGwKIB3VzZV9vaWwBMRJwcm9ncmVzc2l2ZV9yZWNpcGUBMRUAACbq8Muov_SzBRUCKAJDMywXQEmqn752yLQYEmRhc2hfYmFzZWxpbmVfMV92MREAdf4HZeadAQA&_nc_gid=Bg0XdCZculOZcaEaRCXlIg&_nc_ss=7a3ba&_nc_zt=28&oh=00_Af_Aqqlo_KYQze3paOgnuxlsU8NqLwUFY1Pq-ZgsamPLIw&oe=6A357981"
"夏天養膚更重要了，到留言拿優惠🍀
台灣的夏天潮濕悶熱還有空汙
毛孔全部都塞住了
變成要做好角質管理
但如果太常去角質 或太刺激的產品
皮膚根本受不了
最近找的一款 連敏感肌都可以常使用的去角質潔膚棒
@hiddifftw之前就很喜歡他們其他產品
這次又再度讓人驚艷
不只是去角質還同時是在做保養
對於懶惰成性的我 或者是時間太忙碌了人
真的都是一舉兩得
必須要說一次
綠珍珠D-泛醇3%高濃縮水精華跟綠珍珠酪梨
修護乳霜 真的是水光肌的好朋友
想要跟歐膩一樣的水嫩肌膚 非常推推喔
@hidiff.tw
#히디프 #hidiff #綠珍珠系列 #韓國保養 #去角質棉棒",,,,,,,,,,,,,,,,,,,,,,,,,,,,,,,,,,,,,,,,,,,,,,,,,,,,,,,,,,,,,,,,,,,,,,,,,,,,,,,,,,,,,,,,,,,,,,,,,,,,,,,,,,,,,,,,,,,,,,,,,,,,,,,,,,,,,,,,,,,,,,,,,,,,,,,,,,,,,,,,,,,,,,,,,,,,,,,,,,,,,,,,,,,,,,,,,,,,,,,,,,,,,,,,,,,,,,,,,,,,,,,,,,,,,,,,,,,,,,,,,,,,,,,,,,,,,,,,,,,,,,,,,,,,,,,,,,,,,,,,,,,,,,,,,,,,,,,,,,,,,,,,,,,,,,,,,,,,,,,,,,,,,,,,,,,,,,,,,,,,,,,,,,,,,,,,,,,,,,,,,,,,,,,,,,,,"3","1280","720","https://scontent-iad6-1.cdninstagram.com/v/t51.82787-15/708450539_18094255037244702_2031229180341066205_n.jpg?stp=dst-jpg_e15_p750x750_tt6&_nc_cat=107&ig_cache_key=MzkwNjk5NjMyODE4NTAwNzgxMzE4MDk0MjU1MDM0MjQ0NzAy.3-ccb7-5&ccb=7-5&_nc_sid=58cdad&efg=eyJ2ZW5jb2RlX3RhZyI6IkNMSVBTLnhwaWRzLjkwMi5zZHIudmlkZW9fZGVmYXVsdF9jb3Zlcl9mcmFtZS5DMyJ9&_nc_ohc=Bj_spCVoY3AQ7kNvwFm4p1d&_nc_oc=AdouTVZI1WFTkcmA1jM-Y6LuIi-438JaHULu33JRv60U8ZpZnATOfCRKMQxq5XkSY2I&_nc_ad=z-m&_nc_cid=0&_nc_zt=23&_nc_ht=scontent-iad6-1.cdninstagram.com&_nc_gid=Bg0XdCZculOZcaEaRCXlIg&_nc_ss=7a3ba&oh=00_Af8t6e_v9pYv_RRC7TO9v1hJEarqzz05nE6ehYyWMwoMAQ&oe=6A399D28",,,"","히디프","hidiff","綠珍珠系列","韓國保養","去角質棉棒","3906996328185007813","3373",,,,,,,,,,,,,,,"https://www.instagram.com/hidiff.tw/",,"-1",,"hiddifftw之前就很喜歡他們其他產品","hidiff.tw","elianaliuliu",,"27028742500153170",,,,,,,,,,,,,,,,,,,,,,,,,,,,,,,,,,,,,,,,,,,,,,,,,,,,,,,,,,,,,,,,,,,"false","","Original audio","true","曉 Eliana（小羊）","37232036701","elianaliuliu","true","clips","DY4cHXYOQ7F","hidiff.tw","80015491870","false","false",,"https://scontent-iad3-1.cdninstagram.com/v/t51.82787-19/615343798_17845310625667871_7065812407261479699_n.jpg?stp=dst-jpg_e0_s150x150_tt6&efg=eyJ2ZW5jb2RlX3RhZyI6InByb2ZpbGVfcGljLmRqYW5nby43OTYuYzIifQ&_nc_ht=scontent-iad3-1.cdninstagram.com&_nc_cat=1&_nc_oc=Q6cZ2gHZdplpVHen7aNSkCdKFsQJeZfX37mycNdQkWgFQsIIzie3Ludq1dAqAXi3nZsbWrc&_nc_ohc=CmgFRSIfk20Q7kNvwE-SmCD&_nc_gid=Bg0XdCZculOZcaEaRCXlIg&edm=APGXKFABAAAA&ccb=7-5&ig_cache_key=GLZmrSQf278oN2Y-ABNDXrjyzg5ibmNDAQAB1501500j-ccb7-5&oh=00_Af8513YorQkEYFoqDVVr8vPypSL0-PSY8uBopcAskHp7sA&oe=6A399CDC&_nc_sid=a8b8e2",,"hidiff.tw",,,,,,,,,"2026-05-28T12:13:17.000Z","Video","https://www.instagram.com/p/DY4cHXYOQ7F/","64.50299835205078","3878","https://scontent-iad3-1.cdninstagram.com/o1/v/t2/f2/m86/AQNHGlWUIKx3s0NjOBalqBl4IT07AF8ca9aSZLSZ-UCQYEfV04-Nx0WFw8kUKwqNTmC9OPFnEgO_lDGOzVTplYu-ESoKAK55slBRVw4.mp4?_nc_cat=104&_nc_sid=5e9851&_nc_ht=scontent-iad3-1.cdninstagram.com&_nc_ohc=JR7EEYt0CJsQ7kNvwGLQFfk&efg=eyJ2ZW5jb2RlX3RhZyI6Inhwdl9wcm9ncmVzc2l2ZS5JTlNUQUdSQU0uQ0xJUFMuQzMuNzIwLmRhc2hfYmFzZWxpbmVfMV92MSIsInhwdl9hc3NldF9pZCI6MTAwODEyMzMwMTY1OTIxMCwiYXNzZXRfYWdlX2RheXMiOjIwLCJ2aV91c2VjYXNlX2lkIjoxMDA5OSwiZHVyYXRpb25fcyI6NjQsInVybGdlbl9zb3VyY2UiOiJ3d3cifQ%3D%3D&ccb=17-1&vs=4dfc15b6ea3bd632&_nc_vs=HBksFQIYUmlnX3hwdl9yZWVsc19wZXJtYW5lbnRfc3JfcHJvZC9DNjQ5ODE3NkZGNUM4REM2MkVBRjg0NTQ5MUM2QjZBOF92aWRlb19kYXNoaW5pdC5tcDQVAALIARIAFQIYUWlnX3hwdl9wbGFjZW1lbnRfcGVybWFuZW50X3YyLzM4NDM1RjA2ODU4NTRENTU3RkQwNjNDNjc1NDI4MDg3X2F1ZGlvX2Rhc2hpbml0Lm1wNBUCAsgBEgAoABgAGwKIB3VzZV9vaWwBMRJwcm9ncmVzc2l2ZV9yZWNpcGUBMRUAACaUicj0v7jKAxUCKAJDMywXQFAgAAAAAAAYEmRhc2hfYmFzZWxpbmVfMV92MREAdf4HZeadAQA&_nc_gid=Bg0XdCZculOZcaEaRCXlIg&_nc_ss=7a3ba&_nc_zt=28&oh=00_Af_aYXw0GNSnypPWNImNWb5NYmSyuuuPVNW47JcH6nhvxw&oe=6A357D45"
"使用心得👇輸入優惠碼hidiff01享95折專屬優惠💅
 
之前去英國保養品沒有帶很多，行李夠擠了，最後就只帶了韓國品牌Hidiff 的這三個保養品。

那瓶泡泡化妝水我其實蠻喜歡的！按出來是泡泡，但一推開就會化成水。我通常會在眼下還有其他容易大脫皮的地方疊擦兩層。

那瓶泛醇精華我自己最喜歡的是它吸收很快，擦完臉保濕力夠卻完全不黏膩。

最後那條面霜看起來很滋潤，但其實不會悶，裡面有酪梨油跟堅果油，所以保濕度很夠。我自己會在晚上多擦一點，等於幫皮膚蓋一層保濕膜。當時英國室內都有暖氣，原本很怕皮膚乾到崩潰，但用了它之後，隔天早上起床臉還是水嫩的！

整體用下來，除了面霜比較建議留在台灣冬天用之外，其他兩款產品我覺得在台灣的四季都很全能、可以用！

#MHidiff #綠珍珠D泛醇3%高濃縮水精華 #綠珍珠潤肌泡泡化妝水 #綠珍珠酪梨修護乳霜","","0","4096","3075","https://scontent-iad6-1.cdninstagram.com/v/t51.82787-15/708333402_18410376406180509_7336625981943127096_n.jpg?stp=dst-jpg_e35_tt6&_nc_cat=102&ig_cache_key=MzkwNjk4OTM2NzU0MTM1MzU4MQ%3D%3D.3-ccb7-5&ccb=7-5&_nc_sid=58cdad&efg=eyJ2ZW5jb2RlX3RhZyI6IkNBUk9VU0VMX0lURU0ueHBpZHMuMzA3NS5zZHIucmVndWxhcl9waG90by5DMyJ9&_nc_ohc=RTiwiZY-QQYQ7kNvwFfs6SR&_nc_oc=Adpf0Ke6svgPd6-h8GiIg9kqR6zyeEHIPY_TJKuCtUrvxp9j-Wzungo9km2CzEyPBwE&_nc_ad=z-m&_nc_cid=0&_nc_zt=23&se=8&_nc_ht=scontent-iad6-1.cdninstagram.com&_nc_gid=Bg0XdCZculOZcaEaRCXlIg&_nc_ss=7a3ba&oh=00_Af_vD2Vhe_JjUucW0y-acSSIo-RLQPyB1C5RM9LzRMeaww&oe=6A398619","","3906989367541353581","carousel_item","hidiff.tw","80015491870","false","false","3808232826123310266","https://scontent-iad3-1.cdninstagram.com/v/t51.82787-19/615343798_17845310625667871_7065812407261479699_n.jpg?stp=dst-jpg_e0_s150x150_tt6&efg=eyJ2ZW5jb2RlX3RhZyI6InByb2ZpbGVfcGljLmRqYW5nby43OTYuYzIifQ&_nc_ht=scontent-iad3-1.cdninstagram.com&_nc_cat=1&_nc_oc=Q6cZ2gHZdplpVHen7aNSkCdKFsQJeZfX37mycNdQkWgFQsIIzie3Ludq1dAqAXi3nZsbWrc&_nc_ohc=CmgFRSIfk20Q7kNvwE-SmCD&_nc_gid=Bg0XdCZculOZcaEaRCXlIg&edm=APGXKFABAAAA&ccb=7-5&ig_cache_key=GLZmrSQf278oN2Y-ABNDXrjyzg5ibmNDAQAB1501500j-ccb7-5&oh=00_Af8513YorQkEYFoqDVVr8vPypSL0-PSY8uBopcAskHp7sA&oe=6A399CDC&_nc_sid=a8b8e2","hidiff.tw",,,,,,,,"2026-05-28T12:00:41.000Z","Image",,,"","0","4096","3077","https://scontent-iad6-1.cdninstagram.com/v/t51.82787-15/709679856_18410376415180509_654756164058609514_n.jpg?stp=dst-jpg_e35_tt6&_nc_cat=109&ig_cache_key=MzkwNjk4OTM3Mjg1MTEzMTg2Mw%3D%3D.3-ccb7-5&ccb=7-5&_nc_sid=58cdad&efg=eyJ2ZW5jb2RlX3RhZyI6IkNBUk9VU0VMX0lURU0ueHBpZHMuMzA3Ny5zZHIucmVndWxhcl9waG90by5DMyJ9&_nc_ohc=-RuOeHUFexYQ7kNvwH_YyPZ&_nc_oc=AdpmFz3Wx9IFIdOPycOY8J0u46et467qS4A-YXWnA3K0MVu49ckh6Ln9k7-hzEudYPA&_nc_ad=z-m&_nc_cid=0&_nc_zt=23&se=8&_nc_ht=scontent-iad6-1.cdninstagram.com&_nc_gid=Bg0XdCZculOZcaEaRCXlIg&_nc_ss=7a3ba&oh=00_Af__lmpHAbz1w1UXvGjSgv7nNjKjITxQS2Nd7ZMuM4shmA&oe=6A396A6F","","3906989372851131863","carousel_item",,,,,,,,,,,,,,,"2026-05-28T12:00:41.000Z","Image",,,"","0","3020","2268","https://scontent-iad3-2.cdninstagram.com/v/t51.82787-15/708363502_18410376442180509_7407964478642091510_n.jpg?stp=dst-jpegr_e35_tt6&_nc_cat=105&ig_cache_key=MzkwNjk4OTQ3NzIxMzgyMTI1MQ%3D%3D.3-ccb7-5&ccb=7-5&_nc_sid=58cdad&efg=eyJ2ZW5jb2RlX3RhZyI6IkNBUk9VU0VMX0lURU0ueHBpZHMuMjI2OC5oZHIucmVndWxhcl9waG90by5DMyJ9&_nc_ohc=-LxdN3uo1Z4Q7kNvwGth5wA&_nc_oc=AdrXSz0GCJ8EThYzbK_GGO4zSFuhCLRXlQvghUQnN_D86rtXIbj3sGspkFp66MNNO3I&_nc_ad=z-m&_nc_cid=0&_nc_zt=23&se=8&_nc_ht=scontent-iad3-2.cdninstagram.com&_nc_gid=Bg0XdCZculOZcaEaRCXlIg&_nc_ss=7a3ba&oh=00_Af8cXGGyC0WPZWgKTg-iiNPgafw8sfcedqalqN2a3KQ-Ww&oe=6A397305","","3906989477213821251","carousel_item",,,,,,,,,,,,,,,"2026-05-28T12:00:41.000Z","Image",,,"","0","4096","3075","https://scontent-iad6-1.cdninstagram.com/v/t51.82787-15/709723635_18410376457180509_6611133168868804048_n.jpg?stp=dst-jpg_e35_tt6&_nc_cat=107&ig_cache_key=MzkwNjk4OTQ4MjQ1Njc4NDc0Ng%3D%3D.3-ccb7-5&ccb=7-5&_nc_sid=58cdad&efg=eyJ2ZW5jb2RlX3RhZyI6IkNBUk9VU0VMX0lURU0ueHBpZHMuMzA3NS5zZHIucmVndWxhcl9waG90by5DMyJ9&_nc_ohc=avxPgQyifu4Q7kNvwEaGiXJ&_nc_oc=AdpwvFxcCkRygUew6p3aTLCb-PK1hIsJ2o90qLdl3T9LJ3Iq8SvPWFXhanlaAoS5g8Q&_nc_ad=z-m&_nc_cid=0&_nc_zt=23&se=8&_nc_ht=scontent-iad6-1.cdninstagram.com&_nc_gid=Bg0XdCZculOZcaEaRCXlIg&_nc_ss=7a3ba&oh=00_Af_fKaqxY9x0w4xgGrOuAjn8Ys8Dhm8WFaVS0LDNyk0EXA&oe=6A3995F5","","3906989482456784746","carousel_item",,,,,,,,,,,,,,,"2026-05-28T12:00:41.000Z","Image",,,"","0","1278","960","https://scontent-iad3-1.cdninstagram.com/v/t51.82787-15/708442415_18410376424180509_662932654944194669_n.jpg?stp=dst-jpg_e15_tt6&_nc_cat=110&ig_cache_key=MzkwNjk4OTM2NDUyMTA1MDI0Ng%3D%3D.3-ccb7-5&ccb=7-5&_nc_sid=58cdad&efg=eyJ2ZW5jb2RlX3RhZyI6IkNBUk9VU0VMX0lURU0ueHBpZHMuNzIwLnNkci52aWRlb19kZWZhdWx0X2NvdmVyX2ZyYW1lLkMzIn0%3D&_nc_ohc=anr_qYJR6eIQ7kNvwFLr8RM&_nc_oc=Adoidg4Q7jJwlR97rZ4_pfibXMecUEFQzrjvQpy4ZLwSNm5spfEMFqmubcissc2x0Ck&_nc_ad=z-m&_nc_cid=0&_nc_zt=23&_nc_ht=scontent-iad3-1.cdninstagram.com&_nc_gid=Bg0XdCZculOZcaEaRCXlIg&_nc_ss=7a3ba&oh=00_Af--mZwJriQ2lTbyzFaQB7fTKuQm1FxspEeCog23zqURYg&oe=6A398EFB","","3906989364521050246","carousel_item",,,,,,,,,,,,,,,"2026-05-28T12:00:41.000Z","Video","3.2660000324249268","https://scontent-iad6-1.cdninstagram.com/o1/v/t16/f2/m84/AQMTxIW7yNOTsqfjR_0xXDFNDYHaWxDHZbR-Se_gL7xvWlKOs_KTNLxJLgydtaEdVvDf6nN5oszauteRhH1JProwXUhNQEHrEQjrY2U.mp4?_nc_cat=107&_nc_sid=5e9851&_nc_ht=scontent-iad6-1.cdninstagram.com&_nc_ohc=AcxCEtNwvOoQ7kNvwFj41ca&efg=eyJ2ZW5jb2RlX3RhZyI6Inhwdl9wcm9ncmVzc2l2ZS5JTlNUQUdSQU0uQ0FST1VTRUxfSVRFTS5DMy43MjAuZGFzaF9iYXNlbGluZV8xX3YxIiwieHB2X2Fzc2V0X2lkIjoxNzk3MDMxODk3ODExMTE3OCwiYXNzZXRfYWdlX2RheXMiOjIwLCJ2aV91c2VjYXNlX2lkIjoxMDE0NiwiZHVyYXRpb25fcyI6MywidXJsZ2VuX3NvdXJjZSI6Ind3dyJ9&ccb=17-1&vs=8ba297fd2b4610dc&_nc_vs=HBkcFQIYTGlnX2JhY2tmaWxsX3RpbWVsaW5lX3ZvZC8yMTQ2MzExMTY5OEFDMEYwQzA5N0RCRTFBMjJGNEJBNF92aWRlb19kYXNoaW5pdC5tcDQVAALIARIAKAAYABsCiAd1c2Vfb2lsATEScHJvZ3Jlc3NpdmVfcmVjaXBlATEVAAAmlNuG85366z8VAigCQzMsF0AKIMSbpeNUGBJkYXNoX2Jhc2VsaW5lXzFfdjERAHXuB2XEngEA&_nc_gid=Bg0XdCZculOZcaEaRCXlIg&_nc_ss=7a3ba&_nc_zt=28&oh=00_Af8qq5apWKFilKs7O0t6seN3FFY5DyWCgG2rMtfz4FQNaA&oe=6A359021","","0","1278","960","https://scontent-iad6-1.cdninstagram.com/v/t51.82787-15/708468962_18410376469180509_7777821511201352123_n.jpg?stp=dst-jpg_e15_tt6&_nc_cat=102&ig_cache_key=MzkwNjk4OTQ3MzM5Njc1OTE1OQ%3D%3D.3-ccb7-5&ccb=7-5&_nc_sid=58cdad&efg=eyJ2ZW5jb2RlX3RhZyI6IkNBUk9VU0VMX0lURU0ueHBpZHMuNzIwLnNkci52aWRlb19kZWZhdWx0X2NvdmVyX2ZyYW1lLkMzIn0%3D&_nc_ohc=C9xixu2yce0Q7kNvwHIW7tS&_nc_oc=Adpu6y2_6pzGTqzhzdfqr-t4XQ5TnMOIw_OJk4T2egWCPfGOW5X2_xGt06QvtmNf9BQ&_nc_ad=z-m&_nc_cid=0&_nc_zt=23&_nc_ht=scontent-iad6-1.cdninstagram.com&_nc_gid=Bg0XdCZculOZcaEaRCXlIg&_nc_ss=7a3ba&oh=00_Af-w3J24aNvsOnseinWK1qa2ntyz_6OjNrlZzTy6djrA1Q&oe=6A398C9D","","3906989473396759159","carousel_item",,,,,,,,,,,,,,,"2026-05-28T12:00:41.000Z","Video","7","https://scontent-iad3-1.cdninstagram.com/o1/v/t16/f2/m84/AQMtXFthdOdQAlq-i3fg8j6qLxDbEKucCkN3O7L9zx54FaSzT8ou9txfvL2ongNv20DBOdRKX4xBs1Oah97hd9NSxmPnButxoQWMjNc.mp4?_nc_cat=108&_nc_sid=5e9851&_nc_ht=scontent-iad3-1.cdninstagram.com&_nc_ohc=uvAwI_i0kbUQ7kNvwFE_PAv&efg=eyJ2ZW5jb2RlX3RhZyI6Inhwdl9wcm9ncmVzc2l2ZS5JTlNUQUdSQU0uQ0FST1VTRUxfSVRFTS5DMy43MjAuZGFzaF9iYXNlbGluZV8xX3YxIiwieHB2X2Fzc2V0X2lkIjoxNzk3MDMxOTIyNzExMTE3OCwiYXNzZXRfYWdlX2RheXMiOjIwLCJ2aV91c2VjYXNlX2lkIjoxMDE0NiwiZHVyYXRpb25fcyI6NywidXJsZ2VuX3NvdXJjZSI6Ind3dyJ9&ccb=17-1&vs=3fecb03684234890&_nc_vs=HBkcFQIYTGlnX2JhY2tmaWxsX3RpbWVsaW5lX3ZvZC82RjQzQzA0Q0M5OTM2NEVBREQ3RDc1MEUzMUI3MDg4Rl92aWRlb19kYXNoaW5pdC5tcDQVAALIARIAKAAYABsCiAd1c2Vfb2lsATEScHJvZ3Jlc3NpdmVfcmVjaXBlATEVAAAmlJzC4J_66z8VAigCQzMsF0AcIcrAgxJvGBJkYXNoX2Jhc2VsaW5lXzFfdjERAHXuB2XEngEA&_nc_gid=Bg0XdCZculOZcaEaRCXlIg&_nc_ss=7a3ba&_nc_zt=28&oh=00_Af9unm2khEvQaOd_ssXbV2Kvkge4JeUPBa2AH-JI3s4XpA&oe=6A358664","","0","3020","2268","https://scontent-iad6-1.cdninstagram.com/v/t51.82787-15/709708879_18410376460180509_8313226963581836225_n.jpg?stp=dst-jpegr_e35_tt6&_nc_cat=100&ig_cache_key=MzkwNjk4OTQ4NTcxOTg3MTQzOQ%3D%3D.3-ccb7-5&ccb=7-5&_nc_sid=58cdad&efg=eyJ2ZW5jb2RlX3RhZyI6IkNBUk9VU0VMX0lURU0ueHBpZHMuMjI2OC5oZHIucmVndWxhcl9waG90by5DMyJ9&_nc_ohc=K7dBhh2BjikQ7kNvwETMxIc&_nc_oc=AdrRoOjd21YYVQ5MtCW1MW6pkdb58Alf0SPIOSZ19Az1fcJHqq4bxQTTMkri07W24ik&_nc_ad=z-m&_nc_cid=0&_nc_zt=23&se=8&_nc_ht=scontent-iad6-1.cdninstagram.com&_nc_gid=Bg0XdCZculOZcaEaRCXlIg&_nc_ss=7a3ba&oh=00_Af_yV3XlADp1pwuPrz_-nTcmI9ryJ-QSS4-OzGE2Cz2ssQ&oe=6A397828","","3906989485719871439","carousel_item",,,,,,,,,,,,,,,"2026-05-28T12:00:41.000Z","Image",,,,,,,,,,,,,,,,,,,,,,,,,,,,,,,,,,,,,,,,,,,,,,,,,,,,,,,,,,,,,,,,,,,,,,,,,,,,,,,,,,,,,,,,,,,,,,,,,,,,,,,,,,,,,,,,,,,,,,,,,,,,,,,,,,,,,,,,,,,,,,,,,,,,,,,,,,,,,,,,,,,,,,,,,,,,,,,,,,,,,,,,,,,,,,,,"3","4096","3075","https://scontent-iad6-1.cdninstagram.com/v/t51.82787-15/708333402_18410376406180509_7336625981943127096_n.jpg?stp=dst-jpg_e35_tt6&_nc_cat=102&ig_cache_key=MzkwNjk4OTM2NzU0MTM1MzU4MQ%3D%3D.3-ccb7-5&ccb=7-5&_nc_sid=58cdad&efg=eyJ2ZW5jb2RlX3RhZyI6IkNBUk9VU0VMX0lURU0ueHBpZHMuMzA3NS5zZHIucmVndWxhcl9waG90by5DMyJ9&_nc_ohc=RTiwiZY-QQYQ7kNvwFfs6SR&_nc_oc=Adpf0Ke6svgPd6-h8GiIg9kqR6zyeEHIPY_TJKuCtUrvxp9j-Wzungo9km2CzEyPBwE&_nc_ad=z-m&_nc_cid=0&_nc_zt=23&se=8&_nc_ht=scontent-iad6-1.cdninstagram.com&_nc_gid=Bg0XdCZculOZcaEaRCXlIg&_nc_ss=7a3ba&oh=00_Af_vD2Vhe_JjUucW0y-acSSIo-RLQPyB1C5RM9LzRMeaww&oe=6A398619",,,"","MHidiff","綠珍珠D泛醇3%高濃縮水精華","綠珍珠潤肌泡泡化妝水","綠珍珠酪梨修護乳霜",,"3906991001213957556",,"https://scontent-iad6-1.cdninstagram.com/v/t51.82787-15/708333402_18410376406180509_7336625981943127096_n.jpg?stp=dst-jpg_e35_tt6&_nc_cat=102&ig_cache_key=MzkwNjk4OTM2NzU0MTM1MzU4MQ%3D%3D.3-ccb7-5&ccb=7-5&_nc_sid=58cdad&efg=eyJ2ZW5jb2RlX3RhZyI6IkNBUk9VU0VMX0lURU0ueHBpZHMuMzA3NS5zZHIucmVndWxhcl9waG90by5DMyJ9&_nc_ohc=RTiwiZY-QQYQ7kNvwFfs6SR&_nc_oc=Adpf0Ke6svgPd6-h8GiIg9kqR6zyeEHIPY_TJKuCtUrvxp9j-Wzungo9km2CzEyPBwE&_nc_ad=z-m&_nc_cid=0&_nc_zt=23&se=8&_nc_ht=scontent-iad6-1.cdninstagram.com&_nc_gid=Bg0XdCZculOZcaEaRCXlIg&_nc_ss=7a3ba&oh=00_Af_vD2Vhe_JjUucW0y-acSSIo-RLQPyB1C5RM9LzRMeaww&oe=6A398619","https://scontent-iad6-1.cdninstagram.com/v/t51.82787-15/709679856_18410376415180509_654756164058609514_n.jpg?stp=dst-jpg_e35_tt6&_nc_cat=109&ig_cache_key=MzkwNjk4OTM3Mjg1MTEzMTg2Mw%3D%3D.3-ccb7-5&ccb=7-5&_nc_sid=58cdad&efg=eyJ2ZW5jb2RlX3RhZyI6IkNBUk9VU0VMX0lURU0ueHBpZHMuMzA3Ny5zZHIucmVndWxhcl9waG90by5DMyJ9&_nc_ohc=-RuOeHUFexYQ7kNvwH_YyPZ&_nc_oc=AdpmFz3Wx9IFIdOPycOY8J0u46et467qS4A-YXWnA3K0MVu49ckh6Ln9k7-hzEudYPA&_nc_ad=z-m&_nc_cid=0&_nc_zt=23&se=8&_nc_ht=scontent-iad6-1.cdninstagram.com&_nc_gid=Bg0XdCZculOZcaEaRCXlIg&_nc_ss=7a3ba&oh=00_Af__lmpHAbz1w1UXvGjSgv7nNjKjITxQS2Nd7ZMuM4shmA&oe=6A396A6F","https://scontent-iad3-2.cdninstagram.com/v/t51.82787-15/708363502_18410376442180509_7407964478642091510_n.jpg?stp=dst-jpegr_e35_tt6&_nc_cat=105&ig_cache_key=MzkwNjk4OTQ3NzIxMzgyMTI1MQ%3D%3D.3-ccb7-5&ccb=7-5&_nc_sid=58cdad&efg=eyJ2ZW5jb2RlX3RhZyI6IkNBUk9VU0VMX0lURU0ueHBpZHMuMjI2OC5oZHIucmVndWxhcl9waG90by5DMyJ9&_nc_ohc=-LxdN3uo1Z4Q7kNvwGth5wA&_nc_oc=AdrXSz0GCJ8EThYzbK_GGO4zSFuhCLRXlQvghUQnN_D86rtXIbj3sGspkFp66MNNO3I&_nc_ad=z-m&_nc_cid=0&_nc_zt=23&se=8&_nc_ht=scontent-iad3-2.cdninstagram.com&_nc_gid=Bg0XdCZculOZcaEaRCXlIg&_nc_ss=7a3ba&oh=00_Af8cXGGyC0WPZWgKTg-iiNPgafw8sfcedqalqN2a3KQ-Ww&oe=6A397305","https://scontent-iad6-1.cdninstagram.com/v/t51.82787-15/709723635_18410376457180509_6611133168868804048_n.jpg?stp=dst-jpg_e35_tt6&_nc_cat=107&ig_cache_key=MzkwNjk4OTQ4MjQ1Njc4NDc0Ng%3D%3D.3-ccb7-5&ccb=7-5&_nc_sid=58cdad&efg=eyJ2ZW5jb2RlX3RhZyI6IkNBUk9VU0VMX0lURU0ueHBpZHMuMzA3NS5zZHIucmVndWxhcl9waG90by5DMyJ9&_nc_ohc=avxPgQyifu4Q7kNvwEaGiXJ&_nc_oc=AdpwvFxcCkRygUew6p3aTLCb-PK1hIsJ2o90qLdl3T9LJ3Iq8SvPWFXhanlaAoS5g8Q&_nc_ad=z-m&_nc_cid=0&_nc_zt=23&se=8&_nc_ht=scontent-iad6-1.cdninstagram.com&_nc_gid=Bg0XdCZculOZcaEaRCXlIg&_nc_ss=7a3ba&oh=00_Af_fKaqxY9x0w4xgGrOuAjn8Ys8Dhm8WFaVS0LDNyk0EXA&oe=6A3995F5","https://scontent-iad3-1.cdninstagram.com/v/t51.82787-15/708442415_18410376424180509_662932654944194669_n.jpg?stp=dst-jpg_e15_tt6&_nc_cat=110&ig_cache_key=MzkwNjk4OTM2NDUyMTA1MDI0Ng%3D%3D.3-ccb7-5&ccb=7-5&_nc_sid=58cdad&efg=eyJ2ZW5jb2RlX3RhZyI6IkNBUk9VU0VMX0lURU0ueHBpZHMuNzIwLnNkci52aWRlb19kZWZhdWx0X2NvdmVyX2ZyYW1lLkMzIn0%3D&_nc_ohc=anr_qYJR6eIQ7kNvwFLr8RM&_nc_oc=Adoidg4Q7jJwlR97rZ4_pfibXMecUEFQzrjvQpy4ZLwSNm5spfEMFqmubcissc2x0Ck&_nc_ad=z-m&_nc_cid=0&_nc_zt=23&_nc_ht=scontent-iad3-1.cdninstagram.com&_nc_gid=Bg0XdCZculOZcaEaRCXlIg&_nc_ss=7a3ba&oh=00_Af--mZwJriQ2lTbyzFaQB7fTKuQm1FxspEeCog23zqURYg&oe=6A398EFB","https://scontent-iad6-1.cdninstagram.com/v/t51.82787-15/708468962_18410376469180509_7777821511201352123_n.jpg?stp=dst-jpg_e15_tt6&_nc_cat=102&ig_cache_key=MzkwNjk4OTQ3MzM5Njc1OTE1OQ%3D%3D.3-ccb7-5&ccb=7-5&_nc_sid=58cdad&efg=eyJ2ZW5jb2RlX3RhZyI6IkNBUk9VU0VMX0lURU0ueHBpZHMuNzIwLnNkci52aWRlb19kZWZhdWx0X2NvdmVyX2ZyYW1lLkMzIn0%3D&_nc_ohc=C9xixu2yce0Q7kNvwHIW7tS&_nc_oc=Adpu6y2_6pzGTqzhzdfqr-t4XQ5TnMOIw_OJk4T2egWCPfGOW5X2_xGt06QvtmNf9BQ&_nc_ad=z-m&_nc_cid=0&_nc_zt=23&_nc_ht=scontent-iad6-1.cdninstagram.com&_nc_gid=Bg0XdCZculOZcaEaRCXlIg&_nc_ss=7a3ba&oh=00_Af-w3J24aNvsOnseinWK1qa2ntyz_6OjNrlZzTy6djrA1Q&oe=6A398C9D","https://scontent-iad6-1.cdninstagram.com/v/t51.82787-15/709708879_18410376460180509_8313226963581836225_n.jpg?stp=dst-jpegr_e35_tt6&_nc_cat=100&ig_cache_key=MzkwNjk4OTQ4NTcxOTg3MTQzOQ%3D%3D.3-ccb7-5&ccb=7-5&_nc_sid=58cdad&efg=eyJ2ZW5jb2RlX3RhZyI6IkNBUk9VU0VMX0lURU0ueHBpZHMuMjI2OC5oZHIucmVndWxhcl9waG90by5DMyJ9&_nc_ohc=K7dBhh2BjikQ7kNvwETMxIc&_nc_oc=AdrRoOjd21YYVQ5MtCW1MW6pkdb58Alf0SPIOSZ19Az1fcJHqq4bxQTTMkri07W24ik&_nc_ad=z-m&_nc_cid=0&_nc_zt=23&se=8&_nc_ht=scontent-iad6-1.cdninstagram.com&_nc_gid=Bg0XdCZculOZcaEaRCXlIg&_nc_ss=7a3ba&oh=00_Af_yV3XlADp1pwuPrz_-nTcmI9ryJ-QSS4-OzGE2Cz2ssQ&oe=6A397828",,,,,,,,"https://www.instagram.com/hidiff.tw/",,"123",,,,,"18447952576102258",,"licensed_music",,"18447952576102256","true","1419507995923645","4112078002342328",,"https://scontent-iad3-1.cdninstagram.com/v/t39.30808-6/615325907_71060719904758_1162098624784872393_n.jpg?stp=dst-jpg_s168x128_tt6&_nc_cat=1&ccb=7-5&_nc_sid=2f2557&_nc_ohc=zrE2uxyvK3UQ7kNvwGTJsW3&_nc_oc=AdpqF6s0HWujRHdEh8Dp5XUEsT0Q1Lvkbzc_BEvT1qHdJ2qZ3ZtV0jrZITthbQwxW7o&_nc_ad=z-m&_nc_cid=0&_nc_zt=23&_nc_ht=scontent-iad3-1.cdninstagram.com&_nc_gid=Bg0XdCZculOZcaEaRCXlIg&_nc_ss=7039b&oh=00_Af8kXKgtE4c7LiIdepEcrBj-jd-RIxQ2zNV44WBiUwbWeQ&oe=6A399D40","https://scontent-iad3-1.cdninstagram.com/v/t39.30808-6/615325907_71060719904758_1162098624784872393_n.jpg?stp=dst-jpg_s168x128_tt6&_nc_cat=1&ccb=7-5&_nc_sid=2f2557&_nc_ohc=zrE2uxyvK3UQ7kNvwGTJsW3&_nc_oc=AdpqF6s0HWujRHdEh8Dp5XUEsT0Q1Lvkbzc_BEvT1qHdJ2qZ3ZtV0jrZITthbQwxW7o&_nc_ad=z-m&_nc_cid=0&_nc_zt=23&_nc_ht=scontent-iad3-1.cdninstagram.com&_nc_gid=Bg0XdCZculOZcaEaRCXlIg&_nc_ss=7039b&oh=00_Af8kXKgtE4c7LiIdepEcrBj-jd-RIxQ2zNV44WBiUwbWeQ&oe=6A399D40",,"Room.","183759","https://scontent-iad3-1.cdninstagram.com/o1/v/t2/f2/m69/AQNt6df70z5Y1gGbTaezROdF8bWv2EiyfG__fEsg9zMhWua-p32eSPgYXBHPR1eJdHbfhuG5AjaJJ8vmPkEj_CMM.mp4?strext=1&_nc_cat=1&_nc_sid=b66105&_nc_ht=scontent-iad3-1.cdninstagram.com&_nc_ohc=2gtbA8cG64kQ7kNvwE5dDnc&efg=eyJ2ZW5jb2RlX3RhZyI6Inhwdl9wcm9ncmVzc2l2ZS5WSV9VU0VDQVNFX1BST0RVQ1RfVFlQRS4uQzMuMC5kYXNoX2xuX2hlYWFjX3ZicjNfbXB4X2F1ZGlvIiwieHB2X2Fzc2V0X2lkIjo4NTg0NzE5MzAyOTg1NTYsImFzc2V0X2FnZV9kYXlzIjoxNTUsInZpX3VzZWNhc2VfaWQiOjEwNTY4LCJkdXJhdGlvbl9zIjoxODMsInVybGdlbl9zb3VyY2UiOiJ3d3cifQ%3D%3D&ccb=17-1&vs=1c036d2de9fc6f2c&_nc_vs=HBkcFQIYOnBhc3N0aHJvdWdoX2V2ZXJzdG9yZS9HQjRwclNUcEZOMEVfdHdFQUZtMUUwaFRjRG82Ym1FeUFBQUYVAgLIARIAKAAYABsCiAd1c2Vfb2lsATEScHJvZ3Jlc3NpdmVfcmVjaXBlATEVAAAm-IKkp9KxhgMVAigCQzMsF0Bm-Em6XjU_GBxkYXNoX2xuX2hlYWFjX3ZicjNfbXB4X2F1ZGlvEQB1AGWQpQEA&_nc_ss=7039b&_nc_zt=28&oh=00_Af-lSfd59pnNWwenS1EDbACkflsMd_sP8gm1t2MgmBK5Fg&oe=6A398B5D","true","60000","1500","75000","2544485225934803","room__1103","false","true","false","DEFAULT",,"https://scontent-iad3-1.cdninstagram.com/o1/v/t2/f2/m69/AQNt6df70z5Y1gGbTaezROdF8bWv2EiyfG__fEsg9zMhWua-p32eSPgYXBHPR1eJdHbfhuG5AjaJJ8vmPkEj_CMM.mp4?strext=1&_nc_cat=1&_nc_sid=b66105&_nc_ht=scontent-iad3-1.cdninstagram.com&_nc_ohc=2gtbA8cG64kQ7kNvwE5dDnc&efg=eyJ2ZW5jb2RlX3RhZyI6Inhwdl9wcm9ncmVzc2l2ZS5WSV9VU0VDQVNFX1BST0RVQ1RfVFlQRS4uQzMuMC5kYXNoX2xuX2hlYWFjX3ZicjNfbXB4X2F1ZGlvIiwieHB2X2Fzc2V0X2lkIjo4NTg0NzE5MzAyOTg1NTYsImFzc2V0X2FnZV9kYXlzIjoxNTUsInZpX3VzZWNhc2VfaWQiOjEwNTY4LCJkdXJhdGlvbl9zIjoxODMsInVybGdlbl9zb3VyY2UiOiJ3d3cifQ%3D%3D&ccb=17-1&vs=1c036d2de9fc6f2c&_nc_vs=HBkcFQIYOnBhc3N0aHJvdWdoX2V2ZXJzdG9yZS9HQjRwclNUcEZOMEVfdHdFQUZtMUUwaFRjRG82Ym1FeUFBQUYVAgLIARIAKAAYABsCiAd1c2Vfb2lsATEScHJvZ3Jlc3NpdmVfcmVjaXBlATEVAAAm-IKkp9KxhgMVAigCQzMsF0Bm-Em6XjU_GBxkYXNoX2xuX2hlYWFjX3ZicjNfbXB4X2F1ZGlvEQB1AGWQpQEA&_nc_ss=7039b&_nc_zt=28&oh=00_Af-lSfd59pnNWwenS1EDbACkflsMd_sP8gm1t2MgmBK5Fg&oe=6A398B5D",,,,,,"","Sunshine Girl",,"true","60000","false","false","","false",,,"0",,,"Room.","75911020171","false","true","3674431232428815032","https://scontent-iad3-1.cdninstagram.com/v/t51.82787-19/517934882_17843788821532172_6623651586640602032_n.jpg?stp=dst-jpg_e0_s150x150_tt6&efg=eyJ2ZW5jb2RlX3RhZyI6InByb2ZpbGVfcGljLmRqYW5nby40OTkuYzIifQ&_nc_ht=scontent-iad3-1.cdninstagram.com&_nc_cat=108&_nc_oc=Q6cZ2gHZdplpVHen7aNSkCdKFsQJeZfX37mycNdQkWgFQsIIzie3Ludq1dAqAXi3nZsbWrc&_nc_ohc=8Tl2dogCr4wQ7kNvwHEiN8T&_nc_gid=Bg0XdCZculOZcaEaRCXlIg&edm=APGXKFABAAAA&ccb=7-5&ig_cache_key=GCIP3x4MjifW1GQ-ALBjqkEG8OtbbmNDAQAB1501500j-ccb7-5&oh=00_Af-qMHjb3RuDfI8GJPsA5lJ5-QomjjCBNOIdU_mY6MZVXA&oe=6A398DF6&_nc_sid=a8b8e2","room__1103","false","false",,"90000","https://scontent-iad6-1.cdninstagram.com/v/t51.12442-15/43985629_311105916145351_58064759811405776_n.jpg?_nc_ht=scontent-iad6-1.cdninstagram.com&_nc_cat=107&_nc_oc=Q6cZ2gHZdplpVHen7aNSkCdKFsQJeZfX37mycNdQkWgFQsIIzie3Ludq1dAqAXi3nZsbWrc&_nc_ohc=leFGvcZxIc8Q7kNvwGbgaKA&_nc_gid=Bg0XdCZculOZcaEaRCXlIg&edm=APGXKFAAAAAA&ccb=7-5&oh=00_Af8uFl5zGU3MbVymkMC_YFaWmY4AUCRZ2fYkpYsjQejVrQ&oe=6A39877D&_nc_sid=a8b8e2",,,"false","false","",,,,,,,,,,"Peng","5345540508","_uygnep_peng",,"carousel_container","DY4a52QAXW0","hidiff.tw","80015491870","false","false",,"https://scontent-iad3-1.cdninstagram.com/v/t51.82787-19/615343798_17845310625667871_7065812407261479699_n.jpg?stp=dst-jpg_e0_s150x150_tt6&efg=eyJ2ZW5jb2RlX3RhZyI6InByb2ZpbGVfcGljLmRqYW5nby43OTYuYzIifQ&_nc_ht=scontent-iad3-1.cdninstagram.com&_nc_cat=1&_nc_oc=Q6cZ2gHZdplpVHen7aNSkCdKFsQJeZfX37mycNdQkWgFQsIIzie3Ludq1dAqAXi3nZsbWrc&_nc_ohc=CmgFRSIfk20Q7kNvwE-SmCD&_nc_gid=Bg0XdCZculOZcaEaRCXlIg&edm=APGXKFABAAAA&ccb=7-5&ig_cache_key=GLZmrSQf278oN2Y-ABNDXrjyzg5ibmNDAQAB1501500j-ccb7-5&oh=00_Af8513YorQkEYFoqDVVr8vPypSL0-PSY8uBopcAskHp7sA&oe=6A399CDC&_nc_sid=a8b8e2",,"hidiff.tw",,,,,,,,,"2026-05-28T12:00:43.000Z","Sidecar","https://www.instagram.com/p/DY4a52QAXW0/",,"0",
"悶熱的夏天靠它讓臉蛋保持清潔溜溜！到留言拿優惠🍀

台灣的夏天又濕又熱
一天下來臉上會累積不少髒東東
這種時候特別需要角質管理！
以前年輕不懂事亂去角質
產品太刺激臉就直接大泛紅

現在終於找到敏感人也能用的去角質✨
@hidiff.tw 綠珍珠溫和去角質潔膚棒把老廢角質跟髒污帶走
每次用完看到棉棒上的髒污都很有成就感（？

重點是用完再也不泛紅！
精華裡除了AHA去角質成分
還有蜂膠萃取跟B5精華，可以舒緩肌膚

而且棉棒本身超柔軟
鼻翼、下巴這種細節位置也很好滾
完全不會有刮臉的不舒服感

後面我還會再搭配之前推過持續愛用中的
綠珍珠D-泛醇3%高濃縮水精華＋綠珍珠酪梨修護乳霜
把保濕跟修護一起做好

連續用了幾週之後皮膚穩定很多
夏天出油感跟粗糙感也改善不少
素顏看起來會有那種乾淨的水煮蛋肌感🫧

如果你也是敏感肌
但夏天又很想做好角質管理
可以試試看這組🤍

@hidiff.tw 
#히디프 #hidiff#綠珍珠系列",,,,,,,,,,,,,,,,,,,,,,,,,,,,,,,,,,,,,,,,,,,,,,,,,,,,,,,,,,,,,,,,,,,,,,,,,,,,,,,,,,,,,,,,,,,,,,,,,,,,,,,,,,,,,,,,,,,,,,,,,,,,,,,,,,,,,,,,,,,,,,,,,,,,,,,,,,,,,,,,,,,,,,,,,,,,,,,,,,,,,,,,,,,,,,,,,,,,,,,,,,,,,,,,,,,,,,,,,,,,,,,,,,,,,,,,,,,,,,,,,,,,,,,,,,,,,,,,,,,,,,,,,,,,,,,,,,,,,,,,,,,,,,,,,,,,,,,,,,,,,,,,,,,,,,,,,,,,,,,,,,,,,,,,,,,,,,,,,,,,,,,,,,,,,,,,,,,,,,,,,,,,,,,,,,,,"1","1280","720","https://scontent-iad6-1.cdninstagram.com/v/t51.82787-15/707796216_18586877875012269_3617603933182595554_n.jpg?stp=dst-jpg_e35_p750x750_sh2.08_tt6&_nc_cat=102&ig_cache_key=MzkwNjk5MDk2NDE5NTQyNjg3ODE4NTg2ODc3ODc4MDEyMjY5.3-ccb7-5&ccb=7-5&_nc_sid=58cdad&efg=eyJ2ZW5jb2RlX3RhZyI6IkNMSVBTLnhwaWRzLjEyMDYuc2RyLnZpZGVvX2RlZmF1bHRfY292ZXJfZnJhbWUuQzMifQ%3D%3D&_nc_ohc=YxinlKpGNfYQ7kNvwEubBGu&_nc_oc=AdrWhOEFNK6rchfj4ixwWT3LYr1QfJnS_YpGoakiYAETJ3YetpgipjbBsaIEPethbwo&_nc_ad=z-m&_nc_cid=0&_nc_zt=23&_nc_ht=scontent-iad6-1.cdninstagram.com&_nc_gid=Bg0XdCZculOZcaEaRCXlIg&_nc_ss=7a3ba&oh=00_Af8-ogyAOH2wdpUKzkEYxmVvdORgcFkVVQgLtN0Iqsc4oA&oe=6A396775",,,"","히디프","hidiff","綠珍珠系列",,,"3906990964195426878","3243",,,,,,,,,,,,,,,"https://www.instagram.com/hidiff.tw/",,"-1",,"hidiff.tw",,"ianthe.c",,"27218834867712188",,,,,,,,,,,,,,,,,,,,,,,,,,,,,,,,,,,,,,,,,,,,,,,,,,,,,,,,,,,,,,,,,,,"false","","Original audio","true","𝐈𝐚𝐧𝐭𝐡𝐞","503692268","ianthe.c",,"clips","DY4a5Txh4I-","hidiff.tw","80015491870","false","false",,"https://scontent-iad3-1.cdninstagram.com/v/t51.82787-19/615343798_17845310625667871_7065812407261479699_n.jpg?stp=dst-jpg_e0_s150x150_tt6&efg=eyJ2ZW5jb2RlX3RhZyI6InByb2ZpbGVfcGljLmRqYW5nby43OTYuYzIifQ&_nc_ht=scontent-iad3-1.cdninstagram.com&_nc_cat=1&_nc_oc=Q6cZ2gHZdplpVHen7aNSkCdKFsQJeZfX37mycNdQkWgFQsIIzie3Ludq1dAqAXi3nZsbWrc&_nc_ohc=CmgFRSIfk20Q7kNvwE-SmCD&_nc_gid=Bg0XdCZculOZcaEaRCXlIg&edm=APGXKFABAAAA&ccb=7-5&ig_cache_key=GLZmrSQf278oN2Y-ABNDXrjyzg5ibmNDAQAB1501500j-ccb7-5&oh=00_Af8513YorQkEYFoqDVVr8vPypSL0-PSY8uBopcAskHp7sA&oe=6A399CDC&_nc_sid=a8b8e2",,"hidiff.tw",,,,,,,,,"2026-05-28T12:00:10.000Z","Video","https://www.instagram.com/p/DY4a5Txh4I-/","86.5999984741211","3958","https://scontent-iad6-1.cdninstagram.com/o1/v/t2/f2/m86/AQOykl-UzFM-hMQYEYKzaNeLDICGB8PCGuexW8lv5Fls2xTMauTzFv4C4rhkUKFGiL5X09mueR1dH4dZJ5reFBc8lUt7fgFRV_dHk84.mp4?_nc_cat=106&_nc_sid=5e9851&_nc_ht=scontent-iad6-1.cdninstagram.com&_nc_ohc=AWV3pFQZZCAQ7kNvwHxDQX6&efg=eyJ2ZW5jb2RlX3RhZyI6Inhwdl9wcm9ncmVzc2l2ZS5JTlNUQUdSQU0uQ0xJUFMuQzMuNzIwLmRhc2hfYmFzZWxpbmVfMV92MSIsInhwdl9hc3NldF9pZCI6MTkwMDk0OTQ4Mzg5ODc4MCwiYXNzZXRfYWdlX2RheXMiOjIwLCJ2aV91c2VjYXNlX2lkIjoxMDA5OSwiZHVyYXRpb25fcyI6ODYsInVybGdlbl9zb3VyY2UiOiJ3d3cifQ%3D%3D&ccb=17-1&vs=26cd335f25232222&_nc_vs=HBksFQIYUmlnX3hwdl9yZWVsc19wZXJtYW5lbnRfc3JfcHJvZC9GMTQxQTJCOTMzQjA3RDEwNTNFRjJCQkVENTA0MDBCMV92aWRlb19kYXNoaW5pdC5tcDQVAALIARIAFQIYUWlnX3hwdl9wbGFjZW1lbnRfcGVybWFuZW50X3YyLzM3NDgwM0NBQkQ5REZDNTZEOEVCMTMyMzI4RjhGNjgwX2F1ZGlvX2Rhc2hpbml0Lm1wNBUCAsgBEgAoABgAGwKIB3VzZV9vaWwBMRJwcm9ncmVzc2l2ZV9yZWNpcGUBMRUAACa4nsqr6bngBhUCKAJDMywXQFWmZmZmZmYYEmRhc2hfYmFzZWxpbmVfMV92MREAdf4HZeadAQA&_nc_gid=Bg0XdCZculOZcaEaRCXlIg&_nc_ss=7a3ba&_nc_zt=28&oh=00_Af86LNak3KYfvIQF7XVfSzSESW3eVSZN2lheSnzb196glA&oe=6A3591DF"
"鎖住水分🧼曬後密集養膚～到留言拿優惠🍀
夏天要到都會很害怕肌膚大暴走🫨🫯
有時準備牙起來前保養儀式就必須很基本簡單
不繁複堆疊 只給肌膚最需要的純素滋養
每次用綠珍珠潤肌🫧泡泡化妝水都好療癒
吸收後呈現薄膜質地隔天起床臉直接亮一階
再用綠珍珠D-泛醇3%高濃縮精華加強保濕🍋
雖然是精華但質地像水一樣清透！上臉秒吸收
最後用他們家滋潤但不悶的綠珍珠酪梨修護乳霜收尾👌🏻👌🏻
推開非常輕盈☁️在冷氣房裡保濕度剛好不黏膩
生活需要留白之餘肌膚先去跟風這套減法保養🌳
@hidiff.tw
#히디프 #hidiff#綠珍珠系列",,,,,,,,,,,,,,,,,,,,,,,,,,,,,,,,,,,,,,,,,,,,,,,,,,,,,,,,,,,,,,,,,,,,,,,,,,,,,,,,,,,,,,,,,,,,,,,,,,,,,,,,,,,,,,,,,,,,,,,,,,,,,,,,,,,,,,,,,,,,,,,,,,,,,,,,,,,,,,,,,,,,,,,,,,,,,,,,,,,,,,,,,,,,,,,,,,,,,,,,,,,,,,,,,,,,,,,,,,,,,,,,,,,,,,,,,,,,,,,,,,,,,,,,,,,,,,,,,,,,,,,,,,,,,,,,,,,,,,,,,,,,,,,,,,,,,,,,,,,,,,,,,,,,,,,,,,,,,,,,,,,,,,,,,,,,,,,,,,,,,,,,,,,,,,,,,,,,,,,,,,,,,,,,,,,,"3","1280","720","https://scontent-iad3-1.cdninstagram.com/v/t51.82787-15/708927788_18592837891053729_5757555905237339598_n.jpg?stp=dst-jpg_e35_p750x750_sh2.08_tt6&_nc_cat=110&ig_cache_key=MzkwNjk4NDUyNjM2NjE3NDU4NjE4NTkyODM3ODg4MDUzNzI5.3-ccb7-5&ccb=7-5&_nc_sid=58cdad&efg=eyJ2ZW5jb2RlX3RhZyI6IkNMSVBTLnhwaWRzLjExNzYuc2RyLnZpZGVvX2RlZmF1bHRfY292ZXJfZnJhbWUuQzMifQ%3D%3D&_nc_ohc=v_b9aHTjb9kQ7kNvwEWDyqw&_nc_oc=AdoHxdARxUw8KPg7u4nXVKyELiL970GxnyjXYYB7YapXM-4OIveCmesOPt7q2SRsy5A&_nc_ad=z-m&_nc_cid=0&_nc_zt=23&_nc_ht=scontent-iad3-1.cdninstagram.com&_nc_gid=Bg0XdCZculOZcaEaRCXlIg&_nc_ss=7a3ba&oh=00_Af86PoVvv83_c2Nu3uaoU7n2ymxnj9PbkvKosfuTm0EFVg&oe=6A3979EA",,,"","히디프","hidiff","綠珍珠系列",,,"3906984526366174586","6072",,,,,,,,,,,,,,,"https://www.instagram.com/hidiff.tw/",,"-1",,"hidiff.tw",,"e___ting159",,"26782192771403660",,,,,,,,,,,,,,,,,,,,,,,,,,,,,,,,,,,,,,,,,,,,,,,,,,,,,,,,,,,,,,,,,,,"false","","Original audio","true","依法","10997728","e___ting159","true","clips","DY4ZboFAO16","hidiff.tw","80015491870","false","false",,"https://scontent-iad3-1.cdninstagram.com/v/t51.82787-19/615343798_17845310625667871_7065812407261479699_n.jpg?stp=dst-jpg_e0_s150x150_tt6&efg=eyJ2ZW5jb2RlX3RhZyI6InByb2ZpbGVfcGljLmRqYW5nby43OTYuYzIifQ&_nc_ht=scontent-iad3-1.cdninstagram.com&_nc_cat=1&_nc_oc=Q6cZ2gHZdplpVHen7aNSkCdKFsQJeZfX37mycNdQkWgFQsIIzie3Ludq1dAqAXi3nZsbWrc&_nc_ohc=CmgFRSIfk20Q7kNvwE-SmCD&_nc_gid=Bg0XdCZculOZcaEaRCXlIg&edm=APGXKFABAAAA&ccb=7-5&ig_cache_key=GLZmrSQf278oN2Y-ABNDXrjyzg5ibmNDAQAB1501500j-ccb7-5&oh=00_Af8513YorQkEYFoqDVVr8vPypSL0-PSY8uBopcAskHp7sA&oe=6A399CDC&_nc_sid=a8b8e2",,"hidiff.tw",,,,,,,,,"2026-05-28T11:50:43.000Z","Video","https://www.instagram.com/p/DY4ZboFAO16/","73.81400299072266","8115","https://scontent-iad6-1.cdninstagram.com/o1/v/t2/f2/m86/AQNk9HqVzu849fU98Ntwof2NIIV_aNRAwcl3jpB97Gur5AfDgTqhx1m0N_i8o27vcelELw-uV_QvJePc6vZRabdLTLkexSGkxrxaiMU.mp4?_nc_cat=107&_nc_sid=5e9851&_nc_ht=scontent-iad6-1.cdninstagram.com&_nc_ohc=CsCl6oNRI50Q7kNvwHuAbX8&efg=eyJ2ZW5jb2RlX3RhZyI6Inhwdl9wcm9ncmVzc2l2ZS5JTlNUQUdSQU0uQ0xJUFMuQzMuNzIwLmRhc2hfYmFzZWxpbmVfMV92MSIsInhwdl9hc3NldF9pZCI6MTUxNDM4NjQxOTc5NTc5MiwiYXNzZXRfYWdlX2RheXMiOjIwLCJ2aV91c2VjYXNlX2lkIjoxMDA5OSwiZHVyYXRpb25fcyI6NzMsInVybGdlbl9zb3VyY2UiOiJ3d3cifQ%3D%3D&ccb=17-1&vs=f93b74a5ebe7098a&_nc_vs=HBksFQIYUmlnX3hwdl9yZWVsc19wZXJtYW5lbnRfc3JfcHJvZC81NTQxNTcwQjUxQ0E0MkFDMDRBQUJDRTZGRDczMTdBMV92aWRlb19kYXNoaW5pdC5tcDQVAALIARIAFQIYUWlnX3hwdl9wbGFjZW1lbnRfcGVybWFuZW50X3YyL0FDNDk3QTJCOTFFQzEyODMwNEUwQUJBMEM5Q0RBRjgwX2F1ZGlvX2Rhc2hpbml0Lm1wNBUCAsgBEgAoABgAGwKIB3VzZV9vaWwBMRJwcm9ncmVzc2l2ZV9yZWNpcGUBMRUAACagndaJ8tSwBRUCKAJDMywXQFJzMzMzMzMYEmRhc2hfYmFzZWxpbmVfMV92MREAdf4HZeadAQA&_nc_gid=Bg0XdCZculOZcaEaRCXlIg&_nc_ss=7a3ba&_nc_zt=28&oh=00_Af_QkgktiYJ3ghIADZI-9_ch-y8FONY8imZOi1tJGhZ3VQ&oe=6A35A3FC"
"夏天肌膚受損救星，看留言有優惠！

#留言🎁
喜歡到我又又回購一組的保養品
這次帶了小禮物要給你們🥰

🇰🇷hidiff綠珍珠系列
💚潤肌泡泡化妝水
▫️泛醇x神經醯胺x韓國綠茶水
泡泡慕絲的化妝水 有別於普通化妝水
不會流的到處都是
大概搓20-30秒就會化成水
成膜感看起來皮膚啵亮🥰

💚D泛醇3%高濃縮水精華
▫️D泛醇x積雪草萃取
流動性很高的一款精華
在這幾天臉頰兩側又開始泛紅🥹
使用下來覺得舒緩不少！！（推👍🏻👍🏻

💚酪梨修護乳霜🥑
▫️D泛醇x酪梨油x澳洲堅果油
這條超級適合天氣變化多端的台北（我很愛）
雖然是乳霜質地 但不會厚重🥰

🎁隨意留言
6/20抽出神秘小禮物一份

#Hidiff  #綠珍珠D泛醇3%高濃縮水精華 #綠珍珠潤肌泡泡化妝水 #綠珍珠酪梨修護乳霜",,,,,,,,,,,,,,,,,,,,,,,,,,,,,,,,,,,,,,,,,,,,,,,,,,,,,,,,,,,,,,,,,,,,,,,,,,,,,,,,,,,,,,,,,,,,,,,,,,,,,,,,,,,,,,,,,,,,,,,,,,,,,,,,,,,,,,,,,,,,,,,,,,,,,,,,,,,,,,,,,,,,,,,,,,,,,,,,,,,,,,,,,,,,,,,,,,,,,,,,,,,,,,,,,,,,,,,,,,,,,,,,,,,,,,,,,,,,,,,,,,,,,,,,,,,,,,,,,,,,,,,,,,,,,,,,,,,,,,,,,,,,,,,,,,,,,,,,,,,,,,,,,,,,,,,,,,,,,,,,,,,,,,,,,,,,,,,,,,,,,,,,,,,,,,,,,,,,,,,,,,,,,,,,,,,,"26","1280","720","https://scontent-iad6-1.cdninstagram.com/v/t51.82787-15/708833824_18560114500067718_4850305797622974895_n.jpg?stp=dst-jpg_e35_p750x750_sh2.08_tt6&_nc_cat=102&ig_cache_key=MzkwNjgzNzM5MDUyMjAxODkwMzE4NTYwMTE0NDk0MDY3NzE4.3-ccb7-5&ccb=7-5&_nc_sid=58cdad&efg=eyJ2ZW5jb2RlX3RhZyI6IkNMSVBTLnhwaWRzLjEyMTkuc2RyLnZpZGVvX2RlZmF1bHRfY292ZXJfZnJhbWUuQzMifQ%3D%3D&_nc_ohc=PEKONm7b9PsQ7kNvwHOgm88&_nc_oc=AdpnGMBbig7CUIyzWoInUbTw_9285_dzVZfH7PwpxtUOXYubiUQB-uyw7Rl27-Lj3Vg&_nc_ad=z-m&_nc_cid=0&_nc_zt=23&_nc_ht=scontent-iad6-1.cdninstagram.com&_nc_gid=Bg0XdCZculOZcaEaRCXlIg&_nc_ss=7a3ba&oh=00_Af8chMEGxIUgUs4qZ6FFfS6WPd5ed4V4wmorEr8Qnjrrbg&oe=6A39768A",,,"","留言🎁","Hidiff","綠珍珠D泛醇3%高濃縮水精華","綠珍珠潤肌泡泡化妝水","綠珍珠酪梨修護乳霜","3906837390522018903","106674",,,,,,,,,,,,,,,"https://www.instagram.com/hidiff.tw/",,"-1",,,,"_lorene27",,"26911947925081450",,,,,,,,,,,,,,,,,,,,,,,,,,,,,,,,,,,,,,,,,,,,,,,,,,,,,,,,,,,,,,,,,,,"false","","Original audio","true","Lorene","2038131717","_lorene27","true","clips","DY33-hJR2xX","hidiff 히디프 🌳","63403377015","false","false",,"https://scontent-iad3-2.cdninstagram.com/v/t51.2885-19/452147619_3743307565986401_1601641283140305637_n.jpg?stp=dst-jpg_e0_s150x150_tt6&efg=eyJ2ZW5jb2RlX3RhZyI6InByb2ZpbGVfcGljLmRqYW5nby43OTYuYzIifQ&_nc_ht=scontent-iad3-2.cdninstagram.com&_nc_cat=105&_nc_oc=Q6cZ2gHZdplpVHen7aNSkCdKFsQJeZfX37mycNdQkWgFQsIIzie3Ludq1dAqAXi3nZsbWrc&_nc_ohc=MQ_jj_B8i10Q7kNvwF-RD3v&_nc_gid=Bg0XdCZculOZcaEaRCXlIg&edm=APGXKFABAAAA&ccb=7-5&ig_cache_key=GKM58xphcsG1hEwNAOXCLdtCLDoWbkULAAAB1501500j-ccb7-5&oh=00_Af_MwXUvnAzEcQUL6KXQTlORZdSIJUTpOF3IB91_5PMWeg&oe=6A3970CE&_nc_sid=a8b8e2",,"hidiff_official","hidiff.tw","80015491870","false","false",,"https://scontent-iad3-1.cdninstagram.com/v/t51.82787-19/615343798_17845310625667871_7065812407261479699_n.jpg?stp=dst-jpg_e0_s150x150_tt6&efg=eyJ2ZW5jb2RlX3RhZyI6InByb2ZpbGVfcGljLmRqYW5nby43OTYuYzIifQ&_nc_ht=scontent-iad3-1.cdninstagram.com&_nc_cat=1&_nc_oc=Q6cZ2gHZdplpVHen7aNSkCdKFsQJeZfX37mycNdQkWgFQsIIzie3Ludq1dAqAXi3nZsbWrc&_nc_ohc=CmgFRSIfk20Q7kNvwE-SmCD&_nc_gid=Bg0XdCZculOZcaEaRCXlIg&edm=APGXKFABAAAA&ccb=7-5&ig_cache_key=GLZmrSQf278oN2Y-ABNDXrjyzg5ibmNDAQAB1501500j-ccb7-5&oh=00_Af8513YorQkEYFoqDVVr8vPypSL0-PSY8uBopcAskHp7sA&oe=6A399CDC&_nc_sid=a8b8e2",,"hidiff.tw","2026-05-28T06:57:22.000Z","Video","https://www.instagram.com/p/DY33-hJR2xX/","57.16600036621094","161238","https://scontent-iad6-1.cdninstagram.com/o1/v/t2/f2/m86/AQPSXFKRrbSseqbTbJNhBwsh9E7lLDo42Nrnt9igwtbCy9RAwC2cpdMrg4q1gGjJsN5RRNvT0IbrZ7iWnx5SaszrzbyCUn7H_-lVL6g.mp4?_nc_cat=107&_nc_sid=5e9851&_nc_ht=scontent-iad6-1.cdninstagram.com&_nc_ohc=yUfZkC-BQboQ7kNvwEX0PeP&efg=eyJ2ZW5jb2RlX3RhZyI6Inhwdl9wcm9ncmVzc2l2ZS5JTlNUQUdSQU0uQ0xJUFMuQzMuNzIwLmRhc2hfYmFzZWxpbmVfMV92MSIsInhwdl9hc3NldF9pZCI6MjQ1ODk2MjU5NDUyNzc0NCwiYXNzZXRfYWdlX2RheXMiOjIxLCJ2aV91c2VjYXNlX2lkIjoxMDA5OSwiZHVyYXRpb25fcyI6NTcsInVybGdlbl9zb3VyY2UiOiJ3d3cifQ%3D%3D&ccb=17-1&vs=5b5e2d7884df17d&_nc_vs=HBksFQIYUmlnX3hwdl9yZWVsc19wZXJtYW5lbnRfc3JfcHJvZC84RDQ0MTEwQkJFRDdBMjZFRUY0REU4NTU4N0JCQTY5MV92aWRlb19kYXNoaW5pdC5tcDQVAALIARIAFQIYUWlnX3hwdl9wbGFjZW1lbnRfcGVybWFuZW50X3YyLzdBNEYyNzlBRkVFRkY5NDY5QzVDREY5RkFFMUY5MzhBX2F1ZGlvX2Rhc2hpbml0Lm1wNBUCAsgBEgAoABgAGwKIB3VzZV9vaWwBMRJwcm9ncmVzc2l2ZV9yZWNpcGUBMRUAACaA6LP_upreCBUCKAJDMywXQEyVP3ztkWgYEmRhc2hfYmFzZWxpbmVfMV92MREAdf4HZeadAQA&_nc_gid=Bg0XdCZculOZcaEaRCXlIg&_nc_ss=7a3ba&_nc_zt=28&oh=00_Af8XEohEBDBI3NJmmstO0RcHNzlWJx8nqXMAoeMiESuLbQ&oe=6A358110"
"夏天不怕毛孔藏污 看留言有優惠！

水煮蛋肌的秘密在此公開🌟
大家請筆記起來📝

現在才知道夏天臉其實超多髒污
但我肌膚很敏感 不能用太強烈的去角質產品
每次一用就是「哇勒，死定了，臉要過敏了」
最近試到的這款產品完全不會讓我爛臉💯
已幫大家測試過 請放心👌🏻

秘訣就是【hidiff 拋光屏障修護組】🙌🏻
跟著以下步驟一起保養 輕鬆 Get 水煮蛋肌

❶ 使用「綠珍珠溫和去角質潔膚棒」清潔臉部
用完我真的嚇到 我不知道我臉竟然這麼髒😮

❷ 去完角質後使用「綠珍珠 D-泛醇 3% 高濃縮水精華」
將清潔後的皮膚建立屏障 讓肌膚喝飽水

❸ 最後再使用「綠珍珠酪梨修護乳霜」
強化保濕鎖水 讓肌膚維持 Q 彈水潤的狀態

接下來只要美美休息 就可獲得光滑的皮膚啦✨

@hidiff.tw

#hidiff #養膚routine",,,,,,,,,,,,,,,,,,,,,,,,,,,,,,,,,,,,,,,,,,,,,,,,,,,,,,,,,,,,,,,,,,,,,,,,,,,,,,,,,,,,,,,,,,,,,,,,,,,,,,,,,,,,,,,,,,,,,,,,,,,,,,,,,,,,,,,,,,,,,,,,,,,,,,,,,,,,,,,,,,,,,,,,,,,,,,,,,,,,,,,,,,,,,,,,,,,,,,,,,,,,,,,,,,,,,,,,,,,,,,,,,,,,,,,,,,,,,,,,,,,,,,,,,,,,,,,,,,,,,,,,,,,,,,,,,,,,,,,,,,,,,,,,,,,,,,,,,,,,,,,,,,,,,,,,,,,,,,,,,,,,,,,,,,,,,,,,,,,,,,,,,,,,,,,,,,,,,,,,,,,,,,,,,,,,"1","1280","720","https://scontent-iad3-2.cdninstagram.com/v/t51.82787-15/709609268_18452809843114222_890484768359121668_n.jpg?stp=dst-jpg_e35_p750x750_sh2.08_tt6&_nc_cat=105&ig_cache_key=MzkwNjI0ODQ3ODkwMTExNTQwNTE4NDUyODA5ODM3MTE0MjIy.3-ccb7-5&ccb=7-5&_nc_sid=58cdad&efg=eyJ2ZW5jb2RlX3RhZyI6IkNMSVBTLnhwaWRzLjExNzYuc2RyLnZpZGVvX2RlZmF1bHRfY292ZXJfZnJhbWUuQzMifQ%3D%3D&_nc_ohc=RKKQgXIS-qkQ7kNvwFkfvxO&_nc_oc=AdqtzpK2ksc-thUuu9uTmbo9Dhi-6iyUKQVaTdfmx9NbF6DPUiJ2doNZWNiNMG3nN0I&_nc_ad=z-m&_nc_cid=0&_nc_zt=23&_nc_ht=scontent-iad3-2.cdninstagram.com&_nc_gid=Bg0XdCZculOZcaEaRCXlIg&_nc_ss=7a3ba&oh=00_Af8QxSC3tjytdIe4VIZ3rYKHkiaIS22XbQ4eknhi8k28ww&oe=6A397C05",,,"","hidiff","養膚routine",,,,"3906248478901115405","4871",,,,,,,,,,,,,,,"https://www.instagram.com/hidiff.tw/",,"48",,"hidiff.tw",,"sophiaaa.sy",,"26548714868161040",,,,,,,,,,,,,,,,,,,,,,,,,,,,,,,,,,,,,,,,,,,,,,,,,,,,,,,,,,,,,,,,,,,"false","","Original audio","true","小彭","3563506221","sophiaaa.sy","true","clips","DY1yEudT5oN","hidiff.tw","80015491870","false","false",,"https://scontent-iad3-1.cdninstagram.com/v/t51.82787-19/615343798_17845310625667871_7065812407261479699_n.jpg?stp=dst-jpg_e0_s150x150_tt6&efg=eyJ2ZW5jb2RlX3RhZyI6InByb2ZpbGVfcGljLmRqYW5nby43OTYuYzIifQ&_nc_ht=scontent-iad3-1.cdninstagram.com&_nc_cat=1&_nc_oc=Q6cZ2gHZdplpVHen7aNSkCdKFsQJeZfX37mycNdQkWgFQsIIzie3Ludq1dAqAXi3nZsbWrc&_nc_ohc=CmgFRSIfk20Q7kNvwE-SmCD&_nc_gid=Bg0XdCZculOZcaEaRCXlIg&edm=APGXKFABAAAA&ccb=7-5&ig_cache_key=GLZmrSQf278oN2Y-ABNDXrjyzg5ibmNDAQAB1501500j-ccb7-5&oh=00_Af8513YorQkEYFoqDVVr8vPypSL0-PSY8uBopcAskHp7sA&oe=6A399CDC&_nc_sid=a8b8e2",,"hidiff.tw",,,,,,,,,"2026-05-27T11:29:03.000Z","Video","https://www.instagram.com/p/DY1yEudT5oN/","72.9000015258789","5790","https://scontent-iad6-1.cdninstagram.com/o1/v/t2/f2/m86/AQOIoMw7o8Zy4nuLonrIwdRwRyCdIw3Uw794JzbBM_p3Psei2Y5lZe7ERRrnv76lXrBfHB7Vl7BdfULPAGsk5Iyad0TnRwuLS3TLjRY.mp4?_nc_cat=100&_nc_sid=5e9851&_nc_ht=scontent-iad6-1.cdninstagram.com&_nc_ohc=ZdsyGWBdOjgQ7kNvwGpwdut&efg=eyJ2ZW5jb2RlX3RhZyI6Inhwdl9wcm9ncmVzc2l2ZS5JTlNUQUdSQU0uQ0xJUFMuQzMuNzIwLmRhc2hfYmFzZWxpbmVfMV92MSIsInhwdl9hc3NldF9pZCI6MTkwMjM4OTE1Mzc1MzU1MywiYXNzZXRfYWdlX2RheXMiOjIxLCJ2aV91c2VjYXNlX2lkIjoxMDA5OSwiZHVyYXRpb25fcyI6NzIsInVybGdlbl9zb3VyY2UiOiJ3d3cifQ%3D%3D&ccb=17-1&vs=d05c67962f22b186&_nc_vs=HBksFQIYUmlnX3hwdl9yZWVsc19wZXJtYW5lbnRfc3JfcHJvZC9GRDRDMzQzMkU5ODFBQjlEMTY0RjVGMUNCOTA5ODM5RV92aWRlb19kYXNoaW5pdC5tcDQVAALIARIAFQIYUWlnX3hwdl9wbGFjZW1lbnRfcGVybWFuZW50X3YyLzc1NEEzNUQ1QzMwN0M4NURDNkM3OENBQUY5ODFGOTk3X2F1ZGlvX2Rhc2hpbml0Lm1wNBUCAsgBEgAoABgAGwKIB3VzZV9vaWwBMRJwcm9ncmVzc2l2ZV9yZWNpcGUBMRUAACaip9_bz43hBhUCKAJDMywXQFI5mZmZmZoYEmRhc2hfYmFzZWxpbmVfMV92MREAdf4HZeadAQA&_nc_gid=Bg0XdCZculOZcaEaRCXlIg&_nc_ss=7a3ba&_nc_zt=28&oh=00_Af-Er2IIRlJz0ed6hl_A4IVWJT7uGol7KwDix4WFpAXAvA&oe=6A357121"
"夏天不怕毛孔藏污，看留言有優惠！

台灣夏天到了 臉上容易藏污納垢～
但是用錯產品、太刺激就會造成過敏泛紅
這時候就不得不介紹
之前就介紹過的韓國敏感肌品牌Hidiff 
他們的主理人是連襪子材質都要挑過的人
所以他們的產品我真的超級放心～
這次接觸到了韓國女生都在用的敏感肌專屬去角質棉棒！
精華裡面添加了去角質成分AHA
還有蜂膠萃取物和B5精華 馬上修復！！
棉棒是非常柔軟的材質、也很適合臉部的各個角度～
不會刮臉也不會引發過敏！
去完角質後再擦上同系列的綠珍珠D-泛醇3%高濃度水精華
（這是我的第二罐啦💚）
質地非常清爽不黏膩、好吸收
最後再用綠珍珠酪梨修護乳霜
也是非常綿密、不會黏！！！
這樣一套完整保養下來
妝也變得更貼啦🤍
推薦給大家～～

@hidiff.tw
 
#hidiff
#養膚routine",,,,,,,,,,,,,,,,,,,,,,,,,,,,,,,,,,,,,,,,,,,,,,,,,,,,,,,,,,,,,,,,,,,,,,,,,,,,,,,,,,,,,,,,,,,,,,,,,,,,,,,,,,,,,,,,,,,,,,,,,,,,,,,,,,,,,,,,,,,,,,,,,,,,,,,,,,,,,,,,,,,,,,,,,,,,,,,,,,,,,,,,,,,,,,,,,,,,,,,,,,,,,,,,,,,,,,,,,,,,,,,,,,,,,,,,,,,,,,,,,,,,,,,,,,,,,,,,,,,,,,,,,,,,,,,,,,,,,,,,,,,,,,,,,,,,,,,,,,,,,,,,,,,,,,,,,,,,,,,,,,,,,,,,,,,,,,,,,,,,,,,,,,,,,,,,,,,,,,,,,,,,,,,,,,,,"19","1280","720","https://scontent-iad3-2.cdninstagram.com/v/t51.82787-15/708049142_18598722874025292_8831629414297380267_n.jpg?stp=dst-jpg_e35_p750x750_sh2.08_tt6&_nc_cat=103&ig_cache_key=MzkwNjM0NDc1NDE3MjM4MjAxMTE4NTk4NzIyODY4MDI1Mjky.3-ccb7-5&ccb=7-5&_nc_sid=58cdad&efg=eyJ2ZW5jb2RlX3RhZyI6IkNMSVBTLnhwaWRzLjEyMDYuc2RyLnZpZGVvX2RlZmF1bHRfY292ZXJfZnJhbWUuQzMifQ%3D%3D&_nc_ohc=yJ3BV3AfJAEQ7kNvwEPJNVk&_nc_oc=Adqxntry7LxsAL9Yf5Ik1cywlt8OR61Mx0jjotpuDv7BnZ_jtRoJuwATMJ2fAXxevOo&_nc_ad=z-m&_nc_cid=0&_nc_zt=23&_nc_ht=scontent-iad3-2.cdninstagram.com&_nc_gid=Bg0XdCZculOZcaEaRCXlIg&_nc_ss=7a3ba&oh=00_Af_WG3-7bxfyyT5kBW_UBG_k10QfcXE34n4_XJxq77oufg&oe=6A399D18",,,"","hidiff","養膚routine",,,,"3906344754172382011","279416",,,,,,,,,,,,,,,"https://www.instagram.com/hidiff.tw/",,"419",,"hidiff.tw",,"jeannnie915",,"27043762685285070",,,,,,,,,,,,,,,,,,,,,,,,,,,,,,,,,,,,,,,,,,,,,,,,,,,,,,,,,,,,,,,,,,,"false","","Original audio","true","JEAN","461849291","jeannnie915","true","clips","DY2H9typ8s7","hidiff.tw","80015491870","false","false",,"https://scontent-iad3-1.cdninstagram.com/v/t51.82787-19/615343798_17845310625667871_7065812407261479699_n.jpg?stp=dst-jpg_e0_s150x150_tt6&efg=eyJ2ZW5jb2RlX3RhZyI6InByb2ZpbGVfcGljLmRqYW5nby43OTYuYzIifQ&_nc_ht=scontent-iad3-1.cdninstagram.com&_nc_cat=1&_nc_oc=Q6cZ2gHZdplpVHen7aNSkCdKFsQJeZfX37mycNdQkWgFQsIIzie3Ludq1dAqAXi3nZsbWrc&_nc_ohc=CmgFRSIfk20Q7kNvwE-SmCD&_nc_gid=Bg0XdCZculOZcaEaRCXlIg&edm=APGXKFABAAAA&ccb=7-5&ig_cache_key=GLZmrSQf278oN2Y-ABNDXrjyzg5ibmNDAQAB1501500j-ccb7-5&oh=00_Af8513YorQkEYFoqDVVr8vPypSL0-PSY8uBopcAskHp7sA&oe=6A399CDC&_nc_sid=a8b8e2",,"hidiff.tw",,,,,,,,,"2026-05-27T14:37:34.000Z","Video","https://www.instagram.com/p/DY2H9typ8s7/","65.24600219726562","300268","https://scontent-iad6-1.cdninstagram.com/o1/v/t2/f2/m86/AQNHJqFWL2diiuaFhFgLw2adzMboCHnsWBKmpwCJisw-60g9vGaIfrtu3bnB-rp_4LQgVJM6f2GiqyPfm18GK_oXiAVBb2h1VYU1l6M.mp4?_nc_cat=106&_nc_sid=5e9851&_nc_ht=scontent-iad6-1.cdninstagram.com&_nc_ohc=yUIJwT46Vz8Q7kNvwF2e4kI&efg=eyJ2ZW5jb2RlX3RhZyI6Inhwdl9wcm9ncmVzc2l2ZS5JTlNUQUdSQU0uQ0xJUFMuQzMuNzIwLmRhc2hfYmFzZWxpbmVfMV92MSIsInhwdl9hc3NldF9pZCI6ODc0MTE5NDY4MzEwNTA4LCJhc3NldF9hZ2VfZGF5cyI6MjEsInZpX3VzZWNhc2VfaWQiOjEwMDk5LCJkdXJhdGlvbl9zIjo2NSwidXJsZ2VuX3NvdXJjZSI6Ind3dyJ9&ccb=17-1&vs=5319f11bcb8edb97&_nc_vs=HBksFQIYUmlnX3hwdl9yZWVsc19wZXJtYW5lbnRfc3JfcHJvZC9GMzQxMDBENTYwMjM1MUE4NDUwRDFBMUYyOTBFNjE5Ml92aWRlb19kYXNoaW5pdC5tcDQVAALIARIAFQIYUWlnX3hwdl9wbGFjZW1lbnRfcGVybWFuZW50X3YyL0JDNDNBMjRCRDNERjNFODVGMTA2NzA0NDM4MUU4QTk4X2F1ZGlvX2Rhc2hpbml0Lm1wNBUCAsgBEgAoABgAGwKIB3VzZV9vaWwBMRJwcm9ncmVzc2l2ZV9yZWNpcGUBMRUAACbY_7LGucCNAxUCKAJDMywXQFBO6XjU_fQYEmRhc2hfYmFzZWxpbmVfMV92MREAdf4HZeadAQA&_nc_gid=Bg0XdCZculOZcaEaRCXlIg&_nc_ss=7a3ba&_nc_zt=28&oh=00_Af-OxI14qdxqENQ2EE-u08z47rrPylZPcu02X2FlQTXiyA&oe=6A35A153"
"夏天肌膚受損救星，看留言有優惠！

最近天氣一熱，皮膚真的很容易開始不穩🥲
毛孔、泛紅、乾燥、小顆粒輪流出現，之前我也很常是哪裡出問題就補哪罐保養品，結果反而越擦越亂
後來才發現，比起一直「對症下藥」，有時候更需要先把保養步驟簡單化，讓皮膚慢慢穩下來
最近開始用 @hidiff.tw 綠珍珠系列做減法養膚，早上用綠珍珠潤肌泡泡化妝水打底，質地很細緻好吸收；再搭配綠珍珠D-泛醇3%高濃縮水精華和綠珍珠酪梨修護乳霜，整套用下來感覺是清爽但又有被好好照顧到的那種穩定感~
最喜歡的是它不會讓保養變得很複雜，對懶人跟敏感肌來說真的很友善🤍如果你也常常覺得越保養皮膚越不穩，或許可以先試著把保養做減法，專心把肌膚底子養好~

#Hidiff #綠珍珠系列 #減法保養 #養膚Routine #敏感肌保養",,,,,,,,,,,,,,,,,,,,,,,,,,,,,,,,,,,,,,,,,,,,,,,,,,,,,,,,,,,,,,,,,,,,,,,,,,,,,,,,,,,,,,,,,,,,,,,,,,,,,,,,,,,,,,,,,,,,,,,,,,,,,,,,,,,,,,,,,,,,,,,,,,,,,,,,,,,,,,,,,,,,,,,,,,,,,,,,,,,,,,,,,,,,,,,,,,,,,,,,,,,,,,,,,,,,,,,,,,,,,,,,,,,,,,,,,,,,,,,,,,,,,,,,,,,,,,,,,,,,,,,,,,,,,,,,,,,,,,,,,,,,,,,,,,,,,,,,,,,,,,,,,,,,,,,,,,,,,,,,,,,,,,,,,,,,,,,,,,,,,,,,,,,,,,,,,,,,,,,,,,,,,,,,,,,,"1","1280","720","https://scontent-iad3-2.cdninstagram.com/v/t51.82787-15/708695297_18416019535146894_6273088539613042520_n.jpg?stp=dst-jpg_e15_tt6&_nc_cat=105&ig_cache_key=MzkwNjIzNjkzODI3MDg3MjcwNzE4NDE2MDE5NTI5MTQ2ODk0.3-ccb7-5&ccb=7-5&_nc_sid=58cdad&efg=eyJ2ZW5jb2RlX3RhZyI6IkNMSVBTLnhwaWRzLjcyMC5zZHIudmlkZW9fZGVmYXVsdF9jb3Zlcl9mcmFtZS5DMyJ9&_nc_ohc=NMlGr1iZcGwQ7kNvwHpRhAN&_nc_oc=AdrBkrhr6_m3cJQLBvEMQmKYoE6N2gOGYcmb78C9Ie0R2p1agsGqwvMz8-vO7GO0p-s&_nc_ad=z-m&_nc_cid=0&_nc_zt=23&_nc_ht=scontent-iad3-2.cdninstagram.com&_nc_gid=Bg0XdCZculOZcaEaRCXlIg&_nc_ss=7a3ba&oh=00_Af_Iv4ni5uit45-BuVRugIHr-CvBPDqSSq6_XutFh0ateQ&oe=6A3989F0",,,"","Hidiff","綠珍珠系列","減法保養","養膚Routine","敏感肌保養","3906236938270872707","10258",,,,,,,,,,,,,,,"https://www.instagram.com/hidiff.tw/",,"108",,"hidiff.tw",,"knall.j",,"27324396340530496",,,,,,,,,,,,,,,,,,,,,,,,,,,,,,,,,,,,,,,,,,,,,,,,,,,,,,,,,,,,,,,,,,,"false","","Original audio","true","N7","4476146893","knall.j","true","clips","DY1vcyaJRSD","hidiff.tw","80015491870","false","false",,"https://scontent-iad3-1.cdninstagram.com/v/t51.82787-19/615343798_17845310625667871_7065812407261479699_n.jpg?stp=dst-jpg_e0_s150x150_tt6&efg=eyJ2ZW5jb2RlX3RhZyI6InByb2ZpbGVfcGljLmRqYW5nby43OTYuYzIifQ&_nc_ht=scontent-iad3-1.cdninstagram.com&_nc_cat=1&_nc_oc=Q6cZ2gHZdplpVHen7aNSkCdKFsQJeZfX37mycNdQkWgFQsIIzie3Ludq1dAqAXi3nZsbWrc&_nc_ohc=CmgFRSIfk20Q7kNvwE-SmCD&_nc_gid=Bg0XdCZculOZcaEaRCXlIg&edm=APGXKFABAAAA&ccb=7-5&ig_cache_key=GLZmrSQf278oN2Y-ABNDXrjyzg5ibmNDAQAB1501500j-ccb7-5&oh=00_Af8513YorQkEYFoqDVVr8vPypSL0-PSY8uBopcAskHp7sA&oe=6A399CDC&_nc_sid=a8b8e2",,"hidiff.tw",,,,,,,,,"2026-05-27T11:05:23.000Z","Video","https://www.instagram.com/p/DY1vcyaJRSD/","70.4010009765625","11543","https://scontent-iad6-1.cdninstagram.com/o1/v/t2/f2/m86/AQPngEilvEPudX3NKWP7l2dB-LLNn1yfEEcAyQNMwXcLmvihojtangjCfFOt1LLKHjI-9iHrZY_eN5jPRXG1iYq9bM_xF40OIOD1v6I.mp4?_nc_cat=106&_nc_sid=5e9851&_nc_ht=scontent-iad6-1.cdninstagram.com&_nc_ohc=pVQjNgp726AQ7kNvwHIh5CP&efg=eyJ2ZW5jb2RlX3RhZyI6Inhwdl9wcm9ncmVzc2l2ZS5JTlNUQUdSQU0uQ0xJUFMuQzMuNzIwLmRhc2hfYmFzZWxpbmVfMV92MSIsInhwdl9hc3NldF9pZCI6MTUwOTgxNDM3NzM2MjM3OSwiYXNzZXRfYWdlX2RheXMiOjIxLCJ2aV91c2VjYXNlX2lkIjoxMDA5OSwiZHVyYXRpb25fcyI6NzAsInVybGdlbl9zb3VyY2UiOiJ3d3cifQ%3D%3D&ccb=17-1&vs=b577a34c81d4ec36&_nc_vs=HBksFQIYUmlnX3hwdl9yZWVsc19wZXJtYW5lbnRfc3JfcHJvZC80NjRBMEU0MzE5MzA1NUVFQ0EyQTNENTBFNTA5MkFBRF92aWRlb19kYXNoaW5pdC5tcDQVAALIARIAFQIYUWlnX3hwdl9wbGFjZW1lbnRfcGVybWFuZW50X3YyL0U4NDIzQjhBNzI0OEM5RkQ3MTlCRUVEQUExMzY2Mzk4X2F1ZGlvX2Rhc2hpbml0Lm1wNBUCAsgBEgAoABgAGwKIB3VzZV9vaWwBMRJwcm9ncmVzc2l2ZV9yZWNpcGUBMRUAACaWz53a4cquBRUCKAJDMywXQFGZmZmZmZoYEmRhc2hfYmFzZWxpbmVfMV92MREAdf4HZeadAQA&_nc_gid=Bg0XdCZculOZcaEaRCXlIg&_nc_ss=7a3ba&_nc_zt=28&oh=00_Af_RL7xPKJBTkceQ7wfDrHgjmrmv3O6rINt64QfGeaeolw&oe=6A357FE7"
"夏天肌膚受損救星，看留言有優惠！
最近天氣一變熱
皮膚真的開始變超不穩🥹
毛孔、痘痘、泛紅一次來…

以前的我只要皮膚出問題
就會開始瘋狂疊擦保養品
結果越保養反而越敏感😭

後來看到一個韓國女生分享「減法養膚」後
我才開始發現
原來肌膚真正需要的不是一堆功能型保養
而是先把肌膚養穩✨

最近很愛的就是 @hidiff.tw 的養膚組
台灣也能直接買到不用代購！

Step.1🫧
泡泡化妝水真的很特別！
含泛醇、神經醯胺、韓國綠茶水
泡泡質地超細緻
推開後像幫肌膚上一層薄薄保護膜 很清爽～

Step.2💦
D-泛醇 3%高濃縮精華
乾燥、敏感、不穩定時超有感
肌膚會慢慢被養回穩定狀態🥹

Step.3🧴
含酪梨油×澳洲堅果油的修護乳霜鎖水
質地很細緻 完全不會厚重黏膩！

長期用下來真的會發現
皮膚不是因為用了很多厲害產品才變好
而是肌膚被慢慢養穩了🤍

而且他們家還是韓國很多知名月子中心會使用的品牌
連孕婦都能安心使用
成分真的很單純✨

#hidiff  #養膚routine #夏天保養 #韓國保養 #保養分享",,,,,,,,,,,,,,,,,,,,,,,,,,,,,,,,,,,,,,,,,,,,,,,,,,,,,,,,,,,,,,,,,,,,,,,,,,,,,,,,,,,,,,,,,,,,,,,,,,,,,,,,,,,,,,,,,,,,,,,,,,,,,,,,,,,,,,,,,,,,,,,,,,,,,,,,,,,,,,,,,,,,,,,,,,,,,,,,,,,,,,,,,,,,,,,,,,,,,,,,,,,,,,,,,,,,,,,,,,,,,,,,,,,,,,,,,,,,,,,,,,,,,,,,,,,,,,,,,,,,,,,,,,,,,,,,,,,,,,,,,,,,,,,,,,,,,,,,,,,,,,,,,,,,,,,,,,,,,,,,,,,,,,,,,,,,,,,,,,,,,,,,,,,,,,,,,,,,,,,,,,,,,,,,,,,,"2","1280","720","https://scontent-iad3-1.cdninstagram.com/v/t51.82787-15/709486360_18531312406077443_6896533234242609829_n.jpg?stp=dst-jpg_e35_p750x750_sh2.08_tt6&_nc_cat=101&ig_cache_key=MzkwNjIxMzY4NjY0MTM4NDU1MDE4NTMxMzEyNDAzMDc3NDQz.3-ccb7-5&ccb=7-5&_nc_sid=58cdad&efg=eyJ2ZW5jb2RlX3RhZyI6IkNMSVBTLnhwaWRzLjEyMDYuc2RyLnZpZGVvX2RlZmF1bHRfY292ZXJfZnJhbWUuQzMifQ%3D%3D&_nc_ohc=vutOLL9H2W0Q7kNvwEhu2Ly&_nc_oc=Adozeyedl47FyxARTzY5Lvc_Fk-p9e8h5JFp1y1ELzYq6HAfBu4zlfz3AATmNhuN3Sg&_nc_ad=z-m&_nc_cid=0&_nc_zt=23&_nc_ht=scontent-iad3-1.cdninstagram.com&_nc_gid=Bg0XdCZculOZcaEaRCXlIg&_nc_ss=7a3ba&oh=00_Af9-aBo_XPKKpNl3CLCT_NrCNAB2APK_CnSCdcNspeirlw&oe=6A398CD8",,,"","hidiff","養膚routine","夏天保養","韓國保養","保養分享","3906213686641384550","50719",,,,,,,,,,,,,,,"https://www.instagram.com/hidiff.tw/",,"-1","Seoul, Korea","hidiff.tw",,"yvoonebae",,"27055027584164844",,,,,,,,,,,,,,,,,,,,,,,,,,,,,,,,,,,,,,,,,,,,,,,,,,,,,,,,,,,,,,,,,,,"false","","Original audio","true","유한","2189765442","yvoonebae","true","clips","DY1qKbpB1xm","hidiff.tw","80015491870","false","false",,"https://scontent-iad3-1.cdninstagram.com/v/t51.82787-19/615343798_17845310625667871_7065812407261479699_n.jpg?stp=dst-jpg_e0_s150x150_tt6&efg=eyJ2ZW5jb2RlX3RhZyI6InByb2ZpbGVfcGljLmRqYW5nby43OTYuYzIifQ&_nc_ht=scontent-iad3-1.cdninstagram.com&_nc_cat=1&_nc_oc=Q6cZ2gHZdplpVHen7aNSkCdKFsQJeZfX37mycNdQkWgFQsIIzie3Ludq1dAqAXi3nZsbWrc&_nc_ohc=CmgFRSIfk20Q7kNvwE-SmCD&_nc_gid=Bg0XdCZculOZcaEaRCXlIg&edm=APGXKFABAAAA&ccb=7-5&ig_cache_key=GLZmrSQf278oN2Y-ABNDXrjyzg5ibmNDAQAB1501500j-ccb7-5&oh=00_Af8513YorQkEYFoqDVVr8vPypSL0-PSY8uBopcAskHp7sA&oe=6A399CDC&_nc_sid=a8b8e2",,"hidiff.tw",,,,,,,,,"2026-05-27T10:17:20.000Z","Video","https://www.instagram.com/p/DY1qKbpB1xm/","56.599998474121094","74498","https://scontent-iad6-1.cdninstagram.com/o1/v/t2/f2/m86/AQMFuwcVKP6xf2gwX9dUTt0P6zBoACW8v7pt_bgQSvVfbLlVcdt0xIzrFhgnuI90TBFq-NbQTxPSP6C4ylJBaZaUoFuLqJClBGfK4sY.mp4?_nc_cat=109&_nc_sid=5e9851&_nc_ht=scontent-iad6-1.cdninstagram.com&_nc_ohc=uzQFvYmUtTgQ7kNvwEZZZNz&efg=eyJ2ZW5jb2RlX3RhZyI6Inhwdl9wcm9ncmVzc2l2ZS5JTlNUQUdSQU0uQ0xJUFMuQzMuNzIwLmRhc2hfYmFzZWxpbmVfMV92MSIsInhwdl9hc3NldF9pZCI6MTM1NTg2NzMzMzA3NTI5NiwiYXNzZXRfYWdlX2RheXMiOjIxLCJ2aV91c2VjYXNlX2lkIjoxMDA5OSwiZHVyYXRpb25fcyI6NTYsInVybGdlbl9zb3VyY2UiOiJ3d3cifQ%3D%3D&ccb=17-1&vs=bdd2de22786b6a87&_nc_vs=HBksFQIYUmlnX3hwdl9yZWVsc19wZXJtYW5lbnRfc3JfcHJvZC82MDQxQzE0QzcwMjRDOTYyMTREQjlCOTdGODkwMzg4MF92aWRlb19kYXNoaW5pdC5tcDQVAALIARIAFQIYUWlnX3hwdl9wbGFjZW1lbnRfcGVybWFuZW50X3YyLzdCNDE0RUU2NkY4MzA5MTg3ODQxNDE4NzY3RTBBQUEyX2F1ZGlvX2Rhc2hpbml0Lm1wNBUCAsgBEgAoABgAGwKIB3VzZV9vaWwBMRJwcm9ncmVzc2l2ZV9yZWNpcGUBMRUAACbAhYHs7snoBBUCKAJDMywXQExMzMzMzM0YEmRhc2hfYmFzZWxpbmVfMV92MREAdf4HZeadAQA&_nc_gid=Bg0XdCZculOZcaEaRCXlIg&_nc_ss=7a3ba&_nc_zt=28&oh=00_Af8hPnB_gSj_zSvYqZO-ZqJsDRK0HcWBajFtVGhQPUYbYQ&oe=6A35735E"
"想擁有發光肌嗎 看留言有優惠！

以前我一直以為  敏感肌不能去角質
後來才發現 
不是不能 是要選對方式

Hidiff 這款去角質棉棒對我來說很加分的是
用起來比較溫和
鼻翼 下巴這種小地方也很好帶

我自己一週用兩次
慢慢用下來會覺得皮膚比較平滑
後續保養也更有感 

如果你也很怕去角質太刺激 容易泛紅
這個系列真的可以看看 

@hidiff.tw 
#hidiff
#養膚routine 
#hidiff集中養膚組
#保養",,,,,,,,,,,,,,,,,,,,,,,,,,,,,,,,,,,,,,,,,,,,,,,,,,,,,,,,,,,,,,,,,,,,,,,,,,,,,,,,,,,,,,,,,,,,,,,,,,,,,,,,,,,,,,,,,,,,,,,,,,,,,,,,,,,,,,,,,,,,,,,,,,,,,,,,,,,,,,,,,,,,,,,,,,,,,,,,,,,,,,,,,,,,,,,,,,,,,,,,,,,,,,,,,,,,,,,,,,,,,,,,,,,,,,,,,,,,,,,,,,,,,,,,,,,,,,,,,,,,,,,,,,,,,,,,,,,,,,,,,,,,,,,,,,,,,,,,,,,,,,,,,,,,,,,,,,,,,,,,,,,,,,,,,,,,,,,,,,,,,,,,,,,,,,,,,,,,,,,,,,,,,,,,,,,,"5","1280","720","https://scontent-iad3-2.cdninstagram.com/v/t51.82787-15/706089357_18585963073027850_157944914640651017_n.jpg?stp=dst-jpg_e35_p750x750_sh2.08_tt6&_nc_cat=111&ig_cache_key=MzkwNjIwMjY1ODM4NjM3ODk4MzE4NTg1OTYzMDcwMDI3ODUw.3-ccb7-5&ccb=7-5&_nc_sid=58cdad&efg=eyJ2ZW5jb2RlX3RhZyI6IkNMSVBTLnhwaWRzLjEyMTcuc2RyLnZpZGVvX2RlZmF1bHRfY292ZXJfZnJhbWUuQzMifQ%3D%3D&_nc_ohc=5TVPDO-vuSgQ7kNvwFNnYg1&_nc_oc=AdqE0g8UkRcLF4SU7n1Qf49BvqlItmh3-fBdK0I1DTNHokOP1CZZjci-yaeepqF_G2Y&_nc_ad=z-m&_nc_cid=0&_nc_zt=23&_nc_ht=scontent-iad3-2.cdninstagram.com&_nc_gid=Bg0XdCZculOZcaEaRCXlIg&_nc_ss=7a3ba&oh=00_Af-kQII9y24HMyMlLX9XwIhpWVAwqgTrEwCDqpHLyozS6w&oe=6A396674",,,"","hidiff","養膚routine","hidiff集中養膚組","保養",,"3906202658386378983","1172",,,,,,,,,,,,,,,"https://www.instagram.com/hidiff.tw/",,"27",,"hidiff.tw",,"half.cool",,"906979231018851",,,,,,,,,,,,,,,,,,,,,,,,,,,,,,,,,,,,,,,,,,,,,,,,,,,,,,,,,,,,,,,,,,,"false","","Lofi Return","false","Lily","1231643849","vnsea923","true","clips","DY1np8xzoDn","hidiff.tw","80015491870","false","false",,"https://scontent-iad3-1.cdninstagram.com/v/t51.82787-19/615343798_17845310625667871_7065812407261479699_n.jpg?stp=dst-jpg_e0_s150x150_tt6&efg=eyJ2ZW5jb2RlX3RhZyI6InByb2ZpbGVfcGljLmRqYW5nby43OTYuYzIifQ&_nc_ht=scontent-iad3-1.cdninstagram.com&_nc_cat=1&_nc_oc=Q6cZ2gHZdplpVHen7aNSkCdKFsQJeZfX37mycNdQkWgFQsIIzie3Ludq1dAqAXi3nZsbWrc&_nc_ohc=CmgFRSIfk20Q7kNvwE-SmCD&_nc_gid=Bg0XdCZculOZcaEaRCXlIg&edm=APGXKFABAAAA&ccb=7-5&ig_cache_key=GLZmrSQf278oN2Y-ABNDXrjyzg5ibmNDAQAB1501500j-ccb7-5&oh=00_Af8513YorQkEYFoqDVVr8vPypSL0-PSY8uBopcAskHp7sA&oe=6A399CDC&_nc_sid=a8b8e2",,"hidiff.tw",,,,,,,,,"2026-05-27T09:59:24.000Z","Video","https://www.instagram.com/p/DY1np8xzoDn/","51.801998138427734","1172","https://scontent-iad6-1.cdninstagram.com/o1/v/t2/f2/m86/AQPAi4O7Gjm0ItysMmiIv5BbnvBoJHn4nT-d-UfnRff-vvFnnkEt8z474Ff_KGeBC3sYLF2OcPtRFYDp2dbevlkCiK2wAa35U0By6EE.mp4?_nc_cat=109&_nc_sid=5e9851&_nc_ht=scontent-iad6-1.cdninstagram.com&_nc_ohc=k3Egopw3gHAQ7kNvwHGZAt3&efg=eyJ2ZW5jb2RlX3RhZyI6Inhwdl9wcm9ncmVzc2l2ZS5JTlNUQUdSQU0uQ0xJUFMuQzMuNzIwLmRhc2hfYmFzZWxpbmVfMV92MSIsInhwdl9hc3NldF9pZCI6MTY1MzM4ODM3NTcxMzU0OSwiYXNzZXRfYWdlX2RheXMiOjIxLCJ2aV91c2VjYXNlX2lkIjoxMDgyNywiZHVyYXRpb25fcyI6NTEsInVybGdlbl9zb3VyY2UiOiJ3d3cifQ%3D%3D&ccb=17-1&vs=fb12c1b8506c3c56&_nc_vs=HBksFQIYUmlnX3hwdl9yZWVsc19wZXJtYW5lbnRfc3JfcHJvZC8yNjQxNkRCQjgxQkJERkZDNjNBOENCMEVDNjM3NEZBNV92aWRlb19kYXNoaW5pdC5tcDQVAALIARIAFQIYUWlnX3hwdl9wbGFjZW1lbnRfcGVybWFuZW50X3YyL0YxNDlFMThFMkRFQkVCMjY5NkJEODc0NTVEMkVENDk0X2F1ZGlvX2Rhc2hpbml0Lm1wNBUCAsgBEgAoABgAGwKIB3VzZV9vaWwBMRJwcm9ncmVzc2l2ZV9yZWNpcGUBMRUAACaanPus7-_vBRUCKAJDMywXQEnmZmZmZmYYEmRhc2hfYmFzZWxpbmVfMV92MREAdf4HZZapAQA&_nc_gid=Bg0XdCZculOZcaEaRCXlIg&_nc_ss=7a3ba&_nc_zt=28&oh=00_Af8R2k-iLZitHTdImSoURUnXBg4_8PhtVEMoOnFJqsXDMQ&oe=6A35A7C6"
"夏天肌膚受損救星，看留言有優惠！
Summer Skin- care🌺 I @hidiff.tw 

以前皮膚一不穩就會一直狂加保養
但最近反而開始學著把步驟變簡單
好好養肌底

Step 1 綠珍珠潤肌泡泡化妝水
泡泡質地上臉像幫肌膚蓋上一層薄薄保濕膜

Step 2 綠珍珠D-泛醇3% 高濃縮水精華
熬夜或換天氣容易泛紅時
擦這瓶不但清爽而且修復感也很夠

Step 3 綠珍珠酪梨修護乳霜
晚上厚擦薄擦都舒服完全不粘膩！

給護膚做減法，皮膚反而越來越穩定🤍
 
#hidiff #養膚routine",,,,,,,,,,,,,,,,,,,,,,,,,,,,,,,,,,,,,,,,,,,,,,,,,,,,,,,,,,,,,,,,,,,,,,,,,,,,,,,,,,,,,,,,,,,,,,,,,,,,,,,,,,,,,,,,,,,,,,,,,,,,,,,,,,,,,,,,,,,,,,,,,,,,,,,,,,,,,,,,,,,,,,,,,,,,,,,,,,,,,,,,,,,,,,,,,,,,,,,,,,,,,,,,,,,,,,,,,,,,,,,,,,,,,,,,,,,,,,,,,,,,,,,,,,,,,,,,,,,,,,,,,,,,,,,,,,,,,,,,,,,,,,,,,,,,,,,,,,,,,,,,,,,,,,,,,,,,,,,,,,,,,,,,,,,,,,,,,,,,,,,,,,,,,,,,,,,,,,,,,,,,,,,,,,,,"5","1280","720","https://scontent-iad3-1.cdninstagram.com/v/t51.82787-15/707463593_18439193473137267_6019128404596243811_n.jpg?stp=dst-jpg_e35_p750x750_sh2.08_tt6&_nc_cat=104&ig_cache_key=MzkwNjE3NzYyNjI5MzM0MTYyNDE4NDM5MTkzNDcwMTM3MjY3.3-ccb7-5&ccb=7-5&_nc_sid=58cdad&efg=eyJ2ZW5jb2RlX3RhZyI6IkNMSVBTLnhwaWRzLjEyMTcuc2RyLnZpZGVvX2RlZmF1bHRfY292ZXJfZnJhbWUuQzMifQ%3D%3D&_nc_ohc=0N_0oiTIQNwQ7kNvwEPLURE&_nc_oc=AdqmiUeZDjgeOP6MSXLgwkdJdAW7VE8cBpmxIPSqQv2zheq-noiM02QpFVZeF8Tj72g&_nc_ad=z-m&_nc_cid=0&_nc_zt=23&_nc_ht=scontent-iad3-1.cdninstagram.com&_nc_gid=Bg0XdCZculOZcaEaRCXlIg&_nc_ss=7a3ba&oh=00_Af9XqDIid1g1dB5gefjKTnNS2H728N_DKS3lh72H96ZsTA&oe=6A397910",,,"","hidiff","養膚routine",,,,"3906177626293341624","5630",,,,,,,,,,,,,,,"https://www.instagram.com/hidiff.tw/",,"-1",,"hidiff.tw",,"_tttang_",,"26908400745435584",,,,,,,,,,,,,,,,,,,,,,,,,,,,,,,,,,,,,,,,,,,,,,,,,,,,,,,,,,,,,,,,,,,"false","","Original audio","true","Blair Tang","4281729266","_tttang_","true","clips","DY1h9r0yw24","hidiff.tw","80015491870","false","false",,"https://scontent-iad3-1.cdninstagram.com/v/t51.82787-19/615343798_17845310625667871_7065812407261479699_n.jpg?stp=dst-jpg_e0_s150x150_tt6&efg=eyJ2ZW5jb2RlX3RhZyI6InByb2ZpbGVfcGljLmRqYW5nby43OTYuYzIifQ&_nc_ht=scontent-iad3-1.cdninstagram.com&_nc_cat=1&_nc_oc=Q6cZ2gHZdplpVHen7aNSkCdKFsQJeZfX37mycNdQkWgFQsIIzie3Ludq1dAqAXi3nZsbWrc&_nc_ohc=CmgFRSIfk20Q7kNvwE-SmCD&_nc_gid=Bg0XdCZculOZcaEaRCXlIg&edm=APGXKFABAAAA&ccb=7-5&ig_cache_key=GLZmrSQf278oN2Y-ABNDXrjyzg5ibmNDAQAB1501500j-ccb7-5&oh=00_Af8513YorQkEYFoqDVVr8vPypSL0-PSY8uBopcAskHp7sA&oe=6A399CDC&_nc_sid=a8b8e2",,"hidiff.tw",,,,,,,,,"2026-05-27T09:06:13.000Z","Video","https://www.instagram.com/p/DY1h9r0yw24/","64.69999694824219","6675","https://scontent-iad3-2.cdninstagram.com/o1/v/t2/f2/m86/AQPhYfSq6djG_mxcGhLPxcj7d-_SXTv3zfd9CUXZ-U1OWe5kEUT2N3eZD0XkPAeQ-BLAzTRmaeSxBwSy2aoCrB-YzUElkx-9MdN47zY.mp4?_nc_cat=111&_nc_sid=5e9851&_nc_ht=scontent-iad3-2.cdninstagram.com&_nc_ohc=k6QLJtqYi4oQ7kNvwHgyTh-&efg=eyJ2ZW5jb2RlX3RhZyI6Inhwdl9wcm9ncmVzc2l2ZS5JTlNUQUdSQU0uQ0xJUFMuQzMuNzIwLmRhc2hfYmFzZWxpbmVfMV92MSIsInhwdl9hc3NldF9pZCI6OTkwMzI3NjUzMzYxNjU3LCJhc3NldF9hZ2VfZGF5cyI6MjEsInZpX3VzZWNhc2VfaWQiOjEwMDk5LCJkdXJhdGlvbl9zIjo2NCwidXJsZ2VuX3NvdXJjZSI6Ind3dyJ9&ccb=17-1&vs=6cfcfa2de7494904&_nc_vs=HBksFQIYUmlnX3hwdl9yZWVsc19wZXJtYW5lbnRfc3JfcHJvZC83NDQzNzA4QTU2MUQ2RkZENTFFRTM4Q0Y1MzI5Mjk5Nl92aWRlb19kYXNoaW5pdC5tcDQVAALIARIAFQIYUWlnX3hwdl9wbGFjZW1lbnRfcGVybWFuZW50X3YyL0EyNDQ5MDE0RDFDNjI5QUMyNTk4NjMyMjlDODI1RTkwX2F1ZGlvX2Rhc2hpbml0Lm1wNBUCAsgBEgAoABgAGwKIB3VzZV9vaWwBMRJwcm9ncmVzc2l2ZV9yZWNpcGUBMRUAACbyn-v_06zCAxUCKAJDMywXQFAszMzMzM0YEmRhc2hfYmFzZWxpbmVfMV92MREAdf4HZeadAQA&_nc_gid=Bg0XdCZculOZcaEaRCXlIg&_nc_ss=7a3ba&_nc_zt=28&oh=00_Af82Qtpo29fwMAUA47TeDgTH6UV7CTTHqJ8wCk2zxzfo_A&oe=6A35720C"
"去廣州出差的日子✈️
常吃重油、重鹹又熬夜，加上長時間帶妝拍攝
原本超怕皮膚直接大失控..
結果這次特別帶了韓國 Hidiff 綠珍珠系列
意外變成我這趟最有安全感的東西🥹（一定要看置頂留言）

我最先愛上的是他們家的泡泡化妝水
泡泡🫧超細緻，上臉會慢慢化開
裡面除了有 D-泛醇＋神經醯胺還有綠茶水
皮膚狀態不穩的時候用真的很舒服（🙌🏻
而且吸收速度很快
我都會疊擦2層～更水潤
後面搭配 D-泛醇 3% 高濃縮水精華
保濕跟舒緩感很有存在感
最後再用綠珍珠酪梨修護乳霜鎖住🔒
擦完皮膚會有一層防護膜!!!(很厲害 

這幾個月天天帶妝+去潮濕國家出差下來
皮膚居然都沒有亂鬧脾氣
🫨🫨直接相見恨晚的組合
如果天天使用，肌膚健康度一定會更上一層樓🫪🫰🏻",,,,,,,,,,,,,,,,,,,,,,,,,,,,,,,,,,,,,,,,,,,,,,,,,,,,,,,,,,,,,,,,,,,,,,,,,,,,,,,,,,,,,,,,,,,,,,,,,,,,,,,,,,,,,,,,,,,,,,,,,,,,,,,,,,,,,,,,,,,,,,,,,,,,,,,,,,,,,,,,,,,,,,,,,,,,,,,,,,,,,,,,,,,,,,,,,,,,,,,,,,,,,,,,,,,,,,,,,,,,,,,,,,,,,,,,,,,,,,,,,,,,,,,,,,,,,,,,,,,,,,,,,,,,,,,,,,,,,,,,,,,,,,,,,,,,,,,,,,,,,,,,,,,,,,,,,,,,,,,,,,,,,,,,,,,,,,,,,,,,,,,,,,,,,,,,,,,,,,,,,,,,,,,,,,,,"12","1280","720","https://scontent-iad3-1.cdninstagram.com/v/t51.82787-15/709206113_18589719595060293_6630932279809193813_n.jpg?stp=dst-jpg_e15_tt6&_nc_cat=108&ig_cache_key=MzkwMTkyMDc2NTY4MzY0ODQ5OTE4NTg5NzE5NTkyMDYwMjkz.3-ccb7-5&ccb=7-5&_nc_sid=58cdad&efg=eyJ2ZW5jb2RlX3RhZyI6IkNMSVBTLnhwaWRzLjcyMC5zZHIudmlkZW9fZGVmYXVsdF9jb3Zlcl9mcmFtZS5DMyJ9&_nc_ohc=AK9QN-pgmVsQ7kNvwEHiIGn&_nc_oc=AdoOzOdS96Dy-ia65sGEPJ68TFW9hZMwiwkQyz-pTGVNPcKAZSfMm0dDiDIQ8hMY6jU&_nc_ad=z-m&_nc_cid=0&_nc_zt=23&_nc_ht=scontent-iad3-1.cdninstagram.com&_nc_gid=Bg0XdCZculOZcaEaRCXlIg&_nc_ss=7a3ba&oh=00_Af_oZKillOlyf5d0wt2M-smdHDprDOQW8s9ZfZNANBvKug&oe=6A3975A5",,,"",,,,,,"3901920765683648499","118593",,,,,,,,,,,,,,,"https://www.instagram.com/hidiff.tw/",,"624",,,,"pp___an",,"26987363777596600",,,,,,,,,,,,,,,,,,,,,,,,,,,,,,,,,,,,,,,,,,,,,,,,,,,,,,,,,,,,,,,,,,,"false","","Original audio","true","PAN","1517884292","pp___an",,"clips","DYmaENcS0fz","hidiff 히디프 🌳","63403377015","false","false",,"https://scontent-iad3-2.cdninstagram.com/v/t51.2885-19/452147619_3743307565986401_1601641283140305637_n.jpg?stp=dst-jpg_e0_s150x150_tt6&efg=eyJ2ZW5jb2RlX3RhZyI6InByb2ZpbGVfcGljLmRqYW5nby43OTYuYzIifQ&_nc_ht=scontent-iad3-2.cdninstagram.com&_nc_cat=105&_nc_oc=Q6cZ2gHZdplpVHen7aNSkCdKFsQJeZfX37mycNdQkWgFQsIIzie3Ludq1dAqAXi3nZsbWrc&_nc_ohc=MQ_jj_B8i10Q7kNvwF-RD3v&_nc_gid=Bg0XdCZculOZcaEaRCXlIg&edm=APGXKFABAAAA&ccb=7-5&ig_cache_key=GKM58xphcsG1hEwNAOXCLdtCLDoWbkULAAAB1501500j-ccb7-5&oh=00_Af_MwXUvnAzEcQUL6KXQTlORZdSIJUTpOF3IB91_5PMWeg&oe=6A3970CE&_nc_sid=a8b8e2",,"hidiff_official","hidiff.tw","80015491870","false","false",,"https://scontent-iad3-1.cdninstagram.com/v/t51.82787-19/615343798_17845310625667871_7065812407261479699_n.jpg?stp=dst-jpg_e0_s150x150_tt6&efg=eyJ2ZW5jb2RlX3RhZyI6InByb2ZpbGVfcGljLmRqYW5nby43OTYuYzIifQ&_nc_ht=scontent-iad3-1.cdninstagram.com&_nc_cat=1&_nc_oc=Q6cZ2gHZdplpVHen7aNSkCdKFsQJeZfX37mycNdQkWgFQsIIzie3Ludq1dAqAXi3nZsbWrc&_nc_ohc=CmgFRSIfk20Q7kNvwE-SmCD&_nc_gid=Bg0XdCZculOZcaEaRCXlIg&edm=APGXKFABAAAA&ccb=7-5&ig_cache_key=GLZmrSQf278oN2Y-ABNDXrjyzg5ibmNDAQAB1501500j-ccb7-5&oh=00_Af8513YorQkEYFoqDVVr8vPypSL0-PSY8uBopcAskHp7sA&oe=6A399CDC&_nc_sid=a8b8e2",,"hidiff.tw","2026-05-21T12:09:44.000Z","Video","https://www.instagram.com/p/DYmaENcS0fz/","61.83300018310547","133931","https://scontent-iad6-1.cdninstagram.com/o1/v/t2/f2/m86/AQOaY5Rb9b29b5YgxKRdHnCML67V4Win1RkIaNDAZIzKm8UHrXH8b4SJNlSZFYKOtDK23nce-u-53koFfPJ5KC5pad0stPrRCasn75Y.mp4?_nc_cat=106&_nc_sid=5e9851&_nc_ht=scontent-iad6-1.cdninstagram.com&_nc_ohc=hGiP6nPibsUQ7kNvwEep9LE&efg=eyJ2ZW5jb2RlX3RhZyI6Inhwdl9wcm9ncmVzc2l2ZS5JTlNUQUdSQU0uQ0xJUFMuQzMuNzIwLmRhc2hfYmFzZWxpbmVfMV92MSIsInhwdl9hc3NldF9pZCI6MTYzNzc1NzUxMDc4ODA4MSwiYXNzZXRfYWdlX2RheXMiOjI3LCJ2aV91c2VjYXNlX2lkIjoxMDA5OSwiZHVyYXRpb25fcyI6NjEsInVybGdlbl9zb3VyY2UiOiJ3d3cifQ%3D%3D&ccb=17-1&vs=dcc309bfa596ec1c&_nc_vs=HBksFQIYUmlnX3hwdl9yZWVsc19wZXJtYW5lbnRfc3JfcHJvZC82RDQ2NDFDQzgxQzYyN0VDRDk0NzE3M0I4NEM3NUE5MV92aWRlb19kYXNoaW5pdC5tcDQVAALIARIAFQIYUWlnX3hwdl9wbGFjZW1lbnRfcGVybWFuZW50X3YyLzdENDE5MzQzQzNFQTQ0MTQ1NzlGMUQxM0UwRUQ2M0JDX2F1ZGlvX2Rhc2hpbml0Lm1wNBUCAsgBEgAoABgAGwKIB3VzZV9vaWwBMRJwcm9ncmVzc2l2ZV9yZWNpcGUBMRUAACbij8WqhOLoBRUCKAJDMywXQE7qn752yLQYEmRhc2hfYmFzZWxpbmVfMV92MREAdf4HZeadAQA&_nc_gid=Bg0XdCZculOZcaEaRCXlIg&_nc_ss=7a3ba&_nc_zt=28&oh=00_Af921XiXocnsXq0LH3g-F7M7mrnbTehT_i_usdyS4f7jaw&oe=6A35A4F7"
"敏感肌也能用的一組保養品 寵愛母親全館53折起別錯過
近期每天用的一組保養品
來get ready with me吧

前陣子天氣變熱臉大過敏
剛好來測試hidiff養膚組是不是真的敏感肌也可以用
結果用其他保養品會刺痛但這組是真的不會
敏感肌放心衝

最特別的是綠珍珠潤肌泡泡化妝水
真的太酷了
泡泡質地可以緊密貼合皮膚 更有效地吸收
除了講究成分 質地也有特別下功夫

綠珍珠D-泛醇3%高濃縮水精華
D 泛醇 × 積雪草萃取物

綠珍珠酪梨修護乳霜
酪梨油× 植物性鯨蠟醇
推薦給你們！
#히디프 #hidiff#綠珍珠系列#hidiff養膚組#GRWM",,,,,,,,,,,,,,,,,,,,,,,,,,,,,,,,,,,,,,,,,,,,,,,,,,,,,,,,,,,,,,,,,,,,,,,,,,,,,,,,,,,,,,,,,,,,,,,,,,,,,,,,,,,,,,,,,,,,,,,,,,,,,,,,,,,,,,,,,,,,,,,,,,,,,,,,,,,,,,,,,,,,,,,,,,,,,,,,,,,,,,,,,,,,,,,,,,,,,,,,,,,,,,,,,,,,,,,,,,,,,,,,,,,,,,,,,,,,,,,,,,,,,,,,,,,,,,,,,,,,,,,,,,,,,,,,,,,,,,,,,,,,,,,,,,,,,,,,,,,,,,,,,,,,,,,,,,,,,,,,,,,,,,,,,,,,,,,,,,,,,,,,,,,,,,,,,,,,,,,,,,,,,,,,,,,,"1","1280","720","https://scontent-iad6-1.cdninstagram.com/v/t51.82787-15/673186230_18117408976771977_7065904019718224174_n.jpg?stp=dst-jpg_e35_p750x750_sh2.08_tt6&_nc_cat=109&ig_cache_key=Mzg5NzUyNDQ3MDc4NzI5NjUwNTE4MTE3NDA4OTcwNzcxOTc3.3-ccb7-5&ccb=7-5&_nc_sid=58cdad&efg=eyJ2ZW5jb2RlX3RhZyI6IkNMSVBTLnhwaWRzLjEyMDYuc2RyLnZpZGVvX2RlZmF1bHRfY292ZXJfZnJhbWUuQzMifQ%3D%3D&_nc_ohc=Oz_IuBASggkQ7kNvwEK_N_5&_nc_oc=AdqGiQlvQXoyTdHaSQB09v5t8QySQlCP1BELcOCFL1dJutgbOY0OyiCsqFVbsGWvaaU&_nc_ad=z-m&_nc_cid=0&_nc_zt=23&_nc_ht=scontent-iad6-1.cdninstagram.com&_nc_gid=Bg0XdCZculOZcaEaRCXlIg&_nc_ss=7a3ba&oh=00_Af8SXkK_dZyPn0k1ddJE-20xAY-AGK8PYxFCtGusQ0gFDg&oe=6A399BAF",,,"","히디프","hidiff","綠珍珠系列","hidiff養膚組","GRWM","3897524470787296505","2674",,,,,,,,,,,,,,,"https://www.instagram.com/hidiff.tw/",,"-1",,,,"cyyi1i",,"26247891154888144",,,,,,,,,,,,,,,,,,,,,,,,,,,,,,,,,,,,,,,,,,,,,,,,,,,,,,,,,,,,,,,,,,,"false","","Original audio","true","小薇","23104987976","cyyi1i",,"clips","DYWydswq0z5","hidiff.tw","80015491870","false","false",,"https://scontent-iad3-1.cdninstagram.com/v/t51.82787-19/615343798_17845310625667871_7065812407261479699_n.jpg?stp=dst-jpg_e0_s150x150_tt6&efg=eyJ2ZW5jb2RlX3RhZyI6InByb2ZpbGVfcGljLmRqYW5nby43OTYuYzIifQ&_nc_ht=scontent-iad3-1.cdninstagram.com&_nc_cat=1&_nc_oc=Q6cZ2gHZdplpVHen7aNSkCdKFsQJeZfX37mycNdQkWgFQsIIzie3Ludq1dAqAXi3nZsbWrc&_nc_ohc=CmgFRSIfk20Q7kNvwE-SmCD&_nc_gid=Bg0XdCZculOZcaEaRCXlIg&edm=APGXKFABAAAA&ccb=7-5&ig_cache_key=GLZmrSQf278oN2Y-ABNDXrjyzg5ibmNDAQAB1501500j-ccb7-5&oh=00_Af8513YorQkEYFoqDVVr8vPypSL0-PSY8uBopcAskHp7sA&oe=6A399CDC&_nc_sid=a8b8e2",,"hidiff.tw",,,,,,,,,"2026-05-15T10:34:06.000Z","Video","https://www.instagram.com/p/DYWydswq0z5/","77.56600189208984","2674","https://scontent-iad3-1.cdninstagram.com/o1/v/t2/f2/m86/AQNV2GYdvmtgqz3AourtQWzKr-Em1Ho4zNTa3aZJTJ-ZYNEMKq-e_JxddLoKec7dsdtduDU-kWexk_xNeaLbDlMoE8ALcOroEmHwgmg.mp4?_nc_cat=108&_nc_sid=5e9851&_nc_ht=scontent-iad3-1.cdninstagram.com&_nc_ohc=Zfvccf1GmIsQ7kNvwGXcFhK&efg=eyJ2ZW5jb2RlX3RhZyI6Inhwdl9wcm9ncmVzc2l2ZS5JTlNUQUdSQU0uQ0xJUFMuQzMuNzIwLmRhc2hfYmFzZWxpbmVfMV92MSIsInhwdl9hc3NldF9pZCI6MTMzNjQ3Mzg4ODMyODc0NiwiYXNzZXRfYWdlX2RheXMiOjMzLCJ2aV91c2VjYXNlX2lkIjoxMDA5OSwiZHVyYXRpb25fcyI6NzcsInVybGdlbl9zb3VyY2UiOiJ3d3cifQ%3D%3D&ccb=17-1&vs=947d82c27c7aed6d&_nc_vs=HBksFQIYUmlnX3hwdl9yZWVsc19wZXJtYW5lbnRfc3JfcHJvZC8xRTQ2QTBBOUJBNzYyQjk1MzhDODg2QTRDMzNEQzc5Ql92aWRlb19kYXNoaW5pdC5tcDQVAALIARIAFQIYUWlnX3hwdl9wbGFjZW1lbnRfcGVybWFuZW50X3YyL0UxNEJBMjg0RDFGRjBENjUwNUQwNTkzNEI2QTBCQkFEX2F1ZGlvX2Rhc2hpbml0Lm1wNBUCAsgBEgAoABgAGwKIB3VzZV9vaWwBMRJwcm9ncmVzc2l2ZV9yZWNpcGUBMRUAACbUsOy1guHfBBUCKAJDMywXQFNkOVgQYk4YEmRhc2hfYmFzZWxpbmVfMV92MREAdf4HZeadAQA&_nc_gid=Bg0XdCZculOZcaEaRCXlIg&_nc_ss=7a3ba&_nc_zt=28&oh=00_Af8Af96dPs26PAed6yTJ8ttm4Rz_sxmB7yVohbMZJssL5A&oe=6A357C29"
"鎮定肌膚完全沒話說，現在寵愛母親全館53折起!
身為超級敏感肌，基本上能用的保養品很少，用錯成分就是痘痘+泛紅伺候
但hidiff養膚組還真的不會!!而且綠珍珠潤肌泡泡化妝水保濕度很好，也幫助後續的保養吸收
我喜歡早上擦完再上妝，妝感貼到不行!!!
睡前會用D-泛醇3%高濃縮水精華，搭配酪梨修護乳霜，隔天泛紅直接消失~
跟我一樣嚴重敏感肌的朋友可以參考看看🥰
@hidiff.tw 
#히디프 #hidiff#綠珍珠系列#hidiff養膚組",,,,,,,,,,,,,,,,,,,,,,,,,,,,,,,,,,,,,,,,,,,,,,,,,,,,,,,,,,,,,,,,,,,,,,,,,,,,,,,,,,,,,,,,,,,,,,,,,,,,,,,,,,,,,,,,,,,,,,,,,,,,,,,,,,,,,,,,,,,,,,,,,,,,,,,,,,,,,,,,,,,,,,,,,,,,,,,,,,,,,,,,,,,,,,,,,,,,,,,,,,,,,,,,,,,,,,,,,,,,,,,,,,,,,,,,,,,,,,,,,,,,,,,,,,,,,,,,,,,,,,,,,,,,,,,,,,,,,,,,,,,,,,,,,,,,,,,,,,,,,,,,,,,,,,,,,,,,,,,,,,,,,,,,,,,,,,,,,,,,,,,,,,,,,,,,,,,,,,,,,,,,,,,,,,,,"0","1280","720","https://scontent-iad3-1.cdninstagram.com/v/t51.82787-15/698107470_18592785229008086_5840447984391350271_n.jpg?stp=dst-jpg_e35_p750x750_sh2.08_tt6&_nc_cat=101&ig_cache_key=Mzg5NzM0OTgzOTAxMDU0OTU4NDE4NTkyNzg1MjI2MDA4MDg2.3-ccb7-5&ccb=7-5&_nc_sid=58cdad&efg=eyJ2ZW5jb2RlX3RhZyI6IkNMSVBTLnhwaWRzLjEyMTYuc2RyLnZpZGVvX2RlZmF1bHRfY292ZXJfZnJhbWUuQzMifQ%3D%3D&_nc_ohc=WZmmG6FbmjEQ7kNvwHfyn52&_nc_oc=AdprTPRmy0XOn7DqY5xe7M5IzcPuX_4YoCXC5DrtnxQ5ElWxnS_JO9Q3kqS0cPAbWO0&_nc_ad=z-m&_nc_cid=0&_nc_zt=23&_nc_ht=scontent-iad3-1.cdninstagram.com&_nc_gid=Bg0XdCZculOZcaEaRCXlIg&_nc_ss=7a3ba&oh=00_Af9VOcmcV4sbv-BN1oovoRK6Z6SGq-FRI1x-HuGmGdAVhQ&oe=6A397BBF",,,"","히디프","hidiff","綠珍珠系列","hidiff養膚組",,"3897349839010549584","2632",,,,,,,,,,,,,,,"https://www.instagram.com/hidiff.tw/",,"-1",,"hidiff.tw",,"jiajunshii",,"26817121787945268",,,,,,,,,,,,,,,,,,,,,,,,,,,,,,,,,,,,,,,,,,,,,,,,,,,,,,,,,,,,,,,,,,,"false","","Original audio","true","老施","1624456085","jiajunshii",,"clips","DYWKwePpk9Q","hidiff.tw","80015491870","false","false",,"https://scontent-iad3-1.cdninstagram.com/v/t51.82787-19/615343798_17845310625667871_7065812407261479699_n.jpg?stp=dst-jpg_e0_s150x150_tt6&efg=eyJ2ZW5jb2RlX3RhZyI6InByb2ZpbGVfcGljLmRqYW5nby43OTYuYzIifQ&_nc_ht=scontent-iad3-1.cdninstagram.com&_nc_cat=1&_nc_oc=Q6cZ2gHZdplpVHen7aNSkCdKFsQJeZfX37mycNdQkWgFQsIIzie3Ludq1dAqAXi3nZsbWrc&_nc_ohc=CmgFRSIfk20Q7kNvwE-SmCD&_nc_gid=Bg0XdCZculOZcaEaRCXlIg&edm=APGXKFABAAAA&ccb=7-5&ig_cache_key=GLZmrSQf278oN2Y-ABNDXrjyzg5ibmNDAQAB1501500j-ccb7-5&oh=00_Af8513YorQkEYFoqDVVr8vPypSL0-PSY8uBopcAskHp7sA&oe=6A399CDC&_nc_sid=a8b8e2",,"hidiff.tw",,,,,,,,,"2026-05-15T04:52:39.000Z","Video","https://www.instagram.com/p/DYWKwePpk9Q/","50.26900100708008","2632","https://scontent-iad3-2.cdninstagram.com/o1/v/t2/f2/m86/AQPWBrnTw-fBCvpGAtVgpUNg7GmJtw0I-zlcvo273Y4dwBIzoLMkb02VivhKDziGF1e-XtiCz9_spYHpAfj4jF0GsNjE1Ibq3ittgV0.mp4?_nc_cat=105&_nc_sid=5e9851&_nc_ht=scontent-iad3-2.cdninstagram.com&_nc_ohc=65mbQbk-zW8Q7kNvwEG2_6F&efg=eyJ2ZW5jb2RlX3RhZyI6Inhwdl9wcm9ncmVzc2l2ZS5JTlNUQUdSQU0uQ0xJUFMuQzMuNzIwLmRhc2hfYmFzZWxpbmVfMV92MSIsInhwdl9hc3NldF9pZCI6OTI2NDY2NTMzNzY0NjM5LCJhc3NldF9hZ2VfZGF5cyI6MzQsInZpX3VzZWNhc2VfaWQiOjEwMDk5LCJkdXJhdGlvbl9zIjo1MCwidXJsZ2VuX3NvdXJjZSI6Ind3dyJ9&ccb=17-1&vs=6d481a30610904cd&_nc_vs=HBksFQIYUmlnX3hwdl9yZWVsc19wZXJtYW5lbnRfc3JfcHJvZC9EMzRDRDQ1MTk2MTg5NzgxQTJBRkIzMDY2OEQ0RTE5Q192aWRlb19kYXNoaW5pdC5tcDQVAALIARIAFQIYUWlnX3hwdl9wbGFjZW1lbnRfcGVybWFuZW50X3YyLzY5NDMzMkJFNDExODE4MTU1OEU2QzYyOTZGRTE4N0JEX2F1ZGlvX2Rhc2hpbml0Lm1wNBUCAsgBEgAoABgAGwKIB3VzZV9vaWwBMRJwcm9ncmVzc2l2ZV9yZWNpcGUBMRUAACa-uKHKuaelAxUCKAJDMywXQEkiDEm6XjUYEmRhc2hfYmFzZWxpbmVfMV92MREAdf4HZeadAQA&_nc_gid=Bg0XdCZculOZcaEaRCXlIg&_nc_ss=7a3ba&_nc_zt=28&oh=00_Af87YE-A-daWAW_7hroKH-EDBlOOO703xgWW7GJQy1rf4g&oe=6A35752A"
"有了它臉真的變得乾淨又滑嫩！寵愛母親全館53折起別錯過!

台灣夏天真的很可怕了⋯ 一整天下來臉不只出油
還會混著汗水、空氣髒污跟老廢角質
妝也當然也變得超級恐怖！
 後來我才發現除了保濕
角質管理其實也超重要
但前提是產品真的要選對！

最近我用的是
hidiff綠珍珠溫和去角質潔膚棒
跟一般有顆粒感的磨砂不太一樣
它是利用 AHA 溫和代謝老廢角質
非常的溫和不刺激！ 尤其特別喜歡它棉棒滾動的設計
棉棒大小也很貼合臉的各種角度
鼻翼、下巴這種容易粗糙的小地方都很好帶到
甚至連手肘也可以一起用 用完會覺得肌膚變得比較細緻
看棉棒的差異就知道了！

去完角質後我會接著擦
D-泛醇3%高濃縮水精華 高濃度泛醇搭配積雪草
肌膚會有那種瞬間喝飽水的感覺
同時也能幫助穩定膚況
夏天曬後或泛紅時我很喜歡用它！

最後再用 酪梨修護乳霜鎖住水分 質地滋潤但不會厚重黏膩
擦完皮膚會有柔嫩又很安心的包覆感

現在越來越覺得夏天的保養不是一直拼命疊加
而是先把肌膚的角質管理做好 皮膚狀態穩定了妝自然就漂亮！

@hidiff.tw
#히디프 #hidiff#綠珍珠系列",,,,,,,,,,,,,,,,,,,,,,,,,,,,,,,,,,,,,,,,,,,,,,,,,,,,,,,,,,,,,,,,,,,,,,,,,,,,,,,,,,,,,,,,,,,,,,,,,,,,,,,,,,,,,,,,,,,,,,,,,,,,,,,,,,,,,,,,,,,,,,,,,,,,,,,,,,,,,,,,,,,,,,,,,,,,,,,,,,,,,,,,,,,,,,,,,,,,,,,,,,,,,,,,,,,,,,,,,,,,,,,,,,,,,,,,,,,,,,,,,,,,,,,,,,,,,,,,,,,,,,,,,,,,,,,,,,,,,,,,,,,,,,,,,,,,,,,,,,,,,,,,,,,,,,,,,,,,,,,,,,,,,,,,,,,,,,,,,,,,,,,,,,,,,,,,,,,,,,,,,,,,,,,,,,,,"0","1280","720","https://scontent-iad6-1.cdninstagram.com/v/t51.82787-15/671174127_18315697342276928_3861832154409363901_n.jpg?stp=dst-jpg_e35_p750x750_sh2.08_tt6&_nc_cat=100&ig_cache_key=Mzg5NzAyNTIwMjU0Mjc0OTAwNjE4MzE1Njk3MzM5Mjc2OTI4.3-ccb7-5&ccb=7-5&_nc_sid=58cdad&efg=eyJ2ZW5jb2RlX3RhZyI6IkNMSVBTLnhwaWRzLjEyMTcuc2RyLnZpZGVvX2RlZmF1bHRfY292ZXJfZnJhbWUuQzMifQ%3D%3D&_nc_ohc=vIjqqZSP_cUQ7kNvwFyHRIf&_nc_oc=AdryHYZqUpjJCrUA1yFOnFrgqVl4yeUuCcB56-Xuk00GmeeDgy5TKDD0ykbOofDezqc&_nc_ad=z-m&_nc_cid=0&_nc_zt=23&_nc_ht=scontent-iad6-1.cdninstagram.com&_nc_gid=Bg0XdCZculOZcaEaRCXlIg&_nc_ss=7a3ba&oh=00_Af_guUq9B3cfZl_c6xDl2JQ9nLA2bzFqQFOF8sFm99fnIQ&oe=6A39742F",,,"","히디프","hidiff","綠珍珠系列",,,"3897025202542749006","12494",,,,,,,,,,,,,,,"https://www.instagram.com/hidiff.tw/",,"27",,"hidiff.tw",,"cotin_makeup",,"26639457482378964",,,,,,,,,,,,,,,,,,,,,,,,,,,,,,,,,,,,,,,,,,,,,,,,,,,,,,,,,,,,,,,,,,,"false","","Original audio","true","口天小姐ฅ •ﻌ•♡","8226244927","cotin_makeup","true","clips","DYVA8Y-TiVO","hidiff.tw","80015491870","false","false",,"https://scontent-iad3-1.cdninstagram.com/v/t51.82787-19/615343798_17845310625667871_7065812407261479699_n.jpg?stp=dst-jpg_e0_s150x150_tt6&efg=eyJ2ZW5jb2RlX3RhZyI6InByb2ZpbGVfcGljLmRqYW5nby43OTYuYzIifQ&_nc_ht=scontent-iad3-1.cdninstagram.com&_nc_cat=1&_nc_oc=Q6cZ2gHZdplpVHen7aNSkCdKFsQJeZfX37mycNdQkWgFQsIIzie3Ludq1dAqAXi3nZsbWrc&_nc_ohc=CmgFRSIfk20Q7kNvwE-SmCD&_nc_gid=Bg0XdCZculOZcaEaRCXlIg&edm=APGXKFABAAAA&ccb=7-5&ig_cache_key=GLZmrSQf278oN2Y-ABNDXrjyzg5ibmNDAQAB1501500j-ccb7-5&oh=00_Af8513YorQkEYFoqDVVr8vPypSL0-PSY8uBopcAskHp7sA&oe=6A399CDC&_nc_sid=a8b8e2",,"hidiff.tw",,,,,,,,,"2026-05-14T18:01:52.000Z","Video","https://www.instagram.com/p/DYVA8Y-TiVO/","72.30599975585938","14536","https://scontent-iad6-1.cdninstagram.com/o1/v/t2/f2/m86/AQPndN9DBpSZmxfX9fd5qMb0c2AVlDFAn7AEDFTloWFyqBugYk7ABvQh1QgbeE-JiqBpE3bpkj187trmAaog5qc-liN6tdwwMwWxNR8.mp4?_nc_cat=109&_nc_sid=5e9851&_nc_ht=scontent-iad6-1.cdninstagram.com&_nc_ohc=Qrx4Obyu_W4Q7kNvwEF6oB8&efg=eyJ2ZW5jb2RlX3RhZyI6Inhwdl9wcm9ncmVzc2l2ZS5JTlNUQUdSQU0uQ0xJUFMuQzMuNzIwLmRhc2hfYmFzZWxpbmVfMV92MSIsInhwdl9hc3NldF9pZCI6MTAwNzc3MDA4ODQzNTA0MywiYXNzZXRfYWdlX2RheXMiOjM0LCJ2aV91c2VjYXNlX2lkIjoxMDA5OSwiZHVyYXRpb25fcyI6NzIsInVybGdlbl9zb3VyY2UiOiJ3d3cifQ%3D%3D&ccb=17-1&vs=d4cbb6135f1346b1&_nc_vs=HBksFQIYUmlnX3hwdl9yZWVsc19wZXJtYW5lbnRfc3JfcHJvZC9ERTRENUQyREQyNTA2RDgwQTU1NUU3ODZDMEM3NjNCQ192aWRlb19kYXNoaW5pdC5tcDQVAALIARIAFQIYUWlnX3hwdl9wbGFjZW1lbnRfcGVybWFuZW50X3YyL0JFNDU1QkVDNDYxQTRGQzcxNzhDOUJCODNCOUJFQUFFX2F1ZGlvX2Rhc2hpbml0Lm1wNBUCAsgBEgAoABgAGwKIB3VzZV9vaWwBMRJwcm9ncmVzc2l2ZV9yZWNpcGUBMRUAACbGtZei-KPKAxUCKAJDMywXQFITMzMzMzMYEmRhc2hfYmFzZWxpbmVfMV92MREAdf4HZeadAQA&_nc_gid=Bg0XdCZculOZcaEaRCXlIg&_nc_ss=7a3ba&_nc_zt=28&oh=00_Af-EEyz5_awCiYEIhjNrQIf3oW43u5utDgYPZFwDbdT2xQ&oe=6A359E66"
"給肌膚最溫和的純素修護，寵愛母親全館 53 折起！

喜歡早晨這種能與自己對話的時刻，
喝杯咖啡、看本好書，還有每天最期待的保養儀式感。

最近偏愛 Hidiff 的綠珍珠系列，簡單三步驟讓皮膚乖乖聽話一整天。
因為它 100% 純素且無添加酒精，質地清爽到像讓肌膚在呼吸，即便是敏感肌也能養出透亮光澤
尤其是泡泡化妝水的清爽感，特別適合想讓心情歸零的早晨。

🫧綠珍珠潤肌泡泡化妝水
🌿綠珍珠 D-泛醇高濃縮精華
🥑綠珍珠酪梨修護乳霜

準備好換上喜歡的衣服出門散步了。☁️🐕

#히디프 #hidiff #綠珍珠系列 #hidiff養膚組 #VLOG",,,,,,,,,,,,,,,,,,,,,,,,,,,,,,,,,,,,,,,,,,,,,,,,,,,,,,,,,,,,,,,,,,,,,,,,,,,,,,,,,,,,,,,,,,,,,,,,,,,,,,,,,,,,,,,,,,,,,,,,,,,,,,,,,,,,,,,,,,,,,,,,,,,,,,,,,,,,,,,,,,,,,,,,,,,,,,,,,,,,,,,,,,,,,,,,,,,,,,,,,,,,,,,,,,,,,,,,,,,,,,,,,,,,,,,,,,,,,,,,,,,,,,,,,,,,,,,,,,,,,,,,,,,,,,,,,,,,,,,,,,,,,,,,,,,,,,,,,,,,,,,,,,,,,,,,,,,,,,,,,,,,,,,,,,,,,,,,,,,,,,,,,,,,,,,,,,,,,,,,,,,,,,,,,,,,"0","1280","720","https://scontent-iad3-2.cdninstagram.com/v/t51.82787-15/671823346_18588440464063423_2922632943684159889_n.jpg?stp=dst-jpg_e15_p750x750_tt6&_nc_cat=111&ig_cache_key=Mzg5Njk5NjI1MjE2MzY2MzMzOTE4NTg4NDQwNDYxMDYzNDIz.3-ccb7-5&ccb=7-5&_nc_sid=58cdad&efg=eyJ2ZW5jb2RlX3RhZyI6IkNMSVBTLnhwaWRzLjk3NC5zZHIudmlkZW9fZGVmYXVsdF9jb3Zlcl9mcmFtZS5DMyJ9&_nc_ohc=_VZV-RF3wQAQ7kNvwED8qTM&_nc_oc=AdqJIU-yiGZGOgUSaDmCsVXjjyYJ-uZVMjhJuoa1N3B-FOJJWx7qzD7lYPeFlzhEHz4&_nc_ad=z-m&_nc_cid=0&_nc_zt=23&_nc_ht=scontent-iad3-2.cdninstagram.com&_nc_gid=Bg0XdCZculOZcaEaRCXlIg&_nc_ss=7a3ba&oh=00_Af8sKLZhVG7MPrS82XA0dFahL8EG-H2o3NUanilSCaUZPQ&oe=6A398FDD",,,"","히디프","hidiff","綠珍珠系列","hidiff養膚組","VLOG","3896996252163663339","9097",,,,,,,,,,,,,,,"https://www.instagram.com/hidiff.tw/",,"-1",,,,"a.rooo__",,"26940417172258148",,,,,,,,,,,,,,,,,,,,,,,,,,,,,,,,,,,,,,,,,,,,,,,,,,,,,,,,,,,,,,,,,,,"false","","Original audio","true","Alexis","1667455422","a.rooo__","true","clips","DYU6XG1PmXr","hidiff 히디프 🌳","63403377015","false","false",,"https://scontent-iad3-2.cdninstagram.com/v/t51.2885-19/452147619_3743307565986401_1601641283140305637_n.jpg?stp=dst-jpg_e0_s150x150_tt6&efg=eyJ2ZW5jb2RlX3RhZyI6InByb2ZpbGVfcGljLmRqYW5nby43OTYuYzIifQ&_nc_ht=scontent-iad3-2.cdninstagram.com&_nc_cat=105&_nc_oc=Q6cZ2gHZdplpVHen7aNSkCdKFsQJeZfX37mycNdQkWgFQsIIzie3Ludq1dAqAXi3nZsbWrc&_nc_ohc=MQ_jj_B8i10Q7kNvwF-RD3v&_nc_gid=Bg0XdCZculOZcaEaRCXlIg&edm=APGXKFABAAAA&ccb=7-5&ig_cache_key=GKM58xphcsG1hEwNAOXCLdtCLDoWbkULAAAB1501500j-ccb7-5&oh=00_Af_MwXUvnAzEcQUL6KXQTlORZdSIJUTpOF3IB91_5PMWeg&oe=6A3970CE&_nc_sid=a8b8e2",,"hidiff_official","hidiff.tw","80015491870","false","false",,"https://scontent-iad3-1.cdninstagram.com/v/t51.82787-19/615343798_17845310625667871_7065812407261479699_n.jpg?stp=dst-jpg_e0_s150x150_tt6&efg=eyJ2ZW5jb2RlX3RhZyI6InByb2ZpbGVfcGljLmRqYW5nby43OTYuYzIifQ&_nc_ht=scontent-iad3-1.cdninstagram.com&_nc_cat=1&_nc_oc=Q6cZ2gHZdplpVHen7aNSkCdKFsQJeZfX37mycNdQkWgFQsIIzie3Ludq1dAqAXi3nZsbWrc&_nc_ohc=CmgFRSIfk20Q7kNvwE-SmCD&_nc_gid=Bg0XdCZculOZcaEaRCXlIg&edm=APGXKFABAAAA&ccb=7-5&ig_cache_key=GLZmrSQf278oN2Y-ABNDXrjyzg5ibmNDAQAB1501500j-ccb7-5&oh=00_Af8513YorQkEYFoqDVVr8vPypSL0-PSY8uBopcAskHp7sA&oe=6A399CDC&_nc_sid=a8b8e2",,"hidiff.tw","2026-05-14T17:09:22.000Z","Video","https://www.instagram.com/p/DYU6XG1PmXr/","66.68599700927734","10201","https://scontent-iad3-1.cdninstagram.com/o1/v/t2/f2/m86/AQOMpoi00zGMWx71Xq7qvTj1MSbI9zNTgcbGGgvxY67Fy8r_OlDzGVlG9-Q_zydJzyGMYKgX_jHy7kx9k1MyhihCQuXXuA7SUW6fIJs.mp4?_nc_cat=108&_nc_sid=5e9851&_nc_ht=scontent-iad3-1.cdninstagram.com&_nc_ohc=SaUQbFuOCfwQ7kNvwFRDFVy&efg=eyJ2ZW5jb2RlX3RhZyI6Inhwdl9wcm9ncmVzc2l2ZS5JTlNUQUdSQU0uQ0xJUFMuQzMuNzIwLmRhc2hfYmFzZWxpbmVfMV92MSIsInhwdl9hc3NldF9pZCI6MTAwMzE2MjQwOTA1NDM1MiwiYXNzZXRfYWdlX2RheXMiOjM0LCJ2aV91c2VjYXNlX2lkIjoxMDA5OSwiZHVyYXRpb25fcyI6NjYsInVybGdlbl9zb3VyY2UiOiJ3d3cifQ%3D%3D&ccb=17-1&vs=f196d461414d900c&_nc_vs=HBksFQIYUmlnX3hwdl9yZWVsc19wZXJtYW5lbnRfc3JfcHJvZC9DRDQ2ODAzNDgxNkEzQjE0RjczNEQxQUFGOUMwQzhBRF92aWRlb19kYXNoaW5pdC5tcDQVAALIARIAFQIYUWlnX3hwdl9wbGFjZW1lbnRfcGVybWFuZW50X3YyL0Y2NDc4MUY2MjQ5OTU3MTU3MTkyRDc0QUQ1N0EzQkE1X2F1ZGlvX2Rhc2hpbml0Lm1wNBUCAsgBEgAoABgAGwKIB3VzZV9vaWwBMRJwcm9ncmVzc2l2ZV9yZWNpcGUBMRUAACagwtmw3pfIAxUCKAJDMywXQFCqn752yLQYEmRhc2hfYmFzZWxpbmVfMV92MREAdf4HZeadAQA&_nc_gid=Bg0XdCZculOZcaEaRCXlIg&_nc_ss=7a3ba&_nc_zt=28&oh=00_Af9SI_N7cMPEodGf2KiwAJdDlv8MiUWlCyLps11o4eK2fg&oe=6A358621"
"穩定膚況日常，寵愛母親全館53折起別錯過! 💕

最近的生活好像慢慢回到舒服的節奏了 
從冬天一路用到現在夏天 @hidiff.tw HIDFF的綠珍珠系列陪我度過了整個換季期🫯

工作、旅行、拍攝，生活常常很忙亂，但每天晚上回到家洗完澡後的保養時間，是我最放鬆的時刻！

綠珍珠潤肌泡泡化妝水的泡泡質地很特別，輕輕推開會變成水感，很舒服

搭配 D-泛醇3%高濃縮水精華，保濕足夠卻不會有黏膩的感覺，長期用下來膚況穩定很多！

換季時肌膚很容易乾燥，上妝脫皮，心情會很不好...
但這一季皮膚漸漸穩定，臉的亮度也upup～✨

最近睡前最後一步，會擦上綠珍珠酪梨修護乳霜 
幫肌膚多加上一層溫柔的屏障，把一天的疲憊好好包覆起來！保養完打開睡眠模式，有種今天真的結束了啊！的安心感 💓

@hidiff.tw
#히디프 #hidiff#綠珍珠系列#hidiff養膚組#BRAND",,,,,,,,,,,,,,,,,,,,,,,,,,,,,,,,,,,,,,,,,,,,,,,,,,,,,,,,,,,,,,,,,,,,,,,,,,,,,,,,,,,,,,,,,,,,,,,,,,,,,,,,,,,,,,,,,,,,,,,,,,,,,,,,,,,,,,,,,,,,,,,,,,,,,,,,,,,,,,,,,,,,,,,,,,,,,,,,,,,,,,,,,,,,,,,,,,,,,,,,,,,,,,,,,,,,,,,,,,,,,,,,,,,,,,,,,,,,,,,,,,,,,,,,,,,,,,,,,,,,,,,,,,,,,,,,,,,,,,,,,,,,,,,,,,,,,,,,,,,,,,,,,,,,,,,,,,,,,,,,,,,,,,,,,,,,,,,,,,,,,,,,,,,,,,,,,,,,,,,,,,,,,,,,,,,,"3","1280","720","https://scontent-iad6-1.cdninstagram.com/v/t51.82787-15/700316980_18177108514392691_1899417296017136028_n.jpg?stp=dst-jpg_e15_p750x750_tt6&_nc_cat=106&ig_cache_key=Mzg5Njk0MjI3MDkzNDg1ODU0NDE4MTc3MTA4NTA4MzkyNjkx.3-ccb7-5&ccb=7-5&_nc_sid=58cdad&efg=eyJ2ZW5jb2RlX3RhZyI6IkNMSVBTLnhwaWRzLjk1OC5zZHIudmlkZW9fZGVmYXVsdF9jb3Zlcl9mcmFtZS5DMyJ9&_nc_ohc=e6oTJDZyzTEQ7kNvwETuC6T&_nc_oc=AdruKIlWaJUR3YQhyVpYm8Y8Y-mrcEh24EpdNEYlfzWHrkOXfrwNXCPiqAr2z_DJ4gQ&_nc_ad=z-m&_nc_cid=0&_nc_zt=23&_nc_ht=scontent-iad6-1.cdninstagram.com&_nc_gid=Bg0XdCZculOZcaEaRCXlIg&_nc_ss=7a3ba&oh=00_Af8A9SPR26y7ak1Wpmlh53jzWDavUpVYFuK9gAR_ku2XZg&oe=6A397C2A",,,"","히디프","hidiff","綠珍珠系列","hidiff養膚組","BRAND","3896942270934858544","11759",,,,,,,,,,,,,,,"https://www.instagram.com/hidiff.tw/",,"576",,"hidiff.tw",,"ruyi_iii",,"26775326712077812",,,,,,,,,,,,,,,,,,,,,,,,,,,,,,,,,,,,,,,,,,,,,,,,,,,,,,,,,,,,,,,,,,,"false","","Original audio","true","如 意 Ruyi","11853656690","ruyi_iii",,"clips","DYUuFk5Rrsw","hidiff.tw","80015491870","false","false",,"https://scontent-iad3-1.cdninstagram.com/v/t51.82787-19/615343798_17845310625667871_7065812407261479699_n.jpg?stp=dst-jpg_e0_s150x150_tt6&efg=eyJ2ZW5jb2RlX3RhZyI6InByb2ZpbGVfcGljLmRqYW5nby43OTYuYzIifQ&_nc_ht=scontent-iad3-1.cdninstagram.com&_nc_cat=1&_nc_oc=Q6cZ2gHZdplpVHen7aNSkCdKFsQJeZfX37mycNdQkWgFQsIIzie3Ludq1dAqAXi3nZsbWrc&_nc_ohc=CmgFRSIfk20Q7kNvwE-SmCD&_nc_gid=Bg0XdCZculOZcaEaRCXlIg&edm=APGXKFABAAAA&ccb=7-5&ig_cache_key=GLZmrSQf278oN2Y-ABNDXrjyzg5ibmNDAQAB1501500j-ccb7-5&oh=00_Af8513YorQkEYFoqDVVr8vPypSL0-PSY8uBopcAskHp7sA&oe=6A399CDC&_nc_sid=a8b8e2",,"hidiff.tw",,,,,,,,,"2026-05-14T15:19:28.000Z","Video","https://www.instagram.com/p/DYUuFk5Rrsw/","46.16600036621094","12324","https://scontent-iad6-1.cdninstagram.com/o1/v/t2/f2/m86/AQNoxd6aZUdVfh9wK_mGdiUTMj9WggrUscv0MnQup6607ymby0AhvuthtO7kZACzDpmw5BuJxmSdmNdn-SrWoJnV1vFnv8_ZvBZ5x_8.mp4?_nc_cat=107&_nc_sid=5e9851&_nc_ht=scontent-iad6-1.cdninstagram.com&_nc_ohc=D5xvJZ9J4_0Q7kNvwFshGez&efg=eyJ2ZW5jb2RlX3RhZyI6Inhwdl9wcm9ncmVzc2l2ZS5JTlNUQUdSQU0uQ0xJUFMuQzMuNzIwLmRhc2hfYmFzZWxpbmVfMV92MSIsInhwdl9hc3NldF9pZCI6MTAzMjg1NzY2OTkyMTY2MSwiYXNzZXRfYWdlX2RheXMiOjM0LCJ2aV91c2VjYXNlX2lkIjoxMDA5OSwiZHVyYXRpb25fcyI6NDYsInVybGdlbl9zb3VyY2UiOiJ3d3cifQ%3D%3D&ccb=17-1&vs=be454ba0a8c00454&_nc_vs=HBksFQIYUmlnX3hwdl9yZWVsc19wZXJtYW5lbnRfc3JfcHJvZC84NjRFNTY4RTg2MTRGMkYwQTBFOEFGNTIzNTY4NUZBRF92aWRlb19kYXNoaW5pdC5tcDQVAALIARIAFQIYUWlnX3hwdl9wbGFjZW1lbnRfcGVybWFuZW50X3YyLzNENDE5MDU4RUNDMEFGRDBEMzU0NENGREFGQTgzQzlDX2F1ZGlvX2Rhc2hpbml0Lm1wNBUCAsgBEgAoABgAGwKIB3VzZV9vaWwBMRJwcm9ncmVzc2l2ZV9yZWNpcGUBMRUAACb6raeondjVAxUCKAJDMywXQEcVP3ztkWgYEmRhc2hfYmFzZWxpbmVfMV92MREAdf4HZeadAQA&_nc_gid=Bg0XdCZculOZcaEaRCXlIg&_nc_ss=7a3ba&_nc_zt=28&oh=00_Af9yzE6z7SQlMEWhLIRISOt0rlQgcogBhIHHlfnnbij8-Q&oe=6A35A0E0"
"敏感肌看過來～～寵愛母親全館53折起別錯過✨

前陣子皮膚狀態很不穩定
熬夜、壓力大、一直上妝拍攝之後
臉很容易乾、泛紅、不貼妝
最近開始用 HIDIFF 這組敏感肌救星✨
- 綠珍珠溫和去角質潔膚棒
- 綠珍珠D泛醇高濃縮精華
- 綠珍珠酪梨修護乳霜

慢慢把皮膚養回來了
洗完不會有過度清潔的乾繃感
後續保養擦上去吸收也很舒服
隔天起床會覺得皮膚穩定很多
推薦給敏感肌的朋友們🧡

@hidiff.tw @hidiff_official 
#히디프 #hidiff #綠珍珠系列",,,,,,,,,,,,,,,,,,,,,,,,,,,,,,,,,,,,,,,,,,,,,,,,,,,,,,,,,,,,,,,,,,,,,,,,,,,,,,,,,,,,,,,,,,,,,,,,,,,,,,,,,,,,,,,,,,,,,,,,,,,,,,,,,,,,,,,,,,,,,,,,,,,,,,,,,,,,,,,,,,,,,,,,,,,,,,,,,,,,,,,,,,,,,,,,,,,,,,,,,,,,,,,,,,,,,,,,,,,,,,,,,,,,,,,,,,,,,,,,,,,,,,,,,,,,,,,,,,,,,,,,,,,,,,,,,,,,,,,,,,,,,,,,,,,,,,,,,,,,,,,,,,,,,,,,,,,,,,,,,,,,,,,,,,,,,,,,,,,,,,,,,,,,,,,,,,,,,,,,,,,,,,,,,,,,"2","1280","720","https://scontent-iad6-1.cdninstagram.com/v/t51.71878-15/696519202_4373404989644526_8127983627805955176_n.jpg?stp=dst-jpg_e15_tt6&_nc_cat=106&ig_cache_key=Mzg5NjkxNTI2MDUxNDU3MzYxMg%3D%3D.3-ccb7-5&ccb=7-5&_nc_sid=58cdad&efg=eyJ2ZW5jb2RlX3RhZyI6IkNMSVBTLnhwaWRzLjY0MC5zZHIudmlkZW9fbmZyYW1lX2NvdmVyX2ZyYW1lLkMzIn0%3D&_nc_ohc=IH0BwqredYsQ7kNvwHaaOXP&_nc_oc=Adrgk-MQrIi5DhhrKSoIZCTOfuygNhr2mZTmSdncqHlZ6Dury33t8C0pos38rOSf_zc&_nc_ad=z-m&_nc_cid=0&_nc_zt=23&_nc_ht=scontent-iad6-1.cdninstagram.com&_nc_gid=Bg0XdCZculOZcaEaRCXlIg&_nc_ss=7a3ba&oh=00_Af8FtMTZS1dWC8NMxcIAiSxB676rOV9RB2ql2rXwH9HYdQ&oe=6A397C67",,,"","히디프","hidiff","綠珍珠系列",,,"3896915260514573612","13594",,,,,,,,,,,,,,,"https://www.instagram.com/hidiff.tw/",,"37",,"hidiff.tw","hidiff_official","fionjenny",,"26995932706707104",,,,,,,,,,,,,,,,,,,,,,,,,,,,,,,,,,,,,,,,,,,,,,,,,,,,,,,,,,,,,,,,,,,"false","","Original audio","true","楊羚 Fion","40029705","fionjenny",,"clips","DYUn8hexR0s","hidiff 히디프 🌳","63403377015","false","false",,"https://scontent-iad3-2.cdninstagram.com/v/t51.2885-19/452147619_3743307565986401_1601641283140305637_n.jpg?stp=dst-jpg_e0_s150x150_tt6&efg=eyJ2ZW5jb2RlX3RhZyI6InByb2ZpbGVfcGljLmRqYW5nby43OTYuYzIifQ&_nc_ht=scontent-iad3-2.cdninstagram.com&_nc_cat=105&_nc_oc=Q6cZ2gHZdplpVHen7aNSkCdKFsQJeZfX37mycNdQkWgFQsIIzie3Ludq1dAqAXi3nZsbWrc&_nc_ohc=MQ_jj_B8i10Q7kNvwF-RD3v&_nc_gid=Bg0XdCZculOZcaEaRCXlIg&edm=APGXKFABAAAA&ccb=7-5&ig_cache_key=GKM58xphcsG1hEwNAOXCLdtCLDoWbkULAAAB1501500j-ccb7-5&oh=00_Af_MwXUvnAzEcQUL6KXQTlORZdSIJUTpOF3IB91_5PMWeg&oe=6A3970CE&_nc_sid=a8b8e2",,"hidiff_official","hidiff.tw","80015491870","false","false",,"https://scontent-iad3-1.cdninstagram.com/v/t51.82787-19/615343798_17845310625667871_7065812407261479699_n.jpg?stp=dst-jpg_e0_s150x150_tt6&efg=eyJ2ZW5jb2RlX3RhZyI6InByb2ZpbGVfcGljLmRqYW5nby43OTYuYzIifQ&_nc_ht=scontent-iad3-1.cdninstagram.com&_nc_cat=1&_nc_oc=Q6cZ2gHZdplpVHen7aNSkCdKFsQJeZfX37mycNdQkWgFQsIIzie3Ludq1dAqAXi3nZsbWrc&_nc_ohc=CmgFRSIfk20Q7kNvwE-SmCD&_nc_gid=Bg0XdCZculOZcaEaRCXlIg&edm=APGXKFABAAAA&ccb=7-5&ig_cache_key=GLZmrSQf278oN2Y-ABNDXrjyzg5ibmNDAQAB1501500j-ccb7-5&oh=00_Af8513YorQkEYFoqDVVr8vPypSL0-PSY8uBopcAskHp7sA&oe=6A399CDC&_nc_sid=a8b8e2",,"hidiff.tw","2026-05-14T14:26:57.000Z","Video","https://www.instagram.com/p/DYUn8hexR0s/","67.93299865722656","17131","https://scontent-iad3-2.cdninstagram.com/o1/v/t2/f2/m86/AQNfC76HTQdHAa-qtHZ-wAT9rDOSDFwDg9BqP4v-wi64g_NX1WyGnEilWz-UUFcrsNfrGT4PQxKQNRu_EM17M3TbPnDOaKGSTtZ3los.mp4?_nc_cat=111&_nc_sid=5e9851&_nc_ht=scontent-iad3-2.cdninstagram.com&_nc_ohc=UxINHAPkiUkQ7kNvwGpDknd&efg=eyJ2ZW5jb2RlX3RhZyI6Inhwdl9wcm9ncmVzc2l2ZS5JTlNUQUdSQU0uQ0xJUFMuQzMuNzIwLmRhc2hfYmFzZWxpbmVfMV92MSIsInhwdl9hc3NldF9pZCI6MjczNDQ3ODc0Mjg0NDg1OTcsImFzc2V0X2FnZV9kYXlzIjozNCwidmlfdXNlY2FzZV9pZCI6MTAwOTksImR1cmF0aW9uX3MiOjY3LCJ1cmxnZW5fc291cmNlIjoid3d3In0%3D&ccb=17-1&vs=3335a688b672a723&_nc_vs=HBksFQIYUmlnX3hwdl9yZWVsc19wZXJtYW5lbnRfc3JfcHJvZC8yQTQ4QkQ0MUUxRTM1MjIzQ0I5RUIyMzc0QjEwRjM4OF92aWRlb19kYXNoaW5pdC5tcDQVAALIARIAFQIYUWlnX3hwdl9wbGFjZW1lbnRfcGVybWFuZW50X3YyL0Y5NDk3NDRCRTk4RTBGMjhFOEY4OUFFRDM2NDI0RjgzX2F1ZGlvX2Rhc2hpbml0Lm1wNBUCAsgBEgAoABgAGwKIB3VzZV9vaWwBMRJwcm9ncmVzc2l2ZV9yZWNpcGUBMRUAACaq5YzSjvySYRUCKAJDMywXQFD7tkWhysEYEmRhc2hfYmFzZWxpbmVfMV92MREAdf4HZeadAQA&_nc_gid=Bg0XdCZculOZcaEaRCXlIg&_nc_ss=7a3ba&_nc_zt=28&oh=00_Af8eutt0avjQ_w3JOaoyOl8c490VtEyOtMsmolgrZMXfew&oe=6A358468"
"能舒緩肌膚的保養在這～寵愛母親全館53折起別錯過!

又是熬夜的一週
最近事情有點多
拜連假的福 調課不斷
時間安排大亂
突然一天行程超滿
又或是突然賺到半天假
睡眠時間和平常不一樣的時候
我的臉又比平常更敏感
平常就已經是小泛紅怪了
（已經不知道因為臉很紅獲得多少個綽號🥸）
在皮膚比較敏感的時候使用的保養品更要慎選
平時最常使用的保養品都是修護或保濕類

最近在使用的是
綠珍珠潤肌泡泡化妝水
含有D 泛醇×神經醯胺的化妝水
有細緻的泡泡質地
能有效讓成分吸收進肌膚
而且擠出來的過程中是非常濃密的泡泡
不會流精華水這點真的超重要！
使用起來不會麻煩！

綠珍珠D泛醇3%濃縮精華
含有D泛醇×積雪草萃取物
讓皮膚好好鎮靜下來
好好的修護受損肌膚
是偏水的好吸收質地

一樣含有D泛醇的綠珍珠酪梨修護乳霜
以及酪梨油×植物性鯨蠟醇
提供肌膚營養和舒緩保濕
質地不是很油的乳霜
有一點點奶霜霧感
所以不會很黏膩！
而且這些產品都是有通過敏感肌檢測的！
完全可以安心使用😌

@hidiff.tw
#히디프 #hidiff #綠珍珠系列 #hidiff養膚組grwm",,,,,,,,,,,,,,,,,,,,,,,,,,,,,,,,,,,,,,,,,,,,,,,,,,,,,,,,,,,,,,,,,,,,,,,,,,,,,,,,,,,,,,,,,,,,,,,,,,,,,,,,,,,,,,,,,,,,,,,,,,,,,,,,,,,,,,,,,,,,,,,,,,,,,,,,,,,,,,,,,,,,,,,,,,,,,,,,,,,,,,,,,,,,,,,,,,,,,,,,,,,,,,,,,,,,,,,,,,,,,,,,,,,,,,,,,,,,,,,,,,,,,,,,,,,,,,,,,,,,,,,,,,,,,,,,,,,,,,,,,,,,,,,,,,,,,,,,,,,,,,,,,,,,,,,,,,,,,,,,,,,,,,,,,,,,,,,,,,,,,,,,,,,,,,,,,,,,,,,,,,,,,,,,,,,,"0","1280","720","https://scontent-iad3-1.cdninstagram.com/v/t51.82787-15/699752710_18587457406027899_8093855489000429321_n.jpg?stp=dst-jpg_e35_p750x750_sh2.08_tt6&_nc_cat=101&ig_cache_key=Mzg5Njg5NTE4MzI1Mzc2MjQzMjE4NTg3NDU3NDAwMDI3ODk5.3-ccb7-5&ccb=7-5&_nc_sid=58cdad&efg=eyJ2ZW5jb2RlX3RhZyI6IkNMSVBTLnhwaWRzLjEyMDYuc2RyLnZpZGVvX2RlZmF1bHRfY292ZXJfZnJhbWUuQzMifQ%3D%3D&_nc_ohc=kc7zaC9kt2MQ7kNvwEqdC3B&_nc_oc=AdpdruUpqh8M7FSjc2iP4ASM2ypgTb_T-mhXesAdaS5kDlS-h5lYY4nQ-b4aH4w0wOo&_nc_ad=z-m&_nc_cid=0&_nc_zt=23&_nc_ht=scontent-iad3-1.cdninstagram.com&_nc_gid=Bg0XdCZculOZcaEaRCXlIg&_nc_ss=7a3ba&oh=00_Af_zD9ZwixgGpMeMwDmhoToSKtvaRzPnnjjZB3UT8-8_-w&oe=6A39779C",,,"","히디프","hidiff","綠珍珠系列","hidiff養膚組grwm",,"3896895183253762432","1818",,,,,,,,,,,,,,,"https://www.instagram.com/hidiff.tw/",,"-1",,"hidiff.tw",,"ccyiiii",,"26787851300863732",,,,,,,,,,,,,,,,,,,,,,,,,,,,,,,,,,,,,,,,,,,,,,,,,,,,,,,,,,,,,,,,,,,"false","","Original audio","true","臻 Jhen","1072347898","ccyiiii",,"clips","DYUjYXExXGA","hidiff 히디프 🌳","63403377015","false","false",,"https://scontent-iad3-2.cdninstagram.com/v/t51.2885-19/452147619_3743307565986401_1601641283140305637_n.jpg?stp=dst-jpg_e0_s150x150_tt6&efg=eyJ2ZW5jb2RlX3RhZyI6InByb2ZpbGVfcGljLmRqYW5nby43OTYuYzIifQ&_nc_ht=scontent-iad3-2.cdninstagram.com&_nc_cat=105&_nc_oc=Q6cZ2gHZdplpVHen7aNSkCdKFsQJeZfX37mycNdQkWgFQsIIzie3Ludq1dAqAXi3nZsbWrc&_nc_ohc=MQ_jj_B8i10Q7kNvwF-RD3v&_nc_gid=Bg0XdCZculOZcaEaRCXlIg&edm=APGXKFABAAAA&ccb=7-5&ig_cache_key=GKM58xphcsG1hEwNAOXCLdtCLDoWbkULAAAB1501500j-ccb7-5&oh=00_Af_MwXUvnAzEcQUL6KXQTlORZdSIJUTpOF3IB91_5PMWeg&oe=6A3970CE&_nc_sid=a8b8e2",,"hidiff_official","hidiff.tw","80015491870","false","false",,"https://scontent-iad3-1.cdninstagram.com/v/t51.82787-19/615343798_17845310625667871_7065812407261479699_n.jpg?stp=dst-jpg_e0_s150x150_tt6&efg=eyJ2ZW5jb2RlX3RhZyI6InByb2ZpbGVfcGljLmRqYW5nby43OTYuYzIifQ&_nc_ht=scontent-iad3-1.cdninstagram.com&_nc_cat=1&_nc_oc=Q6cZ2gHZdplpVHen7aNSkCdKFsQJeZfX37mycNdQkWgFQsIIzie3Ludq1dAqAXi3nZsbWrc&_nc_ohc=CmgFRSIfk20Q7kNvwE-SmCD&_nc_gid=Bg0XdCZculOZcaEaRCXlIg&edm=APGXKFABAAAA&ccb=7-5&ig_cache_key=GLZmrSQf278oN2Y-ABNDXrjyzg5ibmNDAQAB1501500j-ccb7-5&oh=00_Af8513YorQkEYFoqDVVr8vPypSL0-PSY8uBopcAskHp7sA&oe=6A399CDC&_nc_sid=a8b8e2",,"hidiff.tw","2026-05-14T13:47:17.000Z","Video","https://www.instagram.com/p/DYUjYXExXGA/","74.93299865722656","2042","https://scontent-iad3-2.cdninstagram.com/o1/v/t2/f2/m86/AQPfD7fAItPl-46blpFgvO2egiNV1PmUHA26e2Xi_qhDW20tvTr5k4OdljG5IrOrmW9iQJMtPcZOdc0ayBL-sYbAdrZumJ_UwCKmje4.mp4?_nc_cat=105&_nc_sid=5e9851&_nc_ht=scontent-iad3-2.cdninstagram.com&_nc_ohc=bWPn-3q7-LEQ7kNvwFlH3l_&efg=eyJ2ZW5jb2RlX3RhZyI6Inhwdl9wcm9ncmVzc2l2ZS5JTlNUQUdSQU0uQ0xJUFMuQzMuNzIwLmRhc2hfYmFzZWxpbmVfMV92MSIsInhwdl9hc3NldF9pZCI6MTI5NzEwNTIwNTkyNTA0MywiYXNzZXRfYWdlX2RheXMiOjM0LCJ2aV91c2VjYXNlX2lkIjoxMDA5OSwiZHVyYXRpb25fcyI6NzQsInVybGdlbl9zb3VyY2UiOiJ3d3cifQ%3D%3D&ccb=17-1&vs=fb4d8b06abe6f2aa&_nc_vs=HBksFQIYUmlnX3hwdl9yZWVsc19wZXJtYW5lbnRfc3JfcHJvZC9BQzRBMkQ5RjA3NEFGRTExRUFFOEIzQzc2RjM0RTQ5N192aWRlb19kYXNoaW5pdC5tcDQVAALIARIAFQIYUWlnX3hwdl9wbGFjZW1lbnRfcGVybWFuZW50X3YyLzk3NEVDRkU0MDc1NzZDRTE0RjJFMkE2QUMzNTcwMkI0X2F1ZGlvX2Rhc2hpbml0Lm1wNBUCAsgBEgAoABgAGwKIB3VzZV9vaWwBMRJwcm9ncmVzc2l2ZV9yZWNpcGUBMRUAACbm0sjwuu3NBBUCKAJDMywXQFK7tkWhysEYEmRhc2hfYmFzZWxpbmVfMV92MREAdf4HZeadAQA&_nc_gid=Bg0XdCZculOZcaEaRCXlIg&_nc_ss=7a3ba&_nc_zt=28&oh=00_Af_C8PB8-QwKNbv-m25ZBEC2O44tz_juPw2WP2kzQ8ab_w&oe=6A358846"
"溫和去角質是弱敏肌的救星，寵愛母親全館53折起別錯過!
夏天過了一整天
你以為臉洗乾淨了嗎？😱

看看這根棉棒……
臉上竟然藏了這麼多髒污和老廢角質！
　
最近挖到這款
韓國歐膩都在用的hidiff角質棉棒
真的是敏感肌的救星 ✨
每週兩次，溫和刷掉粉刺和粗大毛孔
精華液裡除了AHA，還有蜂膠和 B5
邊去角質邊舒緩
完全不刮臉、不泛紅！
　
搭配同系列的綠珍珠D泛醇高濃縮精華
肌膚直接透亮一個位階
從暗沉到發光真的只要一個月💡
@hidiff.tw
#去角質 #韓國保養 #保養分享
#히디프 #hidiff綠珍珠系列",,,,,,,,,,,,,,,,,,,,,,,,,,,,,,,,,,,,,,,,,,,,,,,,,,,,,,,,,,,,,,,,,,,,,,,,,,,,,,,,,,,,,,,,,,,,,,,,,,,,,,,,,,,,,,,,,,,,,,,,,,,,,,,,,,,,,,,,,,,,,,,,,,,,,,,,,,,,,,,,,,,,,,,,,,,,,,,,,,,,,,,,,,,,,,,,,,,,,,,,,,,,,,,,,,,,,,,,,,,,,,,,,,,,,,,,,,,,,,,,,,,,,,,,,,,,,,,,,,,,,,,,,,,,,,,,,,,,,,,,,,,,,,,,,,,,,,,,,,,,,,,,,,,,,,,,,,,,,,,,,,,,,,,,,,,,,,,,,,,,,,,,,,,,,,,,,,,,,,,,,,,,,,,,,,,,"0","1280","720","https://scontent-arn2-1.cdninstagram.com/v/t51.82787-15/690110772_18588257884001711_3471558026012389139_n.jpg?stp=dst-jpg_e35_p750x750_sh2.08_tt6&_nc_cat=111&ig_cache_key=Mzg5Njg1MzExNTMwNTQxMTg3NDE4NTg4MjU3ODc4MDAxNzEx.3-ccb7-5&ccb=7-5&_nc_sid=58cdad&efg=eyJ2ZW5jb2RlX3RhZyI6IkNMSVBTLnhwaWRzLjExOTguc2RyLnZpZGVvX2RlZmF1bHRfY292ZXJfZnJhbWUuQzMifQ%3D%3D&_nc_ohc=ej4cgoBXGbsQ7kNvwFSjCZL&_nc_oc=AdoL4uUCelymlh__2oyGbdR2uOxy4gCZs-XU7MdqI0m7-ggzWZFO1M3shxIytWMG_bY&_nc_ad=z-m&_nc_cid=0&_nc_zt=23&_nc_ht=scontent-arn2-1.cdninstagram.com&_nc_gid=R1-N1cY49rgCu_weyxzqPg&_nc_ss=7a3ba&oh=00_Af86gCFh3jGWAqKkyOLcGfSlhY94HsMtvGaTmAxUpIOx4A&oe=6A3972D8",,,"","去角質","韓國保養","保養分享","히디프","hidiff綠珍珠系列","3896853115305411874","14428",,,,,,,,,,,,,,,"https://www.instagram.com/hidiff.tw/",,"53",,"hidiff.tw",,"xin_jie__",,"35524916147153000",,,,,,,,,,,,,,,,,,,,,,,,,,,,,,,,,,,,,,,,,,,,,,,,,,,,,,,,,,,,,,,,,,,"false","","Original audio","true","Xin","1258753710","xin_jie__","true","clips","DYUZ0MPp0Ui","hidiff.tw","80015491870","false","false",,"https://scontent-arn2-1.cdninstagram.com/v/t51.82787-19/615343798_17845310625667871_7065812407261479699_n.jpg?stp=dst-jpg_e0_s150x150_tt6&efg=eyJ2ZW5jb2RlX3RhZyI6InByb2ZpbGVfcGljLmRqYW5nby43OTYuYzIifQ&_nc_ht=scontent-arn2-1.cdninstagram.com&_nc_cat=1&_nc_oc=Q6cZ2gGemeJJ3xYnsaMIgpDPGeNlWOHowkIKYDIhcIEmlQkuMP7wZ0xRAwAsOmZxVLv5UWY&_nc_ohc=CmgFRSIfk20Q7kNvwGfBK9X&_nc_gid=R1-N1cY49rgCu_weyxzqPg&edm=APGXKFABAAAA&ccb=7-5&ig_cache_key=GLZmrSQf278oN2Y-ABNDXrjyzg5ibmNDAQAB1501500j-ccb7-5&oh=00_Af-sGl3iICX5IbBzgVjx347XGPp6aH1xgQYvav6YowjKTg&oe=6A399CDC&_nc_sid=a8b8e2",,"hidiff.tw",,,,,,,,,"2026-05-14T12:19:46.000Z","Video","https://www.instagram.com/p/DYUZ0MPp0Ui/","62.93299865722656","16184","https://scontent-arn2-1.cdninstagram.com/o1/v/t2/f2/m86/AQOoR-mc6O6jevh9wGV4VvDsGsqNVYecRkWf4F4_7b2Ul2TrwK3v51JcGJZcS6mr5kEfBSvHF9AkyWRyZA49IxhEcJcxpz8VFQV0k0w.mp4?_nc_cat=102&_nc_sid=5e9851&_nc_ht=scontent-arn2-1.cdninstagram.com&_nc_ohc=ikO71uQ2GLYQ7kNvwHZvy5k&efg=eyJ2ZW5jb2RlX3RhZyI6Inhwdl9wcm9ncmVzc2l2ZS5JTlNUQUdSQU0uQ0xJUFMuQzMuNzIwLmRhc2hfYmFzZWxpbmVfMV92MSIsInhwdl9hc3NldF9pZCI6NDM5NDg5MTM1MDc5ODc1MSwiYXNzZXRfYWdlX2RheXMiOjM0LCJ2aV91c2VjYXNlX2lkIjoxMDA5OSwiZHVyYXRpb25fcyI6NjIsInVybGdlbl9zb3VyY2UiOiJ3d3cifQ%3D%3D&ccb=17-1&vs=8dc0a6acab5c0ae4&_nc_vs=HBksFQIYUmlnX3hwdl9yZWVsc19wZXJtYW5lbnRfc3JfcHJvZC8xQTQ4NzBEQjQ0MzJDM0MwQUQ4RDFFQ0ZDNDRCOTBBMV92aWRlb19kYXNoaW5pdC5tcDQVAALIARIAFQIYUWlnX3hwdl9wbGFjZW1lbnRfcGVybWFuZW50X3YyL0E3NDIyNTg4NTg3ODQ1MkIyODlGRThEOTc4RDY3Mzk5X2F1ZGlvX2Rhc2hpbml0Lm1wNBUCAsgBEgAoABgAGwKIB3VzZV9vaWwBMRJwcm9ncmVzc2l2ZV9yZWNpcGUBMRUAACa-xtOcrMjODxUCKAJDMywXQE93bItDlYEYEmRhc2hfYmFzZWxpbmVfMV92MREAdf4HZeadAQA&_nc_gid=R1-N1cY49rgCu_weyxzqPg&_nc_ss=7a3ba&_nc_zt=28&oh=00_Af9EQG2JXzevnXN9yrc436kyGhhRFg6k1RhaCM_TMzOZuA&oe=6A359FDB"
"這組根本敏感肌的神🔥寵愛母親全館53折起別錯過!
換季一到，肌膚直接鬧脾氣🥹
乾癢、泛紅、刺刺的不舒服真的超有感…
最近用了 @hidiff.tw 的綠珍珠系列一段時間，膚況穩定很多，敏感時期也比較安心🫧
先被圈粉的是「綠珍珠潤肌泡泡化妝水」
泡泡質地超特別！不是傳統水感，而是綿密細緻的泡泡，上臉很舒服、不會亂滴流，感覺能更完整包覆肌膚✨
裡面添加泛醇、神經醯胺，在肌膚容易不穩定的時候很有安全感～
「綠珍珠D-泛醇3%高濃度水精華」
完全是敏感肌友善路線😌
沒有過重香味，擦起來清爽不厚重，吸收速度很快！
高濃度D-泛醇對於乾燥、敏弱不適很有感，保養後肌膚摸起來嫩嫩的～
最後一定要搭配「綠珍珠酪梨修護霜」鎖水💚
添加酪梨油和澳洲堅果油，滋潤度很夠但不會悶，霜感細緻滑順，一抹化開超加分！
晚上厚擦隔天起床肌膚還是維持柔嫩感🥺
現在越來越喜歡這種「精簡保養」的方式
不需要瓶瓶罐罐疊很多層，也能把肌膚照顧得穩穩的✨
推薦給跟我一樣容易敏感、換季就困擾的人🫶
@hidiff.tw 
#히디프 #hidiff #綠珍珠系列 #hidiff養膚組 #敏感肌保養",,,,,,,,,,,,,,,,,,,,,,,,,,,,,,,,,,,,,,,,,,,,,,,,,,,,,,,,,,,,,,,,,,,,,,,,,,,,,,,,,,,,,,,,,,,,,,,,,,,,,,,,,,,,,,,,,,,,,,,,,,,,,,,,,,,,,,,,,,,,,,,,,,,,,,,,,,,,,,,,,,,,,,,,,,,,,,,,,,,,,,,,,,,,,,,,,,,,,,,,,,,,,,,,,,,,,,,,,,,,,,,,,,,,,,,,,,,,,,,,,,,,,,,,,,,,,,,,,,,,,,,,,,,,,,,,,,,,,,,,,,,,,,,,,,,,,,,,,,,,,,,,,,,,,,,,,,,,,,,,,,,,,,,,,,,,,,,,,,,,,,,,,,,,,,,,,,,,,,,,,,,,,"hidiff.tw","80015491870","false","false","3808232826123310266","https://scontent-arn2-1.cdninstagram.com/v/t51.82787-19/615343798_17845310625667871_7065812407261479699_n.jpg?stp=dst-jpg_e0_s150x150_tt6&efg=eyJ2ZW5jb2RlX3RhZyI6InByb2ZpbGVfcGljLmRqYW5nby43OTYuYzIifQ&_nc_ht=scontent-arn2-1.cdninstagram.com&_nc_cat=1&_nc_oc=Q6cZ2gGemeJJ3xYnsaMIgpDPGeNlWOHowkIKYDIhcIEmlQkuMP7wZ0xRAwAsOmZxVLv5UWY&_nc_ohc=CmgFRSIfk20Q7kNvwGfBK9X&_nc_gid=R1-N1cY49rgCu_weyxzqPg&edm=APGXKFABAAAA&ccb=7-5&ig_cache_key=GLZmrSQf278oN2Y-ABNDXrjyzg5ibmNDAQAB1501500j-ccb7-5&oh=00_Af-sGl3iICX5IbBzgVjx347XGPp6aH1xgQYvav6YowjKTg&oe=6A399CDC&_nc_sid=a8b8e2","hidiff.tw","2","1280","720","https://scontent-arn2-1.cdninstagram.com/v/t51.82787-15/700890209_18588733633041712_8913276342721588708_n.jpg?stp=dst-jpg_e35_p750x750_sh2.08_tt6&_nc_cat=101&ig_cache_key=Mzg5Njg0ODEyMzU0MDg0NTc4OTE4NTg4NzMzNjMwMDQxNzEy.3-ccb7-5&ccb=7-5&_nc_sid=58cdad&efg=eyJ2ZW5jb2RlX3RhZyI6IkNMSVBTLnhwaWRzLjEyMTUuc2RyLnZpZGVvX2RlZmF1bHRfY292ZXJfZnJhbWUuQzMifQ%3D%3D&_nc_ohc=--MSnWWzuN0Q7kNvwHpwAnH&_nc_oc=Ado7VAORPaL63zdFTcvXHuKN8apmQUKxjdgbitt3YcxMZfKh9m5twCz62K_rLnV0oPY&_nc_ad=z-m&_nc_cid=0&_nc_zt=23&_nc_ht=scontent-arn2-1.cdninstagram.com&_nc_gid=R1-N1cY49rgCu_weyxzqPg&_nc_ss=7a3ba&oh=00_Af9-2jIN04W_ZTBVkvZQVpdRkAxcgMrOh8_U7zzoJqtQiw&oe=6A399A6D",,,"","히디프","hidiff","綠珍珠系列","hidiff養膚組","敏感肌保養","3896848123540845789","4152",,,,,,,,,,,,,,,"https://www.instagram.com/hidiff.tw/",,"-1",,"hidiff.tw",,"amberrrror",,"26708451038815704",,,,,,,,,,,,,,,,,,,,,,,,,,,,,,,,,,,,,,,,,,,,,,,,,,,,,,,,,,,,,,,,,,,"false","","Original audio","true","陳汶","629033711","amberrrror",,"clips","DYUYrjTTLTd","hidiff.tw","80015491870","false","false",,"https://scontent-arn2-1.cdninstagram.com/v/t51.82787-19/615343798_17845310625667871_7065812407261479699_n.jpg?stp=dst-jpg_e0_s150x150_tt6&efg=eyJ2ZW5jb2RlX3RhZyI6InByb2ZpbGVfcGljLmRqYW5nby43OTYuYzIifQ&_nc_ht=scontent-arn2-1.cdninstagram.com&_nc_cat=1&_nc_oc=Q6cZ2gGemeJJ3xYnsaMIgpDPGeNlWOHowkIKYDIhcIEmlQkuMP7wZ0xRAwAsOmZxVLv5UWY&_nc_ohc=CmgFRSIfk20Q7kNvwGfBK9X&_nc_gid=R1-N1cY49rgCu_weyxzqPg&edm=APGXKFABAAAA&ccb=7-5&ig_cache_key=GLZmrSQf278oN2Y-ABNDXrjyzg5ibmNDAQAB1501500j-ccb7-5&oh=00_Af-sGl3iICX5IbBzgVjx347XGPp6aH1xgQYvav6YowjKTg&oe=6A399CDC&_nc_sid=a8b8e2",,"hidiff.tw",,,,,,,,,"2026-05-14T12:09:56.000Z","Video","https://www.instagram.com/p/DYUYrjTTLTd/","50.43299865722656","4660","https://scontent-arn2-1.cdninstagram.com/o1/v/t2/f2/m86/AQM7gy6mdkEdVs3OdsZhhX49qV4ONJdSj4UYkgXHuLKyAJGroE2rNkyD_-dmcctuKXBAwUcyuXFC7Ad82oOHLiIKIsOY4njUm2qbVnA.mp4?_nc_cat=100&_nc_sid=5e9851&_nc_ht=scontent-arn2-1.cdninstagram.com&_nc_ohc=w53B5_TuYrMQ7kNvwHnH_zP&efg=eyJ2ZW5jb2RlX3RhZyI6Inhwdl9wcm9ncmVzc2l2ZS5JTlNUQUdSQU0uQ0xJUFMuQzMuNzIwLmRhc2hfYmFzZWxpbmVfMV92MSIsInhwdl9hc3NldF9pZCI6MTY5MjA2OTg4MjIxNDE3NSwiYXNzZXRfYWdlX2RheXMiOjM0LCJ2aV91c2VjYXNlX2lkIjoxMDA5OSwiZHVyYXRpb25fcyI6NTAsInVybGdlbl9zb3VyY2UiOiJ3d3cifQ%3D%3D&ccb=17-1&vs=cd1aca98abca10b3&_nc_vs=HBksFQIYUmlnX3hwdl9yZWVsc19wZXJtYW5lbnRfc3JfcHJvZC9ENDQyRDNDNjcyRERGRTc5NTFCRDE2REQ1RjM3NzRBOF92aWRlb19kYXNoaW5pdC5tcDQVAALIARIAFQIYUWlnX3hwdl9wbGFjZW1lbnRfcGVybWFuZW50X3YyL0NFNDA5NTc0RDI2OTVGMDM0RjZCM0VFNDQzODUyQUE3X2F1ZGlvX2Rhc2hpbml0Lm1wNBUCAsgBEgAoABgAGwKIB3VzZV9vaWwBMRJwcm9ncmVzc2l2ZV9yZWNpcGUBMRUAACa-3J2Et7uBBhUCKAJDMywXQEk3bItDlYEYEmRhc2hfYmFzZWxpbmVfMV92MREAdf4HZeadAQA&_nc_gid=R1-N1cY49rgCu_weyxzqPg&_nc_ss=7a3ba&_nc_zt=28&oh=00_Af-77VIMbgU6mFOx0IPgpsu2De9L97A8EccZQoPubH1dbg&oe=6A357E59"
"敏感肌都愛的溫和保養💚
寵愛母親全館53折起別錯過！

我又來分享保養品啦～～
還記得我前陣子分享過的牌子 @hidiff.tw 
最近試用了hidiff家新出的保養產品
就是敏感肌專屬去角質棉棒！

我有時候感覺保養品怎麼都吸收不好
才發現是肌膚角質問題
長時間的髒污與油脂堆積形成角質層
使用棉棒溫和去角質完皮膚依然很水潤
看上去也更乾淨了
而且去除老廢角質後會讓保養吸收地更好！
搭配上次分享的同系列的乳霜&精華一起使用
皮膚摸起來變得超級滑嫩💓

@hidiff.tw 

#hidiff #去角質 #養膚routine #히디프 #綠珍珠系列",,,,,,,,,,,,,,,,,,,,,,,,,,,,,,,,,,,,,,,,,,,,,,,,,,,,,,,,,,,,,,,,,,,,,,,,,,,,,,,,,,,,,,,,,,,,,,,,,,,,,,,,,,,,,,,,,,,,,,,,,,,,,,,,,,,,,,,,,,,,,,,,,,,,,,,,,,,,,,,,,,,,,,,,,,,,,,,,,,,,,,,,,,,,,,,,,,,,,,,,,,,,,,,,,,,,,,,,,,,,,,,,,,,,,,,,,,,,,,,,,,,,,,,,,,,,,,,,,,,,,,,,,,,,,,,,,,,,,,,,,,,,,,,,,,,,,,,,,,,,,,,,,,,,,,,,,,,,,,,,,,,,,,,,,,,,,,,,,,,,,,,,,,,,,,,,,,,,,,,,,,,,,,,,,,,,"0","1280","720","https://scontent-arn2-1.cdninstagram.com/v/t51.82787-15/671252663_18424973404193455_7543361274673167430_n.jpg?stp=dst-jpg_e15_p750x750_tt6&_nc_cat=107&ig_cache_key=Mzg5Njg0MzkxMTU5MzIwNjU5NTE4NDI0OTczMzk4MTkzNDU1.3-ccb7-5&ccb=7-5&_nc_sid=58cdad&efg=eyJ2ZW5jb2RlX3RhZyI6IkNMSVBTLnhwaWRzLjg2MC5zZHIudmlkZW9fZGVmYXVsdF9jb3Zlcl9mcmFtZS5DMyJ9&_nc_ohc=vBLeGYZPUFgQ7kNvwHGk915&_nc_oc=AdopyC5RyZ5ZMsLhqpviRiLWpeGasu3fd89_u3YXo_aLbsJ9P2fTFxieHUj1SvqvdDk&_nc_ad=z-m&_nc_cid=0&_nc_zt=23&_nc_ht=scontent-arn2-1.cdninstagram.com&_nc_gid=R1-N1cY49rgCu_weyxzqPg&_nc_ss=7a3ba&oh=00_Af-3ZNMzsCLpW9lMwz0PRODWJGl9cHAamr2N_G1BSm8XzA&oe=6A39673C",,,"","hidiff","去角質","養膚routine","히디프","綠珍珠系列","3896843911593206595","6115",,,,,,,,,,,,,,,"https://www.instagram.com/hidiff.tw/",,"-1",,"hidiff.tw",,"wen.__.0502",,"27352338974351030",,,,,,,,,,,,,,,,,,,,,,,,,,,,,,,,,,,,,,,,,,,,,,,,,,,,,,,,,,,,,,,,,,,"false","","Original audio","true","玟","5870593454","wen.__.0502",,"clips","DYUXuQnqCND","hidiff 히디프 🌳","63403377015","false","false",,"https://scontent-arn2-1.cdninstagram.com/v/t51.2885-19/452147619_3743307565986401_1601641283140305637_n.jpg?stp=dst-jpg_e0_s150x150_tt6&efg=eyJ2ZW5jb2RlX3RhZyI6InByb2ZpbGVfcGljLmRqYW5nby43OTYuYzIifQ&_nc_ht=scontent-arn2-1.cdninstagram.com&_nc_cat=105&_nc_oc=Q6cZ2gGemeJJ3xYnsaMIgpDPGeNlWOHowkIKYDIhcIEmlQkuMP7wZ0xRAwAsOmZxVLv5UWY&_nc_ohc=MQ_jj_B8i10Q7kNvwFkHAxW&_nc_gid=R1-N1cY49rgCu_weyxzqPg&edm=APGXKFABAAAA&ccb=7-5&ig_cache_key=GKM58xphcsG1hEwNAOXCLdtCLDoWbkULAAAB1501500j-ccb7-5&oh=00_Af_GvXxK_D4uRhKIIDUnD3D95ELTjXTwgnqveUebuw7a8Q&oe=6A3970CE&_nc_sid=a8b8e2",,"hidiff_official","hidiff.tw","80015491870","false","false",,"https://scontent-arn2-1.cdninstagram.com/v/t51.82787-19/615343798_17845310625667871_7065812407261479699_n.jpg?stp=dst-jpg_e0_s150x150_tt6&efg=eyJ2ZW5jb2RlX3RhZyI6InByb2ZpbGVfcGljLmRqYW5nby43OTYuYzIifQ&_nc_ht=scontent-arn2-1.cdninstagram.com&_nc_cat=1&_nc_oc=Q6cZ2gGemeJJ3xYnsaMIgpDPGeNlWOHowkIKYDIhcIEmlQkuMP7wZ0xRAwAsOmZxVLv5UWY&_nc_ohc=CmgFRSIfk20Q7kNvwGfBK9X&_nc_gid=R1-N1cY49rgCu_weyxzqPg&edm=APGXKFABAAAA&ccb=7-5&ig_cache_key=GLZmrSQf278oN2Y-ABNDXrjyzg5ibmNDAQAB1501500j-ccb7-5&oh=00_Af-sGl3iICX5IbBzgVjx347XGPp6aH1xgQYvav6YowjKTg&oe=6A399CDC&_nc_sid=a8b8e2",,"hidiff.tw","2026-05-14T12:02:50.000Z","Video","https://www.instagram.com/p/DYUXuQnqCND/","71.13300323486328","7658","https://scontent-arn2-1.cdninstagram.com/o1/v/t2/f2/m86/AQMVb1zUfCpnb1oYb1npfIlm-2Op8P4ZWCo9aicVCh275HaIngWmVc1TFSF4ShG74cpP2JSse6-9KtI_gHKRwEhhLE21BciQB3_Dn0w.mp4?_nc_cat=106&_nc_sid=5e9851&_nc_ht=scontent-arn2-1.cdninstagram.com&_nc_ohc=r6FEGFtI2zIQ7kNvwHiZYze&efg=eyJ2ZW5jb2RlX3RhZyI6Inhwdl9wcm9ncmVzc2l2ZS5JTlNUQUdSQU0uQ0xJUFMuQzMuNzIwLmRhc2hfYmFzZWxpbmVfMV92MSIsInhwdl9hc3NldF9pZCI6OTc1NDY3ODIxNzQyOTk4LCJhc3NldF9hZ2VfZGF5cyI6MzQsInZpX3VzZWNhc2VfaWQiOjEwMDk5LCJkdXJhdGlvbl9zIjo3MSwidXJsZ2VuX3NvdXJjZSI6Ind3dyJ9&ccb=17-1&vs=6d2f4742b9494ddc&_nc_vs=HBksFQIYUmlnX3hwdl9yZWVsc19wZXJtYW5lbnRfc3JfcHJvZC8zQTQwMTU1NzU1RDQ4RDY4MEYwMkZEMUZBMjZBM0JCRF92aWRlb19kYXNoaW5pdC5tcDQVAALIARIAFQIYUWlnX3hwdl9wbGFjZW1lbnRfcGVybWFuZW50X3YyLzQ3NENFQ0I5REU1Q0FBOUMwMjdCOTIyODEzOUY0Qjg4X2F1ZGlvX2Rhc2hpbml0Lm1wNBUCAsgBEgAoABgAGwKIB3VzZV9vaWwBMRJwcm9ncmVzc2l2ZV9yZWNpcGUBMRUAACas7onQ2cu7AxUCKAJDMywXQFHIgxJul40YEmRhc2hfYmFzZWxpbmVfMV92MREAdf4HZeadAQA&_nc_gid=R1-N1cY49rgCu_weyxzqPg&_nc_ss=7a3ba&_nc_zt=28&oh=00_Af-uDD1qblQfLD4gwo-HJnXrP6ZSj8b2iK3v9_0v9NtUww&oe=6A35A0CB"
"敏感肌福音，寵愛母親節全館32折起！

難得記錄自己的一整天!!!
雖然每天不一樣但一樣都很忙

忙碌的生活裡有家人朋友的陪伴真的很幸福
不過最最重要的還是每天都要好好照顧自己
有好的狀態才會有更好的生活😍😙

最近真的很愛用 @hidiff.tw 產品
綠珍珠系列很保濕!! 皮膚穩定的感覺真的很好～

#hidiff #綠珍珠系列 #養膚routine",,,,,,,,,,,,,,,,,,,,,,,,,,,,,,,,,,,,,,,,,,,,,,,,,,,,,,,,,,,,,,,,,,,,,,,,,,,,,,,,,,,,,,,,,,,,,,,,,,,,,,,,,,,,,,,,,,,,,,,,,,,,,,,,,,,,,,,,,,,,,,,,,,,,,,,,,,,,,,,,,,,,,,,,,,,,,,,,,,,,,,,,,,,,,,,,,,,,,,,,,,,,,,,,,,,,,,,,,,,,,,,,,,,,,,,,,,,,,,,,,,,,,,,,,,,,,,,,,,,,,,,,,,,,,,,,,,,,,,,,,,,,,,,,,,,,,,,,,,,,,,,,,,,,,,,,,,,,,,,,,,,,,,,,,,,,,,,,,,,,,,,,,,,,,,,,,,,,,,,,,,,,,,,,,,,,"2","1280","720","https://scontent-arn2-1.cdninstagram.com/v/t51.71878-15/691273757_25813762891633262_1411028582853392283_n.jpg?stp=dst-jpg_e15_tt6&_nc_cat=110&ig_cache_key=Mzg5NDY3NjkxNzg3NDA1NjU0Ng%3D%3D.3-ccb7-5&ccb=7-5&_nc_sid=58cdad&efg=eyJ2ZW5jb2RlX3RhZyI6IkNMSVBTLnhwaWRzLjY0MC5zZHIudmlkZW9fbmZyYW1lX2NvdmVyX2ZyYW1lLkMzIn0%3D&_nc_ohc=_YAkbakjN0gQ7kNvwHCERId&_nc_oc=AdotqRuDDzwfHEgJ_WBWFuv0KozzqGBW2BLjA78qXZAGvC9GWKH8UBROmbIzsNDpr0A&_nc_ad=z-m&_nc_cid=0&_nc_zt=23&_nc_ht=scontent-arn2-1.cdninstagram.com&_nc_gid=R1-N1cY49rgCu_weyxzqPg&_nc_ss=7a3ba&oh=00_Af_8qwxrkuQaq5zfWCwOzhS3M0EQ7_tWtr4FtVAAxph7ZA&oe=6A3973D8",,,"","hidiff","綠珍珠系列","養膚routine",,,"3894676917874056546","2138",,,,,,,,,,,,,,,"https://www.instagram.com/hidiff.tw/",,"59",,"hidiff.tw",,"_xwanyu",,"35447900508188224",,,,,,,,,,,,,,,,,,,,,,,,,,,,,,,,,,,,,,,,,,,,,,,,,,,,,,,,,,,,,,,,,,,"false","","Original audio","true","鄒 Renee","7140561767","_xwanyu",,"clips","DYMrAWcy91i","hidiff.tw","80015491870","false","false",,"https://scontent-arn2-1.cdninstagram.com/v/t51.82787-19/615343798_17845310625667871_7065812407261479699_n.jpg?stp=dst-jpg_e0_s150x150_tt6&efg=eyJ2ZW5jb2RlX3RhZyI6InByb2ZpbGVfcGljLmRqYW5nby43OTYuYzIifQ&_nc_ht=scontent-arn2-1.cdninstagram.com&_nc_cat=1&_nc_oc=Q6cZ2gGemeJJ3xYnsaMIgpDPGeNlWOHowkIKYDIhcIEmlQkuMP7wZ0xRAwAsOmZxVLv5UWY&_nc_ohc=CmgFRSIfk20Q7kNvwGfBK9X&_nc_gid=R1-N1cY49rgCu_weyxzqPg&edm=APGXKFABAAAA&ccb=7-5&ig_cache_key=GLZmrSQf278oN2Y-ABNDXrjyzg5ibmNDAQAB1501500j-ccb7-5&oh=00_Af-sGl3iICX5IbBzgVjx347XGPp6aH1xgQYvav6YowjKTg&oe=6A399CDC&_nc_sid=a8b8e2",,"hidiff.tw",,,,,,,,,"2026-05-11T12:16:27.000Z","Video","https://www.instagram.com/p/DYMrAWcy91i/","50.29999923706055","2138","https://scontent-arn2-1.cdninstagram.com/o1/v/t2/f2/m86/AQPb2bthfUH1Ptn3x4Dc4ywTtUl057d4wu652YbodVXR0WcjA1hrEdBRPziZV0cw0lpxn-1WO--Zo9G4ynQ_IE4jVyRj1YyLHJeE9Qg.mp4?_nc_cat=107&_nc_sid=5e9851&_nc_ht=scontent-arn2-1.cdninstagram.com&_nc_ohc=w21CrHB8Jl8Q7kNvwHMM3hl&efg=eyJ2ZW5jb2RlX3RhZyI6Inhwdl9wcm9ncmVzc2l2ZS5JTlNUQUdSQU0uQ0xJUFMuQzMuNzIwLmRhc2hfYmFzZWxpbmVfMV92MSIsInhwdl9hc3NldF9pZCI6NDQwNTkzNDExNjMxOTUwMiwiYXNzZXRfYWdlX2RheXMiOjM3LCJ2aV91c2VjYXNlX2lkIjoxMDA5OSwiZHVyYXRpb25fcyI6NTAsInVybGdlbl9zb3VyY2UiOiJ3d3cifQ%3D%3D&ccb=17-1&vs=a13d2c8c9a6e351e&_nc_vs=HBksFQIYUmlnX3hwdl9yZWVsc19wZXJtYW5lbnRfc3JfcHJvZC9CRDQ5QkMwQUM0NzQ0NjhEOTc0QUMzOTgzOTlBMUI5RV92aWRlb19kYXNoaW5pdC5tcDQVAALIARIAFQIYUWlnX3hwdl9wbGFjZW1lbnRfcGVybWFuZW50X3YyL0IzNDRBMDgyNjEyRjdFRTQ0MzU1QjU0MTk3MDFCQ0FGX2F1ZGlvX2Rhc2hpbml0Lm1wNBUCAsgBEgAoABgAGwKIB3VzZV9vaWwBMRJwcm9ncmVzc2l2ZV9yZWNpcGUBMRUAACacxMGej8vTDxUCKAJDMywXQEkmZmZmZmYYEmRhc2hfYmFzZWxpbmVfMV92MREAdf4HZeadAQA&_nc_gid=R1-N1cY49rgCu_weyxzqPg&_nc_zt=28&_nc_ss=7a3ba&oh=00_Af_iHa8XCpSAaNpID8Q0e6XQ1oEi8GqgWhJDvtni73D4YA&oe=6A357914"
"想擁有發光肌嗎，
寵愛母親全館53折起別錯過!

其實我們每天臉上堆積的廢物比想像中還多
（看棉棒就知道了😱）
開啟保養品好好吸收的通道其實是「做好去角質」，
最近愛上這個去角質棉棒，
跟大家分享我最近的居家養膚三部曲：

🐚 綠珍珠溫和去角質潔膚棒
 ፧ Quick notes 🏷️
﹅ 超軟棉棒材質： 完全不刮臉，
 像棉花糖一樣輕柔。
﹅ 舒緩同步： 有 AHA 去角質，
 還加了 B5 跟蜂膠，清完角質臉超亮卻完全不紅。

💧 D-泛醇 3% 高濃縮水精華
含有D-泛醇＋神經醯胺
幫助修復肌膚、吸收快妝前使用很適合

🧴 綠珍珠酪梨修護乳霜
酪梨油 × 澳洲堅果油成份
很滋潤但完全不會黏膩！

身為敏感肌的我，
過去根本不敢碰去角質產品，擔心會過敏紅腫～
這次用到韓國這支 Hidiff 綠珍珠溫和去角質潔膚棒✨
自己很喜歡～認真使用近一個月，
皮膚顆粒感減少，滑滑嫩嫩的，它顛覆我對去角質的認知！

@hidiff.tw @hidiff_official 

#hidiff 
#養膚routine",,,,,,,,,,,,,,,,,,,,,,,,,,,,,,,,,,,,,,,,,,,,,,,,,,,,,,,,,,,,,,,,,,,,,,,,,,,,,,,,,,,,,,,,,,,,,,,,,,,,,,,,,,,,,,,,,,,,,,,,,,,,,,,,,,,,,,,,,,,,,,,,,,,,,,,,,,,,,,,,,,,,,,,,,,,,,,,,,,,,,,,,,,,,,,,,,,,,,,,,,,,,,,,,,,,,,,,,,,,,,,,,,,,,,,,,,,,,,,,,,,,,,,,,,,,,,,,,,,,,,,,,,,,,,,,,,,,,,,,,,,,,,,,,,,,,,,,,,,,,,,,,,,,,,,,,,,,,,,,,,,,,,,,,,,,,,,,,,,,,,,,,,,,,,,,,,,,,,,,,,,,,,,,,,,,,"1","1280","720","https://scontent-arn2-1.cdninstagram.com/v/t51.71878-15/687762803_862281199538486_3358004641296025826_n.jpg?stp=dst-jpg_e15_tt6&_nc_cat=102&ig_cache_key=Mzg5MjUxMjY1Mjk3MDYzNDgwOQ%3D%3D.3-ccb7-5&ccb=7-5&_nc_sid=58cdad&efg=eyJ2ZW5jb2RlX3RhZyI6IkNMSVBTLnhwaWRzLjY0MC5zZHIudmlkZW9fZGVmYXVsdF9jb3Zlcl9mcmFtZS5DMyJ9&_nc_ohc=oJDyhy5aR0sQ7kNvwGDZCse&_nc_oc=AdrW4ZioOAAH7rCainFQuL3lkyPGG0IRZUEFRd3dyyPQM89SsoIC__GObm2FR2qPLEA&_nc_ad=z-m&_nc_cid=0&_nc_zt=23&_nc_ht=scontent-arn2-1.cdninstagram.com&_nc_gid=R1-N1cY49rgCu_weyxzqPg&_nc_ss=7a3ba&oh=00_Af_vS0TA6Le6YMqLnq9HidYtXu21ckQ4hlP38RCRejI_yA&oe=6A39940C","0","223","","hidiff","養膚routine",,,,"3892512652970634809","1505",,,,,,,,,,,,,,,"https://www.instagram.com/hidiff.tw/",,"187",,"hidiff.tw","hidiff_official","___fei_fei",,"26122149507463230",,,,,,,,,,,,,,,,,,,,,,,,,,,,,,,,,,,,,,,,,,,,,,,,,,,,,,,,,,,,,,,,,,,"false","","Original audio","true","Yunaㆍ尤娜","1414426492","___fei_fei",,"clips","DYE-6JsBy45","hidiff.tw","80015491870","false","false",,"https://scontent-arn2-1.cdninstagram.com/v/t51.82787-19/615343798_17845310625667871_7065812407261479699_n.jpg?stp=dst-jpg_e0_s150x150_tt6&efg=eyJ2ZW5jb2RlX3RhZyI6InByb2ZpbGVfcGljLmRqYW5nby43OTYuYzIifQ&_nc_ht=scontent-arn2-1.cdninstagram.com&_nc_cat=1&_nc_oc=Q6cZ2gGemeJJ3xYnsaMIgpDPGeNlWOHowkIKYDIhcIEmlQkuMP7wZ0xRAwAsOmZxVLv5UWY&_nc_ohc=CmgFRSIfk20Q7kNvwGfBK9X&_nc_gid=R1-N1cY49rgCu_weyxzqPg&edm=APGXKFABAAAA&ccb=7-5&ig_cache_key=GLZmrSQf278oN2Y-ABNDXrjyzg5ibmNDAQAB1501500j-ccb7-5&oh=00_Af-sGl3iICX5IbBzgVjx347XGPp6aH1xgQYvav6YowjKTg&oe=6A399CDC&_nc_sid=a8b8e2",,"hidiff.tw",,,,,,,,,"2026-05-08T12:36:56.000Z","Video","https://www.instagram.com/p/DYE-6JsBy45/","77.33300018310547","1728","https://scontent-arn2-1.cdninstagram.com/o1/v/t2/f2/m86/AQOqqd5BxxCPMKB5se3dwpXIWlcOjSv4KgBjT-uwTW0jvylQ8qj8F-5rE8gfXrqp_QKq3TmkCXzAcyTf_nr71sTvT6FBqyfNOP8QKdw.mp4?_nc_cat=104&_nc_sid=5e9851&_nc_ht=scontent-arn2-1.cdninstagram.com&_nc_ohc=bLTs18Bt82UQ7kNvwFJXDJP&efg=eyJ2ZW5jb2RlX3RhZyI6Inhwdl9wcm9ncmVzc2l2ZS5JTlNUQUdSQU0uQ0xJUFMuQzMuNzIwLmRhc2hfYmFzZWxpbmVfMV92MSIsInhwdl9hc3NldF9pZCI6MjYwMjcwNTY5MDEzMTIxMSwiYXNzZXRfYWdlX2RheXMiOjQwLCJ2aV91c2VjYXNlX2lkIjoxMDA5OSwiZHVyYXRpb25fcyI6NzcsInVybGdlbl9zb3VyY2UiOiJ3d3cifQ%3D%3D&ccb=17-1&vs=55a9ab81bffde80&_nc_vs=HBksFQIYUmlnX3hwdl9yZWVsc19wZXJtYW5lbnRfc3JfcHJvZC9EMDQ1REVGNTZDNUJBM0JCNEMwQTYyMjgwMUM3Mjc5MV92aWRlb19kYXNoaW5pdC5tcDQVAALIARIAFQIYUWlnX3hwdl9wbGFjZW1lbnRfcGVybWFuZW50X3YyL0VBNDRFNzFENjMxQzMwN0NDQzU4N0JEMTJBNDA1MTk3X2F1ZGlvX2Rhc2hpbml0Lm1wNBUCAsgBEgAoABgAGwKIB3VzZV9vaWwBMRJwcm9ncmVzc2l2ZV9yZWNpcGUBMRUAACaW7OvBtMmfCRUCKAJDMywXQFNVT987ZFoYEmRhc2hfYmFzZWxpbmVfMV92MREAdf4HZeadAQA&_nc_gid=R1-N1cY49rgCu_weyxzqPg&_nc_ss=7a3ba&_nc_zt=28&oh=00_Af9Jsxv7CIw_FMmWdA-LvD2ArjvB9nBRxY6GDwam__Vuag&oe=6A3585B9"
"居家質感保養💚寵愛母親全館 53 折起 別錯過

你知道一天臉上會累積多少髒污嗎？

以前一直覺得
保養就是要擦很多瓶
但肌膚狀態好像還是沒什麼改變🫣

後來才發現
有時候不是保養不夠
而是老廢角質堆積
讓後續保養吸收卡卡的

最近用到 @hidiff.tw
韓國溫和去角質棉棒✨

AHA 溫和代謝老廢角質
添加蜂膠與 B5 保濕舒緩成分

我自己很喜歡它不是磨砂型
不會有明顯顆粒摩擦感
日常保養用起來很剛好🙌🏻

用完後再搭配精華跟修護霜
會覺得肌膚摸起來更滑順
膚況也比較穩定🤍

如果你最近也覺得
保養吸收卡卡、膚況不太穩
可以試試看✨

@hidiff.tw",,,,,,,,,,,,,,,,,,,,,,,,,,,,,,,,,,,,,,,,,,,,,,,,,,,,,,,,,,,,,,,,,,,,,,,,,,,,,,,,,,,,,,,,,,,,,,,,,,,,,,,,,,,,,,,,,,,,,,,,,,,,,,,,,,,,,,,,,,,,,,,,,,,,,,,,,,,,,,,,,,,,,,,,,,,,,,,,,,,,,,,,,,,,,,,,,,,,,,,,,,,,,,,,,,,,,,,,,,,,,,,,,,,,,,,,,,,,,,,,,,,,,,,,,,,,,,,,,,,,,,,,,,,,,,,,,,,,,,,,,,,,,,,,,,,,,,,,,,,,,,,,,,,,,,,,,,,,,,,,,,,,,,,,,,,,,,,,,,,,,,,,,,,,,,,,,,,,,,,,,,,,,,,,,,,,"2","1280","720","https://scontent-arn2-1.cdninstagram.com/v/t51.82787-15/687118986_18588536806050717_5515602341388238251_n.jpg?stp=dst-jpg_e35_p750x750_sh2.08_tt6&_nc_cat=106&ig_cache_key=Mzg5MjI5ODQ3Nzc1MTIxNjQyMDE4NTg4NTM2ODAwMDUwNzE3.3-ccb7-5&ccb=7-5&_nc_sid=58cdad&efg=eyJ2ZW5jb2RlX3RhZyI6IkNMSVBTLnhwaWRzLjEyMDQuc2RyLnZpZGVvX2RlZmF1bHRfY292ZXJfZnJhbWUuQzMifQ%3D%3D&_nc_ohc=mErwvFNd84gQ7kNvwG4j004&_nc_oc=AdpyDVWYzm5eATj4_o0bGrbid1Tje34rvZJB8d2WLpawPrC_yBjmVC_MO9Ek0K1A9d8&_nc_ad=z-m&_nc_cid=0&_nc_zt=23&_nc_ht=scontent-arn2-1.cdninstagram.com&_nc_gid=R1-N1cY49rgCu_weyxzqPg&_nc_ss=7a3ba&oh=00_Af8AG7ITEXUrFq-JviOa9taXC7i4CRUOxwmH6Wqu7V66jA&oe=6A3980D3",,,"",,,,,,"3892298477751216420","3351",,,,,,,,,,,,,,,"https://www.instagram.com/hidiff.tw/",,"15",,"hidiff.tw",,"gaoz__z",,"26085908974419944",,,,,,,,,,,,,,,,,,,,,,,,,,,,,,,,,,,,,,,,,,,,,,,,,,,,,,,,,,,,,,,,,,,"false","","Original audio","true","高高 GAO²","551218716","gaoz__z","true","clips","DYEONfeJ6kk","hidiff 히디프 🌳","63403377015","false","false",,"https://scontent-arn2-1.cdninstagram.com/v/t51.2885-19/452147619_3743307565986401_1601641283140305637_n.jpg?stp=dst-jpg_e0_s150x150_tt6&efg=eyJ2ZW5jb2RlX3RhZyI6InByb2ZpbGVfcGljLmRqYW5nby43OTYuYzIifQ&_nc_ht=scontent-arn2-1.cdninstagram.com&_nc_cat=105&_nc_oc=Q6cZ2gGemeJJ3xYnsaMIgpDPGeNlWOHowkIKYDIhcIEmlQkuMP7wZ0xRAwAsOmZxVLv5UWY&_nc_ohc=MQ_jj_B8i10Q7kNvwFkHAxW&_nc_gid=R1-N1cY49rgCu_weyxzqPg&edm=APGXKFABAAAA&ccb=7-5&ig_cache_key=GKM58xphcsG1hEwNAOXCLdtCLDoWbkULAAAB1501500j-ccb7-5&oh=00_Af_GvXxK_D4uRhKIIDUnD3D95ELTjXTwgnqveUebuw7a8Q&oe=6A3970CE&_nc_sid=a8b8e2",,"hidiff_official","hidiff.tw","80015491870","false","false",,"https://scontent-arn2-1.cdninstagram.com/v/t51.82787-19/615343798_17845310625667871_7065812407261479699_n.jpg?stp=dst-jpg_e0_s150x150_tt6&efg=eyJ2ZW5jb2RlX3RhZyI6InByb2ZpbGVfcGljLmRqYW5nby43OTYuYzIifQ&_nc_ht=scontent-arn2-1.cdninstagram.com&_nc_cat=1&_nc_oc=Q6cZ2gGemeJJ3xYnsaMIgpDPGeNlWOHowkIKYDIhcIEmlQkuMP7wZ0xRAwAsOmZxVLv5UWY&_nc_ohc=CmgFRSIfk20Q7kNvwGfBK9X&_nc_gid=R1-N1cY49rgCu_weyxzqPg&edm=APGXKFABAAAA&ccb=7-5&ig_cache_key=GLZmrSQf278oN2Y-ABNDXrjyzg5ibmNDAQAB1501500j-ccb7-5&oh=00_Af-sGl3iICX5IbBzgVjx347XGPp6aH1xgQYvav6YowjKTg&oe=6A399CDC&_nc_sid=a8b8e2",,"hidiff.tw","2026-05-08T05:33:04.000Z","Video","https://www.instagram.com/p/DYEONfeJ6kk/","67.66600036621094","3857","https://scontent-arn2-1.cdninstagram.com/o1/v/t2/f2/m86/AQOyiXW42IkobUkxx8onf0fVZrBmkhhPfI9iO5TvcMkSqCqqB8jYnEUekLyGRXCxKrJB5IkmAy-ZjDWjfc09t3KZsVti_-Poh2ANdvk.mp4?_nc_cat=108&_nc_sid=5e9851&_nc_ht=scontent-arn2-1.cdninstagram.com&_nc_ohc=HJsVE0-CyZIQ7kNvwE5vyqf&efg=eyJ2ZW5jb2RlX3RhZyI6Inhwdl9wcm9ncmVzc2l2ZS5JTlNUQUdSQU0uQ0xJUFMuQzMuNzIwLmRhc2hfYmFzZWxpbmVfMV92MSIsInhwdl9hc3NldF9pZCI6MjE2NDM3MzgyNDMyMDc0OCwiYXNzZXRfYWdlX2RheXMiOjQxLCJ2aV91c2VjYXNlX2lkIjoxMDgyNywiZHVyYXRpb25fcyI6NjcsInVybGdlbl9zb3VyY2UiOiJ3d3cifQ%3D%3D&ccb=17-1&vs=e2b90e2d2df30e8e&_nc_vs=HBksFQIYUmlnX3hwdl9yZWVsc19wZXJtYW5lbnRfc3JfcHJvZC9BQjREMjRENTNBRTE5RDNGMTk4NjczQjcxMUFEQUVBOF92aWRlb19kYXNoaW5pdC5tcDQVAALIARIAFQIYUWlnX3hwdl9wbGFjZW1lbnRfcGVybWFuZW50X3YyLzA1NDk2QTI3MUU2MDRDN0Y0QjNEMkQ2NjdGQ0E5N0FCX2F1ZGlvX2Rhc2hpbml0Lm1wNBUCAsgBEgAoABgAGwKIB3VzZV9vaWwBMRJwcm9ncmVzc2l2ZV9yZWNpcGUBMRUAACbY063PkZ_YBxUCKAJDMywXQFDqn752yLQYEmRhc2hfYmFzZWxpbmVfMV92MREAdf4HZZapAQA&_nc_gid=R1-N1cY49rgCu_weyxzqPg&_nc_ss=7a3ba&_nc_zt=28&oh=00_Af9cDOngwjZV8uiT-jzUeWYYcu6eWAEKo-CtI6rhqqxeSA&oe=6A358749"
"發光肌的秘密來了✨寵愛母親全館53折起別錯過!

一整天下來的髒污與油脂堆積
肌膚真的會變得疲憊暗沉
溫和代謝角質
像替肌膚重新打開吸收通道

最近用到 
🌱敏感肌專屬韓國去角質棉棒
內含蜂膠+B5精華 
清潔的同時也能舒緩保濕

還可以再搭配同系列的
🌱綠珍珠D-泛醇3%高濃縮水精華+綠珍珠酪梨修護乳霜 
肌膚就能回到乾淨透亮的細緻光感 ✨

維持水光肌，是保養最迷人的狀態
@hidiff.tw

#hidiff #養膚routine",,,,,,,,,,,,,,,,,,,,,,,,,,,,,,,,,,,,,,,,,,,,,,,,,,,,,,,,,,,,,,,,,,,,,,,,,,,,,,,,,,,,,,,,,,,,,,,,,,,,,,,,,,,,,,,,,,,,,,,,,,,,,,,,,,,,,,,,,,,,,,,,,,,,,,,,,,,,,,,,,,,,,,,,,,,,,,,,,,,,,,,,,,,,,,,,,,,,,,,,,,,,,,,,,,,,,,,,,,,,,,,,,,,,,,,,,,,,,,,,,,,,,,,,,,,,,,,,,,,,,,,,,,,,,,,,,,,,,,,,,,,,,,,,,,,,,,,,,,,,,,,,,,,,,,,,,,,,,,,,,,,,,,,,,,,,,,,,,,,,,,,,,,,,,,,,,,,,,,,,,,,,,,,,,,,,"0","1280","720","https://scontent-arn2-1.cdninstagram.com/v/t51.82787-15/690043410_18129541690585049_748345882736376711_n.jpg?stp=dst-jpg_e35_p750x750_sh2.08_tt6&_nc_cat=104&ig_cache_key=Mzg5MjI5MDkyMDg1ODg4MTIxMTE4MTI5NTQxNjg0NTg1MDQ5.3-ccb7-5&ccb=7-5&_nc_sid=58cdad&efg=eyJ2ZW5jb2RlX3RhZyI6IkNMSVBTLnhwaWRzLjExMjQuc2RyLnZpZGVvX2RlZmF1bHRfY292ZXJfZnJhbWUuQzMifQ%3D%3D&_nc_ohc=TmlV2nyXvCwQ7kNvwEpPAMT&_nc_oc=AdohOy8dtSYvvJrUUYaZ7PYpKQZwJWg4EFq9ZaJ-XxgcXqD203AUDSka03JAe3QBV7I&_nc_ad=z-m&_nc_cid=0&_nc_zt=23&_nc_ht=scontent-arn2-1.cdninstagram.com&_nc_gid=R1-N1cY49rgCu_weyxzqPg&_nc_ss=7a3ba&oh=00_Af_Z1N-a2Li3nqq4--JbOh-Jwg9_RGZl7HcDI2iRLvrwkQ&oe=6A399B78",,,"","hidiff","養膚routine",,,,"3892290920858881211","1953",,,,,,,,,,,,,,,"https://www.instagram.com/hidiff.tw/",,"-1",,"hidiff.tw",,"ihc_nny",,"27166683872962924",,,,,,,,,,,,,,,,,,,,,,,,,,,,,,,,,,,,,,,,,,,,,,,,,,,,,,,,,,,,,,,,,,,"false","","Original audio","true","彤","17673337048","ihc_nny","true","clips","DYEMfhkRYy7","hidiff.tw","80015491870","false","false",,"https://scontent-arn2-1.cdninstagram.com/v/t51.82787-19/615343798_17845310625667871_7065812407261479699_n.jpg?stp=dst-jpg_e0_s150x150_tt6&efg=eyJ2ZW5jb2RlX3RhZyI6InByb2ZpbGVfcGljLmRqYW5nby43OTYuYzIifQ&_nc_ht=scontent-arn2-1.cdninstagram.com&_nc_cat=1&_nc_oc=Q6cZ2gGemeJJ3xYnsaMIgpDPGeNlWOHowkIKYDIhcIEmlQkuMP7wZ0xRAwAsOmZxVLv5UWY&_nc_ohc=CmgFRSIfk20Q7kNvwGfBK9X&_nc_gid=R1-N1cY49rgCu_weyxzqPg&edm=APGXKFABAAAA&ccb=7-5&ig_cache_key=GLZmrSQf278oN2Y-ABNDXrjyzg5ibmNDAQAB1501500j-ccb7-5&oh=00_Af-sGl3iICX5IbBzgVjx347XGPp6aH1xgQYvav6YowjKTg&oe=6A399CDC&_nc_sid=a8b8e2",,"hidiff.tw",,,,,,,,,"2026-05-08T05:16:16.000Z","Video","https://www.instagram.com/p/DYEMfhkRYy7/","72.83899688720703","2029","https://scontent-arn2-1.cdninstagram.com/o1/v/t2/f2/m86/AQO_yqtYlU0ybk7_tbVcJGKc6I2NbOCuslpwVCqOblN49s7tuT5qWjBgSklxMIWxvqSLvNeoNg9J7d3NwPmPAdSjX6HM8nAQMJdFotc.mp4?_nc_cat=109&_nc_sid=5e9851&_nc_ht=scontent-arn2-1.cdninstagram.com&_nc_ohc=QYXHeEvgTw4Q7kNvwEIdn_d&efg=eyJ2ZW5jb2RlX3RhZyI6Inhwdl9wcm9ncmVzc2l2ZS5JTlNUQUdSQU0uQ0xJUFMuQzMuNzIwLmRhc2hfYmFzZWxpbmVfMV92MSIsInhwdl9hc3NldF9pZCI6Mjk3ODUxNDM4MjMzOTE2OCwiYXNzZXRfYWdlX2RheXMiOjQxLCJ2aV91c2VjYXNlX2lkIjoxMDA5OSwiZHVyYXRpb25fcyI6NzIsInVybGdlbl9zb3VyY2UiOiJ3d3cifQ%3D%3D&ccb=17-1&vs=c10a96c3a2bebb94&_nc_vs=HBksFQIYUmlnX3hwdl9yZWVsc19wZXJtYW5lbnRfc3JfcHJvZC9GQTRDNjYzQ0UyQUMxQkY3MzJBN0YzMDhGMTQwNkQ4RV92aWRlb19kYXNoaW5pdC5tcDQVAALIARIAFQIYUWlnX3hwdl9wbGFjZW1lbnRfcGVybWFuZW50X3YyL0I1NEI1MjY5MzNEQkMzOEUxMzgwRjkwNzI0N0IxN0IwX2F1ZGlvX2Rhc2hpbml0Lm1wNBUCAsgBEgAoABgAGwKIB3VzZV9vaWwBMRJwcm9ncmVzc2l2ZV9yZWNpcGUBMRUAACbA8b27rbzKChUCKAJDMywXQFI1T987ZFoYEmRhc2hfYmFzZWxpbmVfMV92MREAdf4HZeadAQA&_nc_gid=R1-N1cY49rgCu_weyxzqPg&_nc_ss=7a3ba&_nc_zt=28&oh=00_Af_4Wor3GJKtAU9nOX9BtZxTVV0wdsERicwkeI_8rHcMUQ&oe=6A35A536"
"敏感肌最愛用😍寵愛母親全館53折起別錯過!
/
很多敏感肌、痘痘肌不敢去角質，怕越弄越紅。
最近挖到的這系列「綠珍珠」組合，完全打破這個思想，特別是那支「潔膚棒」，簡直是粗糙肌的救星。
🌟綠珍珠溫和去角質潔膚棒
不是顆粒型的暴力去角質，AHA 負責軟化並代謝老廢物質，特別的附了一個大尺寸棉棒，只要每週一次，針對鼻翼、下巴這種細節狂刷，臉真的會發光（是那種透亮感），重點是它通過敏感肌測試，完全不刺激
去完角質後的「黃金吸收期」，請直接擦
🌟D 泛醇 3% 高濃縮水精華，3% 高濃度的 D 泛醇可以舒緩肌膚，它的質地超級水感，一抹就化開，把水分直接鎖進肌底：
最後一步，用這罐奶油質地
🌟綠珍珠酪梨修護乳霜封存，雖然是霜，但不塞毛孔！會在臉上形成一層超薄的「鎖水防護膜」，把前面補的水分通通鎖住。如果是乾肌，可以針對乾燥區域疊加，隔天起床臉會嫩到手滑。
這套組合可號稱皮膚細緻到會反光
@hidiff.tw
#히디프 #hidiff#綠珍珠系列",,,,,,,,,,,,,,,,,,,,,,,,,,,,,,,,,,,,,,,,,,,,,,,,,,,,,,,,,,,,,,,,,,,,,,,,,,,,,,,,,,,,,,,,,,,,,,,,,,,,,,,,,,,,,,,,,,,,,,,,,,,,,,,,,,,,,,,,,,,,,,,,,,,,,,,,,,,,,,,,,,,,,,,,,,,,,,,,,,,,,,,,,,,,,,,,,,,,,,,,,,,,,,,,,,,,,,,,,,,,,,,,,,,,,,,,,,,,,,,,,,,,,,,,,,,,,,,,,,,,,,,,,,,,,,,,,,,,,,,,,,,,,,,,,,,,,,,,,,,,,,,,,,,,,,,,,,,,,,,,,,,,,,,,,,,,,,,,,,,,,,,,,,,,,,,,,,,,,,,,,,,,,"hidiff.tw","80015491870","false","false","3808232826123310266","https://scontent-arn2-1.cdninstagram.com/v/t51.82787-19/615343798_17845310625667871_7065812407261479699_n.jpg?stp=dst-jpg_e0_s150x150_tt6&efg=eyJ2ZW5jb2RlX3RhZyI6InByb2ZpbGVfcGljLmRqYW5nby43OTYuYzIifQ&_nc_ht=scontent-arn2-1.cdninstagram.com&_nc_cat=1&_nc_oc=Q6cZ2gGemeJJ3xYnsaMIgpDPGeNlWOHowkIKYDIhcIEmlQkuMP7wZ0xRAwAsOmZxVLv5UWY&_nc_ohc=CmgFRSIfk20Q7kNvwGfBK9X&_nc_gid=R1-N1cY49rgCu_weyxzqPg&edm=APGXKFABAAAA&ccb=7-5&ig_cache_key=GLZmrSQf278oN2Y-ABNDXrjyzg5ibmNDAQAB1501500j-ccb7-5&oh=00_Af-sGl3iICX5IbBzgVjx347XGPp6aH1xgQYvav6YowjKTg&oe=6A399CDC&_nc_sid=a8b8e2","hidiff.tw","26","1280","720","https://scontent-arn2-1.cdninstagram.com/v/t51.82787-15/696511774_18002683706919537_2412043751674654478_n.jpg?stp=dst-jpg_e35_p750x750_sh2.08_tt6&_nc_cat=100&ig_cache_key=Mzg5MjI4OTEzNjE0MTA4NzY4NDE4MDAyNjgzNzAwOTE5NTM3.3-ccb7-5&ccb=7-5&_nc_sid=58cdad&efg=eyJ2ZW5jb2RlX3RhZyI6IkNMSVBTLnhwaWRzLjEyMTUuc2RyLnZpZGVvX2RlZmF1bHRfY292ZXJfZnJhbWUuQzMifQ%3D%3D&_nc_ohc=B50PCbn8kH4Q7kNvwGIycJw&_nc_oc=Adrv7dYMkHdx76-a9vKz4boI-0V0RyBuFkewhMVVFOazMy2rfJgEIBVOFI888wqL8g0&_nc_ad=z-m&_nc_cid=0&_nc_zt=23&_nc_ht=scontent-arn2-1.cdninstagram.com&_nc_gid=R1-N1cY49rgCu_weyxzqPg&_nc_ss=7a3ba&oh=00_Af-kkrenge757QwAyQuRYF0v1vnswn-B6FAU-qqw1XjlZQ&oe=6A397C61","0","692","","히디프","hidiff","綠珍珠系列",,,"3892289136141087684","33364",,,,,,,,,,,,,,,"https://www.instagram.com/hidiff.tw/",,"77",,"hidiff.tw",,"are_je.pi",,"27169577569314376",,,,,,,,,,,,,,,,,,,,,,,,,,,,,,,,,,,,,,,,,,,,,,,,,,,,,,,,,,,,,,,,,,,"false","","Original audio","true","jennny.C","57461111536","are_je.pi",,"clips","DYEMFjazTPE","hidiff.tw","80015491870","false","false",,"https://scontent-arn2-1.cdninstagram.com/v/t51.82787-19/615343798_17845310625667871_7065812407261479699_n.jpg?stp=dst-jpg_e0_s150x150_tt6&efg=eyJ2ZW5jb2RlX3RhZyI6InByb2ZpbGVfcGljLmRqYW5nby43OTYuYzIifQ&_nc_ht=scontent-arn2-1.cdninstagram.com&_nc_cat=1&_nc_oc=Q6cZ2gGemeJJ3xYnsaMIgpDPGeNlWOHowkIKYDIhcIEmlQkuMP7wZ0xRAwAsOmZxVLv5UWY&_nc_ohc=CmgFRSIfk20Q7kNvwGfBK9X&_nc_gid=R1-N1cY49rgCu_weyxzqPg&edm=APGXKFABAAAA&ccb=7-5&ig_cache_key=GLZmrSQf278oN2Y-ABNDXrjyzg5ibmNDAQAB1501500j-ccb7-5&oh=00_Af-sGl3iICX5IbBzgVjx347XGPp6aH1xgQYvav6YowjKTg&oe=6A399CDC&_nc_sid=a8b8e2",,"hidiff.tw",,,,,,,,,"2026-05-08T05:12:51.000Z","Video","https://www.instagram.com/p/DYEMFjazTPE/","67.16600036621094","48649","https://scontent-arn2-1.cdninstagram.com/o1/v/t2/f2/m86/AQNU9UhsTj4qxU8hlD0Mvaf6Wzo9R67ugd3kyZoZAM4WHYngFgPGSZZW1jUbSVsbPIFfoRuV2ZsmjcCsG-4qAllyOt3Vg_5Bo79D-PQ.mp4?_nc_cat=110&_nc_sid=5e9851&_nc_ht=scontent-arn2-1.cdninstagram.com&_nc_ohc=sv9KGW7yKekQ7kNvwF03rQl&efg=eyJ2ZW5jb2RlX3RhZyI6Inhwdl9wcm9ncmVzc2l2ZS5JTlNUQUdSQU0uQ0xJUFMuQzMuNzIwLmRhc2hfYmFzZWxpbmVfMV92MSIsInhwdl9hc3NldF9pZCI6OTkzMzQ1NDM2NDg1Mzg5LCJhc3NldF9hZ2VfZGF5cyI6NDEsInZpX3VzZWNhc2VfaWQiOjEwMDk5LCJkdXJhdGlvbl9zIjo2NywidXJsZ2VuX3NvdXJjZSI6Ind3dyJ9&ccb=17-1&vs=c0ede9f4f2da6886&_nc_vs=HBksFQIYUmlnX3hwdl9yZWVsc19wZXJtYW5lbnRfc3JfcHJvZC83QTQyODJEQTQ3RjQyQkQyNjE3NEZBQ0I3OEM4MTI4QV92aWRlb19kYXNoaW5pdC5tcDQVAALIARIAFQIYUWlnX3hwdl9wbGFjZW1lbnRfcGVybWFuZW50X3YyLzdFNDYwQTQxNTU0RkI3M0M5MjRDOUE4NjlCNTM0Qzk2X2F1ZGlvX2Rhc2hpbml0Lm1wNBUCAsgBEgAoABgAGwKIB3VzZV9vaWwBMRJwcm9ncmVzc2l2ZV9yZWNpcGUBMRUAACaanIyeqNzDAxUCKAJDMywXQFDKn752yLQYEmRhc2hfYmFzZWxpbmVfMV92MREAdf4HZeadAQA&_nc_gid=R1-N1cY49rgCu_weyxzqPg&_nc_ss=7a3ba&_nc_zt=28&oh=00_Af9FR7z36IBtfxraK9BEi1lTIMp1Rniz6moM4jj_nC_C3g&oe=6A359ECF"
"韓女最質感的保養 寵愛母親全館53折起別錯過
2026一起漂亮的生活 勤勞的保養✨

最近認識的新品牌
韓國歐膩的養膚三步驟
-綠珍珠潤肌泡泡化妝水
植物萃取的綠茶 第一步先穩定肌膚🍵
很特別的泡泡質地更好吸收
-綠珍珠D濃縮精華
擁有泛醇3% 提升肌膚透亮感
-綠珍珠酪梨修復乳霜
酪梨油+D泛醇 強效保濕成份
完全不黏膩✨
保養最後一步驟 達到最佳保護膜作用
就可以安心入睡啦

#MHidiff #綠珍珠D泛醇3%高濃縮水精華 #綠珍珠潤肌泡泡化妝水 #綠珍珠酪梨修護乳霜","","0","1477","1108","https://scontent-arn2-1.cdninstagram.com/v/t51.82787-15/694926608_18583356439061522_7716950085147983022_n.jpg?stp=dst-jpg_e35_tt6&_nc_cat=111&ig_cache_key=Mzg5MjI1MTU4ODc1Mjc4Mjg2Mg%3D%3D.3-ccb7-5&ccb=7-5&_nc_sid=58cdad&efg=eyJ2ZW5jb2RlX3RhZyI6IkNBUk9VU0VMX0lURU0ueHBpZHMuMTEwOC5zZHIucmVndWxhcl9waG90by5DMyJ9&_nc_ohc=XQxxzmNc7LoQ7kNvwFlkHyL&_nc_oc=Ado9dSFls61drfq2kQk2NnqPWc6u67jUbmii8Zi3Yxk4DU3aI7dyOUhF2UcAQL3zbYQ&_nc_ad=z-m&_nc_cid=0&_nc_zt=23&se=8&_nc_ht=scontent-arn2-1.cdninstagram.com&_nc_gid=R1-N1cY49rgCu_weyxzqPg&_nc_ss=7a3ba&oh=00_Af_So4u5v30LbBaxz7xR2noSkjScHaauN6m1gO-nLrukKw&oe=6A39887D","","3892251588752782862","carousel_item",,,,,,,,,,,,,,,"2026-05-08T03:58:10.000Z","Image",,,"","0","1477","1108","https://scontent-arn2-1.cdninstagram.com/v/t51.82787-15/694737617_18583356436061522_2802633700176166785_n.jpg?stp=dst-jpg_e35_tt6&_nc_cat=108&ig_cache_key=Mzg5MjI1MTU5MDUwNjA1MTAwNQ%3D%3D.3-ccb7-5&ccb=7-5&_nc_sid=58cdad&efg=eyJ2ZW5jb2RlX3RhZyI6IkNBUk9VU0VMX0lURU0ueHBpZHMuMTEwOC5zZHIucmVndWxhcl9waG90by5DMyJ9&_nc_ohc=wSiHsgszSKQQ7kNvwEk5_cS&_nc_oc=AdojhEt-JTUPKDDKAcYGi4Kt3CY_f9h4h5GAmLK8sJkW_72Aw5qm57P_QHeZuwjmWfY&_nc_ad=z-m&_nc_cid=0&_nc_zt=23&se=8&_nc_ht=scontent-arn2-1.cdninstagram.com&_nc_gid=R1-N1cY49rgCu_weyxzqPg&_nc_ss=7a3ba&oh=00_Af9dvV7TP8lWzWsUs0fGoPrpAf5cB3uYuOAGo6RyZ1M7WA&oe=6A397EF1","","3892251590506051005","carousel_item",,,,,,,,,,,,,,,"2026-05-08T03:58:10.000Z","Image",,,"","0","1477","1108","https://scontent-arn2-1.cdninstagram.com/v/t51.82787-15/687682337_18583356451061522_3397492873592471319_n.jpg?stp=dst-jpg_e35_tt6&_nc_cat=105&ig_cache_key=Mzg5MjI1MTU5ODQzMzI3Mjc2MQ%3D%3D.3-ccb7-5&ccb=7-5&_nc_sid=58cdad&efg=eyJ2ZW5jb2RlX3RhZyI6IkNBUk9VU0VMX0lURU0ueHBpZHMuMTEwOC5zZHIucmVndWxhcl9waG90by5DMyJ9&_nc_ohc=FgAFivDDv8QQ7kNvwEGut3A&_nc_oc=AdonxPPnsseFtwemu-9kEW9ZAyTq6ORZhqf3fcDzZb-9sahX5S1CCtjF4ZvACV8_OB8&_nc_ad=z-m&_nc_cid=0&_nc_zt=23&se=8&_nc_ht=scontent-arn2-1.cdninstagram.com&_nc_gid=R1-N1cY49rgCu_weyxzqPg&_nc_ss=7a3ba&oh=00_Af_vuiQivYEMF4G15OSYAxF6NWwXZHoYzf7e_LhyXKQqBA&oe=6A3972EB","","3892251598433272761","carousel_item","hidiff.tw","80015491870","false","false","3808232826123310266","https://scontent-arn2-1.cdninstagram.com/v/t51.82787-19/615343798_17845310625667871_7065812407261479699_n.jpg?stp=dst-jpg_e0_s150x150_tt6&efg=eyJ2ZW5jb2RlX3RhZyI6InByb2ZpbGVfcGljLmRqYW5nby43OTYuYzIifQ&_nc_ht=scontent-arn2-1.cdninstagram.com&_nc_cat=1&_nc_oc=Q6cZ2gGemeJJ3xYnsaMIgpDPGeNlWOHowkIKYDIhcIEmlQkuMP7wZ0xRAwAsOmZxVLv5UWY&_nc_ohc=CmgFRSIfk20Q7kNvwGfBK9X&_nc_gid=R1-N1cY49rgCu_weyxzqPg&edm=APGXKFABAAAA&ccb=7-5&ig_cache_key=GLZmrSQf278oN2Y-ABNDXrjyzg5ibmNDAQAB1501500j-ccb7-5&oh=00_Af-sGl3iICX5IbBzgVjx347XGPp6aH1xgQYvav6YowjKTg&oe=6A399CDC&_nc_sid=a8b8e2","hidiff.tw",,,,,,,,"2026-05-08T03:58:10.000Z","Image",,,"","0","4029","3023","https://scontent-arn2-1.cdninstagram.com/v/t51.82787-15/689207453_18583356460061522_6876434028144781874_n.jpg?stp=dst-jpg_e35_tt6&_nc_cat=104&ig_cache_key=Mzg5MjI1MTYwMzk4NjUxMTc2OQ%3D%3D.3-ccb7-5&ccb=7-5&_nc_sid=58cdad&efg=eyJ2ZW5jb2RlX3RhZyI6IkNBUk9VU0VMX0lURU0ueHBpZHMuMzAyMy5zZHIucmVndWxhcl9waG90by5DMyJ9&_nc_ohc=5eRrMGl9mfUQ7kNvwFlRPVH&_nc_oc=AdoHadXrTm89AIcZSKcHXu19L-HpGfRygWYixGqCWoUMR2n9PZ6ylw1WnwNKDpfOCrA&_nc_ad=z-m&_nc_cid=0&_nc_zt=23&se=8&_nc_ht=scontent-arn2-1.cdninstagram.com&_nc_gid=R1-N1cY49rgCu_weyxzqPg&_nc_ss=7a3ba&oh=00_Af8-2hLo7SWLkIp7YqVeAfE_lDrOvAZBieYRqkEIWR698Q&oe=6A397847","","3892251603986511769","carousel_item",,,,,,,,,,,,,,,"2026-05-08T03:58:10.000Z","Image",,,"","0","3087","2316","https://scontent-arn2-1.cdninstagram.com/v/t51.82787-15/685774580_18583356469061522_3404809638996054859_n.jpg?stp=dst-jpg_e35_tt6&_nc_cat=111&ig_cache_key=Mzg5MjI1MTYwNjg5NzM3ODE4NQ%3D%3D.3-ccb7-5&ccb=7-5&_nc_sid=58cdad&efg=eyJ2ZW5jb2RlX3RhZyI6IkNBUk9VU0VMX0lURU0ueHBpZHMuMjMxNi5zZHIucmVndWxhcl9waG90by5DMyJ9&_nc_ohc=n7B8UNNYjTIQ7kNvwG63Eml&_nc_oc=Adr0dnEgY3qQuGSolHnaWdQ69KZ6eamEKi7UVCFF6GotDTCFQYE-ZZ9pltsxEa9T6ls&_nc_ad=z-m&_nc_cid=0&_nc_zt=23&se=8&_nc_ht=scontent-arn2-1.cdninstagram.com&_nc_gid=R1-N1cY49rgCu_weyxzqPg&_nc_ss=7a3ba&oh=00_Af8353Hgx0SlojK446HPM62NgCEQo8xsArlY9arAVYhT2A&oe=6A396741","","3892251606897378185","carousel_item",,,,,,,,,,,,,,,"2026-05-08T03:58:10.000Z","Image",,,"","0","3087","2316","https://scontent-arn2-1.cdninstagram.com/v/t51.82787-15/691909424_18583356487061522_8991861027170530332_n.jpg?stp=dst-jpg_e35_tt6&_nc_cat=107&ig_cache_key=Mzg5MjI1MTYxMjM2Njc1NTg4OA%3D%3D.3-ccb7-5&ccb=7-5&_nc_sid=58cdad&efg=eyJ2ZW5jb2RlX3RhZyI6IkNBUk9VU0VMX0lURU0ueHBpZHMuMjMxNi5zZHIucmVndWxhcl9waG90by5DMyJ9&_nc_ohc=OmGPaX8HefgQ7kNvwGEObxG&_nc_oc=AdqgYLleEZFctWByn6tmpkC442YzaeWJmaX_IKXmi_lsWqUuqc4K88cm-L9KeMt5Axo&_nc_ad=z-m&_nc_cid=0&_nc_zt=23&se=8&_nc_ht=scontent-arn2-1.cdninstagram.com&_nc_gid=R1-N1cY49rgCu_weyxzqPg&_nc_ss=7a3ba&oh=00_Af9-bDyK-H1obv4oOeVY63Boh1UN28A-gH2xNETxBpzfWg&oe=6A399BED","","3892251612366755888","carousel_item",,,,,,,,,,,,,,,"2026-05-08T03:58:10.000Z","Image",,,"","0","2047","1536","https://scontent-arn2-1.cdninstagram.com/v/t51.82787-15/689088617_18583356490061522_2533902709787359741_n.jpg?stp=dst-jpg_e35_tt6&_nc_cat=111&ig_cache_key=Mzg5MjI1MTYxMjY2ODcwNjEyNA%3D%3D.3-ccb7-5&ccb=7-5&_nc_sid=58cdad&efg=eyJ2ZW5jb2RlX3RhZyI6IkNBUk9VU0VMX0lURU0ueHBpZHMuMTUzNi5zZHIucmVndWxhcl9waG90by5DMyJ9&_nc_ohc=WMlUKJUcTdAQ7kNvwE5N4Jp&_nc_oc=Adry5OzVmRCMXfXF9ot5DC8sRypCbiCn8fEGemtpGLQnmAm0dm3ZyqZpMZ24b2gR1BM&_nc_ad=z-m&_nc_cid=0&_nc_zt=23&se=8&_nc_ht=scontent-arn2-1.cdninstagram.com&_nc_gid=R1-N1cY49rgCu_weyxzqPg&_nc_ss=7a3ba&oh=00_Af8jkKNjOZJiuX7UI9-z8LbUcaGxAiwWrTTlUe4krddg6Q&oe=6A398498","","3892251612668706124","carousel_item",,,,,,,,,,,,,,,"2026-05-08T03:58:10.000Z","Image",,,"","0","4096","3073","https://scontent-arn2-1.cdninstagram.com/v/t51.82787-15/688438841_18583356499061522_3048897212831942537_n.jpg?stp=dst-jpg_e35_tt6&_nc_cat=105&ig_cache_key=Mzg5MjI1MTYxNzM1Nzk0Mzc1Mw%3D%3D.3-ccb7-5&ccb=7-5&_nc_sid=58cdad&efg=eyJ2ZW5jb2RlX3RhZyI6IkNBUk9VU0VMX0lURU0ueHBpZHMuMzA3My5zZHIucmVndWxhcl9waG90by5DMyJ9&_nc_ohc=MarQ_DLpEcYQ7kNvwHEZK3k&_nc_oc=Adp8KAVgLQpb-k_ISFnnj3HWJXyv4ljEgyKbBWQr1zEvuEU0D9GGL9DqQ4yMcTkN5FQ&_nc_ad=z-m&_nc_cid=0&_nc_zt=23&se=8&_nc_ht=scontent-arn2-1.cdninstagram.com&_nc_gid=R1-N1cY49rgCu_weyxzqPg&_nc_ss=7a3ba&oh=00_Af8XtTW7hewgPqIUQJdGijNpA9T1pFJ2dwQEyiUY90xbCg&oe=6A39920E","","3892251617357943753","carousel_item",,,,,,,,,,,,,,,"2026-05-08T03:58:10.000Z","Image",,,"","0","4096","3073","https://scontent-arn2-1.cdninstagram.com/v/t51.82787-15/687760139_18583356508061522_8718922419539764514_n.jpg?stp=dst-jpg_e35_tt6&_nc_cat=101&ig_cache_key=Mzg5MjI1MTYyMzE3OTY2MzIzMw%3D%3D.3-ccb7-5&ccb=7-5&_nc_sid=58cdad&efg=eyJ2ZW5jb2RlX3RhZyI6IkNBUk9VU0VMX0lURU0ueHBpZHMuMzA3My5zZHIucmVndWxhcl9waG90by5DMyJ9&_nc_ohc=MxQhpNf2rMsQ7kNvwEAeg0d&_nc_oc=AdooA4mK9AueeV6qrPTKwABHpxGGjMQAwQvMjGzMjaQw4V37Kkf8-M56vi0cTf5bvEo&_nc_ad=z-m&_nc_cid=0&_nc_zt=23&se=8&_nc_ht=scontent-arn2-1.cdninstagram.com&_nc_gid=R1-N1cY49rgCu_weyxzqPg&_nc_ss=7a3ba&oh=00_Af_niHkoYu0MbTPehBPetP54v50lqYF_F9CmDzAs0q6BXw&oe=6A396841","","3892251623179663233","carousel_item",,,,,,,,,,,,,,,"2026-05-08T03:58:10.000Z","Image",,,,,,,,,,,,,,,,,,,,,,,,,,,,,,,,,,,,,,,,,,,,,,,,,,,,,,,,,,,,,,,,,,,,,,,,,,,,,,,,,,,,,,,,,,,,,,,,,,,,,,,,,,,,,,,,,,,,,,,,,,,,,,,,,,,,,,,,,,,,"0","1477","1108","https://scontent-arn2-1.cdninstagram.com/v/t51.82787-15/694926608_18583356439061522_7716950085147983022_n.jpg?stp=dst-jpg_e35_tt6&_nc_cat=111&ig_cache_key=Mzg5MjI1MTU4ODc1Mjc4Mjg2Mg%3D%3D.3-ccb7-5&ccb=7-5&_nc_sid=58cdad&efg=eyJ2ZW5jb2RlX3RhZyI6IkNBUk9VU0VMX0lURU0ueHBpZHMuMTEwOC5zZHIucmVndWxhcl9waG90by5DMyJ9&_nc_ohc=XQxxzmNc7LoQ7kNvwFlkHyL&_nc_oc=Ado9dSFls61drfq2kQk2NnqPWc6u67jUbmii8Zi3Yxk4DU3aI7dyOUhF2UcAQL3zbYQ&_nc_ad=z-m&_nc_cid=0&_nc_zt=23&se=8&_nc_ht=scontent-arn2-1.cdninstagram.com&_nc_gid=R1-N1cY49rgCu_weyxzqPg&_nc_ss=7a3ba&oh=00_Af_So4u5v30LbBaxz7xR2noSkjScHaauN6m1gO-nLrukKw&oe=6A39887D",,,"","MHidiff","綠珍珠D泛醇3%高濃縮水精華","綠珍珠潤肌泡泡化妝水","綠珍珠酪梨修護乳霜",,"3892252635944666318",,"https://scontent-arn2-1.cdninstagram.com/v/t51.82787-15/694926608_18583356439061522_7716950085147983022_n.jpg?stp=dst-jpg_e35_tt6&_nc_cat=111&ig_cache_key=Mzg5MjI1MTU4ODc1Mjc4Mjg2Mg%3D%3D.3-ccb7-5&ccb=7-5&_nc_sid=58cdad&efg=eyJ2ZW5jb2RlX3RhZyI6IkNBUk9VU0VMX0lURU0ueHBpZHMuMTEwOC5zZHIucmVndWxhcl9waG90by5DMyJ9&_nc_ohc=XQxxzmNc7LoQ7kNvwFlkHyL&_nc_oc=Ado9dSFls61drfq2kQk2NnqPWc6u67jUbmii8Zi3Yxk4DU3aI7dyOUhF2UcAQL3zbYQ&_nc_ad=z-m&_nc_cid=0&_nc_zt=23&se=8&_nc_ht=scontent-arn2-1.cdninstagram.com&_nc_gid=R1-N1cY49rgCu_weyxzqPg&_nc_ss=7a3ba&oh=00_Af_So4u5v30LbBaxz7xR2noSkjScHaauN6m1gO-nLrukKw&oe=6A39887D","https://scontent-arn2-1.cdninstagram.com/v/t51.82787-15/694737617_18583356436061522_2802633700176166785_n.jpg?stp=dst-jpg_e35_tt6&_nc_cat=108&ig_cache_key=Mzg5MjI1MTU5MDUwNjA1MTAwNQ%3D%3D.3-ccb7-5&ccb=7-5&_nc_sid=58cdad&efg=eyJ2ZW5jb2RlX3RhZyI6IkNBUk9VU0VMX0lURU0ueHBpZHMuMTEwOC5zZHIucmVndWxhcl9waG90by5DMyJ9&_nc_ohc=wSiHsgszSKQQ7kNvwEk5_cS&_nc_oc=AdojhEt-JTUPKDDKAcYGi4Kt3CY_f9h4h5GAmLK8sJkW_72Aw5qm57P_QHeZuwjmWfY&_nc_ad=z-m&_nc_cid=0&_nc_zt=23&se=8&_nc_ht=scontent-arn2-1.cdninstagram.com&_nc_gid=R1-N1cY49rgCu_weyxzqPg&_nc_ss=7a3ba&oh=00_Af9dvV7TP8lWzWsUs0fGoPrpAf5cB3uYuOAGo6RyZ1M7WA&oe=6A397EF1","https://scontent-arn2-1.cdninstagram.com/v/t51.82787-15/687682337_18583356451061522_3397492873592471319_n.jpg?stp=dst-jpg_e35_tt6&_nc_cat=105&ig_cache_key=Mzg5MjI1MTU5ODQzMzI3Mjc2MQ%3D%3D.3-ccb7-5&ccb=7-5&_nc_sid=58cdad&efg=eyJ2ZW5jb2RlX3RhZyI6IkNBUk9VU0VMX0lURU0ueHBpZHMuMTEwOC5zZHIucmVndWxhcl9waG90by5DMyJ9&_nc_ohc=FgAFivDDv8QQ7kNvwEGut3A&_nc_oc=AdonxPPnsseFtwemu-9kEW9ZAyTq6ORZhqf3fcDzZb-9sahX5S1CCtjF4ZvACV8_OB8&_nc_ad=z-m&_nc_cid=0&_nc_zt=23&se=8&_nc_ht=scontent-arn2-1.cdninstagram.com&_nc_gid=R1-N1cY49rgCu_weyxzqPg&_nc_ss=7a3ba&oh=00_Af_vuiQivYEMF4G15OSYAxF6NWwXZHoYzf7e_LhyXKQqBA&oe=6A3972EB","https://scontent-arn2-1.cdninstagram.com/v/t51.82787-15/689207453_18583356460061522_6876434028144781874_n.jpg?stp=dst-jpg_e35_tt6&_nc_cat=104&ig_cache_key=Mzg5MjI1MTYwMzk4NjUxMTc2OQ%3D%3D.3-ccb7-5&ccb=7-5&_nc_sid=58cdad&efg=eyJ2ZW5jb2RlX3RhZyI6IkNBUk9VU0VMX0lURU0ueHBpZHMuMzAyMy5zZHIucmVndWxhcl9waG90by5DMyJ9&_nc_ohc=5eRrMGl9mfUQ7kNvwFlRPVH&_nc_oc=AdoHadXrTm89AIcZSKcHXu19L-HpGfRygWYixGqCWoUMR2n9PZ6ylw1WnwNKDpfOCrA&_nc_ad=z-m&_nc_cid=0&_nc_zt=23&se=8&_nc_ht=scontent-arn2-1.cdninstagram.com&_nc_gid=R1-N1cY49rgCu_weyxzqPg&_nc_ss=7a3ba&oh=00_Af8-2hLo7SWLkIp7YqVeAfE_lDrOvAZBieYRqkEIWR698Q&oe=6A397847","https://scontent-arn2-1.cdninstagram.com/v/t51.82787-15/685774580_18583356469061522_3404809638996054859_n.jpg?stp=dst-jpg_e35_tt6&_nc_cat=111&ig_cache_key=Mzg5MjI1MTYwNjg5NzM3ODE4NQ%3D%3D.3-ccb7-5&ccb=7-5&_nc_sid=58cdad&efg=eyJ2ZW5jb2RlX3RhZyI6IkNBUk9VU0VMX0lURU0ueHBpZHMuMjMxNi5zZHIucmVndWxhcl9waG90by5DMyJ9&_nc_ohc=n7B8UNNYjTIQ7kNvwG63Eml&_nc_oc=Adr0dnEgY3qQuGSolHnaWdQ69KZ6eamEKi7UVCFF6GotDTCFQYE-ZZ9pltsxEa9T6ls&_nc_ad=z-m&_nc_cid=0&_nc_zt=23&se=8&_nc_ht=scontent-arn2-1.cdninstagram.com&_nc_gid=R1-N1cY49rgCu_weyxzqPg&_nc_ss=7a3ba&oh=00_Af8353Hgx0SlojK446HPM62NgCEQo8xsArlY9arAVYhT2A&oe=6A396741","https://scontent-arn2-1.cdninstagram.com/v/t51.82787-15/691909424_18583356487061522_8991861027170530332_n.jpg?stp=dst-jpg_e35_tt6&_nc_cat=107&ig_cache_key=Mzg5MjI1MTYxMjM2Njc1NTg4OA%3D%3D.3-ccb7-5&ccb=7-5&_nc_sid=58cdad&efg=eyJ2ZW5jb2RlX3RhZyI6IkNBUk9VU0VMX0lURU0ueHBpZHMuMjMxNi5zZHIucmVndWxhcl9waG90by5DMyJ9&_nc_ohc=OmGPaX8HefgQ7kNvwGEObxG&_nc_oc=AdqgYLleEZFctWByn6tmpkC442YzaeWJmaX_IKXmi_lsWqUuqc4K88cm-L9KeMt5Axo&_nc_ad=z-m&_nc_cid=0&_nc_zt=23&se=8&_nc_ht=scontent-arn2-1.cdninstagram.com&_nc_gid=R1-N1cY49rgCu_weyxzqPg&_nc_ss=7a3ba&oh=00_Af9-bDyK-H1obv4oOeVY63Boh1UN28A-gH2xNETxBpzfWg&oe=6A399BED","https://scontent-arn2-1.cdninstagram.com/v/t51.82787-15/689088617_18583356490061522_2533902709787359741_n.jpg?stp=dst-jpg_e35_tt6&_nc_cat=111&ig_cache_key=Mzg5MjI1MTYxMjY2ODcwNjEyNA%3D%3D.3-ccb7-5&ccb=7-5&_nc_sid=58cdad&efg=eyJ2ZW5jb2RlX3RhZyI6IkNBUk9VU0VMX0lURU0ueHBpZHMuMTUzNi5zZHIucmVndWxhcl9waG90by5DMyJ9&_nc_ohc=WMlUKJUcTdAQ7kNvwE5N4Jp&_nc_oc=Adry5OzVmRCMXfXF9ot5DC8sRypCbiCn8fEGemtpGLQnmAm0dm3ZyqZpMZ24b2gR1BM&_nc_ad=z-m&_nc_cid=0&_nc_zt=23&se=8&_nc_ht=scontent-arn2-1.cdninstagram.com&_nc_gid=R1-N1cY49rgCu_weyxzqPg&_nc_ss=7a3ba&oh=00_Af8jkKNjOZJiuX7UI9-z8LbUcaGxAiwWrTTlUe4krddg6Q&oe=6A398498","https://scontent-arn2-1.cdninstagram.com/v/t51.82787-15/688438841_18583356499061522_3048897212831942537_n.jpg?stp=dst-jpg_e35_tt6&_nc_cat=105&ig_cache_key=Mzg5MjI1MTYxNzM1Nzk0Mzc1Mw%3D%3D.3-ccb7-5&ccb=7-5&_nc_sid=58cdad&efg=eyJ2ZW5jb2RlX3RhZyI6IkNBUk9VU0VMX0lURU0ueHBpZHMuMzA3My5zZHIucmVndWxhcl9waG90by5DMyJ9&_nc_ohc=MarQ_DLpEcYQ7kNvwHEZK3k&_nc_oc=Adp8KAVgLQpb-k_ISFnnj3HWJXyv4ljEgyKbBWQr1zEvuEU0D9GGL9DqQ4yMcTkN5FQ&_nc_ad=z-m&_nc_cid=0&_nc_zt=23&se=8&_nc_ht=scontent-arn2-1.cdninstagram.com&_nc_gid=R1-N1cY49rgCu_weyxzqPg&_nc_ss=7a3ba&oh=00_Af8XtTW7hewgPqIUQJdGijNpA9T1pFJ2dwQEyiUY90xbCg&oe=6A39920E","https://scontent-arn2-1.cdninstagram.com/v/t51.82787-15/687760139_18583356508061522_8718922419539764514_n.jpg?stp=dst-jpg_e35_tt6&_nc_cat=101&ig_cache_key=Mzg5MjI1MTYyMzE3OTY2MzIzMw%3D%3D.3-ccb7-5&ccb=7-5&_nc_sid=58cdad&efg=eyJ2ZW5jb2RlX3RhZyI6IkNBUk9VU0VMX0lURU0ueHBpZHMuMzA3My5zZHIucmVndWxhcl9waG90by5DMyJ9&_nc_ohc=MxQhpNf2rMsQ7kNvwEAeg0d&_nc_oc=AdooA4mK9AueeV6qrPTKwABHpxGGjMQAwQvMjGzMjaQw4V37Kkf8-M56vi0cTf5bvEo&_nc_ad=z-m&_nc_cid=0&_nc_zt=23&se=8&_nc_ht=scontent-arn2-1.cdninstagram.com&_nc_gid=R1-N1cY49rgCu_weyxzqPg&_nc_ss=7a3ba&oh=00_Af_niHkoYu0MbTPehBPetP54v50lqYF_F9CmDzAs0q6BXw&oe=6A396841",,,,,,"https://www.instagram.com/hidiff.tw/",,"-1",,,,,"18385478899095119",,"licensed_music",,"18385478899095120","true","2187061388473516","1662096948265087",,"https://scontent-arn2-1.cdninstagram.com/v/t39.30808-6/666469407_71060903016318_2584212316181013975_n.jpg?stp=dst-jpg_s168x128_tt6&_nc_cat=1&ccb=7-5&_nc_sid=2f2557&_nc_ohc=78GofwBYs4kQ7kNvwHcChTd&_nc_oc=AdrbZtCsm7WQ4LYIbj6h9W4mnWNi3ZVeLksTYB_Scp2oDS3qDCV7dKf0zNCcHFweSIs&_nc_ad=z-m&_nc_cid=0&_nc_zt=23&_nc_ht=scontent-arn2-1.cdninstagram.com&_nc_gid=R1-N1cY49rgCu_weyxzqPg&_nc_ss=7039b&oh=00_Af8sHjxINXFUuJdaZLWbkZZMrQvf1ICzH3TqXnhCkFcaMA&oe=6A398083","https://scontent-arn2-1.cdninstagram.com/v/t39.30808-6/666469407_71060903016318_2584212316181013975_n.jpg?stp=dst-jpg_s168x128_tt6&_nc_cat=1&ccb=7-5&_nc_sid=2f2557&_nc_ohc=78GofwBYs4kQ7kNvwHcChTd&_nc_oc=AdrbZtCsm7WQ4LYIbj6h9W4mnWNi3ZVeLksTYB_Scp2oDS3qDCV7dKf0zNCcHFweSIs&_nc_ad=z-m&_nc_cid=0&_nc_zt=23&_nc_ht=scontent-arn2-1.cdninstagram.com&_nc_gid=R1-N1cY49rgCu_weyxzqPg&_nc_ss=7039b&oh=00_Af8sHjxINXFUuJdaZLWbkZZMrQvf1ICzH3TqXnhCkFcaMA&oe=6A398083",,"404 CLUB","139877","https://scontent-arn2-1.cdninstagram.com/o1/v/t2/f2/m69/AQMu85ZRTPFoCR1DwSv7EA4wfUWDJblvxk3JLknMZikrmL9HUl3Lrxynx_UmmqcBrB3KtvmyKToql6nZrLpbSZMV.mp4?strext=1&_nc_cat=1&_nc_sid=b66105&_nc_ht=scontent-arn2-1.cdninstagram.com&_nc_ohc=WHvklWgT9EoQ7kNvwHgvxD8&efg=eyJ2ZW5jb2RlX3RhZyI6Inhwdl9wcm9ncmVzc2l2ZS5WSV9VU0VDQVNFX1BST0RVQ1RfVFlQRS4uQzMuMC5kYXNoX2xuX2hlYWFjX3ZicjNfbXB4X2F1ZGlvIiwieHB2X2Fzc2V0X2lkIjoxNjI2ODM0NTk4NDM1ODE4LCJhc3NldF9hZ2VfZGF5cyI6NzMsInZpX3VzZWNhc2VfaWQiOjEwODIyLCJkdXJhdGlvbl9zIjoxMzksInVybGdlbl9zb3VyY2UiOiJ3d3cifQ%3D%3D&ccb=17-1&vs=fd158314ed24d160&_nc_vs=HBkcFQIYOnBhc3N0aHJvdWdoX2V2ZXJzdG9yZS9HTWdMWHlkSWNxNXVNWE1IQUlNaS0wQ1QtRmQ1Ym1FeUFBQUYVAgLIARIAKAAYABsCiAd1c2Vfb2lsATEScHJvZ3Jlc3NpdmVfcmVjaXBlATEVAAAm1O_IpZ7m4wUVAigCQzMsF0BhfBBiTdLyGBxkYXNoX2xuX2hlYWFjX3ZicjNfbXB4X2F1ZGlvEQB1AGWMqQEA&_nc_ss=7039b&_nc_zt=28&oh=00_Af8DMgOoH47fD6ze-oNaYufrm0suwWTvbqddcoINfMzBgA&oe=6A396A4A","false","39000","54500","69500","1494177765595791","404___club","false","true","false","DEFAULT",,"https://scontent-arn2-1.cdninstagram.com/o1/v/t2/f2/m69/AQMu85ZRTPFoCR1DwSv7EA4wfUWDJblvxk3JLknMZikrmL9HUl3Lrxynx_UmmqcBrB3KtvmyKToql6nZrLpbSZMV.mp4?strext=1&_nc_cat=1&_nc_sid=b66105&_nc_ht=scontent-arn2-1.cdninstagram.com&_nc_ohc=WHvklWgT9EoQ7kNvwHgvxD8&efg=eyJ2ZW5jb2RlX3RhZyI6Inhwdl9wcm9ncmVzc2l2ZS5WSV9VU0VDQVNFX1BST0RVQ1RfVFlQRS4uQzMuMC5kYXNoX2xuX2hlYWFjX3ZicjNfbXB4X2F1ZGlvIiwieHB2X2Fzc2V0X2lkIjoxNjI2ODM0NTk4NDM1ODE4LCJhc3NldF9hZ2VfZGF5cyI6NzMsInZpX3VzZWNhc2VfaWQiOjEwODIyLCJkdXJhdGlvbl9zIjoxMzksInVybGdlbl9zb3VyY2UiOiJ3d3cifQ%3D%3D&ccb=17-1&vs=fd158314ed24d160&_nc_vs=HBkcFQIYOnBhc3N0aHJvdWdoX2V2ZXJzdG9yZS9HTWdMWHlkSWNxNXVNWE1IQUlNaS0wQ1QtRmQ1Ym1FeUFBQUYVAgLIARIAKAAYABsCiAd1c2Vfb2lsATEScHJvZ3Jlc3NpdmVfcmVjaXBlATEVAAAm1O_IpZ7m4wUVAigCQzMsF0BhfBBiTdLyGBxkYXNoX2xuX2hlYWFjX3ZicjNfbXB4X2F1ZGlvEQB1AGWMqQEA&_nc_ss=7039b&_nc_zt=28&oh=00_Af8DMgOoH47fD6ze-oNaYufrm0suwWTvbqddcoINfMzBgA&oe=6A396A4A",,,,"REVSHARE",,"","On My Skin",,"true","40000","false","false","","false",,,"0",,,"404 CLUB","61761788743","false","false","3731981240183751305","https://scontent-arn2-1.cdninstagram.com/v/t51.82787-19/557146912_17942224824060744_1449101193027039902_n.jpg?stp=dst-jpg_e0_s150x150_tt6&_nc_cat=102&ig_cache_key=GCBjNSFISx7BW74-AJ6y_H3bPRwUbmNDAQAB1501500j-ccb7-5&ccb=7-5&_nc_sid=669407&efg=eyJ2ZW5jb2RlX3RhZyI6InByb2ZpbGVfcGljLnd3dy41MDAuQzMifQ%3D%3D&_nc_ohc=9WALW4Cq5DEQ7kNvwHpOSUw&_nc_oc=AdoO1wdaw_A4WG2Wh-7ur1ftAwgshiAkxiOlCvSu4Y8D5v-6c_0RCpj92fkGGmpnidM&_nc_ad=z-m&_nc_cid=0&_nc_zt=24&_nc_ht=scontent-arn2-1.cdninstagram.com&_nc_gid=R1-N1cY49rgCu_weyxzqPg&_nc_ss=703ba&oh=00_Af-t8uf4lHmFDkqvqkX1HigmRTyONPSyJztoV6eTdO5gVA&oe=6A396E01","404___club","false","false",,"30000","https://scontent-arn2-1.cdninstagram.com/v/t51.12442-15/43985629_311105916145351_58064759811405776_n.jpg?_nc_cat=101&ccb=7-5&_nc_sid=6d112d&_nc_ohc=d6GRR12C4XkQ7kNvwEb578Z&_nc_oc=AdobFvt578W1TozAIlCZ6BRgMq3Y13EtkQ1RQ_S1Pv2-Xt2o3ErrqRAnpSewHWIX-QM&_nc_ad=z-m&_nc_cid=0&_nc_zt=23&_nc_ht=scontent-arn2-1.cdninstagram.com&_nc_gid=R1-N1cY49rgCu_weyxzqPg&_nc_ss=7039b&oh=00_Af-i-QkltO8JMpeaJgT2d0CQO6ncMWoIoOp_O4chqQRrOA&oe=6A39877D",,,"false","false","",,,,,,,,,,"Shelly Lin","303421521","she_llllly",,"carousel_container","DYEDyZ9j0TO","hidiff.tw","80015491870","false","false",,"https://scontent-arn2-1.cdninstagram.com/v/t51.82787-19/615343798_17845310625667871_7065812407261479699_n.jpg?stp=dst-jpg_e0_s150x150_tt6&efg=eyJ2ZW5jb2RlX3RhZyI6InByb2ZpbGVfcGljLmRqYW5nby43OTYuYzIifQ&_nc_ht=scontent-arn2-1.cdninstagram.com&_nc_cat=1&_nc_oc=Q6cZ2gGemeJJ3xYnsaMIgpDPGeNlWOHowkIKYDIhcIEmlQkuMP7wZ0xRAwAsOmZxVLv5UWY&_nc_ohc=CmgFRSIfk20Q7kNvwGfBK9X&_nc_gid=R1-N1cY49rgCu_weyxzqPg&edm=APGXKFABAAAA&ccb=7-5&ig_cache_key=GLZmrSQf278oN2Y-ABNDXrjyzg5ibmNDAQAB1501500j-ccb7-5&oh=00_Af-sGl3iICX5IbBzgVjx347XGPp6aH1xgQYvav6YowjKTg&oe=6A399CDC&_nc_sid=a8b8e2",,"hidiff.tw",,,,,,,,,"2026-05-08T03:58:13.000Z","Sidecar","https://www.instagram.com/p/DYEDyZ9j0TO/",,"0",
"敏感肌最溫和的保養，寵愛母親全館53折起別錯過!
保養狂人最近膚況有點卡關😪💤

但我又是超容易泛紅的敏感肌 
一直都不太敢亂用磨砂類去角質

最近用了這組韓國很紅的 @hidiff.tw 綠珍珠溫和去角質潔膚棒後真的有驚艷到✨ 

AHA x 蜂膠萃取物x B5精華很溫和，我一週用兩次也完全沒有泛紅 
而且用完皮膚摸起來會變超滑！

後續再搭配綠珍珠D-泛醇3%高濃縮水精華跟綠珍珠酪梨修復乳霜 
整個膚況穩定度真的提升很多🤍

遇到溫和有效的去角質產品真的很重要‼️
推薦給跟我一樣想要水光肌讓膚況next level的敏感肌人🫶🏻
@hidiff.tw 
#히디프 #hidiff #綠珍珠系列 #去角質棉棒#敏感肌保養",,,,,,,,,,,,,,,,,,,,,,,,,,,,,,,,,,,,,,,,,,,,,,,,,,,,,,,,,,,,,,,,,,,,,,,,,,,,,,,,,,,,,,,,,,,,,,,,,,,,,,,,,,,,,,,,,,,,,,,,,,,,,,,,,,,,,,,,,,,,,,,,,,,,,,,,,,,,,,,,,,,,,,,,,,,,,,,,,,,,,,,,,,,,,,,,,,,,,,,,,,,,,,,,,,,,,,,,,,,,,,,,,,,,,,,,,,,,,,,,,,,,,,,,,,,,,,,,,,,,,,,,,,,,,,,,,,,,,,,,,,,,,,,,,,,,,,,,,,,,,,,,,,,,,,,,,,,,,,,,,,,,,,,,,,,,,,,,,,,,,,,,,,,,,,,,,,,,,,,,,,,,,,,,,,,,"0","1280","720","https://scontent-arn2-1.cdninstagram.com/v/t51.71878-15/690083484_973180365445636_62366498179650813_n.jpg?stp=dst-jpg_e15_tt6&_nc_cat=111&ig_cache_key=Mzg5MjIzOTgxNjY5MzUxNDYwNA%3D%3D.3-ccb7-5&ccb=7-5&_nc_sid=58cdad&efg=eyJ2ZW5jb2RlX3RhZyI6IkNMSVBTLnhwaWRzLjY0MC5zZHIudmlkZW9fZGVmYXVsdF9jb3Zlcl9mcmFtZS5DMyJ9&_nc_ohc=EzJ3QEyWRuAQ7kNvwHlXrYn&_nc_oc=AdqPMmfZPu-sNb1UXjF3xAFUL6AhWi-OCXF_6I1CM10cFpg92_wkYGPuP1S_0JSiag8&_nc_ad=z-m&_nc_cid=0&_nc_zt=23&_nc_ht=scontent-arn2-1.cdninstagram.com&_nc_gid=R1-N1cY49rgCu_weyxzqPg&_nc_ss=7a3ba&oh=00_Af9dS9JU-MqdB_RRXT_GufXln3lcxB4ok_5gVYSJgq2tkQ&oe=6A39767F",,,"","히디프","hidiff","綠珍珠系列","去角質棉棒","敏感肌保養","3892239816693514604","6003",,,,,,,,,,,,,,,"https://www.instagram.com/hidiff.tw/",,"23",,"hidiff.tw",,"phoebee_n",,"35205315799116170",,,,,,,,,,,,,,,,,,,,,,,,,,,,,,,,,,,,,,,,,,,,,,,,,,,,,,,,,,,,,,,,,,,"false","","Original audio","true","𡩋","214867914","phoebee_n",,"clips","DYEA33GpgFs","hidiff 히디프 🌳","63403377015","false","false",,"https://scontent-arn2-1.cdninstagram.com/v/t51.2885-19/452147619_3743307565986401_1601641283140305637_n.jpg?stp=dst-jpg_e0_s150x150_tt6&efg=eyJ2ZW5jb2RlX3RhZyI6InByb2ZpbGVfcGljLmRqYW5nby43OTYuYzIifQ&_nc_ht=scontent-arn2-1.cdninstagram.com&_nc_cat=105&_nc_oc=Q6cZ2gGemeJJ3xYnsaMIgpDPGeNlWOHowkIKYDIhcIEmlQkuMP7wZ0xRAwAsOmZxVLv5UWY&_nc_ohc=MQ_jj_B8i10Q7kNvwFkHAxW&_nc_gid=R1-N1cY49rgCu_weyxzqPg&edm=APGXKFABAAAA&ccb=7-5&ig_cache_key=GKM58xphcsG1hEwNAOXCLdtCLDoWbkULAAAB1501500j-ccb7-5&oh=00_Af_GvXxK_D4uRhKIIDUnD3D95ELTjXTwgnqveUebuw7a8Q&oe=6A3970CE&_nc_sid=a8b8e2",,"hidiff_official","hidiff.tw","80015491870","false","false",,"https://scontent-arn2-1.cdninstagram.com/v/t51.82787-19/615343798_17845310625667871_7065812407261479699_n.jpg?stp=dst-jpg_e0_s150x150_tt6&efg=eyJ2ZW5jb2RlX3RhZyI6InByb2ZpbGVfcGljLmRqYW5nby43OTYuYzIifQ&_nc_ht=scontent-arn2-1.cdninstagram.com&_nc_cat=1&_nc_oc=Q6cZ2gGemeJJ3xYnsaMIgpDPGeNlWOHowkIKYDIhcIEmlQkuMP7wZ0xRAwAsOmZxVLv5UWY&_nc_ohc=CmgFRSIfk20Q7kNvwGfBK9X&_nc_gid=R1-N1cY49rgCu_weyxzqPg&edm=APGXKFABAAAA&ccb=7-5&ig_cache_key=GLZmrSQf278oN2Y-ABNDXrjyzg5ibmNDAQAB1501500j-ccb7-5&oh=00_Af-sGl3iICX5IbBzgVjx347XGPp6aH1xgQYvav6YowjKTg&oe=6A399CDC&_nc_sid=a8b8e2",,"hidiff.tw","2026-05-08T03:35:52.000Z","Video","https://www.instagram.com/p/DYEA33GpgFs/","77.2509994506836","7361","https://scontent-arn2-1.cdninstagram.com/o1/v/t2/f2/m86/AQMxGkcr21-t4w5qZuHPyeraWyFrews4vomNEXpebHMA90It4987RArF5pcmDeqhRS3TCscBuRVxTvCbQp3LEKSb5eHTFGw31Nt_Bd0.mp4?_nc_cat=108&_nc_sid=5e9851&_nc_ht=scontent-arn2-1.cdninstagram.com&_nc_ohc=dTbiGLJQn-sQ7kNvwHJ22lv&efg=eyJ2ZW5jb2RlX3RhZyI6Inhwdl9wcm9ncmVzc2l2ZS5JTlNUQUdSQU0uQ0xJUFMuQzMuNzIwLmRhc2hfYmFzZWxpbmVfMV92MSIsInhwdl9hc3NldF9pZCI6MTczNTgxNjY1MTE2MzExMCwiYXNzZXRfYWdlX2RheXMiOjQxLCJ2aV91c2VjYXNlX2lkIjoxMDgyNywiZHVyYXRpb25fcyI6NzcsInVybGdlbl9zb3VyY2UiOiJ3d3cifQ%3D%3D&ccb=17-1&vs=9df690640f70abeb&_nc_vs=HBksFQIYUmlnX3hwdl9yZWVsc19wZXJtYW5lbnRfc3JfcHJvZC9BQjQwMTU3QjIzNEQ2ODU1Qzg2QTQ1Q0Q1MEU5Mzk5Q192aWRlb19kYXNoaW5pdC5tcDQVAALIARIAFQIYUWlnX3hwdl9wbGFjZW1lbnRfcGVybWFuZW50X3YyLzE5NDBENTE0MUI5MTI4RTRBODRDRDM3NkI2QkExMEI0X2F1ZGlvX2Rhc2hpbml0Lm1wNBUCAsgBEgAoABgAGwKIB3VzZV9vaWwBMRJwcm9ncmVzc2l2ZV9yZWNpcGUBMRUAACbMl5ru6a2VBhUCKAJDMywXQFNO6XjU_fQYEmRhc2hfYmFzZWxpbmVfMV92MREAdf4HZZapAQA&_nc_gid=R1-N1cY49rgCu_weyxzqPg&_nc_ss=7a3ba&_nc_zt=28&oh=00_Af9WLzcKcJjQ8viWMawVtPkTUhg992lcN8-mjJs0c9g7DQ&oe=6A35A545"
"居家質感保養，寵愛母親全館53折起別錯過!
保養總是卡關，擦再多昂貴精華都覺得吸收不進去😩 
身為敏感肌，想到「去角質」就怕臉紅好幾天，根本不敢亂碰🙋‍♀️
如果臉上的老廢角質太厚，保養品根本吃不進去🤯 
最近被我挖到一款韓國女生都在瘋搶、
還拿下韓國保養品評價網第一名的神級好物——
hidiff 敏感肌專屬去角質棉棒組✨

最讓我安心的是，
這牌子的創辦人自己就是個連穿襪子都要挑材質的「超級敏感肌」 ！
所以這組真的是為了敏感一族量身打造的呀～🥺

這一個月我每週固定用兩次，
直接幫大家實測這套「水煮蛋肌養成秘笈」：
🪄 Step 1｜溫和拋光：去角質棉棒 
他們家的棉棒材質超級柔軟，
在臉上死角滾動完全不刮臉、不過敏 ！
精華液裡不只有 AHA 溫和代謝角質，
還加了蜂膠萃取跟 B5，邊去角質邊當場舒緩 ～
💧 Step 2｜極致舒緩：綠珍珠 D-泛醇 3% 高濃縮水精華 
毛孔暢通後，立刻擦上這罐我超愛的水精華 ！
裡面滿滿的 D-泛醇和神經醯胺，大大舒緩肌膚的敏感、乾燥與泛紅問題 ！
🥑 Step 3｜鎖水修護：綠珍珠酪梨修護乳霜 
最後用含有「酪梨油 × 澳洲堅果油」的乳霜來完美收尾 ！
質地像奶油一樣綿密，但上臉完全不黏膩，
雙重潤澤把水分牢牢鎖緊🔒 

這樣認真打卡一個月下來，
我的臉不僅一次都沒有紅過，
反而把底子「養」得超級穩 ！
現在素顏直接自帶發光濾鏡 ✨

這組口碑爆棚的韓國 hidiff 絕對不能錯過！
@hidiff.tw

#히디프 #hidiff #綠珍珠系列 #韓國保養 #去角質棉棒",,,,,,,,,,,,,,,,,,,,,,,,,,,,,,,,,,,,,,,,,,,,,,,,,,,,,,,,,,,,,,,,,,,,,,,,,,,,,,,,,,,,,,,,,,,,,,,,,,,,,,,,,,,,,,,,,,,,,,,,,,,,,,,,,,,,,,,,,,,,,,,,,,,,,,,,,,,,,,,,,,,,,,,,,,,,,,,,,,,,,,,,,,,,,,,,,,,,,,,,,,,,,,,,,,,,,,,,,,,,,,,,,,,,,,,,,,,,,,,,,,,,,,,,,,,,,,,,,,,,,,,,,,,,,,,,,,,,,,,,,,,,,,,,,,,,,,,,,,,,,,,,,,,,,,,,,,,,,,,,,,,,,,,,,,,,,,,,,,,,,,,,,,,,,,,,,,,,,,,,,,,,,,,,,,,,"0","1280","720","https://scontent-arn2-1.cdninstagram.com/v/t51.82787-15/683541326_18582556072009546_6506757516809418685_n.jpg?stp=dst-jpg_e35_p750x750_sh2.08_tt6&_nc_cat=107&ig_cache_key=Mzg5MjIzNzI3NzQyMDA3MzgwNDE4NTgyNTU2MDY2MDA5NTQ2.3-ccb7-5&ccb=7-5&_nc_sid=58cdad&efg=eyJ2ZW5jb2RlX3RhZyI6IkNMSVBTLnhwaWRzLjEyMDYuc2RyLnZpZGVvX2RlZmF1bHRfY292ZXJfZnJhbWUuQzMifQ%3D%3D&_nc_ohc=4KhjQwoAt-sQ7kNvwHkTp8h&_nc_oc=AdoS_XHdQqFpkyoJU_7oQGz2CCIFUik3mp4ek396N-NQfU914lCxLkYU4Q0hAeP3woU&_nc_ad=z-m&_nc_cid=0&_nc_zt=23&_nc_ht=scontent-arn2-1.cdninstagram.com&_nc_gid=R1-N1cY49rgCu_weyxzqPg&_nc_ss=7a3ba&oh=00_Af9BrC_2oou_0S89FL37AJDLmmz1Ci9Yxei1veFilpIkkw&oe=6A3972EB","3","431","","히디프","hidiff","綠珍珠系列","韓國保養","去角質棉棒","3892237277420073804","10164",,,,,,,,,,,,,,,"https://www.instagram.com/hidiff.tw/",,"452",,"hidiff.tw",,"bonniee.96",,"26871892119089664",,,,,,,,,,,,,,,,,,,,,,,,,,,,,,,,,,,,,,,,,,,,,,,,,,,,,,,,,,,,,,,,,,,"false","","Original audio","true","邦妮子ᙏ̤","310985545","bonniee.96",,"clips","DYEAS6OKDNM","hidiff.tw","80015491870","false","false",,"https://scontent-arn2-1.cdninstagram.com/v/t51.82787-19/615343798_17845310625667871_7065812407261479699_n.jpg?stp=dst-jpg_e0_s150x150_tt6&efg=eyJ2ZW5jb2RlX3RhZyI6InByb2ZpbGVfcGljLmRqYW5nby43OTYuYzIifQ&_nc_ht=scontent-arn2-1.cdninstagram.com&_nc_cat=1&_nc_oc=Q6cZ2gGemeJJ3xYnsaMIgpDPGeNlWOHowkIKYDIhcIEmlQkuMP7wZ0xRAwAsOmZxVLv5UWY&_nc_ohc=CmgFRSIfk20Q7kNvwGfBK9X&_nc_gid=R1-N1cY49rgCu_weyxzqPg&edm=APGXKFABAAAA&ccb=7-5&ig_cache_key=GLZmrSQf278oN2Y-ABNDXrjyzg5ibmNDAQAB1501500j-ccb7-5&oh=00_Af-sGl3iICX5IbBzgVjx347XGPp6aH1xgQYvav6YowjKTg&oe=6A399CDC&_nc_sid=a8b8e2",,"hidiff.tw",,,,,,,,,"2026-05-08T03:28:48.000Z","Video","https://www.instagram.com/p/DYEAS6OKDNM/","67.30000305175781","10986","https://scontent-arn2-1.cdninstagram.com/o1/v/t2/f2/m86/AQOHI1Egs_56A6Y4ZuDJ9vaoM-IYgV64bglF7HF63SvvQKcC3pdpZk0lmJKt4xOFT7gfIi-R7VPIda7P039Yh_kUzOygiPHdAHR4QF4.mp4?_nc_cat=111&_nc_sid=5e9851&_nc_ht=scontent-arn2-1.cdninstagram.com&_nc_ohc=iZSrLlAhndEQ7kNvwFzwYkm&efg=eyJ2ZW5jb2RlX3RhZyI6Inhwdl9wcm9ncmVzc2l2ZS5JTlNUQUdSQU0uQ0xJUFMuQzMuNzIwLmRhc2hfYmFzZWxpbmVfMV92MSIsInhwdl9hc3NldF9pZCI6MTk5ODU4NTkzNzQ1NDA1MCwiYXNzZXRfYWdlX2RheXMiOjQxLCJ2aV91c2VjYXNlX2lkIjoxMDA5OSwiZHVyYXRpb25fcyI6NjcsInVybGdlbl9zb3VyY2UiOiJ3d3cifQ%3D%3D&ccb=17-1&vs=f11a9f62a1b115ae&_nc_vs=HBksFQIYUmlnX3hwdl9yZWVsc19wZXJtYW5lbnRfc3JfcHJvZC80MDQyQTczNTkyMEJCRjVGNEZCRjVCN0FERDM0NTM4Ml92aWRlb19kYXNoaW5pdC5tcDQVAALIARIAFQIYUWlnX3hwdl9wbGFjZW1lbnRfcGVybWFuZW50X3YyLzVGNEM4MDJDODA3RDc3NEQ2MkFBREZBQzQ3NzkyQjg0X2F1ZGlvX2Rhc2hpbml0Lm1wNBUCAsgBEgAoABgAGwKIB3VzZV9vaWwBMRJwcm9ncmVzc2l2ZV9yZWNpcGUBMRUAACbEj9fNge2MBxUCKAJDMywXQFDTMzMzMzMYEmRhc2hfYmFzZWxpbmVfMV92MREAdf4HZeadAQA&_nc_gid=R1-N1cY49rgCu_weyxzqPg&_nc_ss=7a3ba&_nc_zt=28&oh=00_Af8ki3_XM0zWEpwEc9kxQYOU9aJ8Lb8gmwNeWY8wqeIalQ&oe=6A3587AC"
"用過最溫和的保養品，寵愛母親全館53折起別錯過!
敏感肌也可以做的角質保養⁉️
買了偷偷關注很久的韓國網紅自己創立的品牌保養品 Hidiff綠珍珠系列
綠珍珠溫和去⾓質潔膚棒
使用下來真的好舒服
完全不會有過度刺激的感覺
也確實可以清理出不少髒東西🧹
而且我自己最有感的是
用完之後皮膚會變得比較透、比較乾淨
❕但又不會有那種被清過頭的緊繃感❕
後面再搭配舒緩綠珍珠D-泛醇3%⾼濃縮⽔精華＋綠珍珠酪梨修護乳霜
也完全不會太過厚重！
而且整組產品都是淡淡的香味護膚的過程很幸福🤍
最近換季很容易亂長東西的人
真的可以試試這種溫和型的保養！
@hidiff.tw 
#溫和去角質  #日常保養 #hidiff#히디프#綠珍珠系列",,,,,,,,,,,,,,,,,,,,,,,,,,,,,,,,,,,,,,,,,,,,,,,,,,,,,,,,,,,,,,,,,,,,,,,,,,,,,,,,,,,,,,,,,,,,,,,,,,,,,,,,,,,,,,,,,,,,,,,,,,,,,,,,,,,,,,,,,,,,,,,,,,,,,,,,,,,,,,,,,,,,,,,,,,,,,,,,,,,,,,,,,,,,,,,,,,,,,,,,,,,,,,,,,,,,,,,,,,,,,,,,,,,,,,,,,,,,,,,,,,,,,,,,,,,,,,,,,,,,,,,,,,,,,,,,,,,,,,,,,,,,,,,,,,,,,,,,,,,,,,,,,,,,,,,,,,,,,,,,,,,,,,,,,,,,,,,,,,,,,,,,,,,,,,,,,,,,,,,,,,,,,"hidiff.tw","80015491870","false","false","3808232826123310266","https://scontent-arn2-1.cdninstagram.com/v/t51.82787-19/615343798_17845310625667871_7065812407261479699_n.jpg?stp=dst-jpg_e0_s150x150_tt6&efg=eyJ2ZW5jb2RlX3RhZyI6InByb2ZpbGVfcGljLmRqYW5nby43OTYuYzIifQ&_nc_ht=scontent-arn2-1.cdninstagram.com&_nc_cat=1&_nc_oc=Q6cZ2gGemeJJ3xYnsaMIgpDPGeNlWOHowkIKYDIhcIEmlQkuMP7wZ0xRAwAsOmZxVLv5UWY&_nc_ohc=CmgFRSIfk20Q7kNvwGfBK9X&_nc_gid=R1-N1cY49rgCu_weyxzqPg&edm=APGXKFABAAAA&ccb=7-5&ig_cache_key=GLZmrSQf278oN2Y-ABNDXrjyzg5ibmNDAQAB1501500j-ccb7-5&oh=00_Af-sGl3iICX5IbBzgVjx347XGPp6aH1xgQYvav6YowjKTg&oe=6A399CDC&_nc_sid=a8b8e2","hidiff.tw","0","1280","720","https://scontent-arn2-1.cdninstagram.com/v/t51.82787-15/671297213_18339543832173656_7082486793228968715_n.jpg?stp=dst-jpg_e15_p750x750_tt6&_nc_cat=110&ig_cache_key=Mzg5MTc3MzAwMDMxMTgwODMwNTE4MzM5NTQzODI2MTczNjU2.3-ccb7-5&ccb=7-5&_nc_sid=58cdad&efg=eyJ2ZW5jb2RlX3RhZyI6IkNMSVBTLnhwaWRzLjg2Ni5zZHIudmlkZW9fZGVmYXVsdF9jb3Zlcl9mcmFtZS5DMyJ9&_nc_ohc=AGAp5jG8vk0Q7kNvwE7qcTy&_nc_oc=AdopXsikL2bg-xkVp4MyNlgJ2YkUnQ46WHOWo8K3jv3aekDkxez8_giAiwg9ud5q9gg&_nc_ad=z-m&_nc_cid=0&_nc_zt=23&_nc_ht=scontent-arn2-1.cdninstagram.com&_nc_gid=R1-N1cY49rgCu_weyxzqPg&_nc_ss=7a3ba&oh=00_Af-VmjEI5mkE7HCMk-uvsICiUPfIAxUrQqaEOKCCLzDslQ&oe=6A3994FD",,,"","溫和去角質","日常保養","hidiff","히디프","綠珍珠系列","3891773000311808305","15707",,,,,,,,,,,,,,,"https://www.instagram.com/hidiff.tw/",,"105",,"hidiff.tw",,"bbeca_18",,"27585982964326830",,,,,,,,,,,,,,,,,,,,,,,,,,,,,,,,,,,,,,,,,,,,,,,,,,,,,,,,,,,,,,,,,,,"false","","Original audio","true","Becaꪔ̤̮","5051269655","bbeca_18",,"clips","DYCWuyeCqEx","hidiff.tw","80015491870","false","false",,"https://scontent-arn2-1.cdninstagram.com/v/t51.82787-19/615343798_17845310625667871_7065812407261479699_n.jpg?stp=dst-jpg_e0_s150x150_tt6&efg=eyJ2ZW5jb2RlX3RhZyI6InByb2ZpbGVfcGljLmRqYW5nby43OTYuYzIifQ&_nc_ht=scontent-arn2-1.cdninstagram.com&_nc_cat=1&_nc_oc=Q6cZ2gGemeJJ3xYnsaMIgpDPGeNlWOHowkIKYDIhcIEmlQkuMP7wZ0xRAwAsOmZxVLv5UWY&_nc_ohc=CmgFRSIfk20Q7kNvwGfBK9X&_nc_gid=R1-N1cY49rgCu_weyxzqPg&edm=APGXKFABAAAA&ccb=7-5&ig_cache_key=GLZmrSQf278oN2Y-ABNDXrjyzg5ibmNDAQAB1501500j-ccb7-5&oh=00_Af-sGl3iICX5IbBzgVjx347XGPp6aH1xgQYvav6YowjKTg&oe=6A399CDC&_nc_sid=a8b8e2",,"hidiff.tw",,,,,,,,,"2026-05-07T12:07:00.000Z","Video","https://www.instagram.com/p/DYCWuyeCqEx/","72.44599914550781","17019","https://scontent-arn2-1.cdninstagram.com/o1/v/t2/f2/m86/AQMCUCJ2zv5pgraGuQE5HRDLbiRvvtgLuH-iV_fe3fEK-kE7k1ZHb4imcrV_MyEAKcR6E1Er4Wm4cQpQ90PwCiJmWGcZxEciZopq1qA.mp4?_nc_cat=110&_nc_sid=5e9851&_nc_ht=scontent-arn2-1.cdninstagram.com&_nc_ohc=Qoc7m3F7P1oQ7kNvwFBGzh3&efg=eyJ2ZW5jb2RlX3RhZyI6Inhwdl9wcm9ncmVzc2l2ZS5JTlNUQUdSQU0uQ0xJUFMuQzMuNzIwLmRhc2hfYmFzZWxpbmVfMV92MSIsInhwdl9hc3NldF9pZCI6MjY4ODMyOTAyODgwMzIzMzAsImFzc2V0X2FnZV9kYXlzIjo0MSwidmlfdXNlY2FzZV9pZCI6MTAwOTksImR1cmF0aW9uX3MiOjcyLCJ1cmxnZW5fc291cmNlIjoid3d3In0%3D&ccb=17-1&vs=a44c32857bd642a4&_nc_vs=HBksFQIYUmlnX3hwdl9yZWVsc19wZXJtYW5lbnRfc3JfcHJvZC9ENjRFNDdGNDVBMkRBQUFFMjdCMDk3QzhEQzBFRThCQ192aWRlb19kYXNoaW5pdC5tcDQVAALIARIAFQIYUWlnX3hwdl9wbGFjZW1lbnRfcGVybWFuZW50X3YyLzU0NEI1MEYwQzQ3NTQ5NkExMTk0MkQ3QzdBNDM5OThCX2F1ZGlvX2Rhc2hpbml0Lm1wNBUCAsgBEgAoABgAGwKIB3VzZV9vaWwBMRJwcm9ncmVzc2l2ZV9yZWNpcGUBMRUAACaUqZiAuY3BXxUCKAJDMywXQFIbtkWhysEYEmRhc2hfYmFzZWxpbmVfMV92MREAdf4HZeadAQA&_nc_gid=R1-N1cY49rgCu_weyxzqPg&_nc_ss=7a3ba&_nc_zt=28&oh=00_Af-QrFHa0Nv5C8tkOUrdvzamO4NEgBf0zF2jbOd603r7cg&oe=6A3576BF"
"敏感肌福音，寵愛母親節全館32折起！

@hidiff.tw
最近換季 加上一直飛出國
膚況真的必得非常容易泛紅長痘
皮膚一直陰晴不定的
剛好用到這組護膚產品來自hidiff🌿的產品

綠珍珠系列中
泡泡化妝水非常特別
我會輕輕打圓讓他化開
如果是比較乾的天氣我會上三層
較熱我會薄薄上一層🫧
接者使用D-泛醇精華
加強包濕穩定肌膚
最後在上一層薄薄的酪梨乳霜
鎖住化妝水以及精華🤍

三個步驟慢慢養膚
讓肌膚回到初始的穩定
快來一起get好皮膚吧！！

#히디프 #Hidiff #綠珍珠系列 #養膚routine",,,,,,,,,,,,,,,,,,,,,,,,,,,,,,,,,,,,,,,,,,,,,,,,,,,,,,,,,,,,,,,,,,,,,,,,,,,,,,,,,,,,,,,,,,,,,,,,,,,,,,,,,,,,,,,,,,,,,,,,,,,,,,,,,,,,,,,,,,,,,,,,,,,,,,,,,,,,,,,,,,,,,,,,,,,,,,,,,,,,,,,,,,,,,,,,,,,,,,,,,,,,,,,,,,,,,,,,,,,,,,,,,,,,,,,,,,,,,,,,,,,,,,,,,,,,,,,,,,,,,,,,,,,,,,,,,,,,,,,,,,,,,,,,,,,,,,,,,,,,,,,,,,,,,,,,,,,,,,,,,,,,,,,,,,,,,,,,,,,,,,,,,,,,,,,,,,,,,,,,,,,,,"hidiff.tw","80015491870","false","false","3808232826123310266","https://scontent-arn2-1.cdninstagram.com/v/t51.82787-19/615343798_17845310625667871_7065812407261479699_n.jpg?stp=dst-jpg_e0_s150x150_tt6&efg=eyJ2ZW5jb2RlX3RhZyI6InByb2ZpbGVfcGljLmRqYW5nby43OTYuYzIifQ&_nc_ht=scontent-arn2-1.cdninstagram.com&_nc_cat=1&_nc_oc=Q6cZ2gGemeJJ3xYnsaMIgpDPGeNlWOHowkIKYDIhcIEmlQkuMP7wZ0xRAwAsOmZxVLv5UWY&_nc_ohc=CmgFRSIfk20Q7kNvwGfBK9X&_nc_gid=R1-N1cY49rgCu_weyxzqPg&edm=APGXKFABAAAA&ccb=7-5&ig_cache_key=GLZmrSQf278oN2Y-ABNDXrjyzg5ibmNDAQAB1501500j-ccb7-5&oh=00_Af-sGl3iICX5IbBzgVjx347XGPp6aH1xgQYvav6YowjKTg&oe=6A399CDC&_nc_sid=a8b8e2","hidiff.tw","2","1280","720","https://scontent-arn2-1.cdninstagram.com/v/t51.71878-15/683654420_2981206872071755_9002366588315928236_n.jpg?stp=dst-jpg_e15_tt6&_nc_cat=108&ig_cache_key=Mzg5MTgzMTA4ODM3MzE0MzE0Mw%3D%3D.3-ccb7-5&ccb=7-5&_nc_sid=58cdad&efg=eyJ2ZW5jb2RlX3RhZyI6IkNMSVBTLnhwaWRzLjY0MC5zZHIudmlkZW9fbmZyYW1lX2NvdmVyX2ZyYW1lLkMzIn0%3D&_nc_ohc=QA7K-a8FeM4Q7kNvwGwo41Y&_nc_oc=AdpHJqk0VpKYhql7FYiX57phgDhT0EzPObTz5Lut-7TItNpU67cX1c1MocQ3rxOl8Vo&_nc_ad=z-m&_nc_cid=0&_nc_zt=23&_nc_ht=scontent-arn2-1.cdninstagram.com&_nc_gid=R1-N1cY49rgCu_weyxzqPg&_nc_ss=7a3ba&oh=00_Af-vwED3uxGerVSkSDgp3IiBv2JpaHAzBsgfRV0-F7dXbA&oe=6A399506",,,"","히디프","Hidiff","綠珍珠系列","養膚routine",,"3891831088373143143","1533",,,,,,,,,,,,,,,"https://www.instagram.com/hidiff.tw/",,"57",,"hidiff.tw",,"Amel Music",,"3194051294099868",,,,,,,,,,,,,,,,,,,,,,,,,,,,,,,,,,,,,,,,,,,,,,,,,,,,,,,,,,,,,,,,,,,"false","","You Are My Spring Light","false","","1433786144","___nung___","true","clips","DYCj8FMTZZn","hidiff 히디프 🌳","63403377015","false","false",,"https://scontent-arn2-1.cdninstagram.com/v/t51.2885-19/452147619_3743307565986401_1601641283140305637_n.jpg?stp=dst-jpg_e0_s150x150_tt6&efg=eyJ2ZW5jb2RlX3RhZyI6InByb2ZpbGVfcGljLmRqYW5nby43OTYuYzIifQ&_nc_ht=scontent-arn2-1.cdninstagram.com&_nc_cat=105&_nc_oc=Q6cZ2gGemeJJ3xYnsaMIgpDPGeNlWOHowkIKYDIhcIEmlQkuMP7wZ0xRAwAsOmZxVLv5UWY&_nc_ohc=MQ_jj_B8i10Q7kNvwFkHAxW&_nc_gid=R1-N1cY49rgCu_weyxzqPg&edm=APGXKFABAAAA&ccb=7-5&ig_cache_key=GKM58xphcsG1hEwNAOXCLdtCLDoWbkULAAAB1501500j-ccb7-5&oh=00_Af_GvXxK_D4uRhKIIDUnD3D95ELTjXTwgnqveUebuw7a8Q&oe=6A3970CE&_nc_sid=a8b8e2",,"hidiff_official","hidiff.tw","80015491870","false","false",,"https://scontent-arn2-1.cdninstagram.com/v/t51.82787-19/615343798_17845310625667871_7065812407261479699_n.jpg?stp=dst-jpg_e0_s150x150_tt6&efg=eyJ2ZW5jb2RlX3RhZyI6InByb2ZpbGVfcGljLmRqYW5nby43OTYuYzIifQ&_nc_ht=scontent-arn2-1.cdninstagram.com&_nc_cat=1&_nc_oc=Q6cZ2gGemeJJ3xYnsaMIgpDPGeNlWOHowkIKYDIhcIEmlQkuMP7wZ0xRAwAsOmZxVLv5UWY&_nc_ohc=CmgFRSIfk20Q7kNvwGfBK9X&_nc_gid=R1-N1cY49rgCu_weyxzqPg&edm=APGXKFABAAAA&ccb=7-5&ig_cache_key=GLZmrSQf278oN2Y-ABNDXrjyzg5ibmNDAQAB1501500j-ccb7-5&oh=00_Af-sGl3iICX5IbBzgVjx347XGPp6aH1xgQYvav6YowjKTg&oe=6A399CDC&_nc_sid=a8b8e2",,"hidiff.tw","2026-05-07T14:04:37.000Z","Video","https://www.instagram.com/p/DYCj8FMTZZn/","47.599998474121094","1533","https://scontent-arn2-1.cdninstagram.com/o1/v/t2/f2/m86/AQMksiQ6gUr5VgjrCGYlzT7RGnV9keqqrx7CmRowXmDe_2NyVdkC2Rkk-N7i_5JzQEXUXsAiQgCk-29OKicY5OYo__0UCS-e8czVMY8.mp4?_nc_cat=108&_nc_sid=5e9851&_nc_ht=scontent-arn2-1.cdninstagram.com&_nc_ohc=G_jFxD67PE4Q7kNvwEgrpY3&efg=eyJ2ZW5jb2RlX3RhZyI6Inhwdl9wcm9ncmVzc2l2ZS5JTlNUQUdSQU0uQ0xJUFMuQzMuNzIwLmRhc2hfYmFzZWxpbmVfMV92MSIsInhwdl9hc3NldF9pZCI6OTkyODA1MzQ2NjE3MDIyLCJhc3NldF9hZ2VfZGF5cyI6NDEsInZpX3VzZWNhc2VfaWQiOjEwMDk5LCJkdXJhdGlvbl9zIjo0NywidXJsZ2VuX3NvdXJjZSI6Ind3dyJ9&ccb=17-1&vs=41456187033c61e0&_nc_vs=HBksFQIYUmlnX3hwdl9yZWVsc19wZXJtYW5lbnRfc3JfcHJvZC83MTQ1RTlGOUIyM0RGMzA2QzhDMTRGRTE5RUYyMzlBOF92aWRlb19kYXNoaW5pdC5tcDQVAALIARIAFQIYUWlnX3hwdl9wbGFjZW1lbnRfcGVybWFuZW50X3YyLzZGNENBNTQ5NkQ1QjczRjU5QjY0OURGRkQyNkIzNjg2X2F1ZGlvX2Rhc2hpbml0Lm1wNBUCAsgBEgAoABgAGwKIB3VzZV9vaWwBMRJwcm9ncmVzc2l2ZV9yZWNpcGUBMRUAACb8mqGg8LzDAxUCKAJDMywXQEfMzMzMzM0YEmRhc2hfYmFzZWxpbmVfMV92MREAdf4HZeadAQA&_nc_gid=R1-N1cY49rgCu_weyxzqPg&_nc_ss=7a3ba&_nc_zt=28&oh=00_Af9sN2bqE66j9RFsYGs2zNzhV4tQ6tWdG9naHUOIZZw8Rw&oe=6A358EFD"
"拯救屏障受損，寵愛母親全館53折起別錯過!
最近真的有被Hidiff 養膚組保養圈粉🥹

一開始看到是泡泡質地其實有點好奇
結果上臉超細緻，幾乎是瞬間化成水💧
用細微氣泡幫助水分更快滲進角質
讓肌膚補水更有感!!

我自己現在的用法是👇
洗完臉 → 綠珍珠潤肌泡泡化妝水 →D-泛醇3%高濃縮水精華 →綠珍珠酪梨修護乳霜
整個就是穩穩養肌路線😌😌😌

而且他們家本來就主打
✔ 溫和配方
✔ 敏感肌也能用
✔ 成分比較單純安心

如果你跟我一樣，最近膚況很不穩（熬夜＋換季＋壓力😵‍💫）
真的可以試試這種👉「先把肌膚養穩」的保養方式！
不是狂擦一堆，而是讓肌膚慢慢回到正常狀態✨

@hidiff.tw
#히디프 #hidiff #綠珍珠系列 #hidiff養膚組",,,,,,,,,,,,,,,,,,,,,,,,,,,,,,,,,,,,,,,,,,,,,,,,,,,,,,,,,,,,,,,,,,,,,,,,,,,,,,,,,,,,,,,,,,,,,,,,,,,,,,,,,,,,,,,,,,,,,,,,,,,,,,,,,,,,,,,,,,,,,,,,,,,,,,,,,,,,,,,,,,,,,,,,,,,,,,,,,,,,,,,,,,,,,,,,,,,,,,,,,,,,,,,,,,,,,,,,,,,,,,,,,,,,,,,,,,,,,,,,,,,,,,,,,,,,,,,,,,,,,,,,,,,,,,,,,,,,,,,,,,,,,,,,,,,,,,,,,,,,,,,,,,,,,,,,,,,,,,,,,,,,,,,,,,,,,,,,,,,,,,,,,,,,,,,,,,,,,,,,,,,,,,,,,,,,"1","1280","720","https://scontent-arn2-1.cdninstagram.com/v/t51.82787-15/695745571_18582056782038633_8016674138370887981_n.jpg?stp=dst-jpg_e35_p750x750_sh2.08_tt6&_nc_cat=100&ig_cache_key=Mzg5MTgzMjA5Nzc2NjExMjg4MDE4NTgyMDU2Nzc5MDM4NjMz.3-ccb7-5&ccb=7-5&_nc_sid=58cdad&efg=eyJ2ZW5jb2RlX3RhZyI6IkNMSVBTLnhwaWRzLjExNjguc2RyLnZpZGVvX2RlZmF1bHRfY292ZXJfZnJhbWUuQzMifQ%3D%3D&_nc_ohc=Y4Yjd7_DTv8Q7kNvwE-P_WF&_nc_oc=Adojmyf_tNtRKtRMk5_Ocq8rZn7vTjZIOKZkfvtHW4hMwF2eY2PQF_6wITnsRI6GpdA&_nc_ad=z-m&_nc_cid=0&_nc_zt=23&_nc_ht=scontent-arn2-1.cdninstagram.com&_nc_gid=R1-N1cY49rgCu_weyxzqPg&_nc_ss=7a3ba&oh=00_Af93ICI2ffXVwk3NygjZ8YjM77t7iX8imr7owA4vpYMM7Q&oe=6A397FEB",,,"","히디프","hidiff","綠珍珠系列","hidiff養膚組",,"3891832097766112880","841",,,,,,,,,,,,,,,"https://www.instagram.com/hidiff.tw/",,"-1",,"hidiff.tw",,"hi.nina825",,"25888565910818076",,,,,,,,,,,,,,,,,,,,,,,,,,,,,,,,,,,,,,,,,,,,,,,,,,,,,,,,,,,,,,,,,,,"false","","Original audio","true","妮娜 • Nina ° +•*。","348262632","hi.nina825","true","clips","DYCkKxQz_5w","hidiff 히디프 🌳","63403377015","false","false",,"https://scontent-arn2-1.cdninstagram.com/v/t51.2885-19/452147619_3743307565986401_1601641283140305637_n.jpg?stp=dst-jpg_e0_s150x150_tt6&efg=eyJ2ZW5jb2RlX3RhZyI6InByb2ZpbGVfcGljLmRqYW5nby43OTYuYzIifQ&_nc_ht=scontent-arn2-1.cdninstagram.com&_nc_cat=105&_nc_oc=Q6cZ2gGemeJJ3xYnsaMIgpDPGeNlWOHowkIKYDIhcIEmlQkuMP7wZ0xRAwAsOmZxVLv5UWY&_nc_ohc=MQ_jj_B8i10Q7kNvwFkHAxW&_nc_gid=R1-N1cY49rgCu_weyxzqPg&edm=APGXKFABAAAA&ccb=7-5&ig_cache_key=GKM58xphcsG1hEwNAOXCLdtCLDoWbkULAAAB1501500j-ccb7-5&oh=00_Af_GvXxK_D4uRhKIIDUnD3D95ELTjXTwgnqveUebuw7a8Q&oe=6A3970CE&_nc_sid=a8b8e2",,"hidiff_official","hidiff.tw","80015491870","false","false",,"https://scontent-arn2-1.cdninstagram.com/v/t51.82787-19/615343798_17845310625667871_7065812407261479699_n.jpg?stp=dst-jpg_e0_s150x150_tt6&efg=eyJ2ZW5jb2RlX3RhZyI6InByb2ZpbGVfcGljLmRqYW5nby43OTYuYzIifQ&_nc_ht=scontent-arn2-1.cdninstagram.com&_nc_cat=1&_nc_oc=Q6cZ2gGemeJJ3xYnsaMIgpDPGeNlWOHowkIKYDIhcIEmlQkuMP7wZ0xRAwAsOmZxVLv5UWY&_nc_ohc=CmgFRSIfk20Q7kNvwGfBK9X&_nc_gid=R1-N1cY49rgCu_weyxzqPg&edm=APGXKFABAAAA&ccb=7-5&ig_cache_key=GLZmrSQf278oN2Y-ABNDXrjyzg5ibmNDAQAB1501500j-ccb7-5&oh=00_Af-sGl3iICX5IbBzgVjx347XGPp6aH1xgQYvav6YowjKTg&oe=6A399CDC&_nc_sid=a8b8e2",,"hidiff.tw","2026-05-07T14:03:32.000Z","Video","https://www.instagram.com/p/DYCkKxQz_5w/","59.566001892089844","841","https://scontent-arn2-1.cdninstagram.com/o1/v/t2/f2/m86/AQMYErBkyAror62b6Def3IHdISITOiLjYsW7TIhORwf-u1pTLIXVa4GxVg1g_G9UXpGYcqayIaN5vwak8xD3vhF7Ob6TKFVkzZRl-gc.mp4?_nc_cat=108&_nc_sid=5e9851&_nc_ht=scontent-arn2-1.cdninstagram.com&_nc_ohc=rzFsx_zasOAQ7kNvwHav1bA&efg=eyJ2ZW5jb2RlX3RhZyI6Inhwdl9wcm9ncmVzc2l2ZS5JTlNUQUdSQU0uQ0xJUFMuQzMuNzIwLmRhc2hfYmFzZWxpbmVfMV92MSIsInhwdl9hc3NldF9pZCI6MTI5MTE1NjUxMzEwNDIzMCwiYXNzZXRfYWdlX2RheXMiOjQxLCJ2aV91c2VjYXNlX2lkIjoxMDA5OSwiZHVyYXRpb25fcyI6NTksInVybGdlbl9zb3VyY2UiOiJ3d3cifQ%3D%3D&ccb=17-1&vs=58b56f5e9241232e&_nc_vs=HBksFQIYUmlnX3hwdl9yZWVsc19wZXJtYW5lbnRfc3JfcHJvZC9EMDRGMkI4MTgxNUYxOEI3NEM4NzgxNThCREExMkE4Rl92aWRlb19kYXNoaW5pdC5tcDQVAALIARIAFQIYUWlnX3hwdl9wbGFjZW1lbnRfcGVybWFuZW50X3YyLzU2NDVCODNEQTgzRDNENzMzQUMxREM5QTk2N0VCMUI3X2F1ZGlvX2Rhc2hpbml0Lm1wNBUCAsgBEgAoABgAGwKIB3VzZV9vaWwBMRJwcm9ncmVzc2l2ZV9yZWNpcGUBMRUAACbMhYHVmZPLBBUCKAJDMywXQE3IcrAgxJwYEmRhc2hfYmFzZWxpbmVfMV92MREAdf4HZeadAQA&_nc_gid=R1-N1cY49rgCu_weyxzqPg&_nc_ss=7a3ba&_nc_zt=28&oh=00_Af9cd0CvojCUw0aTOeY4MCkf2L3_1DC1mzGxb_L2diuQ8A&oe=6A359801"
"發光肌的秘密來了🪄寵愛母親全館53折起別錯過！！！

想要那種「看起來很乾淨的發光肌」✨
真的不是一直狂擦保養就有用…
很多時候卡關的原因其實是👉角質太厚
保養根本吃不進去🥲
最近愛上的一套溫和養膚routine分享給你們🤍

🫧 step 1｜綠珍珠溫和去角質潔膚棒
這支去角質棉棒真的很可以！
沒有顆粒、不刺激
但擦完會明顯感覺皮膚變滑、變乾淨✨
而且是那種「摸得到差異」的滑嫩感
💧 step 2｜D-泛醇3%高濃縮水精華
我會搭配3%高濃度保濕精華
質地很清爽但保濕力很夠
吸收超快、不黏膩
皮膚會有一種被灌水的透亮感💦
🧴 step 3｜綠珍珠酪梨修護乳霜
最後一定要鎖水！
讓前面保養好好待在肌膚裡
隔天起床臉是那種穩穩的細緻感✨
我自己大概一週用2-3次代謝角質
皮膚真的有變比較細、比較亮
連後續上妝都更服貼了😍

@hidiff.tw 
#히디프 #hidiff#綠珍珠系列",,,,,,,,,,,,,,,,,,,,,,,,,,,,,,,,,,,,,,,,,,,,,,,,,,,,,,,,,,,,,,,,,,,,,,,,,,,,,,,,,,,,,,,,,,,,,,,,,,,,,,,,,,,,,,,,,,,,,,,,,,,,,,,,,,,,,,,,,,,,,,,,,,,,,,,,,,,,,,,,,,,,,,,,,,,,,,,,,,,,,,,,,,,,,,,,,,,,,,,,,,,,,,,,,,,,,,,,,,,,,,,,,,,,,,,,,,,,,,,,,,,,,,,,,,,,,,,,,,,,,,,,,,,,,,,,,,,,,,,,,,,,,,,,,,,,,,,,,,,,,,,,,,,,,,,,,,,,,,,,,,,,,,,,,,,,,,,,,,,,,,,,,,,,,,,,,,,,,,,,,,,,,,,,,,,,"5","1280","720","https://scontent-arn2-1.cdninstagram.com/v/t51.82787-15/685740502_18585610057054505_192849711334154733_n.jpg?stp=dst-jpg_e15_p750x750_tt6&_nc_cat=104&ig_cache_key=Mzg5MTc3NDgyODc2NDE5NjE5NDE4NTg1NjEwMDUxMDU0NTA1.3-ccb7-5&ccb=7-5&_nc_sid=58cdad&efg=eyJ2ZW5jb2RlX3RhZyI6IkNMSVBTLnhwaWRzLjk2MC5zZHIudmlkZW9fZGVmYXVsdF9jb3Zlcl9mcmFtZS5DMyJ9&_nc_ohc=qJmMXKGwq7QQ7kNvwGLjtOu&_nc_oc=AdrhbFAyA-FgzNRFVoimDuJCksmyL_hzvOhD-M10uIBuUI-w4HBxeYyrEAsIep7283M&_nc_ad=z-m&_nc_cid=0&_nc_zt=23&_nc_ht=scontent-arn2-1.cdninstagram.com&_nc_gid=R1-N1cY49rgCu_weyxzqPg&_nc_ss=7a3ba&oh=00_Af8I1ilhZn56OjT6tb_BEQtz96pJo3Q5axblj5Y7XTGblQ&oe=6A398C56",,,"","히디프","hidiff","綠珍珠系列",,,"3891774828764196194","7576",,,,,,,,,,,,,,,"https://www.instagram.com/hidiff.tw/",,"-1",,"hidiff.tw",,"verna__wg",,"26309313602104440",,,,,,,,,,,,,,,,,,,,,,,,,,,,,,,,,,,,,,,,,,,,,,,,,,,,,,,,,,,,,,,,,,,"false","","Original audio","true","王翔","341750504","verna__wg","true","clips","DYCXJZWS-1i","hidiff.tw","80015491870","false","false",,"https://scontent-arn2-1.cdninstagram.com/v/t51.82787-19/615343798_17845310625667871_7065812407261479699_n.jpg?stp=dst-jpg_e0_s150x150_tt6&efg=eyJ2ZW5jb2RlX3RhZyI6InByb2ZpbGVfcGljLmRqYW5nby43OTYuYzIifQ&_nc_ht=scontent-arn2-1.cdninstagram.com&_nc_cat=1&_nc_oc=Q6cZ2gGemeJJ3xYnsaMIgpDPGeNlWOHowkIKYDIhcIEmlQkuMP7wZ0xRAwAsOmZxVLv5UWY&_nc_ohc=CmgFRSIfk20Q7kNvwGfBK9X&_nc_gid=R1-N1cY49rgCu_weyxzqPg&edm=APGXKFABAAAA&ccb=7-5&ig_cache_key=GLZmrSQf278oN2Y-ABNDXrjyzg5ibmNDAQAB1501500j-ccb7-5&oh=00_Af-sGl3iICX5IbBzgVjx347XGPp6aH1xgQYvav6YowjKTg&oe=6A399CDC&_nc_sid=a8b8e2",,"hidiff.tw",,,,,,,,,"2026-05-07T12:10:40.000Z","Video","https://www.instagram.com/p/DYCXJZWS-1i/","77.03299713134766","8977","https://scontent-arn2-1.cdninstagram.com/o1/v/t2/f2/m86/AQOFbn1nDhr8kTzDMsR8hIs2mz9mWH6woD5TYapxNI7mRxNMqtvmFtnP16nMoAqGBFqQkFy00OMcD3vQO5pNdrElMGary23jFyRkc-4.mp4?_nc_cat=103&_nc_sid=5e9851&_nc_ht=scontent-arn2-1.cdninstagram.com&_nc_ohc=YLVwlrqcfNoQ7kNvwFdHRQ6&efg=eyJ2ZW5jb2RlX3RhZyI6Inhwdl9wcm9ncmVzc2l2ZS5JTlNUQUdSQU0uQ0xJUFMuQzMuNzIwLmRhc2hfYmFzZWxpbmVfMV92MSIsInhwdl9hc3NldF9pZCI6MjY1NTcyMzI2OTA1OTUyMjMsImFzc2V0X2FnZV9kYXlzIjo0MSwidmlfdXNlY2FzZV9pZCI6MTAwOTksImR1cmF0aW9uX3MiOjc3LCJ1cmxnZW5fc291cmNlIjoid3d3In0%3D&ccb=17-1&vs=fec2a8225fa1745a&_nc_vs=HBksFQIYUmlnX3hwdl9yZWVsc19wZXJtYW5lbnRfc3JfcHJvZC85OTRDRjk5QjRCRjQyNDI5Q0RFMTNGRTM0RENFOUY4MV92aWRlb19kYXNoaW5pdC5tcDQVAALIARIAFQIYUWlnX3hwdl9wbGFjZW1lbnRfcGVybWFuZW50X3YyL0EyNDM4NDBDODVFNTRBRDcyNUJBM0Y2NTc3ODkwQTgzX2F1ZGlvX2Rhc2hpbml0Lm1wNBUCAsgBEgAoABgAGwKIB3VzZV9vaWwBMRJwcm9ncmVzc2l2ZV9yZWNpcGUBMRUAACauluzLsuqsXhUCKAJDMywXQFNCHKwIMScYEmRhc2hfYmFzZWxpbmVfMV92MREAdf4HZeadAQA&_nc_gid=R1-N1cY49rgCu_weyxzqPg&_nc_ss=7a3ba&_nc_zt=28&oh=00_Af8Pomwn7O_eBchvum99V2oIBLDKR8T3on8IzdGQ7sNSPQ&oe=6A357108"
"超好用去角質棉棒🌿寵愛母親全館53折起別錯過!

身為敏感肌 終於找到喜歡的去角質產品了✨
這次跟你們推薦我最近都在用的
「敏感肌專屬」韓國去角質棉棒

🌿綠珍珠溫和去角質潔膚棒
• 棉棒柔軟舒適，棒狀造型方便使用
• 專為敏感肌設計，AHA 溫和代謝角質不刺激
•添加保濕成分蜂膠+B5，去角質同時舒緩修復

第一次用直接帶出一堆髒汙！
棉棒前後對比超驚人～～
用了兩週完全沒有泛紅
皮膚更穩定也變得更細緻、滑嫩了🤍

再搭配
D-泛醇3%高濃縮水精華＋修護乳霜保濕
皮膚狀態直接拉滿！

如果你最近覺得皮膚有點粗糙
保養品都吸收不進去
又怕去角質傷皮膚的話
一定要試試這組綠珍珠系列🌿

@hidiff.tw
#히디프 #hidiff #綠珍珠系列",,,,,,,,,,,,,,,,,,,,,,,,,,,,,,,,,,,,,,,,,,,,,,,,,,,,,,,,,,,,,,,,,,,,,,,,,,,,,,,,,,,,,,,,,,,,,,,,,,,,,,,,,,,,,,,,,,,,,,,,,,,,,,,,,,,,,,,,,,,,,,,,,,,,,,,,,,,,,,,,,,,,,,,,,,,,,,,,,,,,,,,,,,,,,,,,,,,,,,,,,,,,,,,,,,,,,,,,,,,,,,,,,,,,,,,,,,,,,,,,,,,,,,,,,,,,,,,,,,,,,,,,,,,,,,,,,,,,,,,,,,,,,,,,,,,,,,,,,,,,,,,,,,,,,,,,,,,,,,,,,,,,,,,,,,,,,,,,,,,,,,,,,,,,,,,,,,,,,,,,,,,,,,,,,,,,"8","1280","720","https://scontent-arn2-1.cdninstagram.com/v/t51.82787-15/689528651_18548436904069230_3825290008068336844_n.jpg?stp=dst-jpg_e35_p750x750_sh2.08_tt6&_nc_cat=111&ig_cache_key=Mzg5MTc3MTMzODY0MTU2NzA3MzE4NTQ4NDM2ODk4MDY5MjMw.3-ccb7-5&ccb=7-5&_nc_sid=58cdad&efg=eyJ2ZW5jb2RlX3RhZyI6IkNMSVBTLnhwaWRzLjExOTguc2RyLnZpZGVvX2RlZmF1bHRfY292ZXJfZnJhbWUuQzMifQ%3D%3D&_nc_ohc=c4ADBb0bpx4Q7kNvwE8K-qN&_nc_oc=AdoYVnOtzaqsLufJ5hrvyFipRo7ATins3wwLE258DbD1zOvoOYJR9o1bqGxmeTBDN9s&_nc_ad=z-m&_nc_cid=0&_nc_zt=23&_nc_ht=scontent-arn2-1.cdninstagram.com&_nc_gid=R1-N1cY49rgCu_weyxzqPg&_nc_ss=7a3ba&oh=00_Af_Duv0Fce5_Y9mO-yf9wVNCM6arruq4ini3wMPvIIIOYQ&oe=6A396D2B",,,"","히디프","hidiff","綠珍珠系列",,,"3891771338641567073","601726",,,,,,,,,,,,,,,"https://www.instagram.com/hidiff.tw/",,"933",,"hidiff.tw",,"sylvialin126",,"27095015376804760",,,,,,,,,,,,,,,,,,,,,,,,,,,,,,,,,,,,,,,,,,,,,,,,,,,,,,,,,,,,,,,,,,,"false","","Original audio","true","木木","2157341229","sylvialin126","true","clips","DYCWWm6xu1h","hidiff.tw","80015491870","false","false",,"https://scontent-arn2-1.cdninstagram.com/v/t51.82787-19/615343798_17845310625667871_7065812407261479699_n.jpg?stp=dst-jpg_e0_s150x150_tt6&efg=eyJ2ZW5jb2RlX3RhZyI6InByb2ZpbGVfcGljLmRqYW5nby43OTYuYzIifQ&_nc_ht=scontent-arn2-1.cdninstagram.com&_nc_cat=1&_nc_oc=Q6cZ2gGemeJJ3xYnsaMIgpDPGeNlWOHowkIKYDIhcIEmlQkuMP7wZ0xRAwAsOmZxVLv5UWY&_nc_ohc=CmgFRSIfk20Q7kNvwGfBK9X&_nc_gid=R1-N1cY49rgCu_weyxzqPg&edm=APGXKFABAAAA&ccb=7-5&ig_cache_key=GLZmrSQf278oN2Y-ABNDXrjyzg5ibmNDAQAB1501500j-ccb7-5&oh=00_Af-sGl3iICX5IbBzgVjx347XGPp6aH1xgQYvav6YowjKTg&oe=6A399CDC&_nc_sid=a8b8e2",,"hidiff.tw",,,,,,,,,"2026-05-07T12:05:37.000Z","Video","https://www.instagram.com/p/DYCWWm6xu1h/","72.00299835205078","660491","https://scontent-arn2-1.cdninstagram.com/o1/v/t2/f2/m86/AQPErIk0equiGf6eLGXi76ducNgz2o1aCZnQi0RItQ1mOATBzR38mwYS3ViZFHBtMzMm-k_bCIizPFHZkGNAN2upx2Hlj81YzatdyAw.mp4?_nc_cat=101&_nc_sid=5e9851&_nc_ht=scontent-arn2-1.cdninstagram.com&_nc_ohc=Bqgl_4ozZpEQ7kNvwFuB2-l&efg=eyJ2ZW5jb2RlX3RhZyI6Inhwdl9wcm9ncmVzc2l2ZS5JTlNUQUdSQU0uQ0xJUFMuQzMuNzIwLmRhc2hfYmFzZWxpbmVfMV92MSIsInhwdl9hc3NldF9pZCI6MTMwNTk2ODg5NDg0MjQxNiwiYXNzZXRfYWdlX2RheXMiOjQxLCJ2aV91c2VjYXNlX2lkIjoxMDgyNywiZHVyYXRpb25fcyI6NzIsInVybGdlbl9zb3VyY2UiOiJ3d3cifQ%3D%3D&ccb=17-1&vs=f281c4aef58d56a4&_nc_vs=HBksFQIYUmlnX3hwdl9yZWVsc19wZXJtYW5lbnRfc3JfcHJvZC9ENTQxNzVFQ0ExMkE5ODQyMUE1NjZGNDVCNkY2Nzg4RV92aWRlb19kYXNoaW5pdC5tcDQVAALIARIAFQIYUWlnX3hwdl9wbGFjZW1lbnRfcGVybWFuZW50X3YyLzVBNDYzODg4RkUzQjAyNDQxNjBENThENjEyMEE2MjlGX2F1ZGlvX2Rhc2hpbml0Lm1wNBUCAsgBEgAoABgAGwKIB3VzZV9vaWwBMRJwcm9ncmVzc2l2ZV9yZWNpcGUBMRUAACbg2ITBsvHRBBUCKAJDMywXQFIAAAAAAAAYEmRhc2hfYmFzZWxpbmVfMV92MREAdf4HZZapAQA&_nc_gid=R1-N1cY49rgCu_weyxzqPg&_nc_ss=7a3ba&_nc_zt=28&oh=00_Af8aNn9o_TCjgldhQR_gBtzLymz6Q5OlVrmdohwMkPtyXg&oe=6A35963A"
"舒緩敏感泛紅 寵愛母親全館53折起別錯過！

自從入手Hidiff 角質調理組 原本不保養的男友 現在每個晚上都會跟我一起保養😻

綠珍珠溫和去⾓質潔膚棒
可以溫和清除肌膚表面殘留油脂與老廢角質🍃
超大尺寸刷頭很好上手 臉部細節也能輕鬆帶到✨
（使用完記得要用清水洗淨ㄛ ）

綠珍珠D-泛醇3%⾼濃縮⽔精華
質地水潤清爽 輕輕擦就能快速吸收💧
夏天臉部泛紅的話 用這瓶一下就能舒緩
搭配乳霜使用一陣子 膚況真的改善超多🫶🏻

綠珍珠酪梨修護乳霜 🥑
以前超怕那種悶悶黏黏的乳霜ㅠㅠ
但這款質地綿密不黏膩 上臉後也不會有很悶很厚重的感覺☺️
重點是 我以前用乳霜嘴角都會過敏紅腫但這款完全不會！！
（推薦給所有超敏感肌人✨）

@hidiff.tw
#히디프 #hidiff #綠珍珠系列",,,,,,,,,,,,,,,,,,,,,,,,,,,,,,,,,,,,,,,,,,,,,,,,,,,,,,,,,,,,,,,,,,,,,,,,,,,,,,,,,,,,,,,,,,,,,,,,,,,,,,,,,,,,,,,,,,,,,,,,,,,,,,,,,,,,,,,,,,,,,,,,,,,,,,,,,,,,,,,,,,,,,,,,,,,,,,,,,,,,,,,,,,,,,,,,,,,,,,,,,,,,,,,,,,,,,,,,,,,,,,,,,,,,,,,,,,,,,,,,,,,,,,,,,,,,,,,,,,,,,,,,,,,,,,,,,,,,,,,,,,,,,,,,,,,,,,,,,,,,,,,,,,,,,,,,,,,,,,,,,,,,,,,,,,,,,,,,,,,,,,,,,,,,,,,,,,,,,,,,,,,,,,,,,,,,"1","1280","720","https://scontent-arn2-1.cdninstagram.com/v/t51.82787-15/686503052_18590247697031141_6329345409368721566_n.jpg?stp=dst-jpg_e35_p750x750_sh2.08_tt6&_nc_cat=111&ig_cache_key=Mzg5MTc3MDM2NDgyMDY3MzE4NjE4NTkwMjQ3Njk0MDMxMTQx.3-ccb7-5&ccb=7-5&_nc_sid=58cdad&efg=eyJ2ZW5jb2RlX3RhZyI6IkNMSVBTLnhwaWRzLjExNzguc2RyLnZpZGVvX2RlZmF1bHRfY292ZXJfZnJhbWUuQzMifQ%3D%3D&_nc_ohc=Oq_KQMY1vQMQ7kNvwEKCzwa&_nc_oc=AdpOZhgvn_V8nVSE67K3YxwjzQ9SrNs1DuSW8pC6lT2it8cXQnyfhmIehU9u_4kdwyw&_nc_ad=z-m&_nc_cid=0&_nc_zt=23&_nc_ht=scontent-arn2-1.cdninstagram.com&_nc_gid=R1-N1cY49rgCu_weyxzqPg&_nc_ss=7a3ba&oh=00_Af9a6C-UwWUYvZfYQqtw71txhOidhR7-o_GJO-jgkOL76Q&oe=6A39978B",,,"","히디프","hidiff","綠珍珠系列",,,"3891770364820673186","7903",,,,,,,,,,,,,,,"https://www.instagram.com/hidiff.tw/",,"35",,"hidiff.tw",,"rh.02_",,"26756491010689436",,,,,,,,,,,,,,,,,,,,,,,,,,,,,,,,,,,,,,,,,,,,,,,,,,,,,,,,,,,,,,,,,,,"false","","Original audio","true","黃融","1691359140","rh.02_","true","clips","DYCWIb-h1Ki","hidiff.tw","80015491870","false","false",,"https://scontent-arn2-1.cdninstagram.com/v/t51.82787-19/615343798_17845310625667871_7065812407261479699_n.jpg?stp=dst-jpg_e0_s150x150_tt6&efg=eyJ2ZW5jb2RlX3RhZyI6InByb2ZpbGVfcGljLmRqYW5nby43OTYuYzIifQ&_nc_ht=scontent-arn2-1.cdninstagram.com&_nc_cat=1&_nc_oc=Q6cZ2gGemeJJ3xYnsaMIgpDPGeNlWOHowkIKYDIhcIEmlQkuMP7wZ0xRAwAsOmZxVLv5UWY&_nc_ohc=CmgFRSIfk20Q7kNvwGfBK9X&_nc_gid=R1-N1cY49rgCu_weyxzqPg&edm=APGXKFABAAAA&ccb=7-5&ig_cache_key=GLZmrSQf278oN2Y-ABNDXrjyzg5ibmNDAQAB1501500j-ccb7-5&oh=00_Af-sGl3iICX5IbBzgVjx347XGPp6aH1xgQYvav6YowjKTg&oe=6A399CDC&_nc_sid=a8b8e2",,"hidiff.tw",,,,,,,,,"2026-05-07T12:00:00.000Z","Video","https://www.instagram.com/p/DYCWIb-h1Ki/","75.5999984741211","10589","https://scontent-arn2-1.cdninstagram.com/o1/v/t2/f2/m86/AQM68ioCqr9RDW-VHEYqmoeLrJjDxPzRcsH7AT5mAOR5Yua6ZLb3EC41fnAdp-UFOFXQnRPni7QLi1wMUmxTwCvXjG5IwWpSvfm0Xrc.mp4?_nc_cat=100&_nc_sid=5e9851&_nc_ht=scontent-arn2-1.cdninstagram.com&_nc_ohc=fIyi1YwDQOkQ7kNvwGRgzsp&efg=eyJ2ZW5jb2RlX3RhZyI6Inhwdl9wcm9ncmVzc2l2ZS5JTlNUQUdSQU0uQ0xJUFMuQzMuNzIwLmRhc2hfYmFzZWxpbmVfMV92MSIsInhwdl9hc3NldF9pZCI6NDQzMzkxMTU5MDI2MzgzNCwiYXNzZXRfYWdlX2RheXMiOjQxLCJ2aV91c2VjYXNlX2lkIjoxMDA5OSwiZHVyYXRpb25fcyI6NzUsInVybGdlbl9zb3VyY2UiOiJ3d3cifQ%3D%3D&ccb=17-1&vs=15d32582eb15c7e6&_nc_vs=HBksFQIYUmlnX3hwdl9yZWVsc19wZXJtYW5lbnRfc3JfcHJvZC83MTQ2RDRGNzA0RDQ2NTBCNDZCMzZCRTVDOTJEQjdCM192aWRlb19kYXNoaW5pdC5tcDQVAALIARIAFQIYUWlnX3hwdl9wbGFjZW1lbnRfcGVybWFuZW50X3YyLzJGNDY0OTg5NTYzRTQwQTAxMUVDMDkxRjM0QTlEQ0FFX2F1ZGlvX2Rhc2hpbml0Lm1wNBUCAsgBEgAoABgAGwKIB3VzZV9vaWwBMRJwcm9ncmVzc2l2ZV9yZWNpcGUBMRUAACa08OzUz6fgDxUCKAJDMywXQFLmZmZmZmYYEmRhc2hfYmFzZWxpbmVfMV92MREAdf4HZeadAQA&_nc_gid=R1-N1cY49rgCu_weyxzqPg&_nc_ss=7a3ba&_nc_zt=28&oh=00_Af_nWBSyi-v_wgh69Y4yIqZ4KKv8hnuRLi1-lZieE08aFg&oe=6A358551"
"母親節寵愛母親全館53折起別錯過!
現在買最划算❤️

想要有水煮蛋肌一定要用韓國女生都在用的
「綠珍珠溫和去角質潔膚棒」
讓肌膚的髒污清的乾乾淨淨
角質太厚任何保養品都吸收不進去
換Hidiff這組讓肌膚養的穩穩的😍
發光肌有這組絕對沒問題

♡ 綠珍珠溫和去角質潔膚棒
精華液中有去角質成分AHA外
還有蜂膠萃取物和B5精華，舒緩肌膚
棉棒非常軟不會刮傷皮膚

♡ 綠珍珠D-泛醇3%高濃縮水精華
精華液中有D-泛醇和神經醯胺
讓肌膚舒緩，鎮定敏感、泛紅不適
質地水感好吸收，不黏膩，上完非常保濕

♡ 綠珍珠酪梨修復乳霜
含有酪梨油與澳洲堅果油
雙重潤澤力的乳霜，非常綿密的質地
是我用過非常好用的一罐乳霜，而且不會太黏膩
上完肌膚非常水嫩透光感

@hidiff.tw

#히디프 #hidiff #綠珍珠系列",,,,,,,,,,,,,,,,,,,,,,,,,,,,,,,,,,,,,,,,,,,,,,,,,,,,,,,,,,,,,,,,,,,,,,,,,,,,,,,,,,,,,,,,,,,,,,,,,,,,,,,,,,,,,,,,,,,,,,,,,,,,,,,,,,,,,,,,,,,,,,,,,,,,,,,,,,,,,,,,,,,,,,,,,,,,,,,,,,,,,,,,,,,,,,,,,,,,,,,,,,,,,,,,,,,,,,,,,,,,,,,,,,,,,,,,,,,,,,,,,,,,,,,,,,,,,,,,,,,,,,,,,,,,,,,,,,,,,,,,,,,,,,,,,,,,,,,,,,,,,,,,,,,,,,,,,,,,,,,,,,,,,,,,,,,,,,,,,,,,,,,,,,,,,,,,,,,,,,,,,,,,,,,,,,,,"8","1280","720","https://scontent-arn2-1.cdninstagram.com/v/t51.82787-15/671881955_18581589742049508_8825565723141276284_n.jpg?stp=dst-jpg_e35_p750x750_sh2.08_tt6&_nc_cat=101&ig_cache_key=Mzg5MTc3MDQwODAwNTA1MjE3MjE4NTgxNTg5NzM2MDQ5NTA4.3-ccb7-5&ccb=7-5&_nc_sid=58cdad&efg=eyJ2ZW5jb2RlX3RhZyI6IkNMSVBTLnhwaWRzLjEyMTUuc2RyLnZpZGVvX2RlZmF1bHRfY292ZXJfZnJhbWUuQzMifQ%3D%3D&_nc_ohc=Z3zi_su2_1YQ7kNvwGNhsng&_nc_oc=AdptfyFXlzMG3fPnt-z954aMyvN_U8Uxf_4PaCZ7MeKNoDsl2jsDOrYiHv-CgCVBx54&_nc_ad=z-m&_nc_cid=0&_nc_zt=23&_nc_ht=scontent-arn2-1.cdninstagram.com&_nc_gid=R1-N1cY49rgCu_weyxzqPg&_nc_ss=7a3ba&oh=00_Af_JMEQheEnMi8CtVW_M_15rdZ3Yo6IJsr2KymLA_6iEGA&oe=6A396C88",,,"","히디프","hidiff","綠珍珠系列",,,"3891770408005052172","23210",,,,,,,,,,,,,,,"https://www.instagram.com/hidiff.tw/",,"483",,"hidiff.tw",,"1009____mi",,"26998954369789524",,,,,,,,,,,,,,,,,,,,,,,,,,,,,,,,,,,,,,,,,,,,,,,,,,,,,,,,,,,,,,,,,,,"false","","Original audio","true","周周🧸","574513507","1009____mi","true","clips","DYCWJEMhKcM","hidiff.tw","80015491870","false","false",,"https://scontent-arn2-1.cdninstagram.com/v/t51.82787-19/615343798_17845310625667871_7065812407261479699_n.jpg?stp=dst-jpg_e0_s150x150_tt6&efg=eyJ2ZW5jb2RlX3RhZyI6InByb2ZpbGVfcGljLmRqYW5nby43OTYuYzIifQ&_nc_ht=scontent-arn2-1.cdninstagram.com&_nc_cat=1&_nc_oc=Q6cZ2gGemeJJ3xYnsaMIgpDPGeNlWOHowkIKYDIhcIEmlQkuMP7wZ0xRAwAsOmZxVLv5UWY&_nc_ohc=CmgFRSIfk20Q7kNvwGfBK9X&_nc_gid=R1-N1cY49rgCu_weyxzqPg&edm=APGXKFABAAAA&ccb=7-5&ig_cache_key=GLZmrSQf278oN2Y-ABNDXrjyzg5ibmNDAQAB1501500j-ccb7-5&oh=00_Af-sGl3iICX5IbBzgVjx347XGPp6aH1xgQYvav6YowjKTg&oe=6A399CDC&_nc_sid=a8b8e2",,"hidiff.tw",,,,,,,,,"2026-05-07T12:00:00.000Z","Video","https://www.instagram.com/p/DYCWJEMhKcM/","70.30000305175781","33661","https://scontent-arn2-1.cdninstagram.com/o1/v/t2/f2/m86/AQMCARqOpuqGvXSzQBW-QIQMZFwxpuQ10qkOZVCES6Huw4DXqNril8IBnf08e9gMeWcIhK4C13H5d7QHxAObdLexoqQ4sr7fZtE-BHM.mp4?_nc_cat=109&_nc_sid=5e9851&_nc_ht=scontent-arn2-1.cdninstagram.com&_nc_ohc=uuToDn0pH-gQ7kNvwHLdD2a&efg=eyJ2ZW5jb2RlX3RhZyI6Inhwdl9wcm9ncmVzc2l2ZS5JTlNUQUdSQU0uQ0xJUFMuQzMuNzIwLmRhc2hfYmFzZWxpbmVfMV92MSIsInhwdl9hc3NldF9pZCI6MTMwODc5MDc1NDUzMDgxMiwiYXNzZXRfYWdlX2RheXMiOjQxLCJ2aV91c2VjYXNlX2lkIjoxMDgyNywiZHVyYXRpb25fcyI6NzAsInVybGdlbl9zb3VyY2UiOiJ3d3cifQ%3D%3D&ccb=17-1&vs=7876c38a41822263&_nc_vs=HBksFQIYUmlnX3hwdl9yZWVsc19wZXJtYW5lbnRfc3JfcHJvZC8xMzQ1NjExMTQzMkUyOUI5NjBCN0FDNkQxMUNBRDNCNF92aWRlb19kYXNoaW5pdC5tcDQVAALIARIAFQIYUWlnX3hwdl9wbGFjZW1lbnRfcGVybWFuZW50X3YyLzg1NEMyQzFCMDc5NEYyQkQwQTJDRTBEQzZGMTFGMkI3X2F1ZGlvX2Rhc2hpbml0Lm1wNBUCAsgBEgAoABgAGwKIB3VzZV9vaWwBMRJwcm9ncmVzc2l2ZV9yZWNpcGUBMRUAACb415KA05XTBBUCKAJDMywXQFGTMzMzMzMYEmRhc2hfYmFzZWxpbmVfMV92MREAdf4HZZapAQA&_nc_gid=R1-N1cY49rgCu_weyxzqPg&_nc_ss=7a3ba&_nc_zt=28&oh=00_Af8jCMbLVpKB4VXo2j8k4VDJh-Kui7X65-TceIfo3Gw8xg&oe=6A3587E2"
"擁有發光肌嗎 寵愛母親全館53折起別錯過！

最近很愛用 HIDIFF 綠珍珠系列 🍃
從清潔到保養整套用下來 膚況真的有種被好好照顧的感覺🥰

先用綠珍珠溫和去角質潔膚棒～
洗完是那種很乾淨 很舒服的清爽感 摸起來特別細緻 
完全不會有過度清潔的不適！

接著疊擦綠珍珠 D-泛醇3%高濃縮水精華😗
質地很水潤 吸收速度也很可以 剛好很適合最近這種換季容易不穩的時候 用完整個狀態看起來更透亮有光澤✨

最後一定要用綠珍珠酪梨修護乳霜 鎖住水分
這罐我很喜歡它的潤澤感 擦完是舒服的嫩亮感 不厚重但很有包覆感
晚上厚擦隔天起來狀態真的很加分😻😻

最近保養流程變好簡單 就是這三步驟默默把日常狀態穩穩顧好💚

@hidiff.tw 

#hidiff 
#養膚routine 
#hidiff集中養膚組",,,,,,,,,,,,,,,,,,,,,,,,,,,,,,,,,,,,,,,,,,,,,,,,,,,,,,,,,,,,,,,,,,,,,,,,,,,,,,,,,,,,,,,,,,,,,,,,,,,,,,,,,,,,,,,,,,,,,,,,,,,,,,,,,,,,,,,,,,,,,,,,,,,,,,,,,,,,,,,,,,,,,,,,,,,,,,,,,,,,,,,,,,,,,,,,,,,,,,,,,,,,,,,,,,,,,,,,,,,,,,,,,,,,,,,,,,,,,,,,,,,,,,,,,,,,,,,,,,,,,,,,,,,,,,,,,,,,,,,,,,,,,,,,,,,,,,,,,,,,,,,,,,,,,,,,,,,,,,,,,,,,,,,,,,,,,,,,,,,,,,,,,,,,,,,,,,,,,,,,,,,,,,,,,,,,"0","1274","716","https://scontent-arn2-1.cdninstagram.com/v/t51.82787-15/689081514_18555141391064692_3622053796349125748_n.jpg?stp=dst-jpg_e15_p750x750_tt6&_nc_cat=100&ig_cache_key=Mzg5MTczOTgwOTQyMDg1NzE3MDE4NTU1MTQxMzg1MDY0Njky.3-ccb7-5&ccb=7-5&_nc_sid=58cdad&efg=eyJ2ZW5jb2RlX3RhZyI6IkNMSVBTLnhwaWRzLjc3MC5zZHIudmlkZW9fZGVmYXVsdF9jb3Zlcl9mcmFtZS5DMyJ9&_nc_ohc=wD3mu6gjo-sQ7kNvwFPCAcJ&_nc_oc=AdqLJZnLdlSKxSlQj35U18Lrw9Zwax_K93x08Yce2do_x2Qo2g2EALncZecvH_rbGhA&_nc_ad=z-m&_nc_cid=0&_nc_zt=23&_nc_ht=scontent-arn2-1.cdninstagram.com&_nc_gid=R1-N1cY49rgCu_weyxzqPg&_nc_ss=7a3ba&oh=00_Af_PBf5D-4ckGYVeMre5iEPure4jwIW0U254O3H4OuZHaA&oe=6A396BF6",,,"","hidiff","養膚routine","hidiff集中養膚組",,,"3891739809420857170","1590",,,,,,,,,,,,,,,"https://www.instagram.com/hidiff.tw/",,"-1",,"hidiff.tw",,"o1.mmii",,"26172683599077340",,,,,,,,,,,,,,,,,,,,,,,,,,,,,,,,,,,,,,,,,,,,,,,,,,,,,,,,,,,,,,,,,,,"false","","Original audio","true","芭莎ʙᴀsɪᴀ","2030200691","o1.mmii",,"clips","DYCPLzCxs9S","hidiff 히디프 🌳","63403377015","false","false",,"https://scontent-arn2-1.cdninstagram.com/v/t51.2885-19/452147619_3743307565986401_1601641283140305637_n.jpg?stp=dst-jpg_e0_s150x150_tt6&efg=eyJ2ZW5jb2RlX3RhZyI6InByb2ZpbGVfcGljLmRqYW5nby43OTYuYzIifQ&_nc_ht=scontent-arn2-1.cdninstagram.com&_nc_cat=105&_nc_oc=Q6cZ2gGemeJJ3xYnsaMIgpDPGeNlWOHowkIKYDIhcIEmlQkuMP7wZ0xRAwAsOmZxVLv5UWY&_nc_ohc=MQ_jj_B8i10Q7kNvwFkHAxW&_nc_gid=R1-N1cY49rgCu_weyxzqPg&edm=APGXKFABAAAA&ccb=7-5&ig_cache_key=GKM58xphcsG1hEwNAOXCLdtCLDoWbkULAAAB1501500j-ccb7-5&oh=00_Af_GvXxK_D4uRhKIIDUnD3D95ELTjXTwgnqveUebuw7a8Q&oe=6A3970CE&_nc_sid=a8b8e2",,"hidiff_official","hidiff.tw","80015491870","false","false",,"https://scontent-arn2-1.cdninstagram.com/v/t51.82787-19/615343798_17845310625667871_7065812407261479699_n.jpg?stp=dst-jpg_e0_s150x150_tt6&efg=eyJ2ZW5jb2RlX3RhZyI6InByb2ZpbGVfcGljLmRqYW5nby43OTYuYzIifQ&_nc_ht=scontent-arn2-1.cdninstagram.com&_nc_cat=1&_nc_oc=Q6cZ2gGemeJJ3xYnsaMIgpDPGeNlWOHowkIKYDIhcIEmlQkuMP7wZ0xRAwAsOmZxVLv5UWY&_nc_ohc=CmgFRSIfk20Q7kNvwGfBK9X&_nc_gid=R1-N1cY49rgCu_weyxzqPg&edm=APGXKFABAAAA&ccb=7-5&ig_cache_key=GLZmrSQf278oN2Y-ABNDXrjyzg5ibmNDAQAB1501500j-ccb7-5&oh=00_Af-sGl3iICX5IbBzgVjx347XGPp6aH1xgQYvav6YowjKTg&oe=6A399CDC&_nc_sid=a8b8e2",,"hidiff.tw","2026-05-07T11:01:59.000Z","Video","https://www.instagram.com/p/DYCPLzCxs9S/","70.7959976196289","1642","https://scontent-arn2-1.cdninstagram.com/o1/v/t2/f2/m86/AQNil_NSh2_NITDGGGWnyO2Lo4mhXYcDNCoHiv5XbnAaov5wHe42i4cpknnQLlPLrA4_2hr1UDnSpETyQ3N1xd2xRzNwqzScRnuzLkc.mp4?_nc_cat=105&_nc_sid=5e9851&_nc_ht=scontent-arn2-1.cdninstagram.com&_nc_ohc=4vzSbqLWOBsQ7kNvwFvmY5d&efg=eyJ2ZW5jb2RlX3RhZyI6Inhwdl9wcm9ncmVzc2l2ZS5JTlNUQUdSQU0uQ0xJUFMuQzMuNzE2LmRhc2hfYmFzZWxpbmVfMV92MSIsInhwdl9hc3NldF9pZCI6NDM1MTI5MTI3NTE0NTYxMSwiYXNzZXRfYWdlX2RheXMiOjQxLCJ2aV91c2VjYXNlX2lkIjoxMDA5OSwiZHVyYXRpb25fcyI6NzAsInVybGdlbl9zb3VyY2UiOiJ3d3cifQ%3D%3D&ccb=17-1&vs=1fc0df4938aa731c&_nc_vs=HBksFQIYUmlnX3hwdl9yZWVsc19wZXJtYW5lbnRfc3JfcHJvZC9GNTQ2NzRDRTg1Qjk0QUZGQTU1RjhFNTczQzMzQUFBN192aWRlb19kYXNoaW5pdC5tcDQVAALIARIAFQIYUWlnX3hwdl9wbGFjZW1lbnRfcGVybWFuZW50X3YyLzI2NEM3OTE0Q0IyQzA1QkQ1RDI2MTRGOURDMzZFN0IwX2F1ZGlvX2Rhc2hpbml0Lm1wNBUCAsgBEgAoABgAGwKIB3VzZV9vaWwBMRJwcm9ncmVzc2l2ZV9yZWNpcGUBMRUAACaWxqesvt66DxUCKAJDMywXQFGxBiTdLxsYEmRhc2hfYmFzZWxpbmVfMV92MREAdf4HZeadAQA&_nc_gid=R1-N1cY49rgCu_weyxzqPg&_nc_ss=7a3ba&_nc_zt=28&oh=00_Af82n045qIu1aGDS8sCv0z-_NTwTWNay6gBoRsZ70Aqctg&oe=6A35A15E"
"想擁有發光肌嗎，寵愛母親全館53折起別錯過！

最近真的離不開這套溫柔系保養 🤍 
日常保養/出國旅遊我都認真的使用！

從清潔到保養，每一步細節都保養得到～

①棉棒精華細緻到連邊角都照顧到 
②精華是我的最愛那種一擦就吸收、不黏膩的質地 
③酪梨堅果油是修復養膚最後一步！

把肌膚養到發光✨
這種狀態真的會上癮😍

@hidiff.tw 

#hidiff
#養膚routine
#hidiff集中養膚組",,,,,,,,,,,,,,,,,,,,,,,,,,,,,,,,,,,,,,,,,,,,,,,,,,,,,,,,,,,,,,,,,,,,,,,,,,,,,,,,,,,,,,,,,,,,,,,,,,,,,,,,,,,,,,,,,,,,,,,,,,,,,,,,,,,,,,,,,,,,,,,,,,,,,,,,,,,,,,,,,,,,,,,,,,,,,,,,,,,,,,,,,,,,,,,,,,,,,,,,,,,,,,,,,,,,,,,,,,,,,,,,,,,,,,,,,,,,,,,,,,,,,,,,,,,,,,,,,,,,,,,,,,,,,,,,,,,,,,,,,,,,,,,,,,,,,,,,,,,,,,,,,,,,,,,,,,,,,,,,,,,,,,,,,,,,,,,,,,,,,,,,,,,,,,,,,,,,,,,,,,,,,,,,,,,,"0","1280","720","https://scontent-arn2-1.cdninstagram.com/v/t51.82787-15/687237249_18585926935005552_4259957778898103765_n.jpg?stp=dst-jpg_e35_p750x750_sh2.08_tt6&_nc_cat=105&ig_cache_key=Mzg5MTcyOTc5NTQzNjIzODkxMTE4NTg1OTI2OTI5MDA1NTUy.3-ccb7-5&ccb=7-5&_nc_sid=58cdad&efg=eyJ2ZW5jb2RlX3RhZyI6IkNMSVBTLnhwaWRzLjEwODAuc2RyLnZpZGVvX2RlZmF1bHRfY292ZXJfZnJhbWUuQzMifQ%3D%3D&_nc_ohc=vKRXTTl7hsYQ7kNvwFOodgT&_nc_oc=AdqXt5MiuzKVYn7OtaRdkUwJHToYntdQwJ1aDVEinslQucrZXzsCTlVb7Y_3Qn-0tHQ&_nc_ad=z-m&_nc_cid=0&_nc_zt=23&_nc_ht=scontent-arn2-1.cdninstagram.com&_nc_gid=R1-N1cY49rgCu_weyxzqPg&_nc_ss=7a3ba&oh=00_Af_m3c-81i7R7rtrGAL2FO16CcgKi6yrV7l3x5yDxkVohQ&oe=6A39938B",,,"","hidiff","養膚routine","hidiff集中養膚組",,,"3891729795436238911","1039",,,,,,,,,,,,,,,"https://www.instagram.com/hidiff.tw/",,"9",,"hidiff.tw",,"fang_x_fang_",,"35310122105301788",,,,,,,,,,,,,,,,,,,,,,,,,,,,,,,,,,,,,,,,,,,,,,,,,,,,,,,,,,,,,,,,,,,"false","","Original audio","true","𝔽𝔸ℕ𝔾 방여","417669551","fang_x_fang_","true","clips","DYCM6Eyx9g_","hidiff.tw","80015491870","false","false",,"https://scontent-arn2-1.cdninstagram.com/v/t51.82787-19/615343798_17845310625667871_7065812407261479699_n.jpg?stp=dst-jpg_e0_s150x150_tt6&efg=eyJ2ZW5jb2RlX3RhZyI6InByb2ZpbGVfcGljLmRqYW5nby43OTYuYzIifQ&_nc_ht=scontent-arn2-1.cdninstagram.com&_nc_cat=1&_nc_oc=Q6cZ2gGemeJJ3xYnsaMIgpDPGeNlWOHowkIKYDIhcIEmlQkuMP7wZ0xRAwAsOmZxVLv5UWY&_nc_ohc=CmgFRSIfk20Q7kNvwGfBK9X&_nc_gid=R1-N1cY49rgCu_weyxzqPg&edm=APGXKFABAAAA&ccb=7-5&ig_cache_key=GLZmrSQf278oN2Y-ABNDXrjyzg5ibmNDAQAB1501500j-ccb7-5&oh=00_Af-sGl3iICX5IbBzgVjx347XGPp6aH1xgQYvav6YowjKTg&oe=6A399CDC&_nc_sid=a8b8e2",,"hidiff.tw",,,,,,,,,"2026-05-07T10:40:04.000Z","Video","https://www.instagram.com/p/DYCM6Eyx9g_/","67.63800048828125","1149","https://scontent-arn2-1.cdninstagram.com/o1/v/t2/f2/m86/AQPUs8D92jUJbQ4KFDjHxXIkspV0przH_iGmGRPH4JGv4Gq198UBesb6LfSwzcRRuUixr3aulqY2e2tN_x7SPlU6hpncwVjk6quiXYs.mp4?_nc_cat=107&_nc_sid=5e9851&_nc_ht=scontent-arn2-1.cdninstagram.com&_nc_ohc=OKGihXBgN6MQ7kNvwEfF8NR&efg=eyJ2ZW5jb2RlX3RhZyI6Inhwdl9wcm9ncmVzc2l2ZS5JTlNUQUdSQU0uQ0xJUFMuQzMuNzIwLmRhc2hfYmFzZWxpbmVfMV92MSIsInhwdl9hc3NldF9pZCI6MjE0NDk0Nzg0OTY4OTEzNywiYXNzZXRfYWdlX2RheXMiOjQxLCJ2aV91c2VjYXNlX2lkIjoxMDA5OSwiZHVyYXRpb25fcyI6NjcsInVybGdlbl9zb3VyY2UiOiJ3d3cifQ%3D%3D&ccb=17-1&vs=374372662516ee5e&_nc_vs=HBksFQIYUmlnX3hwdl9yZWVsc19wZXJtYW5lbnRfc3JfcHJvZC8wQzQ5MkE0QkMyNUY4NDcyMjYwMjA3MkQ1RjQ5ODNBQl92aWRlb19kYXNoaW5pdC5tcDQVAALIARIAFQIYUWlnX3hwdl9wbGFjZW1lbnRfcGVybWFuZW50X3YyL0ZFNDdFNzcyREI0RDRDN0I1OTNCQTg4Rjc4Qzk5ODk1X2F1ZGlvX2Rhc2hpbml0Lm1wNBUCAsgBEgAoABgAGwKIB3VzZV9vaWwBMRJwcm9ncmVzc2l2ZV9yZWNpcGUBMRUAACbi4KPqsrTPBxUCKAJDMywXQFDogxJul40YEmRhc2hfYmFzZWxpbmVfMV92MREAdf4HZeadAQA&_nc_gid=R1-N1cY49rgCu_weyxzqPg&_nc_ss=7a3ba&_nc_zt=28&oh=00_Af_CgJizA-c4gY4g25ooC39q4QWcZ-DFz0nubBNz-TZmqg&oe=6A359880"
"想擁有發光肌嗎，寵愛母親全館53折起別錯過!

你們知道嗎？
其實肌膚一整天下來，就算洗完臉
還是會殘留很多看不到的髒污😳

而且這些髒污會堵住毛孔
影響肌膚代謝，保養品也很難吸收…

遇到這種狀況，很多人第一個想到就是「去角質」
但！敏感肌如果用錯產品
其實反而會讓肌膚受傷🥲

我以前就是這樣
保養沒吸收，膚況還越來越不穩定…

直到我用到這個，真的有驚艷到✨
Hidiff 敏感肌專用的韓國去角質棉棒

而且它評價真的很誇張
在韓國保養評價網拿過第一名😳

品牌創辦人本身也是超級敏感肌
甚至連襪子材質都要特別挑那種🤣
所以當初看到這些背景，我就很放心入手一整組

我自己是一週用兩次
一個月大概用12次左右

膚況真的有差👇
從原本有點粗糙、不穩定
到現在變得比較平滑、透亮✨

而且整個月用下來
臉完全沒有紅過一次，這點真的很加分👍

它的精華含有溫和去角質的 AHA
同時還有蜂膠萃取＋B5精華💧
在代謝老廢角質的同時，也能幫助舒緩肌膚

重點是棉棒本身真的超級柔軟！
完全不會刮臉，用起來很溫和

大小設計也很剛好
臉部各種角度都很好清👌

清完之後會很明顯感覺到
肌膚變乾淨、透亮✨

⸻

接著我會用👇
STEP 2｜綠珍珠 D-泛醇 3% 高濃縮水精華

裡面有 D-泛醇＋神經醯胺✨
對乾燥、敏感、泛紅真的很有感！

水狀質地很清爽💧
擦起來完全沒有負擔，但修復感很明顯

⸻

最後一定要鎖水👇
STEP 3｜綠珍珠酪梨修護乳霜

酪梨油 × 澳洲堅果油的雙重滋潤🥑
滋潤但不厚重，也不會黏膩

吸收速度很快
擦完是那種柔軟又帶光澤的好膚況✨

整套這樣搭配下來
真的很適合敏感肌想「溫和代謝＋穩定膚況」的人💛
用對方式，膚況真的會慢慢變好！

這裡可以瞭解更多🩷
https://reurl.cc/npy85n

#hidiff
#敏感肌保養
#溫和去角質
#毛孔清潔
#穩定膚況 

@hidiff.tw",,,,,,,,,,,,,,,,,,,,,,,,,,,,,,,,,,,,,,,,,,,,,,,,,,,,,,,,,,,,,,,,,,,,,,,,,,,,,,,,,,,,,,,,,,,,,,,,,,,,,,,,,,,,,,,,,,,,,,,,,,,,,,,,,,,,,,,,,,,,,,,,,,,,,,,,,,,,,,,,,,,,,,,,,,,,,,,,,,,,,,,,,,,,,,,,,,,,,,,,,,,,,,,,,,,,,,,,,,,,,,,,,,,,,,,,,,,,,,,,,,,,,,,,,,,,,,,,,,,,,,,,,,,,,,,,,,,,,,,,,,,,,,,,,,,,,,,,,,,,,,,,,,,,,,,,,,,,,,,,,,,,,,,,,,,,,,,,,,,,,,,,,,,,,,,,,,,,,,,,,,,,,,,,,,,,"1","1280","720","https://scontent-arn2-1.cdninstagram.com/v/t51.82787-15/686179642_18586960138049590_3535281847628905013_n.jpg?stp=dst-jpg_e35_p750x750_sh2.08_tt6&_nc_cat=108&ig_cache_key=Mzg5MTU4MjE4OTI2OTc3NTIwNjE4NTg2OTYwMTM1MDQ5NTkw.3-ccb7-5&ccb=7-5&_nc_sid=58cdad&efg=eyJ2ZW5jb2RlX3RhZyI6IkNMSVBTLnhwaWRzLjExNDYuc2RyLnZpZGVvX2RlZmF1bHRfY292ZXJfZnJhbWUuQzMifQ%3D%3D&_nc_ohc=qrxPyo55Q9QQ7kNvwE9SMV4&_nc_oc=AdpF1iuCOoPucP6ibMg3TRdG1qEruWHY2dwjdtEE3OhnBN1Gh6o_JuUexHaHqB-VpSA&_nc_ad=z-m&_nc_cid=0&_nc_zt=23&_nc_ht=scontent-arn2-1.cdninstagram.com&_nc_gid=R1-N1cY49rgCu_weyxzqPg&_nc_ss=7a3ba&oh=00_Af-KD0RNR0B8GHvuJzAapsNW_wQbuPD8GtCSu8EgeuBzQA&oe=6A3966BA","10","1165","","hidiff","敏感肌保養","溫和去角質","毛孔清潔","穩定膚況","3891582189269775206","303566",,,,,,,,,,,,,,,"https://www.instagram.com/hidiff.tw/",,"599",,"hidiff.tw",,"naomi091792",,"27187175800917892",,,,,,,,,,,,,,,,,,,,,,,,,,,,,,,,,,,,,,,,,,,,,,,,,,,,,,,,,,,,,,,,,,,"false","","Original audio","true","黃泱綾 🐈","1558449589","naomi091792",,"clips","DYBrWH1qXNm","hidiff.tw","80015491870","false","false",,"https://scontent-arn2-1.cdninstagram.com/v/t51.82787-19/615343798_17845310625667871_7065812407261479699_n.jpg?stp=dst-jpg_e0_s150x150_tt6&efg=eyJ2ZW5jb2RlX3RhZyI6InByb2ZpbGVfcGljLmRqYW5nby43OTYuYzIifQ&_nc_ht=scontent-arn2-1.cdninstagram.com&_nc_cat=1&_nc_oc=Q6cZ2gGemeJJ3xYnsaMIgpDPGeNlWOHowkIKYDIhcIEmlQkuMP7wZ0xRAwAsOmZxVLv5UWY&_nc_ohc=CmgFRSIfk20Q7kNvwGfBK9X&_nc_gid=R1-N1cY49rgCu_weyxzqPg&edm=APGXKFABAAAA&ccb=7-5&ig_cache_key=GLZmrSQf278oN2Y-ABNDXrjyzg5ibmNDAQAB1501500j-ccb7-5&oh=00_Af-sGl3iICX5IbBzgVjx347XGPp6aH1xgQYvav6YowjKTg&oe=6A399CDC&_nc_sid=a8b8e2",,"hidiff.tw",,,,,,,,,"2026-05-07T05:47:24.000Z","Video","https://www.instagram.com/p/DYBrWH1qXNm/","71.83300018310547","357654","https://scontent-arn2-1.cdninstagram.com/o1/v/t2/f2/m86/AQNQllsH3svwbUGF3ejgOsDyj6dYS6n0UUH5wMb_GoBhHDkdQz7vogzI__WZM1n2UntUuzSjLIXI9NGzAtGc-rUMjKpLFX6CsV6orG4.mp4?_nc_cat=103&_nc_sid=5e9851&_nc_ht=scontent-arn2-1.cdninstagram.com&_nc_ohc=KSxdlcznrdcQ7kNvwEjNSLZ&efg=eyJ2ZW5jb2RlX3RhZyI6Inhwdl9wcm9ncmVzc2l2ZS5JTlNUQUdSQU0uQ0xJUFMuQzMuNzIwLmRhc2hfYmFzZWxpbmVfMV92MSIsInhwdl9hc3NldF9pZCI6MzM2MjgyMjEzMzg5NjIwMiwiYXNzZXRfYWdlX2RheXMiOjQyLCJ2aV91c2VjYXNlX2lkIjoxMDA5OSwiZHVyYXRpb25fcyI6NzEsInVybGdlbl9zb3VyY2UiOiJ3d3cifQ%3D%3D&ccb=17-1&vs=572b39ec76e4db36&_nc_vs=HBksFQIYUmlnX3hwdl9yZWVsc19wZXJtYW5lbnRfc3JfcHJvZC9BRDRFRkQzNzk5RUFFQTFBNTYzRTkzNTYyNkE3NjA4Rl92aWRlb19kYXNoaW5pdC5tcDQVAALIARIAFQIYUWlnX3hwdl9wbGFjZW1lbnRfcGVybWFuZW50X3YyLzlDNEY3OENCQ0IwMzA2NkMzMjg5OTFCQTM2MDE4N0I2X2F1ZGlvX2Rhc2hpbml0Lm1wNBUCAsgBEgAoABgAGwKIB3VzZV9vaWwBMRJwcm9ncmVzc2l2ZV9yZWNpcGUBMRUAACaU0N6rgZ75CxUCKAJDMywXQFH1T987ZFoYEmRhc2hfYmFzZWxpbmVfMV92MREAdf4HZeadAQA&_nc_gid=R1-N1cY49rgCu_weyxzqPg&_nc_ss=7a3ba&_nc_zt=28&oh=00_Af-uPYAQ-qsIcGZQ5rlOaBM3gEza_truJvk8dfTAY18zeg&oe=6A358EBC"
"想擁有發光肌，看留言有優惠！
又到了我的愛牌分享時間 @hidiff.tw 

最近很有感的一步「溫和代謝角質」讓保養吸收更好、肌膚更穩定🩵
皮膚真的有變細緻、摸起來更滑嫩

0 綠珍珠溫和去角質潔膚棒
• 棒狀設計直接上臉，方便又好掌控用量
• 溫和去除老廢角質，同時帶走毛孔髒污
• 添加保濕成分，洗完不乾不緊繃
• 起泡細緻，清潔同時保留肌膚水潤感

這支我會一週用2-3次
在洗臉的時候順便做溫和代謝
不會有顆粒摩擦感，但洗完真的有差

長期用下來
膚觸變得更平滑、後續保養也更好吸收
整體膚況更穩定不亂長東西

如果你也覺得皮膚容易粗糙、暗沉
或保養吸收卡卡的
真的可以試試這種「溫和去角質」的方式！🌙

#hidiff #去角質 #養膚routine #溫和清潔",,,,,,,,,,,,,,,,,,,,,,,,,,,,,,,,,,,,,,,,,,,,,,,,,,,,,,,,,,,,,,,,,,,,,,,,,,,,,,,,,,,,,,,,,,,,,,,,,,,,,,,,,,,,,,,,,,,,,,,,,,,,,,,,,,,,,,,,,,,,,,,,,,,,,,,,,,,,,,,,,,,,,,,,,,,,,,,,,,,,,,,,,,,,,,,,,,,,,,,,,,,,,,,,,,,,,,,,,,,,,,,,,,,,,,,,,,,,,,,,,,,,,,,,,,,,,,,,,,,,,,,,,,,,,,,,,,,,,,,,,,,,,,,,,,,,,,,,,,,,,,,,,,,,,,,,,,,,,,,,,,,,,,,,,,,,,,,,,,,,,,,,,,,,,,,,,,,,,,,,,,,,,,,,,,,,"4","1280","720","https://scontent-bos5-1.cdninstagram.com/v/t51.82787-15/670633668_18529693762077722_4307072222683967904_n.jpg?stp=dst-jpg_e15_tt6&_nc_cat=110&ig_cache_key=Mzg4MDk5MzE0MjE5MTY1MjMxMDE4NTI5NjkzNzU2MDc3NzIy.3-ccb7-5&ccb=7-5&_nc_sid=58cdad&efg=eyJ2ZW5jb2RlX3RhZyI6IkNMSVBTLnhwaWRzLjYzMC5zZHIudmlkZW9fZGVmYXVsdF9jb3Zlcl9mcmFtZS5DMyJ9&_nc_ohc=et6XwbK2mwUQ7kNvwE6X82c&_nc_oc=AdpA1jL0LcTpzTykbAiiTYnatU1jVBmwgYGjYEVNT5AyuoUD5n20RSe57EOB435w3AI&_nc_ad=z-m&_nc_cid=0&_nc_zt=23&_nc_ht=scontent-bos5-1.cdninstagram.com&_nc_gid=NItbvW8ycCPCEt2GqP4MAw&_nc_ss=7a3ba&oh=00_Af9wvTlndU7ZXU6AfdyPxawRzsoInAxuMbVKdKz9WftKjA&oe=6A39904B",,,"","hidiff","去角質","養膚routine","溫和清潔",,"3880993142191652310","718736",,,,,,,,,,,,,,,"https://www.instagram.com/hidiff.tw/",,"753",,"hidiff.tw",,"eat_meatmeat",,"28349963577933904",,,,,,,,,,,,,,,,,,,,,,,,,,,,,,,,,,,,,,,,,,,,,,,,,,,,,,,,,,,,,,,,,,,"false","","Original audio","true","柔柔 Rou","2204453721","eat_meatmeat","true","clips","DXcDrNQD33W","hidiff.tw","80015491870","false","false",,"https://scontent-bos5-1.cdninstagram.com/v/t51.82787-19/615343798_17845310625667871_7065812407261479699_n.jpg?stp=dst-jpg_e0_s150x150_tt6&efg=eyJ2ZW5jb2RlX3RhZyI6InByb2ZpbGVfcGljLmRqYW5nby43OTYuYzIifQ&_nc_ht=scontent-bos5-1.cdninstagram.com&_nc_cat=1&_nc_oc=Q6cZ2gHXdgB0stBb5C3GC_IgwrkvaTJLuRrUG_ZP7jvHLI0SAFW_I88hveEBreLZwKMFmVQ&_nc_ohc=CmgFRSIfk20Q7kNvwF4Tzd5&_nc_gid=NItbvW8ycCPCEt2GqP4MAw&edm=APGXKFABAAAA&ccb=7-5&ig_cache_key=GLZmrSQf278oN2Y-ABNDXrjyzg5ibmNDAQAB1501500j-ccb7-5&oh=00_Af9rBjqSH1tsaiyzvfSoSjacLl7q-Iln5LDvimhBzmeSKQ&oe=6A399CDC&_nc_sid=a8b8e2",,"hidiff.tw",,,,,,,,,"2026-04-22T15:09:18.000Z","Video","https://www.instagram.com/p/DXcDrNQD33W/","74.43299865722656","792869","https://scontent-bos5-1.cdninstagram.com/o1/v/t2/f2/m86/AQN0ycXPZa7o07SB4PfN9iaIQjhFlKYDn1rSa0_4RkcII8Dx6hYbpAU-KAxZgmN39-Pr7tBG8LyW4ZzLxTZ0w_jB5fXOKkWNGvnykUc.mp4?_nc_cat=103&_nc_sid=5e9851&_nc_ht=scontent-bos5-1.cdninstagram.com&_nc_ohc=qrcBVbOE7kEQ7kNvwGrv_0P&efg=eyJ2ZW5jb2RlX3RhZyI6Inhwdl9wcm9ncmVzc2l2ZS5JTlNUQUdSQU0uQ0xJUFMuQzMuNzIwLmRhc2hfYmFzZWxpbmVfMV92MSIsInhwdl9hc3NldF9pZCI6MTc5NTc2MzEzNTQxMTM3MzEsImFzc2V0X2FnZV9kYXlzIjo1NiwidmlfdXNlY2FzZV9pZCI6MTAwOTksImR1cmF0aW9uX3MiOjc0LCJ1cmxnZW5fc291cmNlIjoid3d3In0%3D&ccb=17-1&vs=c3891cb567fbe7fb&_nc_vs=HBksFQIYUmlnX3hwdl9yZWVsc19wZXJtYW5lbnRfc3JfcHJvZC9GRjQ1RUI3NDE3NzFDODZBMjRCMUQzNzU0RDY1QTlBMV92aWRlb19kYXNoaW5pdC5tcDQVAALIARIAFQIYUWlnX3hwdl9wbGFjZW1lbnRfcGVybWFuZW50X3YyLzNBNEZGMEY5MTkyNDU4M0FEMjMxODEwNzBDQ0QzOTkxX2F1ZGlvX2Rhc2hpbml0Lm1wNBUCAsgBEgAoABgAGwKIB3VzZV9vaWwBMRJwcm9ncmVzc2l2ZV9yZWNpcGUBMRUAACaGu_Td25fmPxUCKAJDMywXQFKbtkWhysEYEmRhc2hfYmFzZWxpbmVfMV92MREAdf4HZeadAQA&_nc_gid=NItbvW8ycCPCEt2GqP4MAw&_nc_ss=7a3ba&_nc_zt=28&oh=00_Af_58WO-VSrHge3m1wiT6LJ3DWNA78mv6koIahMavnC5lQ&oe=6A357A7C"
"想擁有發光肌嗎，看留言有優惠！

你知道一天臉上有多少髒污嗎？
有時保養擦再多，都沒有改變
其實問題不是保養不夠
是「角質太厚，根本吸收不進去」🫨

不過角質磨砂又太刺激
常會讓臉部泛紅

直到最近用到這款
🌿「敏感肌專屬韓國去角質棉棒」

✔ AHA 溫和代謝角質
✔ 加上蜂膠＋B5 同時舒緩
棉棒本身超柔軟，完全不刮臉

第一次用直接帶出一堆髒汙！超驚人～～

連續使用兩週
💧在搭配D-泛醇3%高濃縮水精華＋修護乳霜
保濕＋穩定直接拉滿！

如果你正保養卡關，又怕去角質傷皮膚的話
一定要試試🩵

@hidiff.tw 

#hidiff
#養膚routine",,,,,,,,,,,,,,,,,,,,,,,,,,,,,,,,,,,,,,,,,,,,,,,,,,,,,,,,,,,,,,,,,,,,,,,,,,,,,,,,,,,,,,,,,,,,,,,,,,,,,,,,,,,,,,,,,,,,,,,,,,,,,,,,,,,,,,,,,,,,,,,,,,,,,,,,,,,,,,,,,,,,,,,,,,,,,,,,,,,,,,,,,,,,,,,,,,,,,,,,,,,,,,,,,,,,,,,,,,,,,,,,,,,,,,,,,,,,,,,,,,,,,,,,,,,,,,,,,,,,,,,,,,,,,,,,,,,,,,,,,,,,,,,,,,,,,,,,,,,,,,,,,,,,,,,,,,,,,,,,,,,,,,,,,,,,,,,,,,,,,,,,,,,,,,,,,,,,,,,,,,,,,,,,,,,,"3","1280","720","https://scontent-bos5-1.cdninstagram.com/v/t51.82787-15/671746213_18579133885007299_1878649295276557489_n.jpg?stp=dst-jpg_e35_p750x750_sh2.08_tt6&_nc_cat=102&ig_cache_key=Mzg4MDg3NjM1MDgzMTEwODIwNTE4NTc5MTMzODc5MDA3Mjk5.3-ccb7-5&ccb=7-5&_nc_sid=58cdad&efg=eyJ2ZW5jb2RlX3RhZyI6IkNMSVBTLnhwaWRzLjE4MDIuc2RyLnZpZGVvX2RlZmF1bHRfY292ZXJfZnJhbWUuQzMifQ%3D%3D&_nc_ohc=LL6b9Fw5nvIQ7kNvwH20LGl&_nc_oc=AdoETLIZ8IjFUNjeF-kise_YnKexIJnF_vyzrcv74-nNwg1UPaLbNG8z9HMhUQ7gwQU&_nc_ad=z-m&_nc_cid=0&_nc_zt=23&_nc_ht=scontent-bos5-1.cdninstagram.com&_nc_gid=NItbvW8ycCPCEt2GqP4MAw&_nc_ss=7a3ba&oh=00_Af-PBtjA82sCopk5RbzDbShPz4zyZemUPRcDOfsS2k07iA&oe=6A399156",,,"","hidiff","養膚routine",,,,"3880876350831108205","133941",,,,,,,,,,,,,,,"https://www.instagram.com/hidiff.tw/",,"300",,"hidiff.tw",,"jing06500_",,"26949645461327076",,,,,,,,,,,,,,,,,,,,,,,,,,,,,,,,,,,,,,,,,,,,,,,,,,,,,,,,,,,,,,,,,,,"false","","Original audio","true","aurora ◡̈","419079298","jing06500_","true","clips","DXbpHq0gKBt","hidiff.tw","80015491870","false","false",,"https://scontent-bos5-1.cdninstagram.com/v/t51.82787-19/615343798_17845310625667871_7065812407261479699_n.jpg?stp=dst-jpg_e0_s150x150_tt6&efg=eyJ2ZW5jb2RlX3RhZyI6InByb2ZpbGVfcGljLmRqYW5nby43OTYuYzIifQ&_nc_ht=scontent-bos5-1.cdninstagram.com&_nc_cat=1&_nc_oc=Q6cZ2gHXdgB0stBb5C3GC_IgwrkvaTJLuRrUG_ZP7jvHLI0SAFW_I88hveEBreLZwKMFmVQ&_nc_ohc=CmgFRSIfk20Q7kNvwF4Tzd5&_nc_gid=NItbvW8ycCPCEt2GqP4MAw&edm=APGXKFABAAAA&ccb=7-5&ig_cache_key=GLZmrSQf278oN2Y-ABNDXrjyzg5ibmNDAQAB1501500j-ccb7-5&oh=00_Af9rBjqSH1tsaiyzvfSoSjacLl7q-Iln5LDvimhBzmeSKQ&oe=6A399CDC&_nc_sid=a8b8e2",,"hidiff.tw",,,,,,,,,"2026-04-22T11:20:23.000Z","Video","https://www.instagram.com/p/DXbpHq0gKBt/","61.13600158691406","155905","https://scontent-bos5-1.cdninstagram.com/o1/v/t2/f2/m86/AQPd2CWg5n_a0Khovj7iUaYHZIbq2jt1u8-QqFiNrYX1Its3lLopP331EyPxiNhF8q4bfTDJh6fA7QBl_3fA8Wxxy345KJXFUX9LHb4.mp4?_nc_cat=103&_nc_sid=5e9851&_nc_ht=scontent-bos5-1.cdninstagram.com&_nc_ohc=UlGXSeU4JSAQ7kNvwG2OIc0&efg=eyJ2ZW5jb2RlX3RhZyI6Inhwdl9wcm9ncmVzc2l2ZS5JTlNUQUdSQU0uQ0xJUFMuQzMuNzIwLmRhc2hfYmFzZWxpbmVfMV92MSIsInhwdl9hc3NldF9pZCI6MTc5NTg0NTMzMTUxMTI5NjYsImFzc2V0X2FnZV9kYXlzIjo1NiwidmlfdXNlY2FzZV9pZCI6MTAwOTksImR1cmF0aW9uX3MiOjYxLCJ1cmxnZW5fc291cmNlIjoid3d3In0%3D&ccb=17-1&vs=f0dcb9729e35a4a0&_nc_vs=HBksFQIYUmlnX3hwdl9yZWVsc19wZXJtYW5lbnRfc3JfcHJvZC9EMzRGM0QxMjRDMUVDMzhENkEyRDY1QzE2RjhDN0Q5MV92aWRlb19kYXNoaW5pdC5tcDQVAALIARIAFQIYUWlnX3hwdl9wbGFjZW1lbnRfcGVybWFuZW50X3YyLzFFNDMxRkNFNENDMTM4ODg2MUNDMDdFRkJBRURENkI0X2F1ZGlvX2Rhc2hpbml0Lm1wNBUCAsgBEgAoABgAGwKIB3VzZV9vaWwBMRJwcm9ncmVzc2l2ZV9yZWNpcGUBMRUAACaMwIDpx8fmPxUCKAJDMywXQE6RBiTdLxsYEmRhc2hfYmFzZWxpbmVfMV92MREAdf4HZeadAQA&_nc_gid=NItbvW8ycCPCEt2GqP4MAw&_nc_ss=7a3ba&_nc_zt=28&oh=00_Af9yOLk1vYG80AZcaPZrezEK7mzd1FxB0dcbDbq71RJEuw&oe=6A3591B0"
"想擁有水光肌，看留言有優惠！

終於讓我找到適合敏感肌的去角質產品了😍
🤍step 1👉🏻Hidiff 綠珍珠溫和去角質潔膚棒
精華液除了有去角質成分AHA之外
還添加了蜂膠萃取物和B5精華
可以有效穩定舒緩肌膚
棉棒也是採用超軟材質，大小形狀完美貼合臉部各種角度
能夠輕鬆快速清潔全臉
還是超貼心的分離式包裝設計，出去玩攜帶超方便❤️

🤍step 2👉🏻Hidiff 綠珍珠D-泛醇3%高濃縮水精華
D-泛醇 x 神經醯胺🔜迅速滲透肌膚，帶來深層舒緩
富含高效養膚成分及高濃度水感質地🔜清爽不黏膩
有效鎮靜乾燥不適，同時補充水份
使肌膚恢復清透光澤感

🤍step 3👉🏻Hidiff 綠珍珠酪梨修復乳霜
專為脆弱肌膚設計的強效修護
利用酪梨精萃與綠珍珠成分，深層滋潤並強化肌膚
酪梨油 x 澳洲堅果油🔜質地滋潤綿密，但不會黏

全套醫美等級專業保養
一段時間下來肌膚就能被「養」的很穩
推薦給所有想擁有水光肌的敏感肌人
選對好的去角質產品 非常重要！！

@hidiff.tw 
 
#hidiff
#養膚routine",,,,,,,,,,,,,,,,,,,,,,,,,,,,,,,,,,,,,,,,,,,,,,,,,,,,,,,,,,,,,,,,,,,,,,,,,,,,,,,,,,,,,,,,,,,,,,,,,,,,,,,,,,,,,,,,,,,,,,,,,,,,,,,,,,,,,,,,,,,,,,,,,,,,,,,,,,,,,,,,,,,,,,,,,,,,,,,,,,,,,,,,,,,,,,,,,,,,,,,,,,,,,,,,,,,,,,,,,,,,,,,,,,,,,,,,,,,,,,,,,,,,,,,,,,,,,,,,,,,,,,,,,,,,,,,,,,,,,,,,,,,,,,,,,,,,,,,,,,,,,,,,,,,,,,,,,,,,,,,,,,,,,,,,,,,,,,,,,,,,,,,,,,,,,,,,,,,,,,,,,,,,,,,,,,,,"9","1280","720","https://scontent-bos5-1.cdninstagram.com/v/t51.82787-15/671122436_18582554569049977_1584476989166265609_n.jpg?stp=dst-jpg_e35_p750x750_sh2.08_tt6&_nc_cat=111&ig_cache_key=Mzg4MDg0OTk2MDM0NzAyNzMyMDE4NTgyNTU0NTY2MDQ5OTc3.3-ccb7-5&ccb=7-5&_nc_sid=58cdad&efg=eyJ2ZW5jb2RlX3RhZyI6IkNMSVBTLnhwaWRzLjEyMDYuc2RyLnZpZGVvX2RlZmF1bHRfY292ZXJfZnJhbWUuQzMifQ%3D%3D&_nc_ohc=ldYVwrS14agQ7kNvwG6jy4O&_nc_oc=Adq6ULngWsvwZrck0dCkC1MdfxzZeWdPkHEXF5tGdEARbgkMIMUt3dTXDqBw5p3n7oo&_nc_ad=z-m&_nc_cid=0&_nc_zt=23&_nc_ht=scontent-bos5-1.cdninstagram.com&_nc_gid=NItbvW8ycCPCEt2GqP4MAw&_nc_ss=7a3ba&oh=00_Af9BXpFtGuSVD0h8XHsSXcU6z13Xe8cnCyVRXfJHjlik8A&oe=6A398328",,,"","hidiff","養膚routine",,,,"3880849960347027320","8287",,,,,,,,,,,,,,,"https://www.instagram.com/hidiff.tw/",,"44",,"hidiff.tw",,"4ching_",,"27321340697466548",,,,,,,,,,,,,,,,,,,,,,,,,,,,,,,,,,,,,,,,,,,,,,,,,,,,,,,,,,,,,,,,,,,"false","","Original audio","true","詩晴","482481976","4ching_","true","clips","DXbjHoxEsd4","hidiff.tw","80015491870","false","false",,"https://scontent-bos5-1.cdninstagram.com/v/t51.82787-19/615343798_17845310625667871_7065812407261479699_n.jpg?stp=dst-jpg_e0_s150x150_tt6&efg=eyJ2ZW5jb2RlX3RhZyI6InByb2ZpbGVfcGljLmRqYW5nby43OTYuYzIifQ&_nc_ht=scontent-bos5-1.cdninstagram.com&_nc_cat=1&_nc_oc=Q6cZ2gHXdgB0stBb5C3GC_IgwrkvaTJLuRrUG_ZP7jvHLI0SAFW_I88hveEBreLZwKMFmVQ&_nc_ohc=CmgFRSIfk20Q7kNvwF4Tzd5&_nc_gid=NItbvW8ycCPCEt2GqP4MAw&edm=APGXKFABAAAA&ccb=7-5&ig_cache_key=GLZmrSQf278oN2Y-ABNDXrjyzg5ibmNDAQAB1501500j-ccb7-5&oh=00_Af9rBjqSH1tsaiyzvfSoSjacLl7q-Iln5LDvimhBzmeSKQ&oe=6A399CDC&_nc_sid=a8b8e2",,"hidiff.tw",,,,,,,,,"2026-04-22T10:25:32.000Z","Video","https://www.instagram.com/p/DXbjHoxEsd4/","99.80000305175781","10876","https://scontent-bos5-1.cdninstagram.com/o1/v/t2/f2/m86/AQNtEcu4i51RkYxPfZX4jB-8t2iqNc5EIyICdqOVd4aMYTAzrQcKJprZ-HMhxHuO1MvxiF5tJFVF76zA2Ap7PNsnh6r5EzN5xDs_fjU.mp4?_nc_cat=111&_nc_sid=5e9851&_nc_ht=scontent-bos5-1.cdninstagram.com&_nc_ohc=OCDEKkDOOgoQ7kNvwEMgYV1&efg=eyJ2ZW5jb2RlX3RhZyI6Inhwdl9wcm9ncmVzc2l2ZS5JTlNUQUdSQU0uQ0xJUFMuQzMuNzIwLmRhc2hfYmFzZWxpbmVfMV92MSIsInhwdl9hc3NldF9pZCI6MTc5NTk5MzA1NzIxMDk1NDcsImFzc2V0X2FnZV9kYXlzIjo1NiwidmlfdXNlY2FzZV9pZCI6MTAwOTksImR1cmF0aW9uX3MiOjk5LCJ1cmxnZW5fc291cmNlIjoid3d3In0%3D&ccb=17-1&vs=af902f829fdb617&_nc_vs=HBksFQIYUmlnX3hwdl9yZWVsc19wZXJtYW5lbnRfc3JfcHJvZC9FRTQxNUUzN0MwQkVFOTM0M0M3RTAyMUE1MjE0MTVBRl92aWRlb19kYXNoaW5pdC5tcDQVAALIARIAFQIYUWlnX3hwdl9wbGFjZW1lbnRfcGVybWFuZW50X3YyLzc3NDM1M0U0NkMzMzBGMDA3OUY3Qzc0OTFEOTcyQTgyX2F1ZGlvX2Rhc2hpbml0Lm1wNBUCAsgBEgAoABgAGwKIB3VzZV9vaWwBMRJwcm9ncmVzc2l2ZV9yZWNpcGUBMRUAACbW24efxp3nPxUCKAJDMywXQFjzMzMzMzMYEmRhc2hfYmFzZWxpbmVfMV92MREAdf4HZeadAQA&_nc_gid=NItbvW8ycCPCEt2GqP4MAw&_nc_ss=7a3ba&_nc_zt=28&oh=00_Af_K-sNxkcT25lHwM2ago6tKq7bkY28EFTp8-UEdOnBQeA&oe=6A359DBC"
"敏感肌福音，看留言有優惠！

之前分享過的 敏感肌福音品牌—Hidiff ！
這次試用了溫和去角質潔膚棒覺得還不錯
因為我就是雙頰容易泛紅的敏感肌！
所以之前一直很害怕嘗試磨砂膏
Hidiff以敏感肌規格的高標準面對所有膚質
堅持天然配方、追求完美肌膚的日常養成
養好肌膚基底屏障!

。綠珍珠溫和去角質潔膚棒
含有AHA 蜂膠萃取物等溫和代謝老廢角質
我都輕輕滾動棉棒 不刺激皮膚
臉滾完之後還可以順便滾一下手肘啊等等容易粗糙的地方😆

。綠珍珠D-泛純3%高濃縮水精華：
吸收超快速! 質地輕盈好推不黏膩不負擔
只需擠一個硬幣量就能覆蓋全臉

。綠珍珠酪梨修護乳霜：
雖然說是乳霜，但我感覺是輕乳霜的質地
不厚重好推開 在臉上也不悶

平常做好打底清潔，
就像整理花盆的雜質後
再重新灌溉養分才吸收的進去🥹
肌膚才有機會一天一天慢慢的穩定下來
敏感肌或是皮膚正在鬧脾氣的
可以試試這種保養法喔！
@hidiff.tw 

#hidiff
#養膚routine
#hidiff集中養膚組",,,,,,,,,,,,,,,,,,,,,,,,,,,,,,,,,,,,,,,,,,,,,,,,,,,,,,,,,,,,,,,,,,,,,,,,,,,,,,,,,,,,,,,,,,,,,,,,,,,,,,,,,,,,,,,,,,,,,,,,,,,,,,,,,,,,,,,,,,,,,,,,,,,,,,,,,,,,,,,,,,,,,,,,,,,,,,,,,,,,,,,,,,,,,,,,,,,,,,,,,,,,,,,,,,,,,,,,,,,,,,,,,,,,,,,,,,,,,,,,,,,,,,,,,,,,,,,,,,,,,,,,,,,,,,,,,,,,,,,,,,,,,,,,,,,,,,,,,,,,,,,,,,,,,,,,,,,,,,,,,,,,,,,,,,,,,,,,,,,,,,,,,,,,,,,,,,,,,,,,,,,,,,,,,,,,"14","1280","720","https://scontent-bos5-1.cdninstagram.com/v/t51.71878-15/671188074_1676341600163554_326004393236161783_n.jpg?stp=dst-jpg_e15_tt6&_nc_cat=110&ig_cache_key=Mzg4MDgxNTk5NDg4MTM1MzY3OQ%3D%3D.3-ccb7-5&ccb=7-5&_nc_sid=58cdad&efg=eyJ2ZW5jb2RlX3RhZyI6IkNMSVBTLnhwaWRzLjY0MC5zZHIudmlkZW9fbmZyYW1lX2NvdmVyX2ZyYW1lLkMzIn0%3D&_nc_ohc=R2IsCLYFlpwQ7kNvwFsRH6S&_nc_oc=AdpJVjeJZEYOVrQPbRTqiwJe4GcOi5MziM9ZESf9M4OTBXQdiywsGKgZ8O9q4C-JZDo&_nc_ad=z-m&_nc_cid=0&_nc_zt=23&_nc_ht=scontent-bos5-1.cdninstagram.com&_nc_gid=NItbvW8ycCPCEt2GqP4MAw&_nc_ss=7a3ba&oh=00_Af9p3F95apGT9Zigo0xGbGlj4mM4vq7F8CLWpoe7ZRqZOA&oe=6A397CA7",,,"","hidiff","養膚routine","hidiff集中養膚組",,,"3880815994881353679","44462",,,,,,,,,,,,,,,"https://www.instagram.com/hidiff.tw/",,"114",,"hidiff.tw",,"jumbobbo2",,"26948659411425680",,,,,,,,,,,,,,,,,,,,,,,,,,,,,,,,,,,,,,,,,,,,,,,,,,,,,,,,,,,,,,,,,,,"false","","Original audio","true","王瀞憶 Joy","8238681544","jumbobbo2","true","clips","DXbbZX9jqfP","hidiff.tw","80015491870","false","false",,"https://scontent-bos5-1.cdninstagram.com/v/t51.82787-19/615343798_17845310625667871_7065812407261479699_n.jpg?stp=dst-jpg_e0_s150x150_tt6&efg=eyJ2ZW5jb2RlX3RhZyI6InByb2ZpbGVfcGljLmRqYW5nby43OTYuYzIifQ&_nc_ht=scontent-bos5-1.cdninstagram.com&_nc_cat=1&_nc_oc=Q6cZ2gHXdgB0stBb5C3GC_IgwrkvaTJLuRrUG_ZP7jvHLI0SAFW_I88hveEBreLZwKMFmVQ&_nc_ohc=CmgFRSIfk20Q7kNvwF4Tzd5&_nc_gid=NItbvW8ycCPCEt2GqP4MAw&edm=APGXKFABAAAA&ccb=7-5&ig_cache_key=GLZmrSQf278oN2Y-ABNDXrjyzg5ibmNDAQAB1501500j-ccb7-5&oh=00_Af9rBjqSH1tsaiyzvfSoSjacLl7q-Iln5LDvimhBzmeSKQ&oe=6A399CDC&_nc_sid=a8b8e2",,"hidiff.tw",,,,,,,,,"2026-04-22T09:17:01.000Z","Video","https://www.instagram.com/p/DXbbZX9jqfP/","65.86599731445312","47224","https://scontent-bos5-1.cdninstagram.com/o1/v/t2/f2/m86/AQPV39uGDzhzwk6tIX04l1s7ryaDTsH6JDNWRHheqIC1ktvKnFz33BgTgCU2ezCPpiqbaH0gZ4UdWy2Zr4BxxjC8wmM-vEhWezE5SHk.mp4?_nc_cat=106&_nc_sid=5e9851&_nc_ht=scontent-bos5-1.cdninstagram.com&_nc_ohc=iIFqLvxhZsMQ7kNvwFMEUE-&efg=eyJ2ZW5jb2RlX3RhZyI6Inhwdl9wcm9ncmVzc2l2ZS5JTlNUQUdSQU0uQ0xJUFMuQzMuNzIwLmRhc2hfYmFzZWxpbmVfMV92MSIsInhwdl9hc3NldF9pZCI6MTc5NjE0MzkwMjkxMDk4NDUsImFzc2V0X2FnZV9kYXlzIjo1NiwidmlfdXNlY2FzZV9pZCI6MTA4MjcsImR1cmF0aW9uX3MiOjY1LCJ1cmxnZW5fc291cmNlIjoid3d3In0%3D&ccb=17-1&vs=e2a5ac5502b68a77&_nc_vs=HBksFQIYUmlnX3hwdl9yZWVsc19wZXJtYW5lbnRfc3JfcHJvZC9EMTRDODg1RUNFRTlGNTIwQzEwQUJCOTQwMDk5QkY5Rl92aWRlb19kYXNoaW5pdC5tcDQVAALIARIAFQIYUWlnX3hwdl9wbGFjZW1lbnRfcGVybWFuZW50X3YyL0Q0NDBFMzk0RjgzOTYwNkU1Rjc5NENFQTkyQTYwNThBX2F1ZGlvX2Rhc2hpbml0Lm1wNBUCAsgBEgAoABgAGwKIB3VzZV9vaWwBMRJwcm9ncmVzc2l2ZV9yZWNpcGUBMRUAACaqkeGPrfXnPxUCKAJDMywXQFB3bItDlYEYEmRhc2hfYmFzZWxpbmVfMV92MREAdf4HZZapAQA&_nc_gid=NItbvW8ycCPCEt2GqP4MAw&_nc_ss=7a3ba&_nc_zt=28&oh=00_Af-6itDLKuEjw1rMXhUpvd-MAZDClD96mNiE8pmvjkip5w&oe=6A358133"
"💚搶先體驗95折優惠
輸入優惠碼《 hidiff01 》即可獲得！

跟大家分享我ㄉ 假日早晨保養🌱

假日一切都是慢慢來
慢慢保養、慢慢生活。

最近愛上了🍀Hidiff綠珍珠保養組💆🏻‍♀️
非常喜歡🥰

三步驟：
化妝水補水 → 精華修護 → 乳霜鎖住光澤

💚綠珍珠潤肌泡泡化妝⽔ 
D 泛醇 × 神經醯胺 植物萃取 × 綠茶⽔
是綿密的泡泡慕絲質地
上臉超級舒服啊啊啊

💚綠珍珠D-泛醇3%高濃縮水精華
D 泛醇 × 積雪草萃取物× ⾺⿒莧複合物
舒緩乾燥 幫肌膚補水 保持水嫩嫩💧

💚綠珍珠酪梨修護乳霜
D 泛醇× 酪梨油× 植物性鯨蠟醇
保養最後一步驟就是鎖水！
細緻乳霜質地 吸收速度很快😍

皮膚穩定了，
心也跟著舒服～♡

好好保養自己
從自然發光的日常開始✨

@hidiff.tw
#히디프 #hidiff#綠珍珠系列#hidiff養膚組#vlog",,,,,,,,,,,,,,,,,,,,,,,,,,,,,,,,,,,,,,,,,,,,,,,,,,,,,,,,,,,,,,,,,,,,,,,,,,,,,,,,,,,,,,,,,,,,,,,,,,,,,,,,,,,,,,,,,,,,,,,,,,,,,,,,,,,,,,,,,,,,,,,,,,,,,,,,,,,,,,,,,,,,,,,,,,,,,,,,,,,,,,,,,,,,,,,,,,,,,,,,,,,,,,,,,,,,,,,,,,,,,,,,,,,,,,,,,,,,,,,,,,,,,,,,,,,,,,,,,,,,,,,,,,,,,,,,,,,,,,,,,,,,,,,,,,,,,,,,,,,,,,,,,,,,,,,,,,,,,,,,,,,,,,,,,,,,,,,,,,,,,,,,,,,,,,,,,,,,,,,,,,,,,,,,,,,,"14","1280","720","https://scontent-bos5-1.cdninstagram.com/v/t51.82787-15/674515778_18574645432011867_7984607851831835020_n.jpg?stp=dst-jpg_e35_p750x750_sh2.08_tt6&_nc_cat=103&ig_cache_key=Mzg3NzMxNzA2NTYzOTUwNjAzMTE4NTc0NjQ1NDI5MDExODY3.3-ccb7-5&ccb=7-5&_nc_sid=58cdad&efg=eyJ2ZW5jb2RlX3RhZyI6IkNMSVBTLnhwaWRzLjExOTQuc2RyLnZpZGVvX2RlZmF1bHRfY292ZXJfZnJhbWUuQzMifQ%3D%3D&_nc_ohc=tyLLhMSix_MQ7kNvwF979om&_nc_oc=AdprV0cxy8Atr0qE6CvfzexCsAa4EnvGflgLqkYmu6q1dTPboTa4nB8rlow3b1V1-Wc&_nc_ad=z-m&_nc_cid=0&_nc_zt=23&_nc_ht=scontent-bos5-1.cdninstagram.com&_nc_gid=NItbvW8ycCPCEt2GqP4MAw&_nc_ss=7a3ba&oh=00_Af9LiIq-eCGyToyOEHguRtAwOk8xHXaEFLo-xqhpAHQLfw&oe=6A398598",,,"","히디프","hidiff","綠珍珠系列","hidiff養膚組","vlog","3877317065639506031","9586",,,,,,,,,,,,,,,"https://www.instagram.com/hidiff.tw/",,"157",,"hidiff.tw",,"fish881228",,"36348691131396800",,,,,,,,,,,,,,,,,,,,,,,,,,,,,,,,,,,,,,,,,,,,,,,,,,,,,,,,,,,,,,,,,,,"false","","Original audio","true","","1464075866","fish881228",,"clips","DXO_1QLALBv","hidiff.tw","80015491870","false","false",,"https://scontent-bos5-1.cdninstagram.com/v/t51.82787-19/615343798_17845310625667871_7065812407261479699_n.jpg?stp=dst-jpg_e0_s150x150_tt6&efg=eyJ2ZW5jb2RlX3RhZyI6InByb2ZpbGVfcGljLmRqYW5nby43OTYuYzIifQ&_nc_ht=scontent-bos5-1.cdninstagram.com&_nc_cat=1&_nc_oc=Q6cZ2gHXdgB0stBb5C3GC_IgwrkvaTJLuRrUG_ZP7jvHLI0SAFW_I88hveEBreLZwKMFmVQ&_nc_ohc=CmgFRSIfk20Q7kNvwF4Tzd5&_nc_gid=NItbvW8ycCPCEt2GqP4MAw&edm=APGXKFABAAAA&ccb=7-5&ig_cache_key=GLZmrSQf278oN2Y-ABNDXrjyzg5ibmNDAQAB1501500j-ccb7-5&oh=00_Af9rBjqSH1tsaiyzvfSoSjacLl7q-Iln5LDvimhBzmeSKQ&oe=6A399CDC&_nc_sid=a8b8e2",,"hidiff.tw",,,,,,,,,"2026-04-17T13:30:08.000Z","Video","https://www.instagram.com/p/DXO_1QLALBv/","65.87300109863281","11372","https://scontent-bos5-1.cdninstagram.com/o1/v/t2/f2/m86/AQOesLIWJDTaGFpMp7hxiy0zpA3e-S9w_JAGWwFvxsK1E-I6FsG5BQr6a6kvPghbQeQAn2l49XYc18FY4wOWUcWlrcDHEr8Fwhp0pzc.mp4?_nc_cat=107&_nc_sid=5e9851&_nc_ht=scontent-bos5-1.cdninstagram.com&_nc_ohc=kYgQvilOQKsQ7kNvwHbj9P6&efg=eyJ2ZW5jb2RlX3RhZyI6Inhwdl9wcm9ncmVzc2l2ZS5JTlNUQUdSQU0uQ0xJUFMuQzMuNzIwLmRhc2hfYmFzZWxpbmVfMV92MSIsInhwdl9hc3NldF9pZCI6MTc5NTk4OTk3ODAwOTg2MjgsImFzc2V0X2FnZV9kYXlzIjo2MSwidmlfdXNlY2FzZV9pZCI6MTA4MjcsImR1cmF0aW9uX3MiOjY1LCJ1cmxnZW5fc291cmNlIjoid3d3In0%3D&ccb=17-1&vs=8d46ec48dd424a9&_nc_vs=HBksFQIYUmlnX3hwdl9yZWVsc19wZXJtYW5lbnRfc3JfcHJvZC85NDQxQ0MyOTFDRDUyRjZBMENENTVDMkUxRjEzMTlCQ192aWRlb19kYXNoaW5pdC5tcDQVAALIARIAFQIYUWlnX3hwdl9wbGFjZW1lbnRfcGVybWFuZW50X3YyL0FENDhGRTJCNjU3NzRDQzIxQjg4QTVDQ0ExNzJEREIyX2F1ZGlvX2Rhc2hpbml0Lm1wNBUCAsgBEgAoABgAGwKIB3VzZV9vaWwBMRJwcm9ncmVzc2l2ZV9yZWNpcGUBMRUAACaIqcHp4JvnPxUCKAJDMywXQFB3bItDlYEYEmRhc2hfYmFzZWxpbmVfMV92MREAdf4HZZapAQA&_nc_gid=NItbvW8ycCPCEt2GqP4MAw&_nc_ss=7a3ba&_nc_zt=28&oh=00_Af8S5Dw9yzBT-MjDn3oEq9FE_QauqvFfMlqatin4bcC20A&oe=6A359210"
"搶先體驗95折優惠！輸入
優惠碼hidiff01即可獲得！

30｜擁抱成熟的開始
充實自己，更懂得為自己而活
從外在到內在，都讓自己更加強大

為了保持平時素顏也能有光澤肌，
從保養就會多選擇細緻保濕的化妝水開始♡
hidiff綠珍珠潤肌泡泡化妝水，獨特的設計讓皮膚更加吸收！
再搭配綠珍珠D-泛醇3%高濃縮水精華，不粘膩卻又可以保濕鎮靜
最後再用綠珍珠酪梨修護乳霜將前面的保養品通通吸收
在保養的過程中與自己更加貼近

不論是肌膚保養、運動健身、一切都只為自己，每天都更愛自己多一點
@hidiff.tw
#히디프 #hidiff#綠珍珠系列#hidiff養膚組#GRWM",,,,,,,,,,,,,,,,,,,,,,,,,,,,,,,,,,,,,,,,,,,,,,,,,,,,,,,,,,,,,,,,,,,,,,,,,,,,,,,,,,,,,,,,,,,,,,,,,,,,,,,,,,,,,,,,,,,,,,,,,,,,,,,,,,,,,,,,,,,,,,,,,,,,,,,,,,,,,,,,,,,,,,,,,,,,,,,,,,,,,,,,,,,,,,,,,,,,,,,,,,,,,,,,,,,,,,,,,,,,,,,,,,,,,,,,,,,,,,,,,,,,,,,,,,,,,,,,,,,,,,,,,,,,,,,,,,,,,,,,,,,,,,,,,,,,,,,,,,,,,,,,,,,,,,,,,,,,,,,,,,,,,,,,,,,,,,,,,,,,,,,,,,,,,,,,,,,,,,,,,,,,,,,,,,,,"2","1280","720","https://scontent-bos5-1.cdninstagram.com/v/t51.82787-15/670543554_18581219422031499_2441538200412667527_n.jpg?stp=dst-jpg_e35_p750x750_sh2.08_tt6&_nc_cat=107&ig_cache_key=Mzg3NzI3NDgyNjQyNDAwNTQ3NDE4NTgxMjE5NDE2MDMxNDk5.3-ccb7-5&ccb=7-5&_nc_sid=58cdad&efg=eyJ2ZW5jb2RlX3RhZyI6IkNMSVBTLnhwaWRzLjEyMDYuc2RyLnZpZGVvX2RlZmF1bHRfY292ZXJfZnJhbWUuQzMifQ%3D%3D&_nc_ohc=DPtS3nxvH2wQ7kNvwEEsloH&_nc_oc=AdoGq6CG8VG_k7uPIGIKtpv5RRiSoi8NT8bjgIf4yKhB2Wr4hbofgyIQqMcmwXYUkb8&_nc_ad=z-m&_nc_cid=0&_nc_zt=23&_nc_ht=scontent-bos5-1.cdninstagram.com&_nc_gid=NItbvW8ycCPCEt2GqP4MAw&_nc_ss=7a3ba&oh=00_Af-UlWliwfibYS3O3gFBsXPoPNAXhj0GSRF4p02F-90NSg&oe=6A396647",,,"","히디프","hidiff","綠珍珠系列","hidiff養膚組","GRWM","3877274826424005474","5097",,,,,,,,,,,,,,,"https://www.instagram.com/hidiff.tw/",,"-1",,"hidiff.tw",,"jcaleee",,"26467766536234136",,,,,,,,,,,,,,,,,,,,,,,,,,,,,,,,,,,,,,,,,,,,,,,,,,,,,,,,,,,,,,,,,,,"false","","Original audio","true","𝑱𝑱","216543498","jcaleee","true","clips","DXO2Ol1kTNi","hidiff.tw","80015491870","false","false",,"https://scontent-bos5-1.cdninstagram.com/v/t51.82787-19/615343798_17845310625667871_7065812407261479699_n.jpg?stp=dst-jpg_e0_s150x150_tt6&efg=eyJ2ZW5jb2RlX3RhZyI6InByb2ZpbGVfcGljLmRqYW5nby43OTYuYzIifQ&_nc_ht=scontent-bos5-1.cdninstagram.com&_nc_cat=1&_nc_oc=Q6cZ2gHXdgB0stBb5C3GC_IgwrkvaTJLuRrUG_ZP7jvHLI0SAFW_I88hveEBreLZwKMFmVQ&_nc_ohc=CmgFRSIfk20Q7kNvwF4Tzd5&_nc_gid=NItbvW8ycCPCEt2GqP4MAw&edm=APGXKFABAAAA&ccb=7-5&ig_cache_key=GLZmrSQf278oN2Y-ABNDXrjyzg5ibmNDAQAB1501500j-ccb7-5&oh=00_Af9rBjqSH1tsaiyzvfSoSjacLl7q-Iln5LDvimhBzmeSKQ&oe=6A399CDC&_nc_sid=a8b8e2",,"hidiff.tw",,,,,,,,,"2026-04-17T12:02:13.000Z","Video","https://www.instagram.com/p/DXO2Ol1kTNi/","64.13300323486328","7146","https://scontent-bos5-1.cdninstagram.com/o1/v/t2/f2/m86/AQPfND3Q0jHi29lJ6cW1HzRuChH4TNkyIybZHgqa9SgxkjC4J_reb1X4CC2wCZwQ1b55Cs6a6sExvIAmPDgafv-h6oMuxxfxFZp-uvw.mp4?_nc_cat=108&_nc_sid=5e9851&_nc_ht=scontent-bos5-1.cdninstagram.com&_nc_ohc=V1gYzKuzk4cQ7kNvwG5mDgE&efg=eyJ2ZW5jb2RlX3RhZyI6Inhwdl9wcm9ncmVzc2l2ZS5JTlNUQUdSQU0uQ0xJUFMuQzMuNzIwLmRhc2hfYmFzZWxpbmVfMV92MSIsInhwdl9hc3NldF9pZCI6MTc5NTg1ODU3MzgxMDg2MTMsImFzc2V0X2FnZV9kYXlzIjo2MSwidmlfdXNlY2FzZV9pZCI6MTA4MjcsImR1cmF0aW9uX3MiOjY0LCJ1cmxnZW5fc291cmNlIjoid3d3In0%3D&ccb=17-1&vs=9eca80ba3035a593&_nc_vs=HBksFQIYUmlnX3hwdl9yZWVsc19wZXJtYW5lbnRfc3JfcHJvZC82MDQ0NUIzOTJCODZDQTcxQTJDMEJGMjVGRTVEQjdBRF92aWRlb19kYXNoaW5pdC5tcDQVAALIARIAFQIYUWlnX3hwdl9wbGFjZW1lbnRfcGVybWFuZW50X3YyLzRFNDQxRTY5MjNFNTU0RkFCMTU0RDA4QTNBOUM3MDgyX2F1ZGlvX2Rhc2hpbml0Lm1wNBUCAsgBEgAoABgAGwKIB3VzZV9vaWwBMRJwcm9ncmVzc2l2ZV9yZWNpcGUBMRUAACaK-7S5os_mPxUCKAJDMywXQFAIgxJul40YEmRhc2hfYmFzZWxpbmVfMV92MREAdf4HZZapAQA&_nc_gid=NItbvW8ycCPCEt2GqP4MAw&_nc_ss=7a3ba&_nc_zt=28&oh=00_Af8lQsqhz2HyoLz_AzLiOA6qDKgxeW5_dlnczfB_cQcPbA&oe=6A3579DD"
"搶先體驗95折優惠！輸入
優惠碼hidiff01即可獲得！

怎麼感覺很快就到換季的時候了
然後讓我特別有感的一件事
過敏又殺我一個猝不及防
而且是臉啊啊啊啊😇謝了
所以我最近沒事都宅在家
做的事情很簡單
就是要把肌膚養穩穩的😤

用的是 #hidiff 的綠珍珠系列
第一次用這種泡泡化妝水蠻喜歡的
綠珍珠潤肌泡泡化妝水擠出來就是很細的泡泡🫧
上臉很輕很輕再慢慢化開
被吃進去肌膚的感覺很療癒

再來是D-泛醇3%高濃縮水精華
質地就是很水 非常清爽 也很好吸收
當妝前保濕也剛剛好！

最後用綠珍珠酪梨修護乳霜鎖水
是綿密但不悶不黏的那種（（超愛
特別是我覺得像我自己是乾肌
用完會很有安全感💗

我自己用下來
膚況確實有慢慢穩定下來
皮膚也比較不容易紅紅乾乾的
素顏狀態也比前陣子好很多
超開心✌🏻

@hidiff.tw 

#히디프 #hidiff #綠珍珠系列 #hidiff養膚組",,,,,,,,,,,,,,,,,,,,,,,,,,,,,,,,,,,,,,,,,,,,,,,,,,,,,,,,,,,,,,,,,,,,,,,,,,,,,,,,,,,,,,,,,,,,,,,,,,,,,,,,,,,,,,,,,,,,,,,,,,,,,,,,,,,,,,,,,,,,,,,,,,,,,,,,,,,,,,,,,,,,,,,,,,,,,,,,,,,,,,,,,,,,,,,,,,,,,,,,,,,,,,,,,,,,,,,,,,,,,,,,,,,,,,,,,,,,,,,,,,,,,,,,,,,,,,,,,,,,,,,,,,,,,,,,,,,,,,,,,,,,,,,,,,,,,,,,,,,,,,,,,,,,,,,,,,,,,,,,,,,,,,,,,,,,,,,,,,,,,,,,,,,,,,,,,,,,,,,,,,,,,,,,,,,,"0","1280","720","https://scontent-bos5-1.cdninstagram.com/v/t51.82787-15/670823578_18420715096193455_965781020738017870_n.jpg?stp=dst-jpg_e15_p750x750_tt6&_nc_cat=100&ig_cache_key=Mzg3NzI3NDU3MDA4NDUwNDkzNDE4NDIwNzE1MDkzMTkzNDU1.3-ccb7-5&ccb=7-5&_nc_sid=58cdad&efg=eyJ2ZW5jb2RlX3RhZyI6IkNMSVBTLnhwaWRzLjEwMzIuc2RyLnZpZGVvX2RlZmF1bHRfY292ZXJfZnJhbWUuQzMifQ%3D%3D&_nc_ohc=2YHHC6BNS00Q7kNvwGJ_yV9&_nc_oc=Adpc6jSb51IXHJVUOP5nT6WYrAxIfBZuaagUokX19zwxTwdXAVqS6dPFGPtxfQQjNms&_nc_ad=z-m&_nc_cid=0&_nc_zt=23&_nc_ht=scontent-bos5-1.cdninstagram.com&_nc_gid=NItbvW8ycCPCEt2GqP4MAw&_nc_ss=7a3ba&oh=00_Af_SmKKJp0RPT9IlSnME3vyh2XZJr3xtJ29MAWpSZvndaA&oe=6A398D5C",,,"","hidiff","히디프","綠珍珠系列","hidiff養膚組",,"3877274570084504934","2978",,,,,,,,,,,,,,,"https://www.instagram.com/hidiff.tw/",,"-1",,"hidiff.tw",,"wen.__.0502",,"26361213880173196",,,,,,,,,,,,,,,,,,,,,,,,,,,,,,,,,,,,,,,,,,,,,,,,,,,,,,,,,,,,,,,,,,,"false","","Original audio","true","玟","5870593454","wen.__.0502","true","clips","DXO2K3GitVm","hidiff 히디프 🌳","63403377015","false","false",,"https://scontent-bos5-1.cdninstagram.com/v/t51.2885-19/452147619_3743307565986401_1601641283140305637_n.jpg?stp=dst-jpg_e0_s150x150_tt6&efg=eyJ2ZW5jb2RlX3RhZyI6InByb2ZpbGVfcGljLmRqYW5nby43OTYuYzIifQ&_nc_ht=scontent-bos5-1.cdninstagram.com&_nc_cat=105&_nc_oc=Q6cZ2gHXdgB0stBb5C3GC_IgwrkvaTJLuRrUG_ZP7jvHLI0SAFW_I88hveEBreLZwKMFmVQ&_nc_ohc=MQ_jj_B8i10Q7kNvwGBlwjt&_nc_gid=NItbvW8ycCPCEt2GqP4MAw&edm=APGXKFABAAAA&ccb=7-5&ig_cache_key=GKM58xphcsG1hEwNAOXCLdtCLDoWbkULAAAB1501500j-ccb7-5&oh=00_Af-izC31koedRBrTyNypLkyz8D3upcIU0FLKgva0ND7FGA&oe=6A3970CE&_nc_sid=a8b8e2",,"hidiff_official","hidiff.tw","80015491870","false","false",,"https://scontent-bos5-1.cdninstagram.com/v/t51.82787-19/615343798_17845310625667871_7065812407261479699_n.jpg?stp=dst-jpg_e0_s150x150_tt6&efg=eyJ2ZW5jb2RlX3RhZyI6InByb2ZpbGVfcGljLmRqYW5nby43OTYuYzIifQ&_nc_ht=scontent-bos5-1.cdninstagram.com&_nc_cat=1&_nc_oc=Q6cZ2gHXdgB0stBb5C3GC_IgwrkvaTJLuRrUG_ZP7jvHLI0SAFW_I88hveEBreLZwKMFmVQ&_nc_ohc=CmgFRSIfk20Q7kNvwF4Tzd5&_nc_gid=NItbvW8ycCPCEt2GqP4MAw&edm=APGXKFABAAAA&ccb=7-5&ig_cache_key=GLZmrSQf278oN2Y-ABNDXrjyzg5ibmNDAQAB1501500j-ccb7-5&oh=00_Af9rBjqSH1tsaiyzvfSoSjacLl7q-Iln5LDvimhBzmeSKQ&oe=6A399CDC&_nc_sid=a8b8e2",,"hidiff.tw","2026-04-17T12:01:51.000Z","Video","https://www.instagram.com/p/DXO2K3GitVm/","68.53299713134766","3418","https://scontent-bos5-1.cdninstagram.com/o1/v/t2/f2/m86/AQPIZrVpk4nf3VDpH-MCa9HJZtmzwZ5xzBSZ2yIr8T7TAcyAe6Yuz42Bw550LYBZg8pP8vdLlNsm6cwJ6yUlfV6vXEutKMgy1n_udyQ.mp4?_nc_cat=103&_nc_sid=5e9851&_nc_ht=scontent-bos5-1.cdninstagram.com&_nc_ohc=p1nQCvApjJcQ7kNvwGdwrFW&efg=eyJ2ZW5jb2RlX3RhZyI6Inhwdl9wcm9ncmVzc2l2ZS5JTlNUQUdSQU0uQ0xJUFMuQzMuNzIwLmRhc2hfYmFzZWxpbmVfMV92MSIsInhwdl9hc3NldF9pZCI6MTc5NTc5NjE1NzkxMDc3OTgsImFzc2V0X2FnZV9kYXlzIjo2MSwidmlfdXNlY2FzZV9pZCI6MTAwOTksImR1cmF0aW9uX3MiOjY4LCJ1cmxnZW5fc291cmNlIjoid3d3In0%3D&ccb=17-1&vs=a15f7799ee456eee&_nc_vs=HBksFQIYUmlnX3hwdl9yZWVsc19wZXJtYW5lbnRfc3JfcHJvZC82NjQ1MTU2RTMyN0ZCNTQ5OUYzQTc2Q0E1RDhEODc5Rl92aWRlb19kYXNoaW5pdC5tcDQVAALIARIAFQIYUWlnX3hwdl9wbGFjZW1lbnRfcGVybWFuZW50X3YyLzRCNDQwQUE0RDRCNDNGM0YyRjQ0RUZEQzc5RDJGMEI4X2F1ZGlvX2Rhc2hpbml0Lm1wNBUCAsgBEgAoABgAGwKIB3VzZV9vaWwBMRJwcm9ncmVzc2l2ZV9yZWNpcGUBMRUAACas14CN-KrmPxUCKAJDMywXQFEiHKwIMScYEmRhc2hfYmFzZWxpbmVfMV92MREAdf4HZeadAQA&_nc_gid=NItbvW8ycCPCEt2GqP4MAw&_nc_ss=7a3ba&_nc_zt=28&oh=00_Af-LcX4Ob4NVBcZ24NIMfMv3WUmL2bg6gfqgvbVq-M0Bxw&oe=6A35A24C"
"🎉搶先體驗95折優惠！輸入
優惠碼hidiff01即可獲得！
在保養這件事上
真正關鍵的從來不是把各種保養品堆疊在臉上
而是把肌膚的「底子」一次養好

Hidiff 綠珍珠系列✅
正是以養膚型基礎保養品

這一系列主打溫和補水與屏障修護
從清爽補水到深層滋養
每一步都細緻而不刺激

🍃綠珍珠潤肌泡泡化妝水
細緻綿密的泡泡可以完整包覆肌膚
帶來輕盈卻充足的水分補給
同時舒緩乾燥不適

接著使用
🍃D-泛醇3%高濃縮水精華
高濃度泛醇搭配積雪草成分
深入肌底補水並強化肌膚穩定度

最後一步是
🍃酪梨修護乳霜
這瓶乳霜可以穩穩鎖住水分
形成保護屏障 質地滋潤卻不黏膩
讓肌膚維持長時間的柔嫩與彈性！

整體系列散發淡淡草本氣息
使用感溫和舒適
即使是敏弱肌也能安心使用
更值得一提的是
這套產品更是受韓國知名月子中心選用合作
你們就知道有多溫和了吧！

與其追求短暫的效果
不如從基礎開始！
給肌膚真正需要的養分

@hidiff.tw
#히디프 #hidiff#綠珍珠系列#hidiff養膚組",,,,,,,,,,,,,,,,,,,,,,,,,,,,,,,,,,,,,,,,,,,,,,,,,,,,,,,,,,,,,,,,,,,,,,,,,,,,,,,,,,,,,,,,,,,,,,,,,,,,,,,,,,,,,,,,,,,,,,,,,,,,,,,,,,,,,,,,,,,,,,,,,,,,,,,,,,,,,,,,,,,,,,,,,,,,,,,,,,,,,,,,,,,,,,,,,,,,,,,,,,,,,,,,,,,,,,,,,,,,,,,,,,,,,,,,,,,,,,,,,,,,,,,,,,,,,,,,,,,,,,,,,,,,,,,,,,,,,,,,,,,,,,,,,,,,,,,,,,,,,,,,,,,,,,,,,,,,,,,,,,,,,,,,,,,,,,,,,,,,,,,,,,,,,,,,,,,,,,,,,,,,,,,,,,,,"2","1280","720","https://scontent-bos5-1.cdninstagram.com/v/t51.82787-15/670458925_18311988046276928_354383427282311832_n.jpg?stp=dst-jpg_e35_p750x750_sh2.08_tt6&_nc_cat=109&ig_cache_key=Mzg3NzI2NTEyOTY0OTA2NzA2MzE4MzExOTg4MDQzMjc2OTI4.3-ccb7-5&ccb=7-5&_nc_sid=58cdad&efg=eyJ2ZW5jb2RlX3RhZyI6IkNMSVBTLnhwaWRzLjEyODYuc2RyLnZpZGVvX2RlZmF1bHRfY292ZXJfZnJhbWUuQzMifQ%3D%3D&_nc_ohc=vo2go5ISXNsQ7kNvwES8ZMD&_nc_oc=AdrZC8r0qOlXC3fPJAjw2PeAQoSr_5amtlapxZt2joIsjVuGRd1iIfJ5vLb7iOBuxx0&_nc_ad=z-m&_nc_cid=0&_nc_zt=23&_nc_ht=scontent-bos5-1.cdninstagram.com&_nc_gid=NItbvW8ycCPCEt2GqP4MAw&_nc_ss=7a3ba&oh=00_Af9Z0DbblJxa-yoDSO8eE8Zq0F0TMbHGXDWABbWNQYxb9g&oe=6A39965F",,,"","히디프","hidiff","綠珍珠系列","hidiff養膚組",,"3877265129649067063","2018",,,,,,,,,,,,,,,"https://www.instagram.com/hidiff.tw/",,"22",,"hidiff.tw",,"cotin_makeup",,"27190305893938740",,,,,,,,,,,,,,,,,,,,,,,,,,,,,,,,,,,,,,,,,,,,,,,,,,,,,,,,,,,,,,,,,,,"false","","Original audio","true","口天小姐ฅ •ﻌ•♡","8226244927","cotin_makeup","true","clips","DXO0BfAvdQ3","hidiff.tw","80015491870","false","false",,"https://scontent-bos5-1.cdninstagram.com/v/t51.82787-19/615343798_17845310625667871_7065812407261479699_n.jpg?stp=dst-jpg_e0_s150x150_tt6&efg=eyJ2ZW5jb2RlX3RhZyI6InByb2ZpbGVfcGljLmRqYW5nby43OTYuYzIifQ&_nc_ht=scontent-bos5-1.cdninstagram.com&_nc_cat=1&_nc_oc=Q6cZ2gHXdgB0stBb5C3GC_IgwrkvaTJLuRrUG_ZP7jvHLI0SAFW_I88hveEBreLZwKMFmVQ&_nc_ohc=CmgFRSIfk20Q7kNvwF4Tzd5&_nc_gid=NItbvW8ycCPCEt2GqP4MAw&edm=APGXKFABAAAA&ccb=7-5&ig_cache_key=GLZmrSQf278oN2Y-ABNDXrjyzg5ibmNDAQAB1501500j-ccb7-5&oh=00_Af9rBjqSH1tsaiyzvfSoSjacLl7q-Iln5LDvimhBzmeSKQ&oe=6A399CDC&_nc_sid=a8b8e2",,"hidiff.tw",,,,,,,,,"2026-04-17T11:40:00.000Z","Video","https://www.instagram.com/p/DXO0BfAvdQ3/","63.29999923706055","2651","https://scontent-bos5-1.cdninstagram.com/o1/v/t2/f2/m86/AQMKBk-lfqQxHCTNfq7ZtRIvv94VEPupQ1b_2pL2QwRuGtQxg8oLMW0Y2FbMqU_GMF1plaS3-gcIahBLb0LX6Z0xZ5aOZpb6FQ2vtDo.mp4?_nc_cat=102&_nc_sid=5e9851&_nc_ht=scontent-bos5-1.cdninstagram.com&_nc_ohc=2CtPdR-6AnUQ7kNvwH8DJVw&efg=eyJ2ZW5jb2RlX3RhZyI6Inhwdl9wcm9ncmVzc2l2ZS5JTlNUQUdSQU0uQ0xJUFMuQzMuNzIwLmRhc2hfYmFzZWxpbmVfMV92MSIsInhwdl9hc3NldF9pZCI6OTY4ODEyMTA1NTkzNjkyLCJhc3NldF9hZ2VfZGF5cyI6NjEsInZpX3VzZWNhc2VfaWQiOjEwMDk5LCJkdXJhdGlvbl9zIjo2MywidXJsZ2VuX3NvdXJjZSI6Ind3dyJ9&ccb=17-1&vs=dcf4645c03f9dafd&_nc_vs=HBksFQIYUmlnX3hwdl9yZWVsc19wZXJtYW5lbnRfc3JfcHJvZC84MDQxQTI5ODE1NDI5QTQ4OEQ3OEU4RUMyODk0NEQ5MF92aWRlb19kYXNoaW5pdC5tcDQVAALIARIAFQIYUWlnX3hwdl9wbGFjZW1lbnRfcGVybWFuZW50X3YyLzYwNEZGQjUyNDhGMEJBQThFMjdCNUEzRDI1NTc1QUEyX2F1ZGlvX2Rhc2hpbml0Lm1wNBUCAsgBEgAoABgAGwKIB3VzZV9vaWwBMRJwcm9ncmVzc2l2ZV9yZWNpcGUBMRUAACa4zcPWpMi4AxUCKAJDMywXQE-mZmZmZmYYEmRhc2hfYmFzZWxpbmVfMV92MREAdf4HZeadAQA&_nc_gid=NItbvW8ycCPCEt2GqP4MAw&_nc_ss=7a3ba&_nc_zt=28&oh=00_Af8GJPrpyGbcCjkhrhBDRgA9K5wPrjJqsxdUNiJhwmpdBg&oe=6A35A03F"
"a day in my life — 大稻埕篇 🍂
去大稻埕走走非常舒服
慢慢逛 慢慢拍

再來分享最近洗完臉後在用一款 @hidiff.tw 的泡泡化妝水🫧

慕絲質地很細緻 推開的瞬間真的很療癒
滋潤度很適合秋冬  基礎化妝水也可以讓肌膚細緻

搶先體驗95折優惠 輸入優惠碼hidiff01即可獲得

#hidiff
#養膚routine
#hidiff集中養膚組",,,,,,,,,,,,,,,,,,,,,,,,,,,,,,,,,,,,,,,,,,,,,,,,,,,,,,,,,,,,,,,,,,,,,,,,,,,,,,,,,,,,,,,,,,,,,,,,,,,,,,,,,,,,,,,,,,,,,,,,,,,,,,,,,,,,,,,,,,,,,,,,,,,,,,,,,,,,,,,,,,,,,,,,,,,,,,,,,,,,,,,,,,,,,,,,,,,,,,,,,,,,,,,,,,,,,,,,,,,,,,,,,,,,,,,,,,,,,,,,,,,,,,,,,,,,,,,,,,,,,,,,,,,,,,,,,,,,,,,,,,,,,,,,,,,,,,,,,,,,,,,,,,,,,,,,,,,,,,,,,,,,,,,,,,,,,,,,,,,,,,,,,,,,,,,,,,,,,,,,,,,,,,,,,,,,"0","1280","720","https://scontent-bos5-1.cdninstagram.com/v/t51.71878-15/660649706_2108118626709628_94354788234732760_n.jpg?stp=dst-jpg_e15_tt6&_nc_cat=102&ig_cache_key=Mzg2OTkwOTg3MTAwNTY2MTQ4Mg%3D%3D.3-ccb7-5&ccb=7-5&_nc_sid=58cdad&efg=eyJ2ZW5jb2RlX3RhZyI6IkNMSVBTLnhwaWRzLjY0MC5zZHIudmlkZW9fZGVmYXVsdF9jb3Zlcl9mcmFtZS5DMyJ9&_nc_ohc=xC-shQ9VEksQ7kNvwEBEgl_&_nc_oc=AdpSBB_2MSfzgL3GSX7BAv31YfFD0O5hCCvYy5Br4l9uYu5QdnRIY9feixaPmeQHzPk&_nc_ad=z-m&_nc_cid=0&_nc_zt=23&_nc_ht=scontent-bos5-1.cdninstagram.com&_nc_gid=NItbvW8ycCPCEt2GqP4MAw&_nc_ss=7a3ba&oh=00_Af_RGmCcVGuSzk1ZJxMgvveQt4zMWDbZ9cD-ujXzTKCGiw&oe=6A39678B",,,"","hidiff","養膚routine","hidiff集中養膚組",,,"3869909871005661482","4394",,,,,,,,,,,,,,,"https://www.instagram.com/hidiff.tw/",,"154",,"hidiff.tw",,"allysahsu",,"26909548595318180",,,,,,,,,,,,,,,,,,,,,,,,,,,,,,,,,,,,,,,,,,,,,,,,,,,,,,,,,,,,,,,,,,,"false","","Original audio","true","許如","1566627527","allysahsu","true","clips","DW0roYmEfkq","hidiff.tw","80015491870","false","false",,"https://scontent-bos5-1.cdninstagram.com/v/t51.82787-19/615343798_17845310625667871_7065812407261479699_n.jpg?stp=dst-jpg_e0_s150x150_tt6&efg=eyJ2ZW5jb2RlX3RhZyI6InByb2ZpbGVfcGljLmRqYW5nby43OTYuYzIifQ&_nc_ht=scontent-bos5-1.cdninstagram.com&_nc_cat=1&_nc_oc=Q6cZ2gHXdgB0stBb5C3GC_IgwrkvaTJLuRrUG_ZP7jvHLI0SAFW_I88hveEBreLZwKMFmVQ&_nc_ohc=CmgFRSIfk20Q7kNvwF4Tzd5&_nc_gid=NItbvW8ycCPCEt2GqP4MAw&edm=APGXKFABAAAA&ccb=7-5&ig_cache_key=GLZmrSQf278oN2Y-ABNDXrjyzg5ibmNDAQAB1501500j-ccb7-5&oh=00_Af9rBjqSH1tsaiyzvfSoSjacLl7q-Iln5LDvimhBzmeSKQ&oe=6A399CDC&_nc_sid=a8b8e2",,"hidiff.tw",,,,,,,,,"2026-04-07T08:11:24.000Z","Video","https://www.instagram.com/p/DW0roYmEfkq/","46.7859992980957","4394","https://scontent-bos5-1.cdninstagram.com/o1/v/t2/f2/m86/AQOQ6KDuDS2R_W44Uu0UX2aUyYmiSR8v6S3EjirhoYCSGPfkXTb4zK2XczCHp8N37xxO-gaPz1StmpAsTsAkpFzy5HsjCGkZrNCVI9M.mp4?_nc_cat=111&_nc_sid=5e9851&_nc_ht=scontent-bos5-1.cdninstagram.com&_nc_ohc=2sP5bJTVC6sQ7kNvwElBWz3&efg=eyJ2ZW5jb2RlX3RhZyI6Inhwdl9wcm9ncmVzc2l2ZS5JTlNUQUdSQU0uQ0xJUFMuQzMuNzIwLmRhc2hfYmFzZWxpbmVfMV92MSIsInhwdl9hc3NldF9pZCI6MTc5NTg2NjU2NTIxMDE3NzYsImFzc2V0X2FnZV9kYXlzIjo3MiwidmlfdXNlY2FzZV9pZCI6MTA4MjcsImR1cmF0aW9uX3MiOjQ2LCJ1cmxnZW5fc291cmNlIjoid3d3In0%3D&ccb=17-1&vs=109f08788a68a55d&_nc_vs=HBksFQIYUmlnX3hwdl9yZWVsc19wZXJtYW5lbnRfc3JfcHJvZC8xQTQ2NjJBQkUzNjk2NTk2RUVDQTE2MEVGMDhFNTVCRV92aWRlb19kYXNoaW5pdC5tcDQVAALIARIAFQIYUWlnX3hwdl9wbGFjZW1lbnRfcGVybWFuZW50X3YyL0Q4NDVERDJGRjlFQTBGOEZDMkZFOUMwOTdFQkRBQUI0X2F1ZGlvX2Rhc2hpbml0Lm1wNBUCAsgBEgAoABgAGwKIB3VzZV9vaWwBMRJwcm9ncmVzc2l2ZV9yZWNpcGUBMRUAACagiqvt9dPmPxUCKAJDMywXQEdiDEm6XjUYEmRhc2hfYmFzZWxpbmVfMV92MREAdf4HZZapAQA&_nc_gid=NItbvW8ycCPCEt2GqP4MAw&_nc_ss=7a3ba&_nc_zt=28&oh=00_Af9yLTl279vzJfhYhxpdut7a7hMrq2OYtqwDP49p33W3Og&oe=6A357B0C"
"#worktrip 

每天早上九點集合直到午夜才能休息
在這種高強度的節奏下  我使用𝐇𝐢𝐝𝐢𝐟𝐟三件組🌿
讓疲憊在清爽的保養中 舒展開來
追求的是整天的穩定、自在꒰˘̩̩̩⌣˘̩̩̩๑꒱✨

 𝖲𝗄𝗂𝗇 𝖢𝖺𝗋𝖾 𝖲𝖾𝗍
｜綠珍珠潤肌泡泡化妝水｜
細緻的泡泡質地免去化妝棉的摩擦
清爽的滲透感溫柔的開啟保養routine

｜綠珍珠 D-泛醇 3% 高濃縮水精華｜
含有 3% D-Panthenol質地如水般輕盈 
為屏障提供安定修復 穩定外出的膚況

｜綠珍珠酪梨修護乳霜｜
最後用酪梨營養鎖住水分
滑順不悶臉 讓肌膚在不同環境
也能維持整日的飽滿潤澤

謝謝hidiff 綠珍珠系列組合
陪我安穩度過這次緊湊的出差日٩꒰ ˘ ³˘꒱۶~♡

搶先體驗95折優惠！
輸入優惠碼hidiff01即可獲得

@hidiff.tw 
#grwm #養膚routine
#hidiff #hidiff集中養膚組",,,,,,,,,,,,,,,,,,,,,,,,,,,,,,,,,,,,,,,,,,,,,,,,,,,,,,,,,,,,,,,,,,,,,,,,,,,,,,,,,,,,,,,,,,,,,,,,,,,,,,,,,,,,,,,,,,,,,,,,,,,,,,,,,,,,,,,,,,,,,,,,,,,,,,,,,,,,,,,,,,,,,,,,,,,,,,,,,,,,,,,,,,,,,,,,,,,,,,,,,,,,,,,,,,,,,,,,,,,,,,,,,,,,,,,,,,,,,,,,,,,,,,,,,,,,,,,,,,,,,,,,,,,,,,,,,,,,,,,,,,,,,,,,,,,,,,,,,,,,,,,,,,,,,,,,,,,,,,,,,,,,,,,,,,,,,,,,,,,,,,,,,,,,,,,,,,,,,,,,,,,,,,,,,,,,"5","1280","720","https://scontent-bos5-1.cdninstagram.com/v/t51.82787-15/656025329_18405058498130319_6705365873591848081_n.jpg?stp=dst-jpg_e35_p750x750_sh2.08_tt6&_nc_cat=108&ig_cache_key=Mzg1OTI2MTY1ODA4NzIxMDgyMzE4NDA1MDU4NDk1MTMwMzE5.3-ccb7-5&ccb=7-5&_nc_sid=58cdad&efg=eyJ2ZW5jb2RlX3RhZyI6IkNMSVBTLnhwaWRzLjExNzAuc2RyLnZpZGVvX2RlZmF1bHRfY292ZXJfZnJhbWUuQzMifQ%3D%3D&_nc_ohc=8JJ97voQ-9QQ7kNvwFSTUX7&_nc_oc=AdqvAdTVRdOTk5TD56FYfNtnGdBiPBSoy2xkaAm8tHUgSVGagRngSrRxXwkI5pEZZbg&_nc_ad=z-m&_nc_cid=0&_nc_zt=23&_nc_ht=scontent-bos5-1.cdninstagram.com&_nc_gid=NItbvW8ycCPCEt2GqP4MAw&_nc_ss=7a3ba&oh=00_Af9KWXaC0MKmQ_nawUH3XDucCPL9W7DhsEnleMh3YqY-CA&oe=6A3991C5",,,"","worktrip","grwm","養膚routine","hidiff","hidiff集中養膚組","3859261658087210823","3365",,,,,,,,,,,,,,,"https://www.instagram.com/hidiff.tw/",,"135",,"hidiff.tw",,"luoeux",,"34358017290512416",,,,,,,,,,,,,,,,,,,,,,,,,,,,,,,,,,,,,,,,,,,,,,,,,,,,,,,,,,,,,,,,,,,"false","","Original audio","true","ℒ𝑜𝓇𝒶𝓎𝓃𝑒 ⋆⭒⋆˚࿔","4046386318","luoeux","true","clips","DWO2gfhkr9H","hidiff.tw","80015491870","false","false",,"https://scontent-bos5-1.cdninstagram.com/v/t51.82787-19/615343798_17845310625667871_7065812407261479699_n.jpg?stp=dst-jpg_e0_s150x150_tt6&efg=eyJ2ZW5jb2RlX3RhZyI6InByb2ZpbGVfcGljLmRqYW5nby43OTYuYzIifQ&_nc_ht=scontent-bos5-1.cdninstagram.com&_nc_cat=1&_nc_oc=Q6cZ2gHXdgB0stBb5C3GC_IgwrkvaTJLuRrUG_ZP7jvHLI0SAFW_I88hveEBreLZwKMFmVQ&_nc_ohc=CmgFRSIfk20Q7kNvwF4Tzd5&_nc_gid=NItbvW8ycCPCEt2GqP4MAw&edm=APGXKFABAAAA&ccb=7-5&ig_cache_key=GLZmrSQf278oN2Y-ABNDXrjyzg5ibmNDAQAB1501500j-ccb7-5&oh=00_Af9rBjqSH1tsaiyzvfSoSjacLl7q-Iln5LDvimhBzmeSKQ&oe=6A399CDC&_nc_sid=a8b8e2",,"hidiff.tw",,,,,,,,,"2026-03-23T15:32:15.000Z","Video","https://www.instagram.com/p/DWO2gfhkr9H/","62.87799835205078","3365","https://scontent-bos5-1.cdninstagram.com/o1/v/t2/f2/m86/AQOJXafC85IoEycdTsV7BOGx2ZSmOcpHn_sh2rw4bLymAJxZPd7nIToKKU6cCRKrawgffBr9731Gz-rtlDdpjUfRVBO86B-A1V25OcU.mp4?_nc_cat=103&_nc_sid=5e9851&_nc_ht=scontent-bos5-1.cdninstagram.com&_nc_ohc=gkOUd8Tbl6YQ7kNvwHfbtKZ&efg=eyJ2ZW5jb2RlX3RhZyI6Inhwdl9wcm9ncmVzc2l2ZS5JTlNUQUdSQU0uQ0xJUFMuQzMuNzIwLmRhc2hfYmFzZWxpbmVfMV92MSIsInhwdl9hc3NldF9pZCI6MTc5NTU5MDY0OTIxMDgxODksImFzc2V0X2FnZV9kYXlzIjo4NiwidmlfdXNlY2FzZV9pZCI6MTA4MjcsImR1cmF0aW9uX3MiOjYyLCJ1cmxnZW5fc291cmNlIjoid3d3In0%3D&ccb=17-1&vs=165e8abd5f79cbe0&_nc_vs=HBksFQIYUmlnX3hwdl9yZWVsc19wZXJtYW5lbnRfc3JfcHJvZC80MjQ1QTgzMzA0QzE0NDI4M0YwRDVFQ0Y0M0FDOTc5QV92aWRlb19kYXNoaW5pdC5tcDQVAALIARIAFQIYUWlnX3hwdl9wbGFjZW1lbnRfcGVybWFuZW50X3YyL0NCNDE4MUMwODE1NTU1MjVENTRDQTZEODEzRjE4NTg4X2F1ZGlvX2Rhc2hpbml0Lm1wNBUCAsgBEgAoABgAGwKIB3VzZV9vaWwBMRJwcm9ncmVzc2l2ZV9yZWNpcGUBMRUAACa6tqjBqLPlPxUCKAJDMywXQE9u2RaHKwIYEmRhc2hfYmFzZWxpbmVfMV92MREAdf4HZZapAQA&_nc_gid=NItbvW8ycCPCEt2GqP4MAw&_nc_ss=7a3ba&_nc_zt=28&oh=00_Af8UizpW789O7ZaZJmdsAt-5640gP7MlzO_kWNyCXODNzw&oe=6A358580"
"搶先體驗95折優惠！輸入
優惠碼hidiff01即可獲得！

妝要貼，底子真的要先養好🥹

這組 @hidiff.tw 綠珍珠系列是我最近的妝前固定班底 🌿

最近的保養流程：
1 #泡泡化妝水-拍三次（皮膚喝飽水）
2 #高濃縮精華-穩定膚況
3 #修護乳霜-鎖水收尾

皮膚穩定了，後續上妝真的很有感，
連卸完妝的光澤都很滿意，完全是暗沉、蠟黃救星 🫶🏻

@hidiff.tw 
#hidiff
#養膚routine
hidiff集中養膚組
精緻女孩的日常","","0","1920","1440","https://scontent-bos5-1.cdninstagram.com/v/t51.82787-15/654439413_18569965996013312_1439330299503945507_n.jpg?stp=dst-jpg_e35_tt6&_nc_cat=102&ig_cache_key=Mzg1Njg2MDMxMDA1Mzk5MTA4OQ%3D%3D.3-ccb7-5&ccb=7-5&_nc_sid=58cdad&efg=eyJ2ZW5jb2RlX3RhZyI6IkNBUk9VU0VMX0lURU0ueHBpZHMuMTQ0MC5zZHIucmVndWxhcl9waG90by5DMyJ9&_nc_ohc=tI1xbH41q04Q7kNvwFfpEQ7&_nc_oc=AdrcVIJgUf_3G_GVRYRWn-51ph4wWwCvWhQjPwW1ccT6hMqK71QcEWAV1fGuOI2jsnc&_nc_ad=z-m&_nc_cid=0&_nc_zt=23&se=8&_nc_ht=scontent-bos5-1.cdninstagram.com&_nc_gid=NItbvW8ycCPCEt2GqP4MAw&_nc_ss=7a3ba&oh=00_Af-A17-Hi-9jLl9IoEhfNn28AUaPzijuMvx_gxwdIWw3pw&oe=6A39864D","","3856860310053991089","carousel_item","hidiff.tw","80015491870","false","false","3808232826123310266","https://scontent-bos5-1.cdninstagram.com/v/t51.82787-19/615343798_17845310625667871_7065812407261479699_n.jpg?stp=dst-jpg_e0_s150x150_tt6&efg=eyJ2ZW5jb2RlX3RhZyI6InByb2ZpbGVfcGljLmRqYW5nby43OTYuYzIifQ&_nc_ht=scontent-bos5-1.cdninstagram.com&_nc_cat=1&_nc_oc=Q6cZ2gHXdgB0stBb5C3GC_IgwrkvaTJLuRrUG_ZP7jvHLI0SAFW_I88hveEBreLZwKMFmVQ&_nc_ohc=CmgFRSIfk20Q7kNvwF4Tzd5&_nc_gid=NItbvW8ycCPCEt2GqP4MAw&edm=APGXKFABAAAA&ccb=7-5&ig_cache_key=GLZmrSQf278oN2Y-ABNDXrjyzg5ibmNDAQAB1501500j-ccb7-5&oh=00_Af9rBjqSH1tsaiyzvfSoSjacLl7q-Iln5LDvimhBzmeSKQ&oe=6A399CDC&_nc_sid=a8b8e2","hidiff.tw",,,,,,,,"2026-03-21T03:25:30.000Z","Image",,,"","0","1570","1178","https://scontent-bos5-1.cdninstagram.com/v/t51.82787-15/655120661_18569966008013312_4760267988571336179_n.jpg?stp=dst-jpg_e35_tt6&_nc_cat=106&ig_cache_key=Mzg1Njg2MDMwOTkzNjYwMDg2Mg%3D%3D.3-ccb7-5&ccb=7-5&_nc_sid=58cdad&efg=eyJ2ZW5jb2RlX3RhZyI6IkNBUk9VU0VMX0lURU0ueHBpZHMuMTE3OC5zZHIucmVndWxhcl9waG90by5DMyJ9&_nc_ohc=AKdhdCRa9mkQ7kNvwFzXpFr&_nc_oc=AdpvbpFNm_tSskl_c0NTzlGAGDFJSp8B1sA2zuY3ldLhcwrHLTif60Cfs99KyRvN-5E&_nc_ad=z-m&_nc_cid=0&_nc_zt=23&se=8&_nc_ht=scontent-bos5-1.cdninstagram.com&_nc_gid=NItbvW8ycCPCEt2GqP4MAw&_nc_ss=7a3ba&oh=00_Af8G40UoKcaR9cQm_OBd0mF0H8LcDBux2AKYH-UQ96n-cg&oe=6A399066","","3856860309936600862","carousel_item",,,,,,,,,,,,,,,"2026-03-21T03:25:30.000Z","Image",,,"","0","1920","1440","https://scontent-bos5-1.cdninstagram.com/v/t51.82787-15/654613377_18569966044013312_789158538666447371_n.jpg?stp=dst-jpg_e35_tt6&_nc_cat=111&ig_cache_key=Mzg1Njg2MDMxMDIyMTc5NDQ3NA%3D%3D.3-ccb7-5&ccb=7-5&_nc_sid=58cdad&efg=eyJ2ZW5jb2RlX3RhZyI6IkNBUk9VU0VMX0lURU0ueHBpZHMuMTQ0MC5zZHIucmVndWxhcl9waG90by5DMyJ9&_nc_ohc=HPr_hA56zcEQ7kNvwG91ClD&_nc_oc=AdpsWaTK6zugTS7afSZH0bOL0_v9vuq3uRfPhi8TDLdGlDUkqJ9jvh2GHcm-NeMD8wQ&_nc_ad=z-m&_nc_cid=0&_nc_zt=23&se=8&_nc_ht=scontent-bos5-1.cdninstagram.com&_nc_gid=NItbvW8ycCPCEt2GqP4MAw&_nc_ss=7a3ba&oh=00_Af8IpgEiPU2BlfKzfdHcHAsBcZk3IDFLuewWLWoqkeSjzw&oe=6A397479","","3856860310221794474","carousel_item",,,,,,,,,,,,,,,"2026-03-21T03:25:30.000Z","Image",,,"","0","1920","1440","https://scontent-bos5-1.cdninstagram.com/v/t51.82787-15/656010490_18569966026013312_2756704549380551117_n.jpg?stp=dst-jpg_e35_tt6&_nc_cat=111&ig_cache_key=Mzg1Njg2MDMwOTkzNjU0NjI3OQ%3D%3D.3-ccb7-5&ccb=7-5&_nc_sid=58cdad&efg=eyJ2ZW5jb2RlX3RhZyI6IkNBUk9VU0VMX0lURU0ueHBpZHMuMTQ0MC5zZHIucmVndWxhcl9waG90by5DMyJ9&_nc_ohc=TIY9if0rjCYQ7kNvwE7g8hr&_nc_oc=AdroNd-wGp1vJDsb4_RrfzP-NhijV371SsBpXflXnEQd250jOaIs4i2vNwgwX4JeHrA&_nc_ad=z-m&_nc_cid=0&_nc_zt=23&se=8&_nc_ht=scontent-bos5-1.cdninstagram.com&_nc_gid=NItbvW8ycCPCEt2GqP4MAw&_nc_ss=7a3ba&oh=00_Af9lltBatVLY96dYOkJ3nLHd6n9keEr2OWstAwr0BRzBhw&oe=6A3976E7","","3856860309936546279","carousel_item",,,,,,,,,,,,,,,"2026-03-21T03:25:30.000Z","Image",,,"","0","1571","1179","https://scontent-bos5-1.cdninstagram.com/v/t51.82787-15/654863875_18569966017013312_7206849445686898868_n.jpg?stp=dst-jpg_e35_tt6&_nc_cat=108&ig_cache_key=Mzg1Njg2MDMxMDA1Mzk4NjI2MA%3D%3D.3-ccb7-5&ccb=7-5&_nc_sid=58cdad&efg=eyJ2ZW5jb2RlX3RhZyI6IkNBUk9VU0VMX0lURU0ueHBpZHMuMTE3OS5zZHIucmVndWxhcl9waG90by5DMyJ9&_nc_ohc=AWpf5xwfXb8Q7kNvwFPvyMF&_nc_oc=AdpcTFZD-LzucPTzo5qtKx4winz1xtvUFld5pHmF7dK8HYGaEuqDZUBjXF_IlIF2ovs&_nc_ad=z-m&_nc_cid=0&_nc_zt=23&se=8&_nc_ht=scontent-bos5-1.cdninstagram.com&_nc_gid=NItbvW8ycCPCEt2GqP4MAw&_nc_ss=7a3ba&oh=00_Af8gGfE7C7UZXM12YhTXptANjBbDf5vME8nsBTNBDlEz4g&oe=6A39697E","","3856860310053986260","carousel_item",,,,,,,,,,,,,,,"2026-03-21T03:25:30.000Z","Image",,,"","0","1920","1440","https://scontent-bos5-1.cdninstagram.com/v/t51.82787-15/654646381_18569966035013312_8415837467232451175_n.jpg?stp=dst-jpg_e35_tt6&_nc_cat=108&ig_cache_key=Mzg1Njg2MDMxMDIzMDE5MjgzNg%3D%3D.3-ccb7-5&ccb=7-5&_nc_sid=58cdad&efg=eyJ2ZW5jb2RlX3RhZyI6IkNBUk9VU0VMX0lURU0ueHBpZHMuMTQ0MC5zZHIucmVndWxhcl9waG90by5DMyJ9&_nc_ohc=1qCfE1GRD5UQ7kNvwEF1QEh&_nc_oc=Adr9odqM8DnYbQKM_7QnWlW8F-799nR5qILqC4UNbkFCHw3si48W6BmO-J15uKDeSvc&_nc_ad=z-m&_nc_cid=0&_nc_zt=23&se=8&_nc_ht=scontent-bos5-1.cdninstagram.com&_nc_gid=NItbvW8ycCPCEt2GqP4MAw&_nc_ss=7a3ba&oh=00_Af9i3uAD6XSBo3HTFleFz1UFnhyMT3fOQ8cOJyJem3vKWg&oe=6A397FAA","","3856860310230192836","carousel_item",,,,,,,,,,,,,,,"2026-03-21T03:25:30.000Z","Image",,,"","0","1920","1440","https://scontent-bos5-1.cdninstagram.com/v/t51.82787-15/655213424_18569966053013312_6078897399942237399_n.jpg?stp=dst-jpg_e35_tt6&_nc_cat=103&ig_cache_key=Mzg1Njg2MDMxMDA1NDAwODY2Mg%3D%3D.3-ccb7-5&ccb=7-5&_nc_sid=58cdad&efg=eyJ2ZW5jb2RlX3RhZyI6IkNBUk9VU0VMX0lURU0ueHBpZHMuMTQ0MC5zZHIucmVndWxhcl9waG90by5DMyJ9&_nc_ohc=HjvA7w1cNRkQ7kNvwH7DZIe&_nc_oc=AdqPRt3ZL1xmmU0YDwH5SMaH2vnku-OJVJLW-K3apHJYkUUopcsKM5DPHeDrtfQRgAk&_nc_ad=z-m&_nc_cid=0&_nc_zt=23&se=8&_nc_ht=scontent-bos5-1.cdninstagram.com&_nc_gid=NItbvW8ycCPCEt2GqP4MAw&_nc_ss=7a3ba&oh=00_Af9CIDbwoC5Z6c1dy8wqcws8kZv0bixVKGnsL0qnPVFBOQ&oe=6A398E61","","3856860310054008662","carousel_item",,,,,,,,,,,,,,,"2026-03-21T03:25:30.000Z","Image",,,"","0","1920","1440","https://scontent-bos5-1.cdninstagram.com/v/t51.82787-15/653012206_18569966065013312_7624314025484103716_n.jpg?stp=dst-jpg_e35_tt6&_nc_cat=104&ig_cache_key=Mzg1Njg2MDMxMDA2MjQwMzAxMA%3D%3D.3-ccb7-5&ccb=7-5&_nc_sid=58cdad&efg=eyJ2ZW5jb2RlX3RhZyI6IkNBUk9VU0VMX0lURU0ueHBpZHMuMTQ0MC5zZHIucmVndWxhcl9waG90by5DMyJ9&_nc_ohc=OvGuicSn1GUQ7kNvwEVK657&_nc_oc=AdqBvj0Pmlhfi4coqNUespgvgHx6-wK_xC7UYq7nnIT3v2sstk4u5zq0PlQ_w490560&_nc_ad=z-m&_nc_cid=0&_nc_zt=23&se=8&_nc_ht=scontent-bos5-1.cdninstagram.com&_nc_gid=NItbvW8ycCPCEt2GqP4MAw&_nc_ss=7a3ba&oh=00_Af_rJsknSteU4qquiED7_bqquj5vtz8rI_UfISjzKyj0GA&oe=6A398327","","3856860310062403010","carousel_item",,,,,,,,,,,,,,,"2026-03-21T03:25:30.000Z","Image",,,"","0","1918","1440","https://scontent-bos5-1.cdninstagram.com/v/t51.82787-15/656197578_18569966074013312_1676616841740274311_n.jpg?stp=dst-jpg_e35_tt6&_nc_cat=103&ig_cache_key=Mzg1Njg2MDMwOTkzNjU5NDMyMw%3D%3D.3-ccb7-5&ccb=7-5&_nc_sid=58cdad&efg=eyJ2ZW5jb2RlX3RhZyI6IkNBUk9VU0VMX0lURU0ueHBpZHMuMTQ0MC5zZHIucmVndWxhcl9waG90by5DMyJ9&_nc_ohc=pMVV7mD9g9EQ7kNvwE8hGEm&_nc_oc=AdqeQihtH-7woCx1-DmXOFU47A9fHhAEWuDb7tEyqSrknJOGwf8q43t-Abk3FKh-AS4&_nc_ad=z-m&_nc_cid=0&_nc_zt=23&se=8&_nc_ht=scontent-bos5-1.cdninstagram.com&_nc_gid=NItbvW8ycCPCEt2GqP4MAw&_nc_ss=7a3ba&oh=00_Af8ekQGEboVqFdOUeraukReJxkWSIG45z72f71CC7i_u1Q&oe=6A39994F","","3856860309936594323","carousel_item",,,,,,,,,,,,,,,"2026-03-21T03:25:30.000Z","Image",,,,,,,,,,,,,,,,,,,,,,,,,,,,,,,,,,,,,,,,,,,,,,,,,,,,,,,,,,,,,,,,,,,,,,,,,,,,,,,,,,,,,,,,,,,,,,,,,,,,,,,,,,,,,,,,,,,,,,,,,,,,,,,,,,,,,,,,,,,,"1","1920","1440","https://scontent-bos5-1.cdninstagram.com/v/t51.82787-15/654439413_18569965996013312_1439330299503945507_n.jpg?stp=dst-jpg_e35_tt6&_nc_cat=102&ig_cache_key=Mzg1Njg2MDMxMDA1Mzk5MTA4OQ%3D%3D.3-ccb7-5&ccb=7-5&_nc_sid=58cdad&efg=eyJ2ZW5jb2RlX3RhZyI6IkNBUk9VU0VMX0lURU0ueHBpZHMuMTQ0MC5zZHIucmVndWxhcl9waG90by5DMyJ9&_nc_ohc=tI1xbH41q04Q7kNvwFfpEQ7&_nc_oc=AdrcVIJgUf_3G_GVRYRWn-51ph4wWwCvWhQjPwW1ccT6hMqK71QcEWAV1fGuOI2jsnc&_nc_ad=z-m&_nc_cid=0&_nc_zt=23&se=8&_nc_ht=scontent-bos5-1.cdninstagram.com&_nc_gid=NItbvW8ycCPCEt2GqP4MAw&_nc_ss=7a3ba&oh=00_Af-A17-Hi-9jLl9IoEhfNn28AUaPzijuMvx_gxwdIWw3pw&oe=6A39864D",,,"","泡泡化妝水-拍三次（皮膚喝飽水）","高濃縮精華-穩定膚況","修護乳霜-鎖水收尾","hidiff","養膚routine","3857474424434495221",,"https://scontent-bos5-1.cdninstagram.com/v/t51.82787-15/654439413_18569965996013312_1439330299503945507_n.jpg?stp=dst-jpg_e35_tt6&_nc_cat=102&ig_cache_key=Mzg1Njg2MDMxMDA1Mzk5MTA4OQ%3D%3D.3-ccb7-5&ccb=7-5&_nc_sid=58cdad&efg=eyJ2ZW5jb2RlX3RhZyI6IkNBUk9VU0VMX0lURU0ueHBpZHMuMTQ0MC5zZHIucmVndWxhcl9waG90by5DMyJ9&_nc_ohc=tI1xbH41q04Q7kNvwFfpEQ7&_nc_oc=AdrcVIJgUf_3G_GVRYRWn-51ph4wWwCvWhQjPwW1ccT6hMqK71QcEWAV1fGuOI2jsnc&_nc_ad=z-m&_nc_cid=0&_nc_zt=23&se=8&_nc_ht=scontent-bos5-1.cdninstagram.com&_nc_gid=NItbvW8ycCPCEt2GqP4MAw&_nc_ss=7a3ba&oh=00_Af-A17-Hi-9jLl9IoEhfNn28AUaPzijuMvx_gxwdIWw3pw&oe=6A39864D","https://scontent-bos5-1.cdninstagram.com/v/t51.82787-15/655120661_18569966008013312_4760267988571336179_n.jpg?stp=dst-jpg_e35_tt6&_nc_cat=106&ig_cache_key=Mzg1Njg2MDMwOTkzNjYwMDg2Mg%3D%3D.3-ccb7-5&ccb=7-5&_nc_sid=58cdad&efg=eyJ2ZW5jb2RlX3RhZyI6IkNBUk9VU0VMX0lURU0ueHBpZHMuMTE3OC5zZHIucmVndWxhcl9waG90by5DMyJ9&_nc_ohc=AKdhdCRa9mkQ7kNvwFzXpFr&_nc_oc=AdpvbpFNm_tSskl_c0NTzlGAGDFJSp8B1sA2zuY3ldLhcwrHLTif60Cfs99KyRvN-5E&_nc_ad=z-m&_nc_cid=0&_nc_zt=23&se=8&_nc_ht=scontent-bos5-1.cdninstagram.com&_nc_gid=NItbvW8ycCPCEt2GqP4MAw&_nc_ss=7a3ba&oh=00_Af8G40UoKcaR9cQm_OBd0mF0H8LcDBux2AKYH-UQ96n-cg&oe=6A399066","https://scontent-bos5-1.cdninstagram.com/v/t51.82787-15/654613377_18569966044013312_789158538666447371_n.jpg?stp=dst-jpg_e35_tt6&_nc_cat=111&ig_cache_key=Mzg1Njg2MDMxMDIyMTc5NDQ3NA%3D%3D.3-ccb7-5&ccb=7-5&_nc_sid=58cdad&efg=eyJ2ZW5jb2RlX3RhZyI6IkNBUk9VU0VMX0lURU0ueHBpZHMuMTQ0MC5zZHIucmVndWxhcl9waG90by5DMyJ9&_nc_ohc=HPr_hA56zcEQ7kNvwG91ClD&_nc_oc=AdpsWaTK6zugTS7afSZH0bOL0_v9vuq3uRfPhi8TDLdGlDUkqJ9jvh2GHcm-NeMD8wQ&_nc_ad=z-m&_nc_cid=0&_nc_zt=23&se=8&_nc_ht=scontent-bos5-1.cdninstagram.com&_nc_gid=NItbvW8ycCPCEt2GqP4MAw&_nc_ss=7a3ba&oh=00_Af8IpgEiPU2BlfKzfdHcHAsBcZk3IDFLuewWLWoqkeSjzw&oe=6A397479","https://scontent-bos5-1.cdninstagram.com/v/t51.82787-15/656010490_18569966026013312_2756704549380551117_n.jpg?stp=dst-jpg_e35_tt6&_nc_cat=111&ig_cache_key=Mzg1Njg2MDMwOTkzNjU0NjI3OQ%3D%3D.3-ccb7-5&ccb=7-5&_nc_sid=58cdad&efg=eyJ2ZW5jb2RlX3RhZyI6IkNBUk9VU0VMX0lURU0ueHBpZHMuMTQ0MC5zZHIucmVndWxhcl9waG90by5DMyJ9&_nc_ohc=TIY9if0rjCYQ7kNvwE7g8hr&_nc_oc=AdroNd-wGp1vJDsb4_RrfzP-NhijV371SsBpXflXnEQd250jOaIs4i2vNwgwX4JeHrA&_nc_ad=z-m&_nc_cid=0&_nc_zt=23&se=8&_nc_ht=scontent-bos5-1.cdninstagram.com&_nc_gid=NItbvW8ycCPCEt2GqP4MAw&_nc_ss=7a3ba&oh=00_Af9lltBatVLY96dYOkJ3nLHd6n9keEr2OWstAwr0BRzBhw&oe=6A3976E7","https://scontent-bos5-1.cdninstagram.com/v/t51.82787-15/654863875_18569966017013312_7206849445686898868_n.jpg?stp=dst-jpg_e35_tt6&_nc_cat=108&ig_cache_key=Mzg1Njg2MDMxMDA1Mzk4NjI2MA%3D%3D.3-ccb7-5&ccb=7-5&_nc_sid=58cdad&efg=eyJ2ZW5jb2RlX3RhZyI6IkNBUk9VU0VMX0lURU0ueHBpZHMuMTE3OS5zZHIucmVndWxhcl9waG90by5DMyJ9&_nc_ohc=AWpf5xwfXb8Q7kNvwFPvyMF&_nc_oc=AdpcTFZD-LzucPTzo5qtKx4winz1xtvUFld5pHmF7dK8HYGaEuqDZUBjXF_IlIF2ovs&_nc_ad=z-m&_nc_cid=0&_nc_zt=23&se=8&_nc_ht=scontent-bos5-1.cdninstagram.com&_nc_gid=NItbvW8ycCPCEt2GqP4MAw&_nc_ss=7a3ba&oh=00_Af8gGfE7C7UZXM12YhTXptANjBbDf5vME8nsBTNBDlEz4g&oe=6A39697E","https://scontent-bos5-1.cdninstagram.com/v/t51.82787-15/654646381_18569966035013312_8415837467232451175_n.jpg?stp=dst-jpg_e35_tt6&_nc_cat=108&ig_cache_key=Mzg1Njg2MDMxMDIzMDE5MjgzNg%3D%3D.3-ccb7-5&ccb=7-5&_nc_sid=58cdad&efg=eyJ2ZW5jb2RlX3RhZyI6IkNBUk9VU0VMX0lURU0ueHBpZHMuMTQ0MC5zZHIucmVndWxhcl9waG90by5DMyJ9&_nc_ohc=1qCfE1GRD5UQ7kNvwEF1QEh&_nc_oc=Adr9odqM8DnYbQKM_7QnWlW8F-799nR5qILqC4UNbkFCHw3si48W6BmO-J15uKDeSvc&_nc_ad=z-m&_nc_cid=0&_nc_zt=23&se=8&_nc_ht=scontent-bos5-1.cdninstagram.com&_nc_gid=NItbvW8ycCPCEt2GqP4MAw&_nc_ss=7a3ba&oh=00_Af9i3uAD6XSBo3HTFleFz1UFnhyMT3fOQ8cOJyJem3vKWg&oe=6A397FAA","https://scontent-bos5-1.cdninstagram.com/v/t51.82787-15/655213424_18569966053013312_6078897399942237399_n.jpg?stp=dst-jpg_e35_tt6&_nc_cat=103&ig_cache_key=Mzg1Njg2MDMxMDA1NDAwODY2Mg%3D%3D.3-ccb7-5&ccb=7-5&_nc_sid=58cdad&efg=eyJ2ZW5jb2RlX3RhZyI6IkNBUk9VU0VMX0lURU0ueHBpZHMuMTQ0MC5zZHIucmVndWxhcl9waG90by5DMyJ9&_nc_ohc=HjvA7w1cNRkQ7kNvwH7DZIe&_nc_oc=AdqPRt3ZL1xmmU0YDwH5SMaH2vnku-OJVJLW-K3apHJYkUUopcsKM5DPHeDrtfQRgAk&_nc_ad=z-m&_nc_cid=0&_nc_zt=23&se=8&_nc_ht=scontent-bos5-1.cdninstagram.com&_nc_gid=NItbvW8ycCPCEt2GqP4MAw&_nc_ss=7a3ba&oh=00_Af9CIDbwoC5Z6c1dy8wqcws8kZv0bixVKGnsL0qnPVFBOQ&oe=6A398E61","https://scontent-bos5-1.cdninstagram.com/v/t51.82787-15/653012206_18569966065013312_7624314025484103716_n.jpg?stp=dst-jpg_e35_tt6&_nc_cat=104&ig_cache_key=Mzg1Njg2MDMxMDA2MjQwMzAxMA%3D%3D.3-ccb7-5&ccb=7-5&_nc_sid=58cdad&efg=eyJ2ZW5jb2RlX3RhZyI6IkNBUk9VU0VMX0lURU0ueHBpZHMuMTQ0MC5zZHIucmVndWxhcl9waG90by5DMyJ9&_nc_ohc=OvGuicSn1GUQ7kNvwEVK657&_nc_oc=AdqBvj0Pmlhfi4coqNUespgvgHx6-wK_xC7UYq7nnIT3v2sstk4u5zq0PlQ_w490560&_nc_ad=z-m&_nc_cid=0&_nc_zt=23&se=8&_nc_ht=scontent-bos5-1.cdninstagram.com&_nc_gid=NItbvW8ycCPCEt2GqP4MAw&_nc_ss=7a3ba&oh=00_Af_rJsknSteU4qquiED7_bqquj5vtz8rI_UfISjzKyj0GA&oe=6A398327","https://scontent-bos5-1.cdninstagram.com/v/t51.82787-15/656197578_18569966074013312_1676616841740274311_n.jpg?stp=dst-jpg_e35_tt6&_nc_cat=103&ig_cache_key=Mzg1Njg2MDMwOTkzNjU5NDMyMw%3D%3D.3-ccb7-5&ccb=7-5&_nc_sid=58cdad&efg=eyJ2ZW5jb2RlX3RhZyI6IkNBUk9VU0VMX0lURU0ueHBpZHMuMTQ0MC5zZHIucmVndWxhcl9waG90by5DMyJ9&_nc_ohc=pMVV7mD9g9EQ7kNvwE8hGEm&_nc_oc=AdqeQihtH-7woCx1-DmXOFU47A9fHhAEWuDb7tEyqSrknJOGwf8q43t-Abk3FKh-AS4&_nc_ad=z-m&_nc_cid=0&_nc_zt=23&se=8&_nc_ht=scontent-bos5-1.cdninstagram.com&_nc_gid=NItbvW8ycCPCEt2GqP4MAw&_nc_ss=7a3ba&oh=00_Af8ekQGEboVqFdOUeraukReJxkWSIG45z72f71CC7i_u1Q&oe=6A39994F",,,,,,"https://www.instagram.com/hidiff.tw/",,"42",,"hidiff.tw",,,"0",,,,,,,,,,,,,,,,,,,,,,,,,,,,,,,,,,,,,,,,,,,,,,,,,,,,,,,,,,,,,,,,,,,,,,,,"앰버","320333311","iamnotannber","true","carousel_container","DWIgI0eko71","hidiff.tw","80015491870","false","false",,"https://scontent-bos5-1.cdninstagram.com/v/t51.82787-19/615343798_17845310625667871_7065812407261479699_n.jpg?stp=dst-jpg_e0_s150x150_tt6&efg=eyJ2ZW5jb2RlX3RhZyI6InByb2ZpbGVfcGljLmRqYW5nby43OTYuYzIifQ&_nc_ht=scontent-bos5-1.cdninstagram.com&_nc_cat=1&_nc_oc=Q6cZ2gHXdgB0stBb5C3GC_IgwrkvaTJLuRrUG_ZP7jvHLI0SAFW_I88hveEBreLZwKMFmVQ&_nc_ohc=CmgFRSIfk20Q7kNvwF4Tzd5&_nc_gid=NItbvW8ycCPCEt2GqP4MAw&edm=APGXKFABAAAA&ccb=7-5&ig_cache_key=GLZmrSQf278oN2Y-ABNDXrjyzg5ibmNDAQAB1501500j-ccb7-5&oh=00_Af9rBjqSH1tsaiyzvfSoSjacLl7q-Iln5LDvimhBzmeSKQ&oe=6A399CDC&_nc_sid=a8b8e2",,"hidiff.tw",,,,,,,,,"2026-03-21T03:25:30.000Z","Sidecar","https://www.instagram.com/p/DWIgI0eko71/",,"0",
"搶先體驗95折優惠！
輸入 優惠碼hidiff01 即可獲得！

最近的天氣是海底撈變臉
事先想好下週要穿什麼 結果當天又要全部換掉🤯
就連皮膚保養也是 一年四季都會有所不同

幸好我做好萬全的準備
如果是忽冷忽熱的季節 我就會用hidiff 的綠珍珠系列

泡泡化妝水 是很細緻的泡泡 上臉很輕
我很喜歡它在臉上慢慢消泡的感覺🫧⋆。 °
讓化妝水慢慢吃進去肌膚裡 非常療癒
輕拍幾層皮膚就會有很舒服的水潤感

再用 D-泛醇3%高濃縮水精華
這瓶吸收很快 是清爽的水感精華
早上用也不會跟底妝打架
反而會讓皮膚看起來比較透一點

最後擦上酪梨修護乳霜把水分鎖住
細緻的奶油感但不阻塞毛孔

現在的生活步調很快 
但皮膚反而要慢下來回歸簡單保養⋯ ☆

@hidiff.tw 
#hidiff
#養膚routine
#hidiff集中養膚組","","0","1919","1440","https://scontent-bos5-1.cdninstagram.com/v/t51.82787-15/654719640_18567918682062050_4490526203408182045_n.jpg?stp=dst-jpg_e35_tt6&_nc_cat=108&ig_cache_key=Mzg1Njk4OTUyOTg1NzgxNDk2Mw%3D%3D.3-ccb7-5&ccb=7-5&_nc_sid=58cdad&efg=eyJ2ZW5jb2RlX3RhZyI6IkNBUk9VU0VMX0lURU0ueHBpZHMuMTQ0MC5zZHIucmVndWxhcl9waG90by5DMyJ9&_nc_ohc=oVX7vnqBwAgQ7kNvwHKHY-T&_nc_oc=AdoD1FWAw4kiM3o8ph2k4nhaFm_YGVEnvgIZOmJKFDq0E1cpTKJJRtiMhsJAeCW71cM&_nc_ad=z-m&_nc_cid=0&_nc_zt=23&se=8&_nc_ht=scontent-bos5-1.cdninstagram.com&_nc_gid=NItbvW8ycCPCEt2GqP4MAw&_nc_ss=7a3ba&oh=00_Af-drYmnXCpqrm-WDSFH5w2jAFgHd4_c3lWMc_9dbbENOw&oe=6A399B5A","","3856989529857814963","carousel_item",,,,,,,,,,,,,,,"2026-03-20T12:17:38.000Z","Image",,,"","0","1920","1440","https://scontent-bos5-1.cdninstagram.com/v/t51.82787-15/654952405_18567918691062050_8351001214267987580_n.jpg?stp=dst-jpg_e35_tt6&_nc_cat=111&ig_cache_key=Mzg1Njk4OTUyODQyMzM2NjI3MA%3D%3D.3-ccb7-5&ccb=7-5&_nc_sid=58cdad&efg=eyJ2ZW5jb2RlX3RhZyI6IkNBUk9VU0VMX0lURU0ueHBpZHMuMTQ0MC5zZHIucmVndWxhcl9waG90by5DMyJ9&_nc_ohc=UAppFgZg9zUQ7kNvwEjZxBV&_nc_oc=AdrZQ-VgU4e36uv2589JXvzLpPk3CrxA348LhZ2q2mpylGslsH5g1drErFb6H-AysBI&_nc_ad=z-m&_nc_cid=0&_nc_zt=23&se=8&_nc_ht=scontent-bos5-1.cdninstagram.com&_nc_gid=NItbvW8ycCPCEt2GqP4MAw&_nc_ss=7a3ba&oh=00_Af8uKAOvse35avqFRXymxkeoeHCSZKg91HX7CKYKPijaHw&oe=6A398F95","","3856989528423366270","carousel_item",,,,,,,,,,,,,,,"2026-03-20T12:17:38.000Z","Image",,,"","0","1920","1440","https://scontent-bos5-1.cdninstagram.com/v/t51.82787-15/655874507_18567918718062050_8073348118542415030_n.jpg?stp=dst-jpg_e35_tt6&_nc_cat=103&ig_cache_key=Mzg1Njk4OTUzMTc1MzY0MjAzMw%3D%3D.3-ccb7-5&ccb=7-5&_nc_sid=58cdad&efg=eyJ2ZW5jb2RlX3RhZyI6IkNBUk9VU0VMX0lURU0ueHBpZHMuMTQ0MC5zZHIucmVndWxhcl9waG90by5DMyJ9&_nc_ohc=TySb-w6MzOcQ7kNvwE0YHq7&_nc_oc=Adr3wwZb9Z56qE_l6U8nS5LlZsAwMjr775MSpMKYW7Wr5bj_UWoQVQV7pXOoafgAdj4&_nc_ad=z-m&_nc_cid=0&_nc_zt=23&se=8&_nc_ht=scontent-bos5-1.cdninstagram.com&_nc_gid=NItbvW8ycCPCEt2GqP4MAw&_nc_ss=7a3ba&oh=00_Af9ywdWc1Wt3P1r4cnREuB4DAbfZGAXhucoeOuql_3qSPQ&oe=6A3994D2","","3856989531753642033","carousel_item",,,,,,,,,,,,,,,"2026-03-20T12:17:38.000Z","Image",,,"","0","1920","1440","https://scontent-bos5-1.cdninstagram.com/v/t51.82787-15/655232850_18567918733062050_5565375808131470428_n.jpg?stp=dst-jpg_e35_tt6&_nc_cat=107&ig_cache_key=Mzg1Njk4OTUzMzAzNzA4ODc5MQ%3D%3D.3-ccb7-5&ccb=7-5&_nc_sid=58cdad&efg=eyJ2ZW5jb2RlX3RhZyI6IkNBUk9VU0VMX0lURU0ueHBpZHMuMTQ0MC5zZHIucmVndWxhcl9waG90by5DMyJ9&_nc_ohc=XCCnLFr6718Q7kNvwE1FODo&_nc_oc=AdrcnRxLW28g0ckwm_teS8Il17n34u16q3vFgxvlsISgA4SG5AJvfkrkJ0_MpahPkDQ&_nc_ad=z-m&_nc_cid=0&_nc_zt=23&se=8&_nc_ht=scontent-bos5-1.cdninstagram.com&_nc_gid=NItbvW8ycCPCEt2GqP4MAw&_nc_ss=7a3ba&oh=00_Af8WfwLCZ5TQMVmgnxs9w7FKF5A_jN9KJ_Mpd-xf0JGXLw&oe=6A398E94","","3856989533037088791","carousel_item",,,,,,,,,,,,,,,"2026-03-20T12:17:38.000Z","Image",,,"","0","1920","1440","https://scontent-bos5-1.cdninstagram.com/v/t51.82787-15/655618483_18567918700062050_1544962875819593151_n.jpg?stp=dst-jpg_e35_tt6&_nc_cat=108&ig_cache_key=Mzg1Njk4OTUzMzYyNDMyOTY5OQ%3D%3D.3-ccb7-5&ccb=7-5&_nc_sid=58cdad&efg=eyJ2ZW5jb2RlX3RhZyI6IkNBUk9VU0VMX0lURU0ueHBpZHMuMTQ0MC5zZHIucmVndWxhcl9waG90by5DMyJ9&_nc_ohc=6oo3SLmzZaQQ7kNvwExD5qz&_nc_oc=AdrVMr5bC2BOtWaUz6it8bHft66prOoXIzR95Lu6-Im3cHzsaWs6qj9CZVsW3sj3m40&_nc_ad=z-m&_nc_cid=0&_nc_zt=23&se=8&_nc_ht=scontent-bos5-1.cdninstagram.com&_nc_gid=NItbvW8ycCPCEt2GqP4MAw&_nc_ss=7a3ba&oh=00_Af_L5vGczKv7XE8OrhE2uEMndC5OtRDqVeYQlxLgZujTiA&oe=6A39908E","","3856989533624329699","carousel_item","hidiff.tw","80015491870","false","false","3808232826123310266","https://scontent-bos5-1.cdninstagram.com/v/t51.82787-19/615343798_17845310625667871_7065812407261479699_n.jpg?stp=dst-jpg_e0_s150x150_tt6&efg=eyJ2ZW5jb2RlX3RhZyI6InByb2ZpbGVfcGljLmRqYW5nby43OTYuYzIifQ&_nc_ht=scontent-bos5-1.cdninstagram.com&_nc_cat=1&_nc_oc=Q6cZ2gHXdgB0stBb5C3GC_IgwrkvaTJLuRrUG_ZP7jvHLI0SAFW_I88hveEBreLZwKMFmVQ&_nc_ohc=CmgFRSIfk20Q7kNvwF4Tzd5&_nc_gid=NItbvW8ycCPCEt2GqP4MAw&edm=APGXKFABAAAA&ccb=7-5&ig_cache_key=GLZmrSQf278oN2Y-ABNDXrjyzg5ibmNDAQAB1501500j-ccb7-5&oh=00_Af9rBjqSH1tsaiyzvfSoSjacLl7q-Iln5LDvimhBzmeSKQ&oe=6A399CDC&_nc_sid=a8b8e2","hidiff.tw",,,,,,,,"2026-03-20T12:17:38.000Z","Image",,,"","0","960","720","https://scontent-bos5-1.cdninstagram.com/v/t51.82787-15/655603567_18567918772062050_8663173030322731155_n.jpg?stp=dst-jpg_e15_tt6&_nc_cat=104&ig_cache_key=Mzg1Njk4OTQ5MzY2OTM5MjA3Mw%3D%3D.3-ccb7-5&ccb=7-5&_nc_sid=58cdad&efg=eyJ2ZW5jb2RlX3RhZyI6IkNBUk9VU0VMX0lURU0ueHBpZHMuNzIwLnNkci52aWRlb19kZWZhdWx0X2NvdmVyX2ZyYW1lLkMzIn0%3D&_nc_ohc=fp6c3aUECOMQ7kNvwG45whV&_nc_oc=Adoiu74rVmY3G-E61kjP4lIYdGrEqotSUfa_gmBlC0JLl2Kv-yEg1-uWUE1LXMEDIC4&_nc_ad=z-m&_nc_cid=0&_nc_zt=23&_nc_ht=scontent-bos5-1.cdninstagram.com&_nc_gid=NItbvW8ycCPCEt2GqP4MAw&_nc_ss=7a3ba&oh=00_Af9UV4X6UDT3_8vo49_jpNAJU4aGT6rdj0ba0juoDC-Tzg&oe=6A399CEF","","3856989493669392073","carousel_item",,,,,,,,,,,,,,,"2026-03-20T12:17:38.000Z","Video","8.265999794006348","https://scontent-bos5-1.cdninstagram.com/o1/v/t16/f2/m69/AQOMsvR0i7bbHFbw_KGy3ITPiGGrjR4JaqYayQ7U6mNGGZUMy_YXWpdksKiMIQu5kgsZ8QBIVu-PKtIInLazMZbd.mp4?strext=1&_nc_cat=111&_nc_sid=5e9851&_nc_ht=scontent-bos5-1.cdninstagram.com&_nc_ohc=8Okq39JPaKQQ7kNvwGfzMcR&efg=eyJ2ZW5jb2RlX3RhZyI6Inhwdl9wcm9ncmVzc2l2ZS5JTlNUQUdSQU0uQ0FST1VTRUxfSVRFTS5DMy43MjAuZGFzaF9iYXNlbGluZV8xX3YxIiwieHB2X2Fzc2V0X2lkIjoxNzk0OTYyMzQ4MTExNTMyOSwiYXNzZXRfYWdlX2RheXMiOjg5LCJ2aV91c2VjYXNlX2lkIjoxMDE0NiwiZHVyYXRpb25fcyI6OCwidXJsZ2VuX3NvdXJjZSI6Ind3dyJ9&ccb=17-1&vs=54a7574ec7a8f977&_nc_vs=HBksFQIYOnBhc3N0aHJvdWdoX2V2ZXJzdG9yZS9HRXF3OXliMkJ1RUR2SVVGQUtlU3NLU0ZLNHc2YnNwVEFRQUYVAALIARIAFQIYUWlnX3hwdl9wbGFjZW1lbnRfcGVybWFuZW50X3YyL0Y5NDIyMzMyNjk5MEQ1M0YxNkI0NzEzRENDQzU5MDkyX2F1ZGlvX2Rhc2hpbml0Lm1wNBUCAsgBEgAoABgAGwKIB3VzZV9vaWwBMRJwcm9ncmVzc2l2ZV9yZWNpcGUBMRUAACaCi423zMXiPxUCKAJDMywXQCCIMSbpeNUYEmRhc2hfYmFzZWxpbmVfMV92MREAde4HZcSeAQA&_nc_gid=NItbvW8ycCPCEt2GqP4MAw&_nc_ss=7a3ba&_nc_zt=28&oh=00_Af-1XV4GR-AhlvDfbOSDP_7ln9V_lNNrnXUp_26wRYKLLw&oe=6A397605","","0","1920","1440","https://scontent-bos5-1.cdninstagram.com/v/t51.82787-15/655522785_18567918727062050_2195050356844182443_n.jpg?stp=dst-jpg_e35_tt6&_nc_cat=101&ig_cache_key=Mzg1Njk4OTUzNTQ2MTQzODc2NQ%3D%3D.3-ccb7-5&ccb=7-5&_nc_sid=58cdad&efg=eyJ2ZW5jb2RlX3RhZyI6IkNBUk9VU0VMX0lURU0ueHBpZHMuMTQ0MC5zZHIucmVndWxhcl9waG90by5DMyJ9&_nc_ohc=rIevdS8HMJEQ7kNvwEjQIYR&_nc_oc=AdrpkGlNnnbfnHz0Tg1A26qm15Theyvb7CvaNpLQR1Yg4l8xw0_E9Gzuvc0z_j2H9oM&_nc_ad=z-m&_nc_cid=0&_nc_zt=23&se=8&_nc_ht=scontent-bos5-1.cdninstagram.com&_nc_gid=NItbvW8ycCPCEt2GqP4MAw&_nc_ss=7a3ba&oh=00_Af9vdVb4s69uL396HCzc5bj6GvktoupL_gfsJPLp8JR1hw&oe=6A3971CE","","3856989535461438765","carousel_item",,,,,,,,,,,,,,,"2026-03-20T12:17:38.000Z","Image",,,"","0","1920","1440","https://scontent-bos5-1.cdninstagram.com/v/t51.82787-15/653842847_18567918706062050_8520621722412192843_n.jpg?stp=dst-jpg_e35_tt6&_nc_cat=108&ig_cache_key=Mzg1Njk4OTUzNTMxMDQwMzg1Nw%3D%3D.3-ccb7-5&ccb=7-5&_nc_sid=58cdad&efg=eyJ2ZW5jb2RlX3RhZyI6IkNBUk9VU0VMX0lURU0ueHBpZHMuMTQ0MC5zZHIucmVndWxhcl9waG90by5DMyJ9&_nc_ohc=zClVAS2J3_QQ7kNvwGdy1Mz&_nc_oc=AdrS0ocd3LAiLEzHHb62eZPSMv8OMOBgkkVsO4_ZyNNW16fVaCef1tK1qdbBWo506ps&_nc_ad=z-m&_nc_cid=0&_nc_zt=23&se=8&_nc_ht=scontent-bos5-1.cdninstagram.com&_nc_gid=NItbvW8ycCPCEt2GqP4MAw&_nc_ss=7a3ba&oh=00_Af-nO3nTFEZPqn346M-QZE5MvTKgOSxy7SFkFVKmcTJb-g&oe=6A39825D","","3856989535310403857","carousel_item",,,,,,,,,,,,,,,"2026-03-20T12:17:38.000Z","Image",,,"","0","1920","1440","https://scontent-bos5-1.cdninstagram.com/v/t51.82787-15/654193216_18567918754062050_1834516379293985830_n.jpg?stp=dst-jpg_e35_tt6&_nc_cat=108&ig_cache_key=Mzg1Njk4OTUzNjI1ODI5NDQ0OA%3D%3D.3-ccb7-5&ccb=7-5&_nc_sid=58cdad&efg=eyJ2ZW5jb2RlX3RhZyI6IkNBUk9VU0VMX0lURU0ueHBpZHMuMTQ0MC5zZHIucmVndWxhcl9waG90by5DMyJ9&_nc_ohc=EqU0nbyk3OcQ7kNvwFo3IJO&_nc_oc=AdqjXn_egrhm06N0EcfWhbTt_hkM3OL-F5VT-j5uvry5AEQlo9yrvFrNN0Zxn2udQQQ&_nc_ad=z-m&_nc_cid=0&_nc_zt=23&se=8&_nc_ht=scontent-bos5-1.cdninstagram.com&_nc_gid=NItbvW8ycCPCEt2GqP4MAw&_nc_ss=7a3ba&oh=00_Af-zYQPES-thxPRfG9b-fy2j3qi4u_slJiGt_dGkmUN12w&oe=6A398FC2","","3856989536258294448","carousel_item",,,,,,,,,,,,,,,"2026-03-20T12:17:38.000Z","Image",,,"","0","1920","1440","https://scontent-bos5-1.cdninstagram.com/v/t51.82787-15/654673932_18567918763062050_400433447847594354_n.jpg?stp=dst-jpegr_e35_tt6&_nc_cat=110&ig_cache_key=Mzg1Njk4OTUzNjkyMTA1MDcxNg%3D%3D.3-ccb7-5&ccb=7-5&_nc_sid=58cdad&efg=eyJ2ZW5jb2RlX3RhZyI6IkNBUk9VU0VMX0lURU0ueHBpZHMuMTQ0MC5oZHIucmVndWxhcl9waG90by5DMyJ9&_nc_ohc=Xh1UlLjteQsQ7kNvwEe8Tib&_nc_oc=AdrwXhWDaTq3TADc_YnNqmj6t-RtamYtbRXBkXQuE1Yi_6GM82ALndHC4T5NZBXj4Z0&_nc_ad=z-m&_nc_cid=0&_nc_zt=23&se=8&_nc_ht=scontent-bos5-1.cdninstagram.com&_nc_gid=NItbvW8ycCPCEt2GqP4MAw&_nc_ss=7a3ba&oh=00_Af-ggIj-93JDBgtj6it-0qM21xfDq6oHXKlZp8AhmS9rqw&oe=6A39961D","","3856989536921050716","carousel_item",,,,,,,,,,,,,,,"2026-03-20T12:17:38.000Z","Image",,,"","0","1920","1440","https://scontent-bos5-1.cdninstagram.com/v/t51.82787-15/655204244_18567918745062050_6948395066774100563_n.jpg?stp=dst-jpg_e35_tt6&_nc_cat=109&ig_cache_key=Mzg1Njk4OTUzODA0NTA5NjQyOA%3D%3D.3-ccb7-5&ccb=7-5&_nc_sid=58cdad&efg=eyJ2ZW5jb2RlX3RhZyI6IkNBUk9VU0VMX0lURU0ueHBpZHMuMTQ0MC5zZHIucmVndWxhcl9waG90by5DMyJ9&_nc_ohc=YmHA-yJLm5EQ7kNvwGv7o-v&_nc_oc=Ado2rd01UcW8fZji2ddnw5SECQu5-fXZaIY5e9vVL5DoI4hnLzWORPQmc9DvcnsVK1A&_nc_ad=z-m&_nc_cid=0&_nc_zt=23&se=8&_nc_ht=scontent-bos5-1.cdninstagram.com&_nc_gid=NItbvW8ycCPCEt2GqP4MAw&_nc_ss=7a3ba&oh=00_Af_yvGoggXNv9kNMekZwG4vZweneCtFfpUUgTOs8Fg2nkw&oe=6A3979FF","","3856989538045096428","carousel_item",,,,,,,,,,,,,,,"2026-03-20T12:17:38.000Z","Image",,,"","0","1919","1440","https://scontent-bos5-1.cdninstagram.com/v/t51.82787-15/654051921_18567918790062050_3238243899428832318_n.jpg?stp=dst-jpg_e35_tt6&_nc_cat=106&ig_cache_key=Mzg1Njk4OTU1MzQzODIwNzkyMA%3D%3D.3-ccb7-5&ccb=7-5&_nc_sid=58cdad&efg=eyJ2ZW5jb2RlX3RhZyI6IkNBUk9VU0VMX0lURU0ueHBpZHMuMTQ0MC5zZHIucmVndWxhcl9waG90by5DMyJ9&_nc_ohc=ZS5x-Lv_Y8wQ7kNvwE6NUu4&_nc_oc=AdrdRqrD-kYWmD6HF0wc1PhC1Wd8vXNmLXqkM77xVG3rwZKvKWEMeg5ywev8xpcxqkc&_nc_ad=z-m&_nc_cid=0&_nc_zt=23&se=8&_nc_ht=scontent-bos5-1.cdninstagram.com&_nc_gid=NItbvW8ycCPCEt2GqP4MAw&_nc_ss=7a3ba&oh=00_Af8eTn4bkdBDT_kD9pmFAViyhD0Z0dIxJcR1QN6nLtrd-A&oe=6A39916B","","3856989553438207920","carousel_item",,,,,,,,,,,,,,,"2026-03-20T12:17:38.000Z","Image",,,"","0","1919","1440","https://scontent-bos5-1.cdninstagram.com/v/t51.82787-15/655962736_18567918796062050_5350085879285313643_n.jpg?stp=dst-jpg_e35_tt6&_nc_cat=107&ig_cache_key=Mzg1Njk4OTU1NTU0Mzc2NjgxMA%3D%3D.3-ccb7-5&ccb=7-5&_nc_sid=58cdad&efg=eyJ2ZW5jb2RlX3RhZyI6IkNBUk9VU0VMX0lURU0ueHBpZHMuMTQ0MC5zZHIucmVndWxhcl9waG90by5DMyJ9&_nc_ohc=pirNRP3oD4wQ7kNvwF_J8WO&_nc_oc=AdoS2UMSM1cIVf39VXQCbWPcBZpr6QcftbplGD4jswjpQQimQuNYk1OGjHQEQqSihTA&_nc_ad=z-m&_nc_cid=0&_nc_zt=23&se=8&_nc_ht=scontent-bos5-1.cdninstagram.com&_nc_gid=NItbvW8ycCPCEt2GqP4MAw&_nc_ss=7a3ba&oh=00_Af9XB4KbmR3EsiRqYPeK4sFDrSnoY1T8_ngpyAAq_wKQAg&oe=6A399B64","","3856989555543766810","carousel_item",,,,,,,,,,,,,,,"2026-03-20T12:17:38.000Z","Image",,,"","0","1920","1440","https://scontent-bos5-1.cdninstagram.com/v/t51.82787-15/655479637_18567918811062050_8560630873944218873_n.jpg?stp=dst-jpg_e35_tt6&_nc_cat=108&ig_cache_key=Mzg1Njk4OTU2MTA2MzQ0NTM2OQ%3D%3D.3-ccb7-5&ccb=7-5&_nc_sid=58cdad&efg=eyJ2ZW5jb2RlX3RhZyI6IkNBUk9VU0VMX0lURU0ueHBpZHMuMTQ0MC5zZHIucmVndWxhcl9waG90by5DMyJ9&_nc_ohc=ydgyA9HkGKwQ7kNvwG_qqzK&_nc_oc=AdpjCT2SyakmsVICmR55rjMWWF-OaEZ4tdmwPKP3YSKHal-lk5wKaGI79RFtD-AydXA&_nc_ad=z-m&_nc_cid=0&_nc_zt=23&se=8&_nc_ht=scontent-bos5-1.cdninstagram.com&_nc_gid=NItbvW8ycCPCEt2GqP4MAw&_nc_ss=7a3ba&oh=00_Af-NqGT3nFpsWXvihcDPxkwM03eYrdsFLn6g-sL4Y1RpdA&oe=6A39664B","","3856989561063445369","carousel_item",,,,,,,,,,,,,,,"2026-03-20T12:17:38.000Z","Image",,,,,,,,,,"3","1919","1440","https://scontent-bos5-1.cdninstagram.com/v/t51.82787-15/654719640_18567918682062050_4490526203408182045_n.jpg?stp=dst-jpg_e35_tt6&_nc_cat=108&ig_cache_key=Mzg1Njk4OTUyOTg1NzgxNDk2Mw%3D%3D.3-ccb7-5&ccb=7-5&_nc_sid=58cdad&efg=eyJ2ZW5jb2RlX3RhZyI6IkNBUk9VU0VMX0lURU0ueHBpZHMuMTQ0MC5zZHIucmVndWxhcl9waG90by5DMyJ9&_nc_ohc=oVX7vnqBwAgQ7kNvwHKHY-T&_nc_oc=AdoD1FWAw4kiM3o8ph2k4nhaFm_YGVEnvgIZOmJKFDq0E1cpTKJJRtiMhsJAeCW71cM&_nc_ad=z-m&_nc_cid=0&_nc_zt=23&se=8&_nc_ht=scontent-bos5-1.cdninstagram.com&_nc_gid=NItbvW8ycCPCEt2GqP4MAw&_nc_ss=7a3ba&oh=00_Af-drYmnXCpqrm-WDSFH5w2jAFgHd4_c3lWMc_9dbbENOw&oe=6A399B5A",,,"","hidiff","養膚routine","hidiff集中養膚組",,,"3856990019198855153",,"https://scontent-bos5-1.cdninstagram.com/v/t51.82787-15/654719640_18567918682062050_4490526203408182045_n.jpg?stp=dst-jpg_e35_tt6&_nc_cat=108&ig_cache_key=Mzg1Njk4OTUyOTg1NzgxNDk2Mw%3D%3D.3-ccb7-5&ccb=7-5&_nc_sid=58cdad&efg=eyJ2ZW5jb2RlX3RhZyI6IkNBUk9VU0VMX0lURU0ueHBpZHMuMTQ0MC5zZHIucmVndWxhcl9waG90by5DMyJ9&_nc_ohc=oVX7vnqBwAgQ7kNvwHKHY-T&_nc_oc=AdoD1FWAw4kiM3o8ph2k4nhaFm_YGVEnvgIZOmJKFDq0E1cpTKJJRtiMhsJAeCW71cM&_nc_ad=z-m&_nc_cid=0&_nc_zt=23&se=8&_nc_ht=scontent-bos5-1.cdninstagram.com&_nc_gid=NItbvW8ycCPCEt2GqP4MAw&_nc_ss=7a3ba&oh=00_Af-drYmnXCpqrm-WDSFH5w2jAFgHd4_c3lWMc_9dbbENOw&oe=6A399B5A","https://scontent-bos5-1.cdninstagram.com/v/t51.82787-15/654952405_18567918691062050_8351001214267987580_n.jpg?stp=dst-jpg_e35_tt6&_nc_cat=111&ig_cache_key=Mzg1Njk4OTUyODQyMzM2NjI3MA%3D%3D.3-ccb7-5&ccb=7-5&_nc_sid=58cdad&efg=eyJ2ZW5jb2RlX3RhZyI6IkNBUk9VU0VMX0lURU0ueHBpZHMuMTQ0MC5zZHIucmVndWxhcl9waG90by5DMyJ9&_nc_ohc=UAppFgZg9zUQ7kNvwEjZxBV&_nc_oc=AdrZQ-VgU4e36uv2589JXvzLpPk3CrxA348LhZ2q2mpylGslsH5g1drErFb6H-AysBI&_nc_ad=z-m&_nc_cid=0&_nc_zt=23&se=8&_nc_ht=scontent-bos5-1.cdninstagram.com&_nc_gid=NItbvW8ycCPCEt2GqP4MAw&_nc_ss=7a3ba&oh=00_Af8uKAOvse35avqFRXymxkeoeHCSZKg91HX7CKYKPijaHw&oe=6A398F95","https://scontent-bos5-1.cdninstagram.com/v/t51.82787-15/655874507_18567918718062050_8073348118542415030_n.jpg?stp=dst-jpg_e35_tt6&_nc_cat=103&ig_cache_key=Mzg1Njk4OTUzMTc1MzY0MjAzMw%3D%3D.3-ccb7-5&ccb=7-5&_nc_sid=58cdad&efg=eyJ2ZW5jb2RlX3RhZyI6IkNBUk9VU0VMX0lURU0ueHBpZHMuMTQ0MC5zZHIucmVndWxhcl9waG90by5DMyJ9&_nc_ohc=TySb-w6MzOcQ7kNvwE0YHq7&_nc_oc=Adr3wwZb9Z56qE_l6U8nS5LlZsAwMjr775MSpMKYW7Wr5bj_UWoQVQV7pXOoafgAdj4&_nc_ad=z-m&_nc_cid=0&_nc_zt=23&se=8&_nc_ht=scontent-bos5-1.cdninstagram.com&_nc_gid=NItbvW8ycCPCEt2GqP4MAw&_nc_ss=7a3ba&oh=00_Af9ywdWc1Wt3P1r4cnREuB4DAbfZGAXhucoeOuql_3qSPQ&oe=6A3994D2","https://scontent-bos5-1.cdninstagram.com/v/t51.82787-15/655232850_18567918733062050_5565375808131470428_n.jpg?stp=dst-jpg_e35_tt6&_nc_cat=107&ig_cache_key=Mzg1Njk4OTUzMzAzNzA4ODc5MQ%3D%3D.3-ccb7-5&ccb=7-5&_nc_sid=58cdad&efg=eyJ2ZW5jb2RlX3RhZyI6IkNBUk9VU0VMX0lURU0ueHBpZHMuMTQ0MC5zZHIucmVndWxhcl9waG90by5DMyJ9&_nc_ohc=XCCnLFr6718Q7kNvwE1FODo&_nc_oc=AdrcnRxLW28g0ckwm_teS8Il17n34u16q3vFgxvlsISgA4SG5AJvfkrkJ0_MpahPkDQ&_nc_ad=z-m&_nc_cid=0&_nc_zt=23&se=8&_nc_ht=scontent-bos5-1.cdninstagram.com&_nc_gid=NItbvW8ycCPCEt2GqP4MAw&_nc_ss=7a3ba&oh=00_Af8WfwLCZ5TQMVmgnxs9w7FKF5A_jN9KJ_Mpd-xf0JGXLw&oe=6A398E94","https://scontent-bos5-1.cdninstagram.com/v/t51.82787-15/655618483_18567918700062050_1544962875819593151_n.jpg?stp=dst-jpg_e35_tt6&_nc_cat=108&ig_cache_key=Mzg1Njk4OTUzMzYyNDMyOTY5OQ%3D%3D.3-ccb7-5&ccb=7-5&_nc_sid=58cdad&efg=eyJ2ZW5jb2RlX3RhZyI6IkNBUk9VU0VMX0lURU0ueHBpZHMuMTQ0MC5zZHIucmVndWxhcl9waG90by5DMyJ9&_nc_ohc=6oo3SLmzZaQQ7kNvwExD5qz&_nc_oc=AdrVMr5bC2BOtWaUz6it8bHft66prOoXIzR95Lu6-Im3cHzsaWs6qj9CZVsW3sj3m40&_nc_ad=z-m&_nc_cid=0&_nc_zt=23&se=8&_nc_ht=scontent-bos5-1.cdninstagram.com&_nc_gid=NItbvW8ycCPCEt2GqP4MAw&_nc_ss=7a3ba&oh=00_Af_L5vGczKv7XE8OrhE2uEMndC5OtRDqVeYQlxLgZujTiA&oe=6A39908E","https://scontent-bos5-1.cdninstagram.com/v/t51.82787-15/655603567_18567918772062050_8663173030322731155_n.jpg?stp=dst-jpg_e15_tt6&_nc_cat=104&ig_cache_key=Mzg1Njk4OTQ5MzY2OTM5MjA3Mw%3D%3D.3-ccb7-5&ccb=7-5&_nc_sid=58cdad&efg=eyJ2ZW5jb2RlX3RhZyI6IkNBUk9VU0VMX0lURU0ueHBpZHMuNzIwLnNkci52aWRlb19kZWZhdWx0X2NvdmVyX2ZyYW1lLkMzIn0%3D&_nc_ohc=fp6c3aUECOMQ7kNvwG45whV&_nc_oc=Adoiu74rVmY3G-E61kjP4lIYdGrEqotSUfa_gmBlC0JLl2Kv-yEg1-uWUE1LXMEDIC4&_nc_ad=z-m&_nc_cid=0&_nc_zt=23&_nc_ht=scontent-bos5-1.cdninstagram.com&_nc_gid=NItbvW8ycCPCEt2GqP4MAw&_nc_ss=7a3ba&oh=00_Af9UV4X6UDT3_8vo49_jpNAJU4aGT6rdj0ba0juoDC-Tzg&oe=6A399CEF","https://scontent-bos5-1.cdninstagram.com/v/t51.82787-15/655522785_18567918727062050_2195050356844182443_n.jpg?stp=dst-jpg_e35_tt6&_nc_cat=101&ig_cache_key=Mzg1Njk4OTUzNTQ2MTQzODc2NQ%3D%3D.3-ccb7-5&ccb=7-5&_nc_sid=58cdad&efg=eyJ2ZW5jb2RlX3RhZyI6IkNBUk9VU0VMX0lURU0ueHBpZHMuMTQ0MC5zZHIucmVndWxhcl9waG90by5DMyJ9&_nc_ohc=rIevdS8HMJEQ7kNvwEjQIYR&_nc_oc=AdrpkGlNnnbfnHz0Tg1A26qm15Theyvb7CvaNpLQR1Yg4l8xw0_E9Gzuvc0z_j2H9oM&_nc_ad=z-m&_nc_cid=0&_nc_zt=23&se=8&_nc_ht=scontent-bos5-1.cdninstagram.com&_nc_gid=NItbvW8ycCPCEt2GqP4MAw&_nc_ss=7a3ba&oh=00_Af9vdVb4s69uL396HCzc5bj6GvktoupL_gfsJPLp8JR1hw&oe=6A3971CE","https://scontent-bos5-1.cdninstagram.com/v/t51.82787-15/653842847_18567918706062050_8520621722412192843_n.jpg?stp=dst-jpg_e35_tt6&_nc_cat=108&ig_cache_key=Mzg1Njk4OTUzNTMxMDQwMzg1Nw%3D%3D.3-ccb7-5&ccb=7-5&_nc_sid=58cdad&efg=eyJ2ZW5jb2RlX3RhZyI6IkNBUk9VU0VMX0lURU0ueHBpZHMuMTQ0MC5zZHIucmVndWxhcl9waG90by5DMyJ9&_nc_ohc=zClVAS2J3_QQ7kNvwGdy1Mz&_nc_oc=AdrS0ocd3LAiLEzHHb62eZPSMv8OMOBgkkVsO4_ZyNNW16fVaCef1tK1qdbBWo506ps&_nc_ad=z-m&_nc_cid=0&_nc_zt=23&se=8&_nc_ht=scontent-bos5-1.cdninstagram.com&_nc_gid=NItbvW8ycCPCEt2GqP4MAw&_nc_ss=7a3ba&oh=00_Af-nO3nTFEZPqn346M-QZE5MvTKgOSxy7SFkFVKmcTJb-g&oe=6A39825D","https://scontent-bos5-1.cdninstagram.com/v/t51.82787-15/654193216_18567918754062050_1834516379293985830_n.jpg?stp=dst-jpg_e35_tt6&_nc_cat=108&ig_cache_key=Mzg1Njk4OTUzNjI1ODI5NDQ0OA%3D%3D.3-ccb7-5&ccb=7-5&_nc_sid=58cdad&efg=eyJ2ZW5jb2RlX3RhZyI6IkNBUk9VU0VMX0lURU0ueHBpZHMuMTQ0MC5zZHIucmVndWxhcl9waG90by5DMyJ9&_nc_ohc=EqU0nbyk3OcQ7kNvwFo3IJO&_nc_oc=AdqjXn_egrhm06N0EcfWhbTt_hkM3OL-F5VT-j5uvry5AEQlo9yrvFrNN0Zxn2udQQQ&_nc_ad=z-m&_nc_cid=0&_nc_zt=23&se=8&_nc_ht=scontent-bos5-1.cdninstagram.com&_nc_gid=NItbvW8ycCPCEt2GqP4MAw&_nc_ss=7a3ba&oh=00_Af-zYQPES-thxPRfG9b-fy2j3qi4u_slJiGt_dGkmUN12w&oe=6A398FC2","https://scontent-bos5-1.cdninstagram.com/v/t51.82787-15/654673932_18567918763062050_400433447847594354_n.jpg?stp=dst-jpegr_e35_tt6&_nc_cat=110&ig_cache_key=Mzg1Njk4OTUzNjkyMTA1MDcxNg%3D%3D.3-ccb7-5&ccb=7-5&_nc_sid=58cdad&efg=eyJ2ZW5jb2RlX3RhZyI6IkNBUk9VU0VMX0lURU0ueHBpZHMuMTQ0MC5oZHIucmVndWxhcl9waG90by5DMyJ9&_nc_ohc=Xh1UlLjteQsQ7kNvwEe8Tib&_nc_oc=AdrwXhWDaTq3TADc_YnNqmj6t-RtamYtbRXBkXQuE1Yi_6GM82ALndHC4T5NZBXj4Z0&_nc_ad=z-m&_nc_cid=0&_nc_zt=23&se=8&_nc_ht=scontent-bos5-1.cdninstagram.com&_nc_gid=NItbvW8ycCPCEt2GqP4MAw&_nc_ss=7a3ba&oh=00_Af-ggIj-93JDBgtj6it-0qM21xfDq6oHXKlZp8AhmS9rqw&oe=6A39961D","https://scontent-bos5-1.cdninstagram.com/v/t51.82787-15/655204244_18567918745062050_6948395066774100563_n.jpg?stp=dst-jpg_e35_tt6&_nc_cat=109&ig_cache_key=Mzg1Njk4OTUzODA0NTA5NjQyOA%3D%3D.3-ccb7-5&ccb=7-5&_nc_sid=58cdad&efg=eyJ2ZW5jb2RlX3RhZyI6IkNBUk9VU0VMX0lURU0ueHBpZHMuMTQ0MC5zZHIucmVndWxhcl9waG90by5DMyJ9&_nc_ohc=YmHA-yJLm5EQ7kNvwGv7o-v&_nc_oc=Ado2rd01UcW8fZji2ddnw5SECQu5-fXZaIY5e9vVL5DoI4hnLzWORPQmc9DvcnsVK1A&_nc_ad=z-m&_nc_cid=0&_nc_zt=23&se=8&_nc_ht=scontent-bos5-1.cdninstagram.com&_nc_gid=NItbvW8ycCPCEt2GqP4MAw&_nc_ss=7a3ba&oh=00_Af_yvGoggXNv9kNMekZwG4vZweneCtFfpUUgTOs8Fg2nkw&oe=6A3979FF","https://scontent-bos5-1.cdninstagram.com/v/t51.82787-15/654051921_18567918790062050_3238243899428832318_n.jpg?stp=dst-jpg_e35_tt6&_nc_cat=106&ig_cache_key=Mzg1Njk4OTU1MzQzODIwNzkyMA%3D%3D.3-ccb7-5&ccb=7-5&_nc_sid=58cdad&efg=eyJ2ZW5jb2RlX3RhZyI6IkNBUk9VU0VMX0lURU0ueHBpZHMuMTQ0MC5zZHIucmVndWxhcl9waG90by5DMyJ9&_nc_ohc=ZS5x-Lv_Y8wQ7kNvwE6NUu4&_nc_oc=AdrdRqrD-kYWmD6HF0wc1PhC1Wd8vXNmLXqkM77xVG3rwZKvKWEMeg5ywev8xpcxqkc&_nc_ad=z-m&_nc_cid=0&_nc_zt=23&se=8&_nc_ht=scontent-bos5-1.cdninstagram.com&_nc_gid=NItbvW8ycCPCEt2GqP4MAw&_nc_ss=7a3ba&oh=00_Af8eTn4bkdBDT_kD9pmFAViyhD0Z0dIxJcR1QN6nLtrd-A&oe=6A39916B","https://scontent-bos5-1.cdninstagram.com/v/t51.82787-15/655962736_18567918796062050_5350085879285313643_n.jpg?stp=dst-jpg_e35_tt6&_nc_cat=107&ig_cache_key=Mzg1Njk4OTU1NTU0Mzc2NjgxMA%3D%3D.3-ccb7-5&ccb=7-5&_nc_sid=58cdad&efg=eyJ2ZW5jb2RlX3RhZyI6IkNBUk9VU0VMX0lURU0ueHBpZHMuMTQ0MC5zZHIucmVndWxhcl9waG90by5DMyJ9&_nc_ohc=pirNRP3oD4wQ7kNvwF_J8WO&_nc_oc=AdoS2UMSM1cIVf39VXQCbWPcBZpr6QcftbplGD4jswjpQQimQuNYk1OGjHQEQqSihTA&_nc_ad=z-m&_nc_cid=0&_nc_zt=23&se=8&_nc_ht=scontent-bos5-1.cdninstagram.com&_nc_gid=NItbvW8ycCPCEt2GqP4MAw&_nc_ss=7a3ba&oh=00_Af9XB4KbmR3EsiRqYPeK4sFDrSnoY1T8_ngpyAAq_wKQAg&oe=6A399B64","https://scontent-bos5-1.cdninstagram.com/v/t51.82787-15/655479637_18567918811062050_8560630873944218873_n.jpg?stp=dst-jpg_e35_tt6&_nc_cat=108&ig_cache_key=Mzg1Njk4OTU2MTA2MzQ0NTM2OQ%3D%3D.3-ccb7-5&ccb=7-5&_nc_sid=58cdad&efg=eyJ2ZW5jb2RlX3RhZyI6IkNBUk9VU0VMX0lURU0ueHBpZHMuMTQ0MC5zZHIucmVndWxhcl9waG90by5DMyJ9&_nc_ohc=ydgyA9HkGKwQ7kNvwG_qqzK&_nc_oc=AdpjCT2SyakmsVICmR55rjMWWF-OaEZ4tdmwPKP3YSKHal-lk5wKaGI79RFtD-AydXA&_nc_ad=z-m&_nc_cid=0&_nc_zt=23&se=8&_nc_ht=scontent-bos5-1.cdninstagram.com&_nc_gid=NItbvW8ycCPCEt2GqP4MAw&_nc_ss=7a3ba&oh=00_Af-NqGT3nFpsWXvihcDPxkwM03eYrdsFLn6g-sL4Y1RpdA&oe=6A39664B","https://www.instagram.com/hidiff.tw/",,"211",,"hidiff.tw",,,"0",,,,,,,,,,,,,,,,,,,,,,,,,,,,,,,,,,,,,,,,,,,,,,,,,,,,,,,,,,,,,,,,,,,,,,,,"Lizzy","1328126049","lee.zi.yi","true","carousel_container","DWGx_y8kyfx","hidiff.tw","80015491870","false","false",,"https://scontent-bos5-1.cdninstagram.com/v/t51.82787-19/615343798_17845310625667871_7065812407261479699_n.jpg?stp=dst-jpg_e0_s150x150_tt6&efg=eyJ2ZW5jb2RlX3RhZyI6InByb2ZpbGVfcGljLmRqYW5nby43OTYuYzIifQ&_nc_ht=scontent-bos5-1.cdninstagram.com&_nc_cat=1&_nc_oc=Q6cZ2gHXdgB0stBb5C3GC_IgwrkvaTJLuRrUG_ZP7jvHLI0SAFW_I88hveEBreLZwKMFmVQ&_nc_ohc=CmgFRSIfk20Q7kNvwF4Tzd5&_nc_gid=NItbvW8ycCPCEt2GqP4MAw&edm=APGXKFABAAAA&ccb=7-5&ig_cache_key=GLZmrSQf278oN2Y-ABNDXrjyzg5ibmNDAQAB1501500j-ccb7-5&oh=00_Af9rBjqSH1tsaiyzvfSoSjacLl7q-Iln5LDvimhBzmeSKQ&oe=6A399CDC&_nc_sid=a8b8e2",,"hidiff.tw",,,,,,,,,"2026-03-20T12:17:41.000Z","Sidecar","https://www.instagram.com/p/DWGx_y8kyfx/",,"0",
"搶先體驗95折優惠
輸入優惠碼『 hidiff01 』即可獲得

這陣子想好好養生 除了早睡、打球運動
連保養品也嘗試使用 @hidiff.tw 的『集中養膚組』💚

不想讓生活一直亂糟糟的
就從把身心狀態慢慢養好開始
只有基底穩定了，才能走得更遠

肌膚其實也是一樣的道理
想讓狀態變好，就要先把基底養穩

✨綠珍珠潤肌泡泡化妝水
質地很特別，是細緻泡泡感
可以層層疊加也不黏膩
保濕度很好，擦完有自然光澤感

✨綠珍珠D-泛醇3%高濃縮水精華
主打修護肌膚屏障
質地清爽但很有保濕感
讓肌膚維持穩定狀態

✨綠珍珠酪梨修護乳霜
綿密乳霜質地很好推開
最後鎖水保濕
讓肌膚維持整天的潤澤感

🔖小Tips
低刺激敏感肌適用
早晚一起搭配使用肌膚更穩定
妝前使用讓底妝更服貼有光澤

@hidiff.tw

#hidiff
#養膚routine
#hidiff集中養膚組","","0","1920","1440","https://scontent-bos5-1.cdninstagram.com/v/t51.82787-15/655333912_18542640622070698_227527452913613515_n.jpg?stp=dst-jpg_e35_tt6&_nc_cat=105&ig_cache_key=Mzg1Njg2NDIyNDk5MjEzNDMzNw%3D%3D.3-ccb7-5&ccb=7-5&_nc_sid=58cdad&efg=eyJ2ZW5jb2RlX3RhZyI6IkNBUk9VU0VMX0lURU0ueHBpZHMuMTQ0MC5zZHIucmVndWxhcl9waG90by5DMyJ9&_nc_ohc=jaN2gr-vg0QQ7kNvwHSTnpb&_nc_oc=AdrtfTBmd3OkVavPriWOpFNsBGTJvAy9sddiXh0w6ywAcRUoQ_mc5j1dE-8Jj6KKbAw&_nc_ad=z-m&_nc_cid=0&_nc_zt=23&se=8&_nc_ht=scontent-bos5-1.cdninstagram.com&_nc_gid=NItbvW8ycCPCEt2GqP4MAw&_nc_ss=7a3ba&oh=00_Af_jgS17Pz_CxDImEqHKv0ZVcRsElQeprwwv_mC62VMP7A&oe=6A396E26","","3856864224992134337","carousel_item",,,,,,,,,,,,,,,"2026-03-20T08:08:26.000Z","Image",,,"","0","1920","1440","https://scontent-bos5-1.cdninstagram.com/v/t51.82787-15/655142339_18542640631070698_1430895131900071182_n.jpg?stp=dst-jpg_e35_tt6&_nc_cat=108&ig_cache_key=Mzg1Njg2NDIzMDA4NDAzMjgyNg%3D%3D.3-ccb7-5&ccb=7-5&_nc_sid=58cdad&efg=eyJ2ZW5jb2RlX3RhZyI6IkNBUk9VU0VMX0lURU0ueHBpZHMuMTQ0MC5zZHIucmVndWxhcl9waG90by5DMyJ9&_nc_ohc=5a6aZnaoDfAQ7kNvwEUeu3G&_nc_oc=AdqUb9agXOBwSdq_k278wWas58A6QYdXsDVSwM2vF9rhS4_-ew99uULEN3KnylfIIdQ&_nc_ad=z-m&_nc_cid=0&_nc_zt=23&se=8&_nc_ht=scontent-bos5-1.cdninstagram.com&_nc_gid=NItbvW8ycCPCEt2GqP4MAw&_nc_ss=7a3ba&oh=00_Af8o2BR_22SrpeZC0QAMfhloPmqB0PT3XjlDqZn_UAOOGQ&oe=6A397168","","3856864230084032826","carousel_item",,,,,,,,,,,,,,,"2026-03-20T08:08:26.000Z","Image",,,"","0","1920","1440","https://scontent-bos5-1.cdninstagram.com/v/t51.82787-15/655032175_18542640640070698_5478551596889956720_n.jpg?stp=dst-jpegr_e35_tt6&_nc_cat=103&ig_cache_key=Mzg1Njg2NDI0MDc3OTQ2MjcyOA%3D%3D.3-ccb7-5&ccb=7-5&_nc_sid=58cdad&efg=eyJ2ZW5jb2RlX3RhZyI6IkNBUk9VU0VMX0lURU0ueHBpZHMuMTQ0MC5oZHIucmVndWxhcl9waG90by5DMyJ9&_nc_ohc=-ApKVFpD7YUQ7kNvwFmwk6E&_nc_oc=AdrFd9kYoex1jJr6gulbW2Avwkl6SAeaEoVCTonsgwDZzuaw6uYU9TxAfYpUE81cR5M&_nc_ad=z-m&_nc_cid=0&_nc_zt=23&se=8&_nc_ht=scontent-bos5-1.cdninstagram.com&_nc_gid=NItbvW8ycCPCEt2GqP4MAw&_nc_ss=7a3ba&oh=00_Af_PnVgWdRprYq9KKY8ehg8XXL2Dx8XBznZSeBGrpfXY-w&oe=6A398B24","","3856864240779462728","carousel_item",,,,,,,,,,,,,,,"2026-03-20T08:08:26.000Z","Image",,,"","0","1920","1440","https://scontent-bos5-1.cdninstagram.com/v/t51.82787-15/656278214_18542640649070698_4354907110242732508_n.jpg?stp=dst-jpegr_e35_tt6&_nc_cat=101&ig_cache_key=Mzg1Njg2NDI0ODI1Mzc0NjA5Ng%3D%3D.3-ccb7-5&ccb=7-5&_nc_sid=58cdad&efg=eyJ2ZW5jb2RlX3RhZyI6IkNBUk9VU0VMX0lURU0ueHBpZHMuMTQ0MC5oZHIucmVndWxhcl9waG90by5DMyJ9&_nc_ohc=jLVvrH1wxXsQ7kNvwEqjXCM&_nc_oc=Adq3d0Vmhp1zF2Qx8nhjSO3bLEZ9WmKe7HSK4qLsXFVAfHmWhIXVseUc40NdMY1Z87k&_nc_ad=z-m&_nc_cid=0&_nc_zt=23&se=8&_nc_ht=scontent-bos5-1.cdninstagram.com&_nc_gid=NItbvW8ycCPCEt2GqP4MAw&_nc_ss=7a3ba&oh=00_Af9UapQwAkQta75cm0fjpl4_O7lKq2Kc486vJF0i78CNpQ&oe=6A399B4F","","3856864248253746096","carousel_item",,,,,,,,,,,,,,,"2026-03-20T08:08:26.000Z","Image",,,"","0","1918","1440","https://scontent-bos5-1.cdninstagram.com/v/t51.82787-15/656279239_18542640658070698_8307273764070349001_n.jpg?stp=dst-jpegr_e35_tt6&_nc_cat=107&ig_cache_key=Mzg1Njg2NDI1MjQ4MTU3MzE5MA%3D%3D.3-ccb7-5&ccb=7-5&_nc_sid=58cdad&efg=eyJ2ZW5jb2RlX3RhZyI6IkNBUk9VU0VMX0lURU0ueHBpZHMuMTQ0MC5oZHIucmVndWxhcl9waG90by5DMyJ9&_nc_ohc=nbfgcthKjGIQ7kNvwH_Zw0I&_nc_oc=AdpmggWQ1w-JmONaJlKGUYwzp-D7BWT2LI83MnSDVaDnrD8Y-Qp2SDDoAcLSkw1may0&_nc_ad=z-m&_nc_cid=0&_nc_zt=23&se=8&_nc_ht=scontent-bos5-1.cdninstagram.com&_nc_gid=NItbvW8ycCPCEt2GqP4MAw&_nc_ss=7a3ba&oh=00_Af_ttailrWQxNJ6cRmpjHy52hENkwY8GnBOA_86kiftPxA&oe=6A396C1A","","3856864252481573190","carousel_item","hidiff 히디프 🌳","63403377015","false","false","3415990768967152543","https://scontent-bos5-1.cdninstagram.com/v/t51.2885-19/452147619_3743307565986401_1601641283140305637_n.jpg?stp=dst-jpg_e0_s150x150_tt6&efg=eyJ2ZW5jb2RlX3RhZyI6InByb2ZpbGVfcGljLmRqYW5nby43OTYuYzIifQ&_nc_ht=scontent-bos5-1.cdninstagram.com&_nc_cat=105&_nc_oc=Q6cZ2gHXdgB0stBb5C3GC_IgwrkvaTJLuRrUG_ZP7jvHLI0SAFW_I88hveEBreLZwKMFmVQ&_nc_ohc=MQ_jj_B8i10Q7kNvwGBlwjt&_nc_gid=NItbvW8ycCPCEt2GqP4MAw&edm=APGXKFABAAAA&ccb=7-5&ig_cache_key=GKM58xphcsG1hEwNAOXCLdtCLDoWbkULAAAB1501500j-ccb7-5&oh=00_Af-izC31koedRBrTyNypLkyz8D3upcIU0FLKgva0ND7FGA&oe=6A3970CE&_nc_sid=a8b8e2","hidiff_official","hidiff.tw","80015491870","false","false","3808232826123310266","https://scontent-bos5-1.cdninstagram.com/v/t51.82787-19/615343798_17845310625667871_7065812407261479699_n.jpg?stp=dst-jpg_e0_s150x150_tt6&efg=eyJ2ZW5jb2RlX3RhZyI6InByb2ZpbGVfcGljLmRqYW5nby43OTYuYzIifQ&_nc_ht=scontent-bos5-1.cdninstagram.com&_nc_cat=1&_nc_oc=Q6cZ2gHXdgB0stBb5C3GC_IgwrkvaTJLuRrUG_ZP7jvHLI0SAFW_I88hveEBreLZwKMFmVQ&_nc_ohc=CmgFRSIfk20Q7kNvwF4Tzd5&_nc_gid=NItbvW8ycCPCEt2GqP4MAw&edm=APGXKFABAAAA&ccb=7-5&ig_cache_key=GLZmrSQf278oN2Y-ABNDXrjyzg5ibmNDAQAB1501500j-ccb7-5&oh=00_Af9rBjqSH1tsaiyzvfSoSjacLl7q-Iln5LDvimhBzmeSKQ&oe=6A399CDC&_nc_sid=a8b8e2","hidiff.tw","2026-03-20T08:08:26.000Z","Image",,,"","0","960","720","https://scontent-bos5-1.cdninstagram.com/v/t51.82787-15/656278496_18542640748070698_4231218172434233533_n.jpg?stp=dst-jpg_e15_tt6&_nc_cat=103&ig_cache_key=Mzg1Njg2NDI3MDE1NjM4NjA2NQ%3D%3D.3-ccb7-5&ccb=7-5&_nc_sid=58cdad&efg=eyJ2ZW5jb2RlX3RhZyI6IkNBUk9VU0VMX0lURU0ueHBpZHMuNzIwLnNkci52aWRlb19kZWZhdWx0X2NvdmVyX2ZyYW1lLkMzIn0%3D&_nc_ohc=-Q2HdTA9yXwQ7kNvwFAfr0a&_nc_oc=AdpRxW37EQuP4txBxY3DKxC-oL6i33FR0gbVdNSC8FI5Cx9nCgtSNyd-odTecnDUNjo&_nc_ad=z-m&_nc_cid=0&_nc_zt=23&_nc_ht=scontent-bos5-1.cdninstagram.com&_nc_gid=NItbvW8ycCPCEt2GqP4MAw&_nc_ss=7a3ba&oh=00_Af9OyqdUD-b5ww96a_4YNpn7dMDEgKtMDpm_leoAeEw1cQ&oe=6A3965DB","","3856864270156386065","carousel_item",,,,,,,,,,,,,,,"2026-03-20T08:08:26.000Z","Video","11.432999610900879","https://scontent-bos5-1.cdninstagram.com/o1/v/t16/f2/m69/AQNeQVTkzLb0YVuYZnafMgPYsDMhcNlM5wGkoZeudYn9FIbHjim2w0gjV4TtzKiGqSFuSzfiWWvYPCJcm43Ep5IN.mp4?strext=1&_nc_cat=100&_nc_sid=5e9851&_nc_ht=scontent-bos5-1.cdninstagram.com&_nc_ohc=8TSTomrfpPEQ7kNvwGt1E_x&efg=eyJ2ZW5jb2RlX3RhZyI6Inhwdl9wcm9ncmVzc2l2ZS5JTlNUQUdSQU0uQ0FST1VTRUxfSVRFTS5DMy43MjAuZGFzaF9iYXNlbGluZV8xX3YxIiwieHB2X2Fzc2V0X2lkIjoxNzk1MzQ3ODIyMzEwNjkwOSwiYXNzZXRfYWdlX2RheXMiOjkwLCJ2aV91c2VjYXNlX2lkIjoxMDE0NiwiZHVyYXRpb25fcyI6MTEsInVybGdlbl9zb3VyY2UiOiJ3d3cifQ%3D%3D&ccb=17-1&vs=2602ab08d0e49681&_nc_vs=HBkcFQIYOnBhc3N0aHJvdWdoX2V2ZXJzdG9yZS9HQ2tZN0NaTDdRUFp5X01GQUV0eHptWG12TVJBYnNwVEFRQUYVAALIARIAKAAYABsCiAd1c2Vfb2lsATEScHJvZ3Jlc3NpdmVfcmVjaXBlATEVAAAmus3Ev_yl5D8VAigCQzMsF0Am3bItDlYEGBJkYXNoX2Jhc2VsaW5lXzFfdjERAHXuB2XEngEA&_nc_gid=NItbvW8ycCPCEt2GqP4MAw&_nc_ss=7a3ba&_nc_zt=28&oh=00_Af-DwjlKPYDa47aeQxYNN6ainz6MPQ9apkVrcr5qosmQDg&oe=6A397D6C","","0","960","720","https://scontent-bos5-1.cdninstagram.com/v/t51.82787-15/654705207_18542640769070698_7463797648386648894_n.jpg?stp=dst-jpg_e15_tt6&_nc_cat=107&ig_cache_key=Mzg1Njg2NDMwMzMyNDk1NzcwNA%3D%3D.3-ccb7-5&ccb=7-5&_nc_sid=58cdad&efg=eyJ2ZW5jb2RlX3RhZyI6IkNBUk9VU0VMX0lURU0ueHBpZHMuNzIwLnNkci52aWRlb19kZWZhdWx0X2NvdmVyX2ZyYW1lLkMzIn0%3D&_nc_ohc=pktqmPBFmn8Q7kNvwGPMN7c&_nc_oc=AdrGQs54Ur16X2LO8EwB0EwDOxIAYH4B3aTmQ_FimgMCHITfeLPdp_Zlts_oAKasYZ4&_nc_ad=z-m&_nc_cid=0&_nc_zt=23&_nc_ht=scontent-bos5-1.cdninstagram.com&_nc_gid=NItbvW8ycCPCEt2GqP4MAw&_nc_ss=7a3ba&oh=00_Af_IOr0YsXoGFgqO4FzJqDfFTaw4Io_e5aVY0CqDtyQ6JA&oe=6A3994D0","","3856864303324957704","carousel_item",,,,,,,,,,,,,,,"2026-03-20T08:08:26.000Z","Video","20","https://scontent-bos5-1.cdninstagram.com/o1/v/t16/f2/m69/AQP92_cHP0x7NGLZm84u1XA4s9H4FdIA-YM0qZ1gITvxm4aktvF9E1nz-eVvPGbAeDdvQguVdCAbtHnFtdj7um5E.mp4?strext=1&_nc_cat=111&_nc_sid=5e9851&_nc_ht=scontent-bos5-1.cdninstagram.com&_nc_ohc=m1kQ2YdEnV8Q7kNvwFy8Kll&efg=eyJ2ZW5jb2RlX3RhZyI6Inhwdl9wcm9ncmVzc2l2ZS5JTlNUQUdSQU0uQ0FST1VTRUxfSVRFTS5DMy43MjAuZGFzaF9iYXNlbGluZV8xX3YxIiwieHB2X2Fzc2V0X2lkIjoxNzk1MzQ3ODI4NjEwNjkwOSwiYXNzZXRfYWdlX2RheXMiOjkwLCJ2aV91c2VjYXNlX2lkIjoxMDE0NiwiZHVyYXRpb25fcyI6MjAsInVybGdlbl9zb3VyY2UiOiJ3d3cifQ%3D%3D&ccb=17-1&vs=c0b78019c8932e27&_nc_vs=HBkcFQIYOnBhc3N0aHJvdWdoX2V2ZXJzdG9yZS9HQ3MyMHlZRk95Q3dZVFlGQUdRbHJZYmZXdFY4YnNwVEFRQUYVAALIARIAKAAYABsCiAd1c2Vfb2lsATEScHJvZ3Jlc3NpdmVfcmVjaXBlATEVAAAmuoTP-_yl5D8VAigCQzMsF0A0AAAAAAAAGBJkYXNoX2Jhc2VsaW5lXzFfdjERAHXuB2XEngEA&_nc_gid=NItbvW8ycCPCEt2GqP4MAw&_nc_ss=7a3ba&_nc_zt=28&oh=00_Af_ZLUkxxG7TDLm8MI4qlx3gr-61H7_dobqPmC43bvnLaQ&oe=6A3995DD","","0","1918","1440","https://scontent-bos5-1.cdninstagram.com/v/t51.82787-15/656274276_18542640667070698_1372601562198614817_n.jpg?stp=dst-jpegr_e35_tt6&_nc_cat=104&ig_cache_key=Mzg1Njg2NDI1NjIzOTY4NjYyNg%3D%3D.3-ccb7-5&ccb=7-5&_nc_sid=58cdad&efg=eyJ2ZW5jb2RlX3RhZyI6IkNBUk9VU0VMX0lURU0ueHBpZHMuMTQ0MC5oZHIucmVndWxhcl9waG90by5DMyJ9&_nc_ohc=u9Ov18-0DVIQ7kNvwEzszyN&_nc_oc=AdqUICGiXImSygeZqho4bUtWxq922Bqxp_PGZnWv2DIJ_tAsjPDptxTP8GQ-eYg_MQ8&_nc_ad=z-m&_nc_cid=0&_nc_zt=23&se=8&_nc_ht=scontent-bos5-1.cdninstagram.com&_nc_gid=NItbvW8ycCPCEt2GqP4MAw&_nc_ss=7a3ba&oh=00_Af_Piyma38Sg-7gTz89GSaIE_NtAT9l4vWMf18iYjLh54Q&oe=6A3980B1","","3856864256239686626","carousel_item",,,,,,,,,,,,,,,"2026-03-20T08:08:26.000Z","Image",,,"","0","1918","1440","https://scontent-bos5-1.cdninstagram.com/v/t51.82787-15/655063290_18542640679070698_2669519406953102598_n.jpg?stp=dst-jpegr_e35_tt6&_nc_cat=106&ig_cache_key=Mzg1Njg2NDI2MTgzNDg3NDkyMA%3D%3D.3-ccb7-5&ccb=7-5&_nc_sid=58cdad&efg=eyJ2ZW5jb2RlX3RhZyI6IkNBUk9VU0VMX0lURU0ueHBpZHMuMTQ0MC5oZHIucmVndWxhcl9waG90by5DMyJ9&_nc_ohc=IHTC7YD7tjQQ7kNvwGLqA-j&_nc_oc=Adr5MXK03KVf9k7x_NvUzRguJRr1kAg6BYoMM7OWNQR5mij3JeOMadSGtuORCrDvBp0&_nc_ad=z-m&_nc_cid=0&_nc_zt=23&se=8&_nc_ht=scontent-bos5-1.cdninstagram.com&_nc_gid=NItbvW8ycCPCEt2GqP4MAw&_nc_ss=7a3ba&oh=00_Af8YtfScm_2yqTjOYsxX338Bwr_bMaDdUooGu9Kls841Hg&oe=6A398746","","3856864261834874920","carousel_item",,,,,,,,,,,,,,,"2026-03-20T08:08:26.000Z","Image",,,"","0","1920","1440","https://scontent-bos5-1.cdninstagram.com/v/t51.82787-15/654430417_18542640691070698_7571243049726383476_n.jpg?stp=dst-jpegr_e35_tt6&_nc_cat=106&ig_cache_key=Mzg1Njg2NDI2OTI5MjM2MjgyMA%3D%3D.3-ccb7-5&ccb=7-5&_nc_sid=58cdad&efg=eyJ2ZW5jb2RlX3RhZyI6IkNBUk9VU0VMX0lURU0ueHBpZHMuMTQ0MC5oZHIucmVndWxhcl9waG90by5DMyJ9&_nc_ohc=BRHkPUSJUjsQ7kNvwEordKs&_nc_oc=AdoxCFC4de7jCrZ-VqgSn0ufzbVZdBjQIK9TBVFnMR3AKS67DcGHkzq3DhM4MQO1rKc&_nc_ad=z-m&_nc_cid=0&_nc_zt=23&se=8&_nc_ht=scontent-bos5-1.cdninstagram.com&_nc_gid=NItbvW8ycCPCEt2GqP4MAw&_nc_ss=7a3ba&oh=00_Af8UYcJLhaGDnpFY67DqcwlDIK0ty6RzU9ISwDKhjgisZQ&oe=6A398732","","3856864269292362820","carousel_item",,,,,,,,,,,,,,,"2026-03-20T08:08:26.000Z","Image",,,"","0","1920","1440","https://scontent-bos5-1.cdninstagram.com/v/t51.82787-15/654802742_18542640724070698_2094054680199575368_n.jpg?stp=dst-jpg_e35_tt6&_nc_cat=103&ig_cache_key=Mzg1Njg2NDI5MDU1NzQ5ODkzNg%3D%3D.3-ccb7-5&ccb=7-5&_nc_sid=58cdad&efg=eyJ2ZW5jb2RlX3RhZyI6IkNBUk9VU0VMX0lURU0ueHBpZHMuMTQ0MC5zZHIucmVndWxhcl9waG90by5DMyJ9&_nc_ohc=zDCNUg0zaQgQ7kNvwEUhNTd&_nc_oc=AdpysSwozBrWauMYuRlFCogQ1AiETetSe2MK9If8DmBy2tIsTkwA9xINfDFdeh3cvvQ&_nc_ad=z-m&_nc_cid=0&_nc_zt=23&se=8&_nc_ht=scontent-bos5-1.cdninstagram.com&_nc_gid=NItbvW8ycCPCEt2GqP4MAw&_nc_ss=7a3ba&oh=00_Af_XrB0ldpdD9kIKGLDgHK9CQKyZk2F9rxJY4IzcfSm3Ag&oe=6A3995CD","","3856864290557498936","carousel_item",,,,,,,,,,,,,,,"2026-03-20T08:08:26.000Z","Image",,,"","0","1920","1440","https://scontent-bos5-1.cdninstagram.com/v/t51.82787-15/656267023_18542640733070698_4961615108844218699_n.jpg?stp=dst-jpegr_e35_tt6&_nc_cat=106&ig_cache_key=Mzg1Njg2NDI5MTkyNDg0OTA5Mw%3D%3D.3-ccb7-5&ccb=7-5&_nc_sid=58cdad&efg=eyJ2ZW5jb2RlX3RhZyI6IkNBUk9VU0VMX0lURU0ueHBpZHMuMTQ0MC5oZHIucmVndWxhcl9waG90by5DMyJ9&_nc_ohc=CYYjtczDQEwQ7kNvwEuWIyv&_nc_oc=AdplRe_WsFR8hqLN0oWe70HonJxN8vkdfY91kdikI3U1mIZYE-VkOcGGvDBdl_eohiI&_nc_ad=z-m&_nc_cid=0&_nc_zt=23&se=8&_nc_ht=scontent-bos5-1.cdninstagram.com&_nc_gid=NItbvW8ycCPCEt2GqP4MAw&_nc_ss=7a3ba&oh=00_Af8IiceCAcDWVuvOUWdjn12zG7y-abDj1TtcFv8nIOq7JA&oe=6A396D55","","3856864291924849093","carousel_item",,,,,,,,,,,,,,,"2026-03-20T08:08:26.000Z","Image",,,"","0","960","720","https://scontent-bos5-1.cdninstagram.com/v/t51.82787-15/655570099_18542640760070698_2758879431411092801_n.jpg?stp=dst-jpg_e15_tt6&_nc_cat=107&ig_cache_key=Mzg1Njg2NDMyNjI1OTM5NzYwOQ%3D%3D.3-ccb7-5&ccb=7-5&_nc_sid=58cdad&efg=eyJ2ZW5jb2RlX3RhZyI6IkNBUk9VU0VMX0lURU0ueHBpZHMuNzIwLnNkci52aWRlb19kZWZhdWx0X2NvdmVyX2ZyYW1lLkMzIn0%3D&_nc_ohc=otxsi5WF7VcQ7kNvwEJT-Jc&_nc_oc=AdqmDVohZfzkyOvQrUmiDpCyO7HE4Ox4fUumPIUqWzs1zIf0oSH_uLOZOawGmv1wGtg&_nc_ad=z-m&_nc_cid=0&_nc_zt=23&_nc_ht=scontent-bos5-1.cdninstagram.com&_nc_gid=NItbvW8ycCPCEt2GqP4MAw&_nc_ss=7a3ba&oh=00_Af9_MUEBnEMGVvzwOSmmRWw8epjcYro6QfwOG2emIjnsPw&oe=6A397646","","3856864326259397609","carousel_item",,,,,,,,,,,,,,,"2026-03-20T08:08:26.000Z","Video","3.6659998893737793","https://scontent-bos5-1.cdninstagram.com/o1/v/t16/f2/m69/AQOQoOmDKbkVWCcvkTGaeOyeqsbdWpu3JRTHvBpjLBavZM73FC85nN9YgXZjaxWyK70BIelBRJ5cMKMfdyMsODW9.mp4?strext=1&_nc_cat=105&_nc_sid=5e9851&_nc_ht=scontent-bos5-1.cdninstagram.com&_nc_ohc=CBnvs_6gtowQ7kNvwFjNF1L&efg=eyJ2ZW5jb2RlX3RhZyI6Inhwdl9wcm9ncmVzc2l2ZS5JTlNUQUdSQU0uQ0FST1VTRUxfSVRFTS5DMy43MjAuZGFzaF9iYXNlbGluZV8xX3YxIiwieHB2X2Fzc2V0X2lkIjoxNzk1MzQ3ODMxMDEwNjkwOSwiYXNzZXRfYWdlX2RheXMiOjkwLCJ2aV91c2VjYXNlX2lkIjoxMDE0NiwiZHVyYXRpb25fcyI6MywidXJsZ2VuX3NvdXJjZSI6Ind3dyJ9&ccb=17-1&vs=85a7a300e60f6f40&_nc_vs=HBkcFQIYOnBhc3N0aHJvdWdoX2V2ZXJzdG9yZS9HTmpmN3lhTTdsUHZhX3dGQVB1WXU2blBoaTV0YnNwVEFRQUYVAALIARIAKAAYABsCiAd1c2Vfb2lsATEScHJvZ3Jlc3NpdmVfcmVjaXBlATEVAAAmutzAkv2l5D8VAigCQzMsF0ANU_fO2RaHGBJkYXNoX2Jhc2VsaW5lXzFfdjERAHXuB2XEngEA&_nc_gid=NItbvW8ycCPCEt2GqP4MAw&_nc_ss=7a3ba&_nc_zt=28&oh=00_Af-6Rl_jqhKx6uRVEJlb3IbTjDBddIeRpP7liCLuAXhrIg&oe=6A399C57",,,,,,,,,,,,,,,,,,,,,,,,,,,,,,,,,,"0","1920","1440","https://scontent-bos5-1.cdninstagram.com/v/t51.82787-15/655333912_18542640622070698_227527452913613515_n.jpg?stp=dst-jpg_e35_tt6&_nc_cat=105&ig_cache_key=Mzg1Njg2NDIyNDk5MjEzNDMzNw%3D%3D.3-ccb7-5&ccb=7-5&_nc_sid=58cdad&efg=eyJ2ZW5jb2RlX3RhZyI6IkNBUk9VU0VMX0lURU0ueHBpZHMuMTQ0MC5zZHIucmVndWxhcl9waG90by5DMyJ9&_nc_ohc=jaN2gr-vg0QQ7kNvwHSTnpb&_nc_oc=AdrtfTBmd3OkVavPriWOpFNsBGTJvAy9sddiXh0w6ywAcRUoQ_mc5j1dE-8Jj6KKbAw&_nc_ad=z-m&_nc_cid=0&_nc_zt=23&se=8&_nc_ht=scontent-bos5-1.cdninstagram.com&_nc_gid=NItbvW8ycCPCEt2GqP4MAw&_nc_ss=7a3ba&oh=00_Af_jgS17Pz_CxDImEqHKv0ZVcRsElQeprwwv_mC62VMP7A&oe=6A396E26",,,"","hidiff","養膚routine","hidiff集中養膚組",,,"3856864579192739324",,"https://scontent-bos5-1.cdninstagram.com/v/t51.82787-15/655333912_18542640622070698_227527452913613515_n.jpg?stp=dst-jpg_e35_tt6&_nc_cat=105&ig_cache_key=Mzg1Njg2NDIyNDk5MjEzNDMzNw%3D%3D.3-ccb7-5&ccb=7-5&_nc_sid=58cdad&efg=eyJ2ZW5jb2RlX3RhZyI6IkNBUk9VU0VMX0lURU0ueHBpZHMuMTQ0MC5zZHIucmVndWxhcl9waG90by5DMyJ9&_nc_ohc=jaN2gr-vg0QQ7kNvwHSTnpb&_nc_oc=AdrtfTBmd3OkVavPriWOpFNsBGTJvAy9sddiXh0w6ywAcRUoQ_mc5j1dE-8Jj6KKbAw&_nc_ad=z-m&_nc_cid=0&_nc_zt=23&se=8&_nc_ht=scontent-bos5-1.cdninstagram.com&_nc_gid=NItbvW8ycCPCEt2GqP4MAw&_nc_ss=7a3ba&oh=00_Af_jgS17Pz_CxDImEqHKv0ZVcRsElQeprwwv_mC62VMP7A&oe=6A396E26","https://scontent-bos5-1.cdninstagram.com/v/t51.82787-15/655142339_18542640631070698_1430895131900071182_n.jpg?stp=dst-jpg_e35_tt6&_nc_cat=108&ig_cache_key=Mzg1Njg2NDIzMDA4NDAzMjgyNg%3D%3D.3-ccb7-5&ccb=7-5&_nc_sid=58cdad&efg=eyJ2ZW5jb2RlX3RhZyI6IkNBUk9VU0VMX0lURU0ueHBpZHMuMTQ0MC5zZHIucmVndWxhcl9waG90by5DMyJ9&_nc_ohc=5a6aZnaoDfAQ7kNvwEUeu3G&_nc_oc=AdqUb9agXOBwSdq_k278wWas58A6QYdXsDVSwM2vF9rhS4_-ew99uULEN3KnylfIIdQ&_nc_ad=z-m&_nc_cid=0&_nc_zt=23&se=8&_nc_ht=scontent-bos5-1.cdninstagram.com&_nc_gid=NItbvW8ycCPCEt2GqP4MAw&_nc_ss=7a3ba&oh=00_Af8o2BR_22SrpeZC0QAMfhloPmqB0PT3XjlDqZn_UAOOGQ&oe=6A397168","https://scontent-bos5-1.cdninstagram.com/v/t51.82787-15/655032175_18542640640070698_5478551596889956720_n.jpg?stp=dst-jpegr_e35_tt6&_nc_cat=103&ig_cache_key=Mzg1Njg2NDI0MDc3OTQ2MjcyOA%3D%3D.3-ccb7-5&ccb=7-5&_nc_sid=58cdad&efg=eyJ2ZW5jb2RlX3RhZyI6IkNBUk9VU0VMX0lURU0ueHBpZHMuMTQ0MC5oZHIucmVndWxhcl9waG90by5DMyJ9&_nc_ohc=-ApKVFpD7YUQ7kNvwFmwk6E&_nc_oc=AdrFd9kYoex1jJr6gulbW2Avwkl6SAeaEoVCTonsgwDZzuaw6uYU9TxAfYpUE81cR5M&_nc_ad=z-m&_nc_cid=0&_nc_zt=23&se=8&_nc_ht=scontent-bos5-1.cdninstagram.com&_nc_gid=NItbvW8ycCPCEt2GqP4MAw&_nc_ss=7a3ba&oh=00_Af_PnVgWdRprYq9KKY8ehg8XXL2Dx8XBznZSeBGrpfXY-w&oe=6A398B24","https://scontent-bos5-1.cdninstagram.com/v/t51.82787-15/656278214_18542640649070698_4354907110242732508_n.jpg?stp=dst-jpegr_e35_tt6&_nc_cat=101&ig_cache_key=Mzg1Njg2NDI0ODI1Mzc0NjA5Ng%3D%3D.3-ccb7-5&ccb=7-5&_nc_sid=58cdad&efg=eyJ2ZW5jb2RlX3RhZyI6IkNBUk9VU0VMX0lURU0ueHBpZHMuMTQ0MC5oZHIucmVndWxhcl9waG90by5DMyJ9&_nc_ohc=jLVvrH1wxXsQ7kNvwEqjXCM&_nc_oc=Adq3d0Vmhp1zF2Qx8nhjSO3bLEZ9WmKe7HSK4qLsXFVAfHmWhIXVseUc40NdMY1Z87k&_nc_ad=z-m&_nc_cid=0&_nc_zt=23&se=8&_nc_ht=scontent-bos5-1.cdninstagram.com&_nc_gid=NItbvW8ycCPCEt2GqP4MAw&_nc_ss=7a3ba&oh=00_Af9UapQwAkQta75cm0fjpl4_O7lKq2Kc486vJF0i78CNpQ&oe=6A399B4F","https://scontent-bos5-1.cdninstagram.com/v/t51.82787-15/656279239_18542640658070698_8307273764070349001_n.jpg?stp=dst-jpegr_e35_tt6&_nc_cat=107&ig_cache_key=Mzg1Njg2NDI1MjQ4MTU3MzE5MA%3D%3D.3-ccb7-5&ccb=7-5&_nc_sid=58cdad&efg=eyJ2ZW5jb2RlX3RhZyI6IkNBUk9VU0VMX0lURU0ueHBpZHMuMTQ0MC5oZHIucmVndWxhcl9waG90by5DMyJ9&_nc_ohc=nbfgcthKjGIQ7kNvwH_Zw0I&_nc_oc=AdpmggWQ1w-JmONaJlKGUYwzp-D7BWT2LI83MnSDVaDnrD8Y-Qp2SDDoAcLSkw1may0&_nc_ad=z-m&_nc_cid=0&_nc_zt=23&se=8&_nc_ht=scontent-bos5-1.cdninstagram.com&_nc_gid=NItbvW8ycCPCEt2GqP4MAw&_nc_ss=7a3ba&oh=00_Af_ttailrWQxNJ6cRmpjHy52hENkwY8GnBOA_86kiftPxA&oe=6A396C1A","https://scontent-bos5-1.cdninstagram.com/v/t51.82787-15/656278496_18542640748070698_4231218172434233533_n.jpg?stp=dst-jpg_e15_tt6&_nc_cat=103&ig_cache_key=Mzg1Njg2NDI3MDE1NjM4NjA2NQ%3D%3D.3-ccb7-5&ccb=7-5&_nc_sid=58cdad&efg=eyJ2ZW5jb2RlX3RhZyI6IkNBUk9VU0VMX0lURU0ueHBpZHMuNzIwLnNkci52aWRlb19kZWZhdWx0X2NvdmVyX2ZyYW1lLkMzIn0%3D&_nc_ohc=-Q2HdTA9yXwQ7kNvwFAfr0a&_nc_oc=AdpRxW37EQuP4txBxY3DKxC-oL6i33FR0gbVdNSC8FI5Cx9nCgtSNyd-odTecnDUNjo&_nc_ad=z-m&_nc_cid=0&_nc_zt=23&_nc_ht=scontent-bos5-1.cdninstagram.com&_nc_gid=NItbvW8ycCPCEt2GqP4MAw&_nc_ss=7a3ba&oh=00_Af9OyqdUD-b5ww96a_4YNpn7dMDEgKtMDpm_leoAeEw1cQ&oe=6A3965DB","https://scontent-bos5-1.cdninstagram.com/v/t51.82787-15/654705207_18542640769070698_7463797648386648894_n.jpg?stp=dst-jpg_e15_tt6&_nc_cat=107&ig_cache_key=Mzg1Njg2NDMwMzMyNDk1NzcwNA%3D%3D.3-ccb7-5&ccb=7-5&_nc_sid=58cdad&efg=eyJ2ZW5jb2RlX3RhZyI6IkNBUk9VU0VMX0lURU0ueHBpZHMuNzIwLnNkci52aWRlb19kZWZhdWx0X2NvdmVyX2ZyYW1lLkMzIn0%3D&_nc_ohc=pktqmPBFmn8Q7kNvwGPMN7c&_nc_oc=AdrGQs54Ur16X2LO8EwB0EwDOxIAYH4B3aTmQ_FimgMCHITfeLPdp_Zlts_oAKasYZ4&_nc_ad=z-m&_nc_cid=0&_nc_zt=23&_nc_ht=scontent-bos5-1.cdninstagram.com&_nc_gid=NItbvW8ycCPCEt2GqP4MAw&_nc_ss=7a3ba&oh=00_Af_IOr0YsXoGFgqO4FzJqDfFTaw4Io_e5aVY0CqDtyQ6JA&oe=6A3994D0","https://scontent-bos5-1.cdninstagram.com/v/t51.82787-15/656274276_18542640667070698_1372601562198614817_n.jpg?stp=dst-jpegr_e35_tt6&_nc_cat=104&ig_cache_key=Mzg1Njg2NDI1NjIzOTY4NjYyNg%3D%3D.3-ccb7-5&ccb=7-5&_nc_sid=58cdad&efg=eyJ2ZW5jb2RlX3RhZyI6IkNBUk9VU0VMX0lURU0ueHBpZHMuMTQ0MC5oZHIucmVndWxhcl9waG90by5DMyJ9&_nc_ohc=u9Ov18-0DVIQ7kNvwEzszyN&_nc_oc=AdqUICGiXImSygeZqho4bUtWxq922Bqxp_PGZnWv2DIJ_tAsjPDptxTP8GQ-eYg_MQ8&_nc_ad=z-m&_nc_cid=0&_nc_zt=23&se=8&_nc_ht=scontent-bos5-1.cdninstagram.com&_nc_gid=NItbvW8ycCPCEt2GqP4MAw&_nc_ss=7a3ba&oh=00_Af_Piyma38Sg-7gTz89GSaIE_NtAT9l4vWMf18iYjLh54Q&oe=6A3980B1","https://scontent-bos5-1.cdninstagram.com/v/t51.82787-15/655063290_18542640679070698_2669519406953102598_n.jpg?stp=dst-jpegr_e35_tt6&_nc_cat=106&ig_cache_key=Mzg1Njg2NDI2MTgzNDg3NDkyMA%3D%3D.3-ccb7-5&ccb=7-5&_nc_sid=58cdad&efg=eyJ2ZW5jb2RlX3RhZyI6IkNBUk9VU0VMX0lURU0ueHBpZHMuMTQ0MC5oZHIucmVndWxhcl9waG90by5DMyJ9&_nc_ohc=IHTC7YD7tjQQ7kNvwGLqA-j&_nc_oc=Adr5MXK03KVf9k7x_NvUzRguJRr1kAg6BYoMM7OWNQR5mij3JeOMadSGtuORCrDvBp0&_nc_ad=z-m&_nc_cid=0&_nc_zt=23&se=8&_nc_ht=scontent-bos5-1.cdninstagram.com&_nc_gid=NItbvW8ycCPCEt2GqP4MAw&_nc_ss=7a3ba&oh=00_Af8YtfScm_2yqTjOYsxX338Bwr_bMaDdUooGu9Kls841Hg&oe=6A398746","https://scontent-bos5-1.cdninstagram.com/v/t51.82787-15/654430417_18542640691070698_7571243049726383476_n.jpg?stp=dst-jpegr_e35_tt6&_nc_cat=106&ig_cache_key=Mzg1Njg2NDI2OTI5MjM2MjgyMA%3D%3D.3-ccb7-5&ccb=7-5&_nc_sid=58cdad&efg=eyJ2ZW5jb2RlX3RhZyI6IkNBUk9VU0VMX0lURU0ueHBpZHMuMTQ0MC5oZHIucmVndWxhcl9waG90by5DMyJ9&_nc_ohc=BRHkPUSJUjsQ7kNvwEordKs&_nc_oc=AdoxCFC4de7jCrZ-VqgSn0ufzbVZdBjQIK9TBVFnMR3AKS67DcGHkzq3DhM4MQO1rKc&_nc_ad=z-m&_nc_cid=0&_nc_zt=23&se=8&_nc_ht=scontent-bos5-1.cdninstagram.com&_nc_gid=NItbvW8ycCPCEt2GqP4MAw&_nc_ss=7a3ba&oh=00_Af8UYcJLhaGDnpFY67DqcwlDIK0ty6RzU9ISwDKhjgisZQ&oe=6A398732","https://scontent-bos5-1.cdninstagram.com/v/t51.82787-15/654802742_18542640724070698_2094054680199575368_n.jpg?stp=dst-jpg_e35_tt6&_nc_cat=103&ig_cache_key=Mzg1Njg2NDI5MDU1NzQ5ODkzNg%3D%3D.3-ccb7-5&ccb=7-5&_nc_sid=58cdad&efg=eyJ2ZW5jb2RlX3RhZyI6IkNBUk9VU0VMX0lURU0ueHBpZHMuMTQ0MC5zZHIucmVndWxhcl9waG90by5DMyJ9&_nc_ohc=zDCNUg0zaQgQ7kNvwEUhNTd&_nc_oc=AdpysSwozBrWauMYuRlFCogQ1AiETetSe2MK9If8DmBy2tIsTkwA9xINfDFdeh3cvvQ&_nc_ad=z-m&_nc_cid=0&_nc_zt=23&se=8&_nc_ht=scontent-bos5-1.cdninstagram.com&_nc_gid=NItbvW8ycCPCEt2GqP4MAw&_nc_ss=7a3ba&oh=00_Af_XrB0ldpdD9kIKGLDgHK9CQKyZk2F9rxJY4IzcfSm3Ag&oe=6A3995CD","https://scontent-bos5-1.cdninstagram.com/v/t51.82787-15/656267023_18542640733070698_4961615108844218699_n.jpg?stp=dst-jpegr_e35_tt6&_nc_cat=106&ig_cache_key=Mzg1Njg2NDI5MTkyNDg0OTA5Mw%3D%3D.3-ccb7-5&ccb=7-5&_nc_sid=58cdad&efg=eyJ2ZW5jb2RlX3RhZyI6IkNBUk9VU0VMX0lURU0ueHBpZHMuMTQ0MC5oZHIucmVndWxhcl9waG90by5DMyJ9&_nc_ohc=CYYjtczDQEwQ7kNvwEuWIyv&_nc_oc=AdplRe_WsFR8hqLN0oWe70HonJxN8vkdfY91kdikI3U1mIZYE-VkOcGGvDBdl_eohiI&_nc_ad=z-m&_nc_cid=0&_nc_zt=23&se=8&_nc_ht=scontent-bos5-1.cdninstagram.com&_nc_gid=NItbvW8ycCPCEt2GqP4MAw&_nc_ss=7a3ba&oh=00_Af8IiceCAcDWVuvOUWdjn12zG7y-abDj1TtcFv8nIOq7JA&oe=6A396D55","https://scontent-bos5-1.cdninstagram.com/v/t51.82787-15/655570099_18542640760070698_2758879431411092801_n.jpg?stp=dst-jpg_e15_tt6&_nc_cat=107&ig_cache_key=Mzg1Njg2NDMyNjI1OTM5NzYwOQ%3D%3D.3-ccb7-5&ccb=7-5&_nc_sid=58cdad&efg=eyJ2ZW5jb2RlX3RhZyI6IkNBUk9VU0VMX0lURU0ueHBpZHMuNzIwLnNkci52aWRlb19kZWZhdWx0X2NvdmVyX2ZyYW1lLkMzIn0%3D&_nc_ohc=otxsi5WF7VcQ7kNvwEJT-Jc&_nc_oc=AdqmDVohZfzkyOvQrUmiDpCyO7HE4Ox4fUumPIUqWzs1zIf0oSH_uLOZOawGmv1wGtg&_nc_ad=z-m&_nc_cid=0&_nc_zt=23&_nc_ht=scontent-bos5-1.cdninstagram.com&_nc_gid=NItbvW8ycCPCEt2GqP4MAw&_nc_ss=7a3ba&oh=00_Af9_MUEBnEMGVvzwOSmmRWw8epjcYro6QfwOG2emIjnsPw&oe=6A397646",,"https://www.instagram.com/hidiff.tw/",,"458",,"hidiff.tw",,,"0",,,,,,,,,,,,,,,,,,,,,,,,,,,,,,,,,,,,,,,,,,,,,,,,,,,,,,,,,,,,,,,,,,,,,,,,"Youci","2069342697","ch_youci","true","carousel_container","DWGVeZ1kdX8","hidiff 히디프 🌳","63403377015","false","false",,"https://scontent-bos5-1.cdninstagram.com/v/t51.2885-19/452147619_3743307565986401_1601641283140305637_n.jpg?stp=dst-jpg_e0_s150x150_tt6&efg=eyJ2ZW5jb2RlX3RhZyI6InByb2ZpbGVfcGljLmRqYW5nby43OTYuYzIifQ&_nc_ht=scontent-bos5-1.cdninstagram.com&_nc_cat=105&_nc_oc=Q6cZ2gHXdgB0stBb5C3GC_IgwrkvaTJLuRrUG_ZP7jvHLI0SAFW_I88hveEBreLZwKMFmVQ&_nc_ohc=MQ_jj_B8i10Q7kNvwGBlwjt&_nc_gid=NItbvW8ycCPCEt2GqP4MAw&edm=APGXKFABAAAA&ccb=7-5&ig_cache_key=GKM58xphcsG1hEwNAOXCLdtCLDoWbkULAAAB1501500j-ccb7-5&oh=00_Af-izC31koedRBrTyNypLkyz8D3upcIU0FLKgva0ND7FGA&oe=6A3970CE&_nc_sid=a8b8e2",,"hidiff_official","hidiff.tw","80015491870","false","false",,"https://scontent-bos5-1.cdninstagram.com/v/t51.82787-19/615343798_17845310625667871_7065812407261479699_n.jpg?stp=dst-jpg_e0_s150x150_tt6&efg=eyJ2ZW5jb2RlX3RhZyI6InByb2ZpbGVfcGljLmRqYW5nby43OTYuYzIifQ&_nc_ht=scontent-bos5-1.cdninstagram.com&_nc_cat=1&_nc_oc=Q6cZ2gHXdgB0stBb5C3GC_IgwrkvaTJLuRrUG_ZP7jvHLI0SAFW_I88hveEBreLZwKMFmVQ&_nc_ohc=CmgFRSIfk20Q7kNvwF4Tzd5&_nc_gid=NItbvW8ycCPCEt2GqP4MAw&edm=APGXKFABAAAA&ccb=7-5&ig_cache_key=GLZmrSQf278oN2Y-ABNDXrjyzg5ibmNDAQAB1501500j-ccb7-5&oh=00_Af9rBjqSH1tsaiyzvfSoSjacLl7q-Iln5LDvimhBzmeSKQ&oe=6A399CDC&_nc_sid=a8b8e2",,"hidiff.tw","2026-03-20T08:08:28.000Z","Sidecar","https://www.instagram.com/p/DWGVeZ1kdX8/",,"0",
"搶先體驗95折優惠
輸入優惠碼「hidiff01」即可獲得

🌿

Sometimes, what feels right isn’t more, but just enough.

最近正處在一個轉換期，
把大部分的時間都留給了自己。
重新調整作息，生活方式也慢慢有了改變。
用手機的時間少了，
回到畫畫與創作的日子。

生活變得簡單，內心卻更豐盛。
我開始花更多時間和自己相處，
透過閱讀、寫字，
對未來的方向也越來越清晰，
也默默期待著那個更新後的自己。

💐

在重新調配生活節奏的同時，
也開始為現在的自己除舊佈新（笑）。
不只是整理空間，
也提醒自己要好好被照顧。

最近從早到晚固定使用的 @hidiff.tw 
捨去瓶瓶罐罐的繁複程序，選擇更精簡、安靜的保養方式。
反而更適合現在的我、現在的狀態
—— 溫柔、不打擾的陪伴。🤍

#hidiff
#養膚routine
#hidiff集中養膚組",,,,,,,,,,,,,,,,,,,,,,,,,,,,,,,,,,,,,,,,,,,,,,,,,,,,,,,,,,,,,,,,,,,,,,,,,,,,,,,,,,,,,,,,,,,,,,,,,,,,,,,,,,,,,,,,,,,,,,,,,,,,,,,,,,,,,,,,,,,,,,,,,,,,,,,,,,,,,,,,,,,,,,,,,,,,,,,,,,,,,,,,,,,,,,,,,,,,,,,,,,,,,,,,,,,,,,,,,,,,,,,,,,,,,,,,,,,,,,,,,,,,,,,,,,,,,,,,,,,,,,,,,,,,,,,,,,,,,,,,,,,,,,,,,,,,,,,,,,,,,,,,,,,,,,,,,,,,,,,,,,,,,,,,,,,,,,,,,,,,,,,,,,,,,,,,,,,,,,,,,,,,,,,,,,,,"0","1280","720","https://scontent-bos5-1.cdninstagram.com/v/t51.71878-15/655872284_3113069262226287_5018570147007829061_n.jpg?stp=dst-jpg_e15_tt6&_nc_cat=111&ig_cache_key=Mzg1NjI0NDg2NzY4ODY0Njc4OA%3D%3D.3-ccb7-5&ccb=7-5&_nc_sid=58cdad&efg=eyJ2ZW5jb2RlX3RhZyI6IkNMSVBTLnhwaWRzLjY0MC5zZHIudmlkZW9fbmZyYW1lX2NvdmVyX2ZyYW1lLkMzIn0%3D&_nc_ohc=u-2psYEpHbwQ7kNvwHKkb_L&_nc_oc=AdqBfMlojif2ZLPS0xQCdIoLohoG7h-_ZMrFnThclEP54w9iLRKnLNSe0iLrHkaBHEM&_nc_ad=z-m&_nc_cid=0&_nc_zt=23&_nc_ht=scontent-bos5-1.cdninstagram.com&_nc_gid=NItbvW8ycCPCEt2GqP4MAw&_nc_ss=7a3ba&oh=00_Af98fuYI4g4W5Ue5bfzZIkDMwSoom4foTXm5QMF2fAxNeg&oe=6A397A55",,,"","hidiff","養膚routine","hidiff集中養膚組",,,"3856244867688646788","1044",,,,,,,,,,,,,,,"https://www.instagram.com/hidiff.tw/",,"-1",,"hidiff.tw",,"enyahyf",,"26142456128738480",,,,,,,,,,,,,,,,,,,,,,,,,,,,,,,,,,,,,,,,,,,,,,,,,,,,,,,,,,,,,,,,,,,"false","","Original audio","true","Enya HYF","177621735","enyahyf","true","clips","DWEIkahgUiE","hidiff.tw","80015491870","false","false",,"https://scontent-bos5-1.cdninstagram.com/v/t51.82787-19/615343798_17845310625667871_7065812407261479699_n.jpg?stp=dst-jpg_e0_s150x150_tt6&efg=eyJ2ZW5jb2RlX3RhZyI6InByb2ZpbGVfcGljLmRqYW5nby43OTYuYzIifQ&_nc_ht=scontent-bos5-1.cdninstagram.com&_nc_cat=1&_nc_oc=Q6cZ2gHXdgB0stBb5C3GC_IgwrkvaTJLuRrUG_ZP7jvHLI0SAFW_I88hveEBreLZwKMFmVQ&_nc_ohc=CmgFRSIfk20Q7kNvwF4Tzd5&_nc_gid=NItbvW8ycCPCEt2GqP4MAw&edm=APGXKFABAAAA&ccb=7-5&ig_cache_key=GLZmrSQf278oN2Y-ABNDXrjyzg5ibmNDAQAB1501500j-ccb7-5&oh=00_Af9rBjqSH1tsaiyzvfSoSjacLl7q-Iln5LDvimhBzmeSKQ&oe=6A399CDC&_nc_sid=a8b8e2",,"hidiff.tw",,,,,,,,,"2026-03-19T11:39:08.000Z","Video","https://www.instagram.com/p/DWEIkahgUiE/","62.111000061035156","1044","https://scontent-bos5-1.cdninstagram.com/o1/v/t2/f2/m86/AQOgGWF0xu06NFx1MY3ydHXZ5GWkv2BwciiOUcDELU75Awt8hURL4Qqv6pw2lgYvVBo-q55QEI7FAfuKmby6p9enjuoaCjD-sqRl-hA.mp4?_nc_cat=107&_nc_sid=5e9851&_nc_ht=scontent-bos5-1.cdninstagram.com&_nc_ohc=5m7AozjC9jYQ7kNvwGgeY0C&efg=eyJ2ZW5jb2RlX3RhZyI6Inhwdl9wcm9ncmVzc2l2ZS5JTlNUQUdSQU0uQ0xJUFMuQzMuNzIwLmRhc2hfYmFzZWxpbmVfMV92MSIsInhwdl9hc3NldF9pZCI6MTc5NTIzNDI0NTAxMTMwNjUsImFzc2V0X2FnZV9kYXlzIjo5MCwidmlfdXNlY2FzZV9pZCI6MTA4MjcsImR1cmF0aW9uX3MiOjYyLCJ1cmxnZW5fc291cmNlIjoid3d3In0%3D&ccb=17-1&vs=dae65bef71a73c38&_nc_vs=HBksFQIYUmlnX3hwdl9yZWVsc19wZXJtYW5lbnRfc3JfcHJvZC84MjQzNEQ1RjY1REU3MjAwOUMwOTQxM0I5QjFGQjI4Q192aWRlb19kYXNoaW5pdC5tcDQVAALIARIAFQIYUWlnX3hwdl9wbGFjZW1lbnRfcGVybWFuZW50X3YyLzg5NDM5RDc5RkFGRUQxMTJDRjAzRERDQzUxN0MzODk5X2F1ZGlvX2Rhc2hpbml0Lm1wNBUCAsgBEgAoABgAGwKIB3VzZV9vaWwBMRJwcm9ncmVzc2l2ZV9yZWNpcGUBMRUAACbSqICq7uPjPxUCKAJDMywXQE8MzMzMzM0YEmRhc2hfYmFzZWxpbmVfMV92MREAdf4HZZapAQA&_nc_gid=NItbvW8ycCPCEt2GqP4MAw&_nc_ss=7a3ba&_nc_zt=28&oh=00_Af-4TZC7bq6Fft4TTXSfq_dfr43LWx7TTmMKCLKrffMInQ&oe=6A358E94"
"搶先體驗95折優惠🥑輸入
優惠碼「hidiff01」即可獲得！

在繁忙的日常裡
能靜下來的少數片刻之一是保養的時候
@hidiff.tw 綠珍珠系列是我最近睡前必備！

第一次使用泡泡質地的化妝水覺得很新奇🫧
完全愛上！疊加的保濕效果真的更讚
使用的時候還很療癒（喜歡用雙手慢慢按壓）
在換季或冬天肌膚容易乾癢的時候
可以再搭配高濃縮水精華
能夠深層補水以及達到舒緩泛紅的效果
最後再用酪梨修護霜，能形成保護膜鎖水

三個步驟使用完臉整個澎嫩又透亮！
隔天起來上妝真的是會感謝前一晚的自己🫂

#hidiff
#養膚routine
#hidiff集中養膚組",,,,,,,,,,,,,,,,,,,,,,,,,,,,,,,,,,,,,,,,,,,,,,,,,,,,,,,,,,,,,,,,,,,,,,,,,,,,,,,,,,,,,,,,,,,,,,,,,,,,,,,,,,,,,,,,,,,,,,,,,,,,,,,,,,,,,,,,,,,,,,,,,,,,,,,,,,,,,,,,,,,,,,,,,,,,,,,,,,,,,,,,,,,,,,,,,,,,,,,,,,,,,,,,,,,,,,,,,,,,,,,,,,,,,,,,,,,,,,,,,,,,,,,,,,,,,,,,,,,,,,,,,,,,,,,,,,,,,,,,,,,,,,,,,,,,,,,,,,,,,,,,,,,,,,,,,,,,,,,,,,,,,,,,,,,,,,,,,,,,,,,,,,,,,,,,,,,,,,,,,,,,,,,,,,,,"1","1280","720","https://scontent-bos5-1.cdninstagram.com/v/t51.82787-15/650202751_18094569932020399_840298493207691173_n.jpg?stp=dst-jpg_e35_p750x750_sh2.08_tt6&_nc_cat=100&ig_cache_key=Mzg1MTI0NzI0NDExMjEyOTQxNzE4MDk0NTY5OTI5MDIwMzk5.3-ccb7-5&ccb=7-5&_nc_sid=58cdad&efg=eyJ2ZW5jb2RlX3RhZyI6IkNMSVBTLnhwaWRzLjExNzkuc2RyLnZpZGVvX2RlZmF1bHRfY292ZXJfZnJhbWUuQzMifQ%3D%3D&_nc_ohc=ElMJAlUiNwMQ7kNvwH0kxAG&_nc_oc=Adosh57VDHahBMgGUBf5n-m70gkWjg55CG23WjtpiaxDKX9FneVd4qT22jzmXeU8Cxo&_nc_ad=z-m&_nc_cid=0&_nc_zt=23&_nc_ht=scontent-bos5-1.cdninstagram.com&_nc_gid=NItbvW8ycCPCEt2GqP4MAw&_nc_ss=7a3ba&oh=00_Af-Qv6RHt8uuZvkZFuwK2EGu36XNpRJa4yHEOfaOVw9wKA&oe=6A3976D7",,,"","hidiff","養膚routine","hidiff集中養膚組",,,"3851247244112129417","3753",,,,,,,,,,,,,,,"https://www.instagram.com/hidiff.tw/",,"-1",,"hidiff.tw",,"pantinghsuan",,"25825879010445276",,,,,,,,,,,,,,,,,,,,,,,,,,,,,,,,,,,,,,,,,,,,,,,,,,,,,,,,,,,,,,,,,,,"false","","Original audio","true","潘妮 Panni","30621332398","pantinghsuan",,"clips","DVyYPa3gW2J","hidiff.tw","80015491870","false","false",,"https://scontent-bos5-1.cdninstagram.com/v/t51.82787-19/615343798_17845310625667871_7065812407261479699_n.jpg?stp=dst-jpg_e0_s150x150_tt6&efg=eyJ2ZW5jb2RlX3RhZyI6InByb2ZpbGVfcGljLmRqYW5nby43OTYuYzIifQ&_nc_ht=scontent-bos5-1.cdninstagram.com&_nc_cat=1&_nc_oc=Q6cZ2gHXdgB0stBb5C3GC_IgwrkvaTJLuRrUG_ZP7jvHLI0SAFW_I88hveEBreLZwKMFmVQ&_nc_ohc=CmgFRSIfk20Q7kNvwF4Tzd5&_nc_gid=NItbvW8ycCPCEt2GqP4MAw&edm=APGXKFABAAAA&ccb=7-5&ig_cache_key=GLZmrSQf278oN2Y-ABNDXrjyzg5ibmNDAQAB1501500j-ccb7-5&oh=00_Af9rBjqSH1tsaiyzvfSoSjacLl7q-Iln5LDvimhBzmeSKQ&oe=6A399CDC&_nc_sid=a8b8e2",,"hidiff.tw",,,,,,,,,"2026-03-12T14:09:30.000Z","Video","https://www.instagram.com/p/DVyYPa3gW2J/","54.14699935913086","4818","https://scontent-bos5-1.cdninstagram.com/o1/v/t2/f2/m86/AQPf_AprYGQl1yXsrZdsCjvxsjWVLtQsf7-J5wgpNOj9r7X2f8_LkpKCLjxzGJw7iaeC4G5gu7_M3fjTDlA_wubbNJP4qr0qM0Ik5Y0.mp4?_nc_cat=107&_nc_sid=5e9851&_nc_ht=scontent-bos5-1.cdninstagram.com&_nc_ohc=qxhhL72uZS0Q7kNvwF5KNya&efg=eyJ2ZW5jb2RlX3RhZyI6Inhwdl9wcm9ncmVzc2l2ZS5JTlNUQUdSQU0uQ0xJUFMuQzMuNzIwLmRhc2hfYmFzZWxpbmVfMV92MSIsInhwdl9hc3NldF9pZCI6MTc5NTA4Nzc3OTMxMTE5MzksImFzc2V0X2FnZV9kYXlzIjo5NywidmlfdXNlY2FzZV9pZCI6MTA4MjcsImR1cmF0aW9uX3MiOjU0LCJ1cmxnZW5fc291cmNlIjoid3d3In0%3D&ccb=17-1&vs=4a76cbc27c4ba13b&_nc_vs=HBksFQIYUmlnX3hwdl9yZWVsc19wZXJtYW5lbnRfc3JfcHJvZC81MzQxM0FBRDJEQjQzMEQ1NkREQkRFMjA1OThDOENBMV92aWRlb19kYXNoaW5pdC5tcDQVAALIARIAFQIYUWlnX3hwdl9wbGFjZW1lbnRfcGVybWFuZW50X3YyL0I4NDBCRkU5RjU1ODBBRTdDREI1RUU3MzlCRTA4NDg4X2F1ZGlvX2Rhc2hpbml0Lm1wNBUCAsgBEgAoABgAGwKIB3VzZV9vaWwBMRJwcm9ncmVzc2l2ZV9yZWNpcGUBMRUAACaGvp7kzY7jPxUCKAJDMywXQEsRBiTdLxsYEmRhc2hfYmFzZWxpbmVfMV92MREAdf4HZZapAQA&_nc_gid=NItbvW8ycCPCEt2GqP4MAw&_nc_ss=7a3ba&_nc_zt=28&oh=00_Af-Jdl1HF9an4agOWqnT1h_uXHr9d2I76uqVHY4Jq3HGdg&oe=6A35727C"
"搶先體驗95折優惠！
輸入優惠碼hidiff01即可獲得！

近期的養膚保養🪄
來自韓國的護膚品牌 @hidiff.tw 
專為敏感肌打造🌿

Step1 綠珍珠潤肌泡泡化妝水🫧
綿密泡泡質地，吸收快！

Step2綠珍珠 D-泛醇3%高濃縮水精華
保濕度高且不黏膩！

Step3 綠珍珠酪梨修護乳霜🥑
乳霜質地上臉不悶！

每天使用可以讓肌膚變得更穩定透亮✨

#hidiff
#養膚routine
#hidiff集中養膚組",,,,,,,,,,,,,,,,,,,,,,,,,,,,,,,,,,,,,,,,,,,,,,,,,,,,,,,,,,,,,,,,,,,,,,,,,,,,,,,,,,,,,,,,,,,,,,,,,,,,,,,,,,,,,,,,,,,,,,,,,,,,,,,,,,,,,,,,,,,,,,,,,,,,,,,,,,,,,,,,,,,,,,,,,,,,,,,,,,,,,,,,,,,,,,,,,,,,,,,,,,,,,,,,,,,,,,,,,,,,,,,,,,,,,,,,,,,,,,,,,,,,,,,,,,,,,,,,,,,,,,,,,,,,,,,,,,,,,,,,,,,,,,,,,,,,,,,,,,,,,,,,,,,,,,,,,,,,,,,,,,,,,,,,,,,,,,,,,,,,,,,,,,,,,,,,,,,,,,,,,,,,,,,,,,,,"3","1280","720","https://scontent-bos5-1.cdninstagram.com/v/t51.71878-15/651541912_1236778585233444_8555453645861977853_n.jpg?stp=dst-jpg_e15_tt6&_nc_cat=107&ig_cache_key=Mzg1MTI0MTc2NzMzMzA3MjY4MA%3D%3D.3-ccb7-5&ccb=7-5&_nc_sid=58cdad&efg=eyJ2ZW5jb2RlX3RhZyI6IkNMSVBTLnhwaWRzLjY0MC5zZHIudmlkZW9fbmZyYW1lX2NvdmVyX2ZyYW1lLkMzIn0%3D&_nc_ohc=hSW6aCJY9BcQ7kNvwHXAaYz&_nc_oc=AdqpYNhJ_ZOGocbjgpDnCFTVInLxlSOUTqpBScAMxjVvSOr7FDY5MH7nfZwRwIqcSdw&_nc_ad=z-m&_nc_cid=0&_nc_zt=23&_nc_ht=scontent-bos5-1.cdninstagram.com&_nc_gid=NItbvW8ycCPCEt2GqP4MAw&_nc_ss=7a3ba&oh=00_Af-X7LDAwJuY19w8xMfk1oIT26m2ni7pSC6j8AGjMwe3fA&oe=6A397966",,,"","hidiff","養膚routine","hidiff集中養膚組",,,"3851241767333072680","21963",,,,,,,,,,,,,,,"https://www.instagram.com/hidiff.tw/",,"215",,"hidiff.tw",,"txxwxxhkkk",,"26629965356586856",,,,,,,,,,,,,,,,,,,,,,,,,,,,,,,,,,,,,,,,,,,,,,,,,,,,,,,,,,,,,,,,,,,"false","","Original audio","true","ᯓ★ Zona ౨ৎ","463745267","txxwxxhkkk","true","clips","DVyW_uOCQ8o","hidiff.tw","80015491870","false","false",,"https://scontent-bos5-1.cdninstagram.com/v/t51.82787-19/615343798_17845310625667871_7065812407261479699_n.jpg?stp=dst-jpg_e0_s150x150_tt6&efg=eyJ2ZW5jb2RlX3RhZyI6InByb2ZpbGVfcGljLmRqYW5nby43OTYuYzIifQ&_nc_ht=scontent-bos5-1.cdninstagram.com&_nc_cat=1&_nc_oc=Q6cZ2gHXdgB0stBb5C3GC_IgwrkvaTJLuRrUG_ZP7jvHLI0SAFW_I88hveEBreLZwKMFmVQ&_nc_ohc=CmgFRSIfk20Q7kNvwF4Tzd5&_nc_gid=NItbvW8ycCPCEt2GqP4MAw&edm=APGXKFABAAAA&ccb=7-5&ig_cache_key=GLZmrSQf278oN2Y-ABNDXrjyzg5ibmNDAQAB1501500j-ccb7-5&oh=00_Af9rBjqSH1tsaiyzvfSoSjacLl7q-Iln5LDvimhBzmeSKQ&oe=6A399CDC&_nc_sid=a8b8e2",,"hidiff.tw",,,,,,,,,"2026-03-12T13:58:21.000Z","Video","https://www.instagram.com/p/DVyW_uOCQ8o/","75.30000305175781","29438","https://scontent-bos5-1.cdninstagram.com/o1/v/t16/f2/m69/AQOQKvvBKNK-JF4Oq-T9fUnMMOnobVLOwXDyqgus4mLijWuBeZmEC7gmKNfGVKrvU3Ssz967um40YUVhVvV0cpkN.mp4?strext=1&_nc_cat=100&_nc_sid=5e9851&_nc_ht=scontent-bos5-1.cdninstagram.com&_nc_ohc=nwYBCvfsb0gQ7kNvwFu7K-u&efg=eyJ2ZW5jb2RlX3RhZyI6Inhwdl9wcm9ncmVzc2l2ZS5JTlNUQUdSQU0uQ0xJUFMuQzMuNzIwLmRhc2hfYmFzZWxpbmVfMV92MSIsInhwdl9hc3NldF9pZCI6MTc5NDcxNTMzMDgxMTQxNTksImFzc2V0X2FnZV9kYXlzIjo5NywidmlfdXNlY2FzZV9pZCI6MTAwOTksImR1cmF0aW9uX3MiOjc1LCJ1cmxnZW5fc291cmNlIjoid3d3In0%3D&ccb=17-1&vs=1ff2f94fb944e713&_nc_vs=HBksFQIYOnBhc3N0aHJvdWdoX2V2ZXJzdG9yZS9HQlFUc2libWtUT0YwRndEQVBibnByTEIzNnR0YnNwVEFRQUYVAALIARIAFQIYUWlnX3hwdl9wbGFjZW1lbnRfcGVybWFuZW50X3YyLzNBNDgyRUE5MjgzMkU5QjdDRTBEMTJFNjIzODk4OEIyX2F1ZGlvX2Rhc2hpbml0Lm1wNBUCAsgBEgAoABgAGwKIB3VzZV9vaWwBMRJwcm9ncmVzc2l2ZV9yZWNpcGUBMRUAACbe88aa6LXhPxUCKAJDMywXQFLTMzMzMzMYEmRhc2hfYmFzZWxpbmVfMV92MREAdf4HZeadAQA&_nc_gid=NItbvW8ycCPCEt2GqP4MAw&_nc_ss=7a3ba&_nc_zt=28&oh=00_Af_q0pMaL-QxmkfAcc-QG3AlYJmBqdnQQyf9t-mBEnsH3A&oe=6A396D88"
"搶先體驗95折優惠！輸入
優惠碼「hidiff01」即可獲得！�最近真的覺得膚況穩定很多✨

其實也沒有多複雜
就是把保養做好基本三步驟
 ✔️綠珍珠潤肌泡泡化妝水
洗完臉先拍一層
清爽但保濕度很夠讓皮膚先喝飽水💧
✔️綠珍珠D-泛醇3%高濃縮水精華
質地偏水感，吸收很快
早上用也不影響後續上妝乾乾不舒服的時候特別有感
✔️綠珍珠酪梨修護乳霜
最後鎖住水分
不厚重但會形成一層舒服的保濕感
隔天起來臉摸起來嫩嫩的✨

整套用下來不黏膩、沒有負擔最近上妝真的比較服貼🤍
@hidiff.tw �#히디프 #hidiff#綠珍珠系列#hidiff養膚組",,,,,,,,,,,,,,,,,,,,,,,,,,,,,,,,,,,,,,,,,,,,,,,,,,,,,,,,,,,,,,,,,,,,,,,,,,,,,,,,,,,,,,,,,,,,,,,,,,,,,,,,,,,,,,,,,,,,,,,,,,,,,,,,,,,,,,,,,,,,,,,,,,,,,,,,,,,,,,,,,,,,,,,,,,,,,,,,,,,,,,,,,,,,,,,,,,,,,,,,,,,,,,,,,,,,,,,,,,,,,,,,,,,,,,,,,,,,,,,,,,,,,,,,,,,,,,,,,,,,,,,,,,,,,,,,,,,,,,,,,,,,,,,,,,,,,,,,,,,,,,,,,,,,,,,,,,,,,,,,,,,,,,,,,,,,,,,,,,,,,,,,,,,,,,,,,,,,,,,,,,,,,,,,,,,,"0","1280","720","https://scontent-bos5-1.cdninstagram.com/v/t51.82787-15/652057785_18571564747045242_7063851639993600350_n.jpg?stp=dst-jpg_e35_p750x750_sh2.08_tt6&_nc_cat=108&ig_cache_key=Mzg1MTIzMTQwNDU1MDQ4OTQ4NjE4NTcxNTY0NzQ0MDQ1MjQy.3-ccb7-5&ccb=7-5&_nc_sid=58cdad&efg=eyJ2ZW5jb2RlX3RhZyI6IkNMSVBTLnhwaWRzLjEyMDQuc2RyLnZpZGVvX2RlZmF1bHRfY292ZXJfZnJhbWUuQzMifQ%3D%3D&_nc_ohc=-NjC1QIIB6kQ7kNvwEJiZfk&_nc_oc=Adowrn6XtVhBtJ2rbb4SdJkGbTQBXUbwJKw0SXUbHriQSjCp8JK90pSTSgvn9mBbLLQ&_nc_ad=z-m&_nc_cid=0&_nc_zt=23&_nc_ht=scontent-bos5-1.cdninstagram.com&_nc_gid=NItbvW8ycCPCEt2GqP4MAw&_nc_ss=7a3ba&oh=00_Af9Nvagt2krA3lJ6Bz_cP8Uh-aAIoN1txYy1ctmpgWEq8A&oe=6A3974D4",,,"","히디프","hidiff","綠珍珠系列","hidiff養膚組",,"3851231404550489486","7519",,,,,,,,,,,,,,,"https://www.instagram.com/hidiff.tw/",,"87",,"hidiff.tw",,"meng1031",,"26137267802625732",,,,,,,,,,,,,,,,,,,,,,,,,,,,,,,,,,,,,,,,,,,,,,,,,,,,,,,,,,,,,,,,,,,"false","","Original audio","true","孟萱","599341241","meng1031","true","clips","DVyUo7ID4WO","hidiff.tw","80015491870","false","false",,"https://scontent-bos5-1.cdninstagram.com/v/t51.82787-19/615343798_17845310625667871_7065812407261479699_n.jpg?stp=dst-jpg_e0_s150x150_tt6&efg=eyJ2ZW5jb2RlX3RhZyI6InByb2ZpbGVfcGljLmRqYW5nby43OTYuYzIifQ&_nc_ht=scontent-bos5-1.cdninstagram.com&_nc_cat=1&_nc_oc=Q6cZ2gHXdgB0stBb5C3GC_IgwrkvaTJLuRrUG_ZP7jvHLI0SAFW_I88hveEBreLZwKMFmVQ&_nc_ohc=CmgFRSIfk20Q7kNvwF4Tzd5&_nc_gid=NItbvW8ycCPCEt2GqP4MAw&edm=APGXKFABAAAA&ccb=7-5&ig_cache_key=GLZmrSQf278oN2Y-ABNDXrjyzg5ibmNDAQAB1501500j-ccb7-5&oh=00_Af9rBjqSH1tsaiyzvfSoSjacLl7q-Iln5LDvimhBzmeSKQ&oe=6A399CDC&_nc_sid=a8b8e2",,"hidiff.tw",,,,,,,,,"2026-03-12T13:37:09.000Z","Video","https://www.instagram.com/p/DVyUo7ID4WO/","49.457000732421875","9690","https://scontent-bos5-1.cdninstagram.com/o1/v/t16/f2/m69/AQOaUQefwdUX812cE_M5TnfbV_LL1MGc2xZizFSXVhZBSILpZ51eXYNZvYETmXQR5Cbxf814WkqgRwAr_2Q82S0Y.mp4?strext=1&_nc_cat=105&_nc_sid=5e9851&_nc_ht=scontent-bos5-1.cdninstagram.com&_nc_ohc=gMXKaZHBxHcQ7kNvwFTVPt3&efg=eyJ2ZW5jb2RlX3RhZyI6Inhwdl9wcm9ncmVzc2l2ZS5JTlNUQUdSQU0uQ0xJUFMuQzMuNzIwLmRhc2hfYmFzZWxpbmVfMV92MSIsInhwdl9hc3NldF9pZCI6MTc5NTE1MzI0NzQxMDM0ODgsImFzc2V0X2FnZV9kYXlzIjo5NywidmlfdXNlY2FzZV9pZCI6MTAwOTksImR1cmF0aW9uX3MiOjQ5LCJ1cmxnZW5fc291cmNlIjoid3d3In0%3D&ccb=17-1&vs=3c1073ca0a90a82c&_nc_vs=HBksFQIYOnBhc3N0aHJvdWdoX2V2ZXJzdG9yZS9HSldLdHlib1VVUWJ5MzRHQVA0WkYydEM1bU5jYnNwVEFRQUYVAALIARIAFQIYUWlnX3hwdl9wbGFjZW1lbnRfcGVybWFuZW50X3YyLzJFNDdBMkUzMjg0RkUzRjA4OTg1NzA3NTQ3NUExOTgzX2F1ZGlvX2Rhc2hpbml0Lm1wNBUCAsgBEgAoABgAGwKIB3VzZV9vaWwBMRJwcm9ncmVzc2l2ZV9yZWNpcGUBMRUAACaA29fE27TjPxUCKAJDMywXQEi3bItDlYEYEmRhc2hfYmFzZWxpbmVfMV92MREAdf4HZeadAQA&_nc_gid=NItbvW8ycCPCEt2GqP4MAw&_nc_ss=7a3ba&_nc_zt=28&oh=00_Af-BZWC_7yftO-6RolVW9D9v3SWYyuRejIrXOEOTJ9gZSQ&oe=6A3973DB"
"搶先體驗95折優惠！
輸入優惠碼hidiff01即可獲得！

好好工作 好好生活✨
換季的過程膚況又開始不穩定
嘗試了很多保養品牌
最近很喜歡的韓國新保養品牌Hidiff綠珍珠系列

💚潤肌泡泡化妝水
▫️泛醇x神經醯胺x植物萃取x綠茶
泡泡慕絲的化妝水，大概搓20-30秒就會化成水
擦2-3層的話保濕感會更明顯🤩

💚D泛醇3%高濃縮水精華
▫️D泛醇x積雪草萃取
流動性很高的一款精華
在這幾天臉頰兩側又開始泛紅🥹
使用下來覺得舒緩不少！！（推👍🏻👍🏻

💚酪梨修護乳霜🥑
▫️D泛醇x酪梨油x植物性鯨蠟醇
這條超級適合冬天!!尤其是天氣變化多端的台北
雖然是乳霜質地 但不會厚重
大概5-10分鐘就可以吸收
我會當作保養的最後一步
隔天起床化妝不會覺得臉很乾☺️～～

包裝有質感 讓保養的過程心情很好
這幾天使用下來覺得還不錯👌🏻喜歡～～💖
#Hidiff  #綠珍珠D泛醇3%高濃縮水精華 #綠珍珠潤肌泡泡化妝水 #綠珍珠酪梨修護乳霜","","0","1920","1440","https://scontent-bos5-1.cdninstagram.com/v/t51.82787-15/649830514_18541394683067718_4727769569540676906_n.jpg?stp=dst-jpg_e35_tt6&_nc_cat=110&ig_cache_key=Mzg1MTIyOTQ3OTEzMDA5ODc5NA%3D%3D.3-ccb7-5&ccb=7-5&_nc_sid=58cdad&efg=eyJ2ZW5jb2RlX3RhZyI6IkNBUk9VU0VMX0lURU0ueHBpZHMuMTQ0MC5zZHIucmVndWxhcl9waG90by5DMyJ9&_nc_ohc=7OMxMaDrNskQ7kNvwF0roqB&_nc_oc=AdpaVA03gviutYi2onpLyNm_H2QXpz-BTP7HPFRpr_c-uH42Hyvc1FZ0OlhO_dIts8A&_nc_ad=z-m&_nc_cid=0&_nc_zt=23&se=8&_nc_ht=scontent-bos5-1.cdninstagram.com&_nc_gid=NItbvW8ycCPCEt2GqP4MAw&_nc_ss=7a3ba&oh=00_Af9Hkm1yi7zqOdyaJZlITg4lnL39EwcGeAg6rMfmhG8j-A&oe=6A396B2C","","3851229479130098794","carousel_item",,,,,,,,,,,,,,,"2026-03-12T13:33:38.000Z","Image",,,"","0","1920","1440","https://scontent-bos5-1.cdninstagram.com/v/t51.82787-15/650920976_18541394692067718_4319718106993238409_n.jpg?stp=dst-jpg_e35_tt6&_nc_cat=111&ig_cache_key=Mzg1MTIyOTQ4MTE0MzM2OTAzOQ%3D%3D.3-ccb7-5&ccb=7-5&_nc_sid=58cdad&efg=eyJ2ZW5jb2RlX3RhZyI6IkNBUk9VU0VMX0lURU0ueHBpZHMuMTQ0MC5zZHIucmVndWxhcl9waG90by5DMyJ9&_nc_ohc=BhL0MmabTCsQ7kNvwEbfKvr&_nc_oc=AdpxyvIT-_uKa7F5UDLPC-vp2aFQ_x96MDHLtLl5zsjAMqfN7UkqBR9SA7SCQHXJF10&_nc_ad=z-m&_nc_cid=0&_nc_zt=23&se=8&_nc_ht=scontent-bos5-1.cdninstagram.com&_nc_gid=NItbvW8ycCPCEt2GqP4MAw&_nc_ss=7a3ba&oh=00_Af8GpzKT1Bx9ZhWT8S3Me-LM4Hhx-OpH7p-AH1CiV_-roA&oe=6A39659F","","3851229481143369039","carousel_item",,,,,,,,,,,,,,,"2026-03-12T13:33:38.000Z","Image",,,"","0","1546","1160","https://scontent-bos5-1.cdninstagram.com/v/t51.82787-15/650911652_18541394728067718_1161916346248876692_n.jpg?stp=dst-jpg_e35_tt6&_nc_cat=108&ig_cache_key=Mzg1MTIyOTQ4MTM3ODIwMTkxNA%3D%3D.3-ccb7-5&ccb=7-5&_nc_sid=58cdad&efg=eyJ2ZW5jb2RlX3RhZyI6IkNBUk9VU0VMX0lURU0ueHBpZHMuMTE2MC5zZHIucmVndWxhcl9waG90by5DMyJ9&_nc_ohc=Fmy2oRjVjsIQ7kNvwEs8Gt5&_nc_oc=AdrSj_e6Z6QIqarNb6EXDPsfkp3Zsp0IO5LrzTfVYTQKH91YtqJEeO6NEm99qtFpYd4&_nc_ad=z-m&_nc_cid=0&_nc_zt=23&se=8&_nc_ht=scontent-bos5-1.cdninstagram.com&_nc_gid=NItbvW8ycCPCEt2GqP4MAw&_nc_ss=7a3ba&oh=00_Af_MlVfUh3qwMfhKVRCISRoSjWEuvGvT3Xn0SM6_sgDi8Q&oe=6A398B91","","3851229481378201914","carousel_item",,,,,,,,,,,,,,,"2026-03-12T13:33:38.000Z","Image",,,"","0","1760","1320","https://scontent-bos5-1.cdninstagram.com/v/t51.82787-15/650965257_18541394716067718_2739926411690158607_n.jpg?stp=dst-jpg_e35_tt6&_nc_cat=105&ig_cache_key=Mzg1MTIyOTQ4MjQ2ODc1NzYwMg%3D%3D.3-ccb7-5&ccb=7-5&_nc_sid=58cdad&efg=eyJ2ZW5jb2RlX3RhZyI6IkNBUk9VU0VMX0lURU0ueHBpZHMuMTMyMC5zZHIucmVndWxhcl9waG90by5DMyJ9&_nc_ohc=r59UzGQYcnYQ7kNvwEtLvDg&_nc_oc=AdoIK3DXRb1oQHB00T3Z8IcuCXsrArpUOEOVsvLx7DJu9hplA4KYDsnq6VnjB15Gnt8&_nc_ad=z-m&_nc_cid=0&_nc_zt=23&se=8&_nc_ht=scontent-bos5-1.cdninstagram.com&_nc_gid=NItbvW8ycCPCEt2GqP4MAw&_nc_ss=7a3ba&oh=00_Af835D25h9R1S6Y5z5-WJgkaYpqa1zCubdgBmnafGaGSKw&oe=6A3967B2","","3851229482468757602","carousel_item",,,,,,,,,,,,,,,"2026-03-12T13:33:38.000Z","Image",,,"","0","1920","1440","https://scontent-bos5-1.cdninstagram.com/v/t51.82787-15/650977522_18541394701067718_6333797298835044016_n.jpg?stp=dst-jpg_e35_tt6&_nc_cat=101&ig_cache_key=Mzg1MTIyOTQ4NDIwNTE4Njc0MQ%3D%3D.3-ccb7-5&ccb=7-5&_nc_sid=58cdad&efg=eyJ2ZW5jb2RlX3RhZyI6IkNBUk9VU0VMX0lURU0ueHBpZHMuMTQ0MC5zZHIucmVndWxhcl9waG90by5DMyJ9&_nc_ohc=SLggEd6PEXYQ7kNvwENB2g8&_nc_oc=AdrbbDrKGuoXGrCkf74rwOtr1mJqMzxLRXCYEBh9lPDHYInk_bVUMtfirCFpc2gpqVY&_nc_ad=z-m&_nc_cid=0&_nc_zt=23&se=8&_nc_ht=scontent-bos5-1.cdninstagram.com&_nc_gid=NItbvW8ycCPCEt2GqP4MAw&_nc_ss=7a3ba&oh=00_Af8Kd24X6pIKz894j9zwVz0TTKJ2tomiChNEC6ZSas4LXQ&oe=6A3970C6","","3851229484205186741","carousel_item",,,,,,,,,,,,,,,"2026-03-12T13:33:38.000Z","Image",,,"","0","1813","1360","https://scontent-bos5-1.cdninstagram.com/v/t51.82787-15/650987864_18541394737067718_4681078791015312409_n.jpg?stp=dst-jpg_e35_tt6&_nc_cat=109&ig_cache_key=Mzg1MTIyOTQ4NDg3NjI5NjY2OQ%3D%3D.3-ccb7-5&ccb=7-5&_nc_sid=58cdad&efg=eyJ2ZW5jb2RlX3RhZyI6IkNBUk9VU0VMX0lURU0ueHBpZHMuMTM2MC5zZHIucmVndWxhcl9waG90by5DMyJ9&_nc_ohc=Pc8L4yopyNMQ7kNvwGM0A0H&_nc_oc=AdpaJd5k3Lmi7ukXSRIaMeS0J11UWUjUKoh-2diBds0m4nhyfvn8ahqilcFYUxW3n7M&_nc_ad=z-m&_nc_cid=0&_nc_zt=23&se=8&_nc_ht=scontent-bos5-1.cdninstagram.com&_nc_gid=NItbvW8ycCPCEt2GqP4MAw&_nc_ss=7a3ba&oh=00_Af_dnHWc60Lj89TKh1-2IbwEMYOozfmI502BPMRm4DzdLg&oe=6A399200","","3851229484876296669","carousel_item",,,,,,,,,,,,,,,"2026-03-12T13:33:38.000Z","Image",,,"","0","1760","1320","https://scontent-bos5-1.cdninstagram.com/v/t51.82787-15/649829611_18541394725067718_1432067526220522961_n.jpg?stp=dst-jpg_e35_tt6&_nc_cat=106&ig_cache_key=Mzg1MTIyOTQ4NTUxMzgyMjQxNA%3D%3D.3-ccb7-5&ccb=7-5&_nc_sid=58cdad&efg=eyJ2ZW5jb2RlX3RhZyI6IkNBUk9VU0VMX0lURU0ueHBpZHMuMTMyMC5zZHIucmVndWxhcl9waG90by5DMyJ9&_nc_ohc=8nPOLQN_53QQ7kNvwHN3pKa&_nc_oc=AdpHSjqTGbfo-4FwUx7sMh7FMLOhuy2rp9XE5x3VQV_jQmgbZMxNFf_qp_yTy-ZE3Hg&_nc_ad=z-m&_nc_cid=0&_nc_zt=23&se=8&_nc_ht=scontent-bos5-1.cdninstagram.com&_nc_gid=NItbvW8ycCPCEt2GqP4MAw&_nc_ss=7a3ba&oh=00_Af9v5uAnynXGg6ExqwHJUch5m8oT0jgoH8KcwFrx_l1q1A&oe=6A3998F6","","3851229485513822414","carousel_item",,,,,,,,,,,,,,,"2026-03-12T13:33:38.000Z","Image",,,"","0","1920","1440","https://scontent-bos5-1.cdninstagram.com/v/t51.82787-15/650948665_18541394746067718_8363817413108519115_n.jpg?stp=dst-jpg_e35_tt6&_nc_cat=104&ig_cache_key=Mzg1MTIyOTQ4ODI3MzY4MDE5MQ%3D%3D.3-ccb7-5&ccb=7-5&_nc_sid=58cdad&efg=eyJ2ZW5jb2RlX3RhZyI6IkNBUk9VU0VMX0lURU0ueHBpZHMuMTQ0MC5zZHIucmVndWxhcl9waG90by5DMyJ9&_nc_ohc=vco0Z4PvqvgQ7kNvwFXkQgP&_nc_oc=Adpm-txJRJK9FxW1Z1axBAFWaSmQt_CbxCBRxP9bd8A8Q9zhnM9zU1B73n3l7u30uLU&_nc_ad=z-m&_nc_cid=0&_nc_zt=23&se=8&_nc_ht=scontent-bos5-1.cdninstagram.com&_nc_gid=NItbvW8ycCPCEt2GqP4MAw&_nc_ss=7a3ba&oh=00_Af8ZQhw6O0i0YzR1f1X1vylgtmA60lkkL0Uni4SHD6NdnA&oe=6A398C5C","","3851229488273680191","carousel_item","hidiff 히디프 🌳","63403377015","false","false","3415990768967152543","https://scontent-bos5-1.cdninstagram.com/v/t51.2885-19/452147619_3743307565986401_1601641283140305637_n.jpg?stp=dst-jpg_e0_s150x150_tt6&efg=eyJ2ZW5jb2RlX3RhZyI6InByb2ZpbGVfcGljLmRqYW5nby43OTYuYzIifQ&_nc_ht=scontent-bos5-1.cdninstagram.com&_nc_cat=105&_nc_oc=Q6cZ2gHXdgB0stBb5C3GC_IgwrkvaTJLuRrUG_ZP7jvHLI0SAFW_I88hveEBreLZwKMFmVQ&_nc_ohc=MQ_jj_B8i10Q7kNvwGBlwjt&_nc_gid=NItbvW8ycCPCEt2GqP4MAw&edm=APGXKFABAAAA&ccb=7-5&ig_cache_key=GKM58xphcsG1hEwNAOXCLdtCLDoWbkULAAAB1501500j-ccb7-5&oh=00_Af-izC31koedRBrTyNypLkyz8D3upcIU0FLKgva0ND7FGA&oe=6A3970CE&_nc_sid=a8b8e2","hidiff_official","hidiff.tw","80015491870","false","false","3808232826123310266","https://scontent-bos5-1.cdninstagram.com/v/t51.82787-19/615343798_17845310625667871_7065812407261479699_n.jpg?stp=dst-jpg_e0_s150x150_tt6&efg=eyJ2ZW5jb2RlX3RhZyI6InByb2ZpbGVfcGljLmRqYW5nby43OTYuYzIifQ&_nc_ht=scontent-bos5-1.cdninstagram.com&_nc_cat=1&_nc_oc=Q6cZ2gHXdgB0stBb5C3GC_IgwrkvaTJLuRrUG_ZP7jvHLI0SAFW_I88hveEBreLZwKMFmVQ&_nc_ohc=CmgFRSIfk20Q7kNvwF4Tzd5&_nc_gid=NItbvW8ycCPCEt2GqP4MAw&edm=APGXKFABAAAA&ccb=7-5&ig_cache_key=GLZmrSQf278oN2Y-ABNDXrjyzg5ibmNDAQAB1501500j-ccb7-5&oh=00_Af9rBjqSH1tsaiyzvfSoSjacLl7q-Iln5LDvimhBzmeSKQ&oe=6A399CDC&_nc_sid=a8b8e2","hidiff.tw","2026-03-12T13:33:38.000Z","Image",,,"","0","1920","1440","https://scontent-bos5-1.cdninstagram.com/v/t51.82787-15/650898568_18541394755067718_8090210931361922838_n.jpg?stp=dst-jpg_e35_tt6&_nc_cat=103&ig_cache_key=Mzg1MTIyOTQ4ODczNTAzMDM5MA%3D%3D.3-ccb7-5&ccb=7-5&_nc_sid=58cdad&efg=eyJ2ZW5jb2RlX3RhZyI6IkNBUk9VU0VMX0lURU0ueHBpZHMuMTQ0MC5zZHIucmVndWxhcl9waG90by5DMyJ9&_nc_ohc=vRkB610Zl5YQ7kNvwHF0R-a&_nc_oc=Adr2R1vIU77sUk10ldEIsjJGrc3Czu1DpMmAhB6m926oENJepLVzssq42TOqByNbdPY&_nc_ad=z-m&_nc_cid=0&_nc_zt=23&se=8&_nc_ht=scontent-bos5-1.cdninstagram.com&_nc_gid=NItbvW8ycCPCEt2GqP4MAw&_nc_ss=7a3ba&oh=00_Af9iSyfUyOuR34c6ntoOzY5C50yBTrXO-zLBZHbrkg85fA&oe=6A39988E","","3851229488735030390","carousel_item",,,,,,,,,,,,,,,"2026-03-12T13:33:38.000Z","Image",,,"","0","1920","1440","https://scontent-bos5-1.cdninstagram.com/v/t51.82787-15/650888595_18541394767067718_8072924876030157677_n.jpg?stp=dst-jpg_e35_tt6&_nc_cat=102&ig_cache_key=Mzg1MTIyOTQ5MzM5MDcwNTE4MQ%3D%3D.3-ccb7-5&ccb=7-5&_nc_sid=58cdad&efg=eyJ2ZW5jb2RlX3RhZyI6IkNBUk9VU0VMX0lURU0ueHBpZHMuMTQ0MC5zZHIucmVndWxhcl9waG90by5DMyJ9&_nc_ohc=xtrGy6T6b34Q7kNvwEKss_k&_nc_oc=AdoCDpuMHf83JEQct-alZxglLXX1c3m80L9PSXftzYxidR6sQgHlZHWamfaXrMFnN9c&_nc_ad=z-m&_nc_cid=0&_nc_zt=23&se=8&_nc_ht=scontent-bos5-1.cdninstagram.com&_nc_gid=NItbvW8ycCPCEt2GqP4MAw&_nc_ss=7a3ba&oh=00_Af8Vdu_WC9SuGuaVz8UJyRisAtndkTYFAmRihr8T-1eaTQ&oe=6A396DCC","","3851229493390705181","carousel_item",,,,,,,,,,,,,,,"2026-03-12T13:33:38.000Z","Image",,,"","0","1861","1396","https://scontent-bos5-1.cdninstagram.com/v/t51.82787-15/651004411_18541394776067718_7443765232694642820_n.jpg?stp=dst-jpg_e35_tt6&_nc_cat=111&ig_cache_key=Mzg1MTIyOTUwMzY1ODM3NzA4OA%3D%3D.3-ccb7-5&ccb=7-5&_nc_sid=58cdad&efg=eyJ2ZW5jb2RlX3RhZyI6IkNBUk9VU0VMX0lURU0ueHBpZHMuMTM5Ni5zZHIucmVndWxhcl9waG90by5DMyJ9&_nc_ohc=EIL7jc6fJGYQ7kNvwFMLqmq&_nc_oc=AdpP_cCF5nEIYi027vgiQNONPu9MeJLAPXfrzsAbOkl3w9yb-VaqP3pQ9mgAz86lSAM&_nc_ad=z-m&_nc_cid=0&_nc_zt=23&se=8&_nc_ht=scontent-bos5-1.cdninstagram.com&_nc_gid=NItbvW8ycCPCEt2GqP4MAw&_nc_ss=7a3ba&oh=00_Af8VenKJ0KF17GXt3pifpNSovsQsPw7a2DLbazCFgGsYGw&oe=6A398758","","3851229503658377088","carousel_item",,,,,,,,,,,,,,,"2026-03-12T13:33:38.000Z","Image",,,"","0","1681","1261","https://scontent-bos5-1.cdninstagram.com/v/t51.82787-15/650954050_18541394785067718_4814837870496727705_n.jpg?stp=dst-jpg_e35_tt6&_nc_cat=101&ig_cache_key=Mzg1MTIyOTUwOTMyOTA3MjYyMg%3D%3D.3-ccb7-5&ccb=7-5&_nc_sid=58cdad&efg=eyJ2ZW5jb2RlX3RhZyI6IkNBUk9VU0VMX0lURU0ueHBpZHMuMTI2MS5zZHIucmVndWxhcl9waG90by5DMyJ9&_nc_ohc=KApSqgLwYUAQ7kNvwFs92d-&_nc_oc=Adqo_O1_KI8TIkN1J906P9Bec2Ys3okCuza12ab3MzxedwOF0e_2O-GpArOV13jNDj0&_nc_ad=z-m&_nc_cid=0&_nc_zt=23&se=8&_nc_ht=scontent-bos5-1.cdninstagram.com&_nc_gid=NItbvW8ycCPCEt2GqP4MAw&_nc_ss=7a3ba&oh=00_Af_bJ6RTbh43n6Y3qBGPQg2-nr39DDhMbii_LVOcUtZjsA&oe=6A3999BB","","3851229509329072622","carousel_item",,,,,,,,,,,,,,,"2026-03-12T13:33:38.000Z","Image",,,,,,,,,,,,,,,,,,,,,,,,,,,,,,,,,,,,,,,,,,,,,,,,,,,,,,,,,,,,,,"0","1920","1440","https://scontent-bos5-1.cdninstagram.com/v/t51.82787-15/649830514_18541394683067718_4727769569540676906_n.jpg?stp=dst-jpg_e35_tt6&_nc_cat=110&ig_cache_key=Mzg1MTIyOTQ3OTEzMDA5ODc5NA%3D%3D.3-ccb7-5&ccb=7-5&_nc_sid=58cdad&efg=eyJ2ZW5jb2RlX3RhZyI6IkNBUk9VU0VMX0lURU0ueHBpZHMuMTQ0MC5zZHIucmVndWxhcl9waG90by5DMyJ9&_nc_ohc=7OMxMaDrNskQ7kNvwF0roqB&_nc_oc=AdpaVA03gviutYi2onpLyNm_H2QXpz-BTP7HPFRpr_c-uH42Hyvc1FZ0OlhO_dIts8A&_nc_ad=z-m&_nc_cid=0&_nc_zt=23&se=8&_nc_ht=scontent-bos5-1.cdninstagram.com&_nc_gid=NItbvW8ycCPCEt2GqP4MAw&_nc_ss=7a3ba&oh=00_Af9Hkm1yi7zqOdyaJZlITg4lnL39EwcGeAg6rMfmhG8j-A&oe=6A396B2C",,,"","Hidiff","綠珍珠D泛醇3%高濃縮水精華","綠珍珠潤肌泡泡化妝水","綠珍珠酪梨修護乳霜",,"3851230055402293833",,"https://scontent-bos5-1.cdninstagram.com/v/t51.82787-15/649830514_18541394683067718_4727769569540676906_n.jpg?stp=dst-jpg_e35_tt6&_nc_cat=110&ig_cache_key=Mzg1MTIyOTQ3OTEzMDA5ODc5NA%3D%3D.3-ccb7-5&ccb=7-5&_nc_sid=58cdad&efg=eyJ2ZW5jb2RlX3RhZyI6IkNBUk9VU0VMX0lURU0ueHBpZHMuMTQ0MC5zZHIucmVndWxhcl9waG90by5DMyJ9&_nc_ohc=7OMxMaDrNskQ7kNvwF0roqB&_nc_oc=AdpaVA03gviutYi2onpLyNm_H2QXpz-BTP7HPFRpr_c-uH42Hyvc1FZ0OlhO_dIts8A&_nc_ad=z-m&_nc_cid=0&_nc_zt=23&se=8&_nc_ht=scontent-bos5-1.cdninstagram.com&_nc_gid=NItbvW8ycCPCEt2GqP4MAw&_nc_ss=7a3ba&oh=00_Af9Hkm1yi7zqOdyaJZlITg4lnL39EwcGeAg6rMfmhG8j-A&oe=6A396B2C","https://scontent-bos5-1.cdninstagram.com/v/t51.82787-15/650920976_18541394692067718_4319718106993238409_n.jpg?stp=dst-jpg_e35_tt6&_nc_cat=111&ig_cache_key=Mzg1MTIyOTQ4MTE0MzM2OTAzOQ%3D%3D.3-ccb7-5&ccb=7-5&_nc_sid=58cdad&efg=eyJ2ZW5jb2RlX3RhZyI6IkNBUk9VU0VMX0lURU0ueHBpZHMuMTQ0MC5zZHIucmVndWxhcl9waG90by5DMyJ9&_nc_ohc=BhL0MmabTCsQ7kNvwEbfKvr&_nc_oc=AdpxyvIT-_uKa7F5UDLPC-vp2aFQ_x96MDHLtLl5zsjAMqfN7UkqBR9SA7SCQHXJF10&_nc_ad=z-m&_nc_cid=0&_nc_zt=23&se=8&_nc_ht=scontent-bos5-1.cdninstagram.com&_nc_gid=NItbvW8ycCPCEt2GqP4MAw&_nc_ss=7a3ba&oh=00_Af8GpzKT1Bx9ZhWT8S3Me-LM4Hhx-OpH7p-AH1CiV_-roA&oe=6A39659F","https://scontent-bos5-1.cdninstagram.com/v/t51.82787-15/650911652_18541394728067718_1161916346248876692_n.jpg?stp=dst-jpg_e35_tt6&_nc_cat=108&ig_cache_key=Mzg1MTIyOTQ4MTM3ODIwMTkxNA%3D%3D.3-ccb7-5&ccb=7-5&_nc_sid=58cdad&efg=eyJ2ZW5jb2RlX3RhZyI6IkNBUk9VU0VMX0lURU0ueHBpZHMuMTE2MC5zZHIucmVndWxhcl9waG90by5DMyJ9&_nc_ohc=Fmy2oRjVjsIQ7kNvwEs8Gt5&_nc_oc=AdrSj_e6Z6QIqarNb6EXDPsfkp3Zsp0IO5LrzTfVYTQKH91YtqJEeO6NEm99qtFpYd4&_nc_ad=z-m&_nc_cid=0&_nc_zt=23&se=8&_nc_ht=scontent-bos5-1.cdninstagram.com&_nc_gid=NItbvW8ycCPCEt2GqP4MAw&_nc_ss=7a3ba&oh=00_Af_MlVfUh3qwMfhKVRCISRoSjWEuvGvT3Xn0SM6_sgDi8Q&oe=6A398B91","https://scontent-bos5-1.cdninstagram.com/v/t51.82787-15/650965257_18541394716067718_2739926411690158607_n.jpg?stp=dst-jpg_e35_tt6&_nc_cat=105&ig_cache_key=Mzg1MTIyOTQ4MjQ2ODc1NzYwMg%3D%3D.3-ccb7-5&ccb=7-5&_nc_sid=58cdad&efg=eyJ2ZW5jb2RlX3RhZyI6IkNBUk9VU0VMX0lURU0ueHBpZHMuMTMyMC5zZHIucmVndWxhcl9waG90by5DMyJ9&_nc_ohc=r59UzGQYcnYQ7kNvwEtLvDg&_nc_oc=AdoIK3DXRb1oQHB00T3Z8IcuCXsrArpUOEOVsvLx7DJu9hplA4KYDsnq6VnjB15Gnt8&_nc_ad=z-m&_nc_cid=0&_nc_zt=23&se=8&_nc_ht=scontent-bos5-1.cdninstagram.com&_nc_gid=NItbvW8ycCPCEt2GqP4MAw&_nc_ss=7a3ba&oh=00_Af835D25h9R1S6Y5z5-WJgkaYpqa1zCubdgBmnafGaGSKw&oe=6A3967B2","https://scontent-bos5-1.cdninstagram.com/v/t51.82787-15/650977522_18541394701067718_6333797298835044016_n.jpg?stp=dst-jpg_e35_tt6&_nc_cat=101&ig_cache_key=Mzg1MTIyOTQ4NDIwNTE4Njc0MQ%3D%3D.3-ccb7-5&ccb=7-5&_nc_sid=58cdad&efg=eyJ2ZW5jb2RlX3RhZyI6IkNBUk9VU0VMX0lURU0ueHBpZHMuMTQ0MC5zZHIucmVndWxhcl9waG90by5DMyJ9&_nc_ohc=SLggEd6PEXYQ7kNvwENB2g8&_nc_oc=AdrbbDrKGuoXGrCkf74rwOtr1mJqMzxLRXCYEBh9lPDHYInk_bVUMtfirCFpc2gpqVY&_nc_ad=z-m&_nc_cid=0&_nc_zt=23&se=8&_nc_ht=scontent-bos5-1.cdninstagram.com&_nc_gid=NItbvW8ycCPCEt2GqP4MAw&_nc_ss=7a3ba&oh=00_Af8Kd24X6pIKz894j9zwVz0TTKJ2tomiChNEC6ZSas4LXQ&oe=6A3970C6","https://scontent-bos5-1.cdninstagram.com/v/t51.82787-15/650987864_18541394737067718_4681078791015312409_n.jpg?stp=dst-jpg_e35_tt6&_nc_cat=109&ig_cache_key=Mzg1MTIyOTQ4NDg3NjI5NjY2OQ%3D%3D.3-ccb7-5&ccb=7-5&_nc_sid=58cdad&efg=eyJ2ZW5jb2RlX3RhZyI6IkNBUk9VU0VMX0lURU0ueHBpZHMuMTM2MC5zZHIucmVndWxhcl9waG90by5DMyJ9&_nc_ohc=Pc8L4yopyNMQ7kNvwGM0A0H&_nc_oc=AdpaJd5k3Lmi7ukXSRIaMeS0J11UWUjUKoh-2diBds0m4nhyfvn8ahqilcFYUxW3n7M&_nc_ad=z-m&_nc_cid=0&_nc_zt=23&se=8&_nc_ht=scontent-bos5-1.cdninstagram.com&_nc_gid=NItbvW8ycCPCEt2GqP4MAw&_nc_ss=7a3ba&oh=00_Af_dnHWc60Lj89TKh1-2IbwEMYOozfmI502BPMRm4DzdLg&oe=6A399200","https://scontent-bos5-1.cdninstagram.com/v/t51.82787-15/649829611_18541394725067718_1432067526220522961_n.jpg?stp=dst-jpg_e35_tt6&_nc_cat=106&ig_cache_key=Mzg1MTIyOTQ4NTUxMzgyMjQxNA%3D%3D.3-ccb7-5&ccb=7-5&_nc_sid=58cdad&efg=eyJ2ZW5jb2RlX3RhZyI6IkNBUk9VU0VMX0lURU0ueHBpZHMuMTMyMC5zZHIucmVndWxhcl9waG90by5DMyJ9&_nc_ohc=8nPOLQN_53QQ7kNvwHN3pKa&_nc_oc=AdpHSjqTGbfo-4FwUx7sMh7FMLOhuy2rp9XE5x3VQV_jQmgbZMxNFf_qp_yTy-ZE3Hg&_nc_ad=z-m&_nc_cid=0&_nc_zt=23&se=8&_nc_ht=scontent-bos5-1.cdninstagram.com&_nc_gid=NItbvW8ycCPCEt2GqP4MAw&_nc_ss=7a3ba&oh=00_Af9v5uAnynXGg6ExqwHJUch5m8oT0jgoH8KcwFrx_l1q1A&oe=6A3998F6","https://scontent-bos5-1.cdninstagram.com/v/t51.82787-15/650948665_18541394746067718_8363817413108519115_n.jpg?stp=dst-jpg_e35_tt6&_nc_cat=104&ig_cache_key=Mzg1MTIyOTQ4ODI3MzY4MDE5MQ%3D%3D.3-ccb7-5&ccb=7-5&_nc_sid=58cdad&efg=eyJ2ZW5jb2RlX3RhZyI6IkNBUk9VU0VMX0lURU0ueHBpZHMuMTQ0MC5zZHIucmVndWxhcl9waG90by5DMyJ9&_nc_ohc=vco0Z4PvqvgQ7kNvwFXkQgP&_nc_oc=Adpm-txJRJK9FxW1Z1axBAFWaSmQt_CbxCBRxP9bd8A8Q9zhnM9zU1B73n3l7u30uLU&_nc_ad=z-m&_nc_cid=0&_nc_zt=23&se=8&_nc_ht=scontent-bos5-1.cdninstagram.com&_nc_gid=NItbvW8ycCPCEt2GqP4MAw&_nc_ss=7a3ba&oh=00_Af8ZQhw6O0i0YzR1f1X1vylgtmA60lkkL0Uni4SHD6NdnA&oe=6A398C5C","https://scontent-bos5-1.cdninstagram.com/v/t51.82787-15/650898568_18541394755067718_8090210931361922838_n.jpg?stp=dst-jpg_e35_tt6&_nc_cat=103&ig_cache_key=Mzg1MTIyOTQ4ODczNTAzMDM5MA%3D%3D.3-ccb7-5&ccb=7-5&_nc_sid=58cdad&efg=eyJ2ZW5jb2RlX3RhZyI6IkNBUk9VU0VMX0lURU0ueHBpZHMuMTQ0MC5zZHIucmVndWxhcl9waG90by5DMyJ9&_nc_ohc=vRkB610Zl5YQ7kNvwHF0R-a&_nc_oc=Adr2R1vIU77sUk10ldEIsjJGrc3Czu1DpMmAhB6m926oENJepLVzssq42TOqByNbdPY&_nc_ad=z-m&_nc_cid=0&_nc_zt=23&se=8&_nc_ht=scontent-bos5-1.cdninstagram.com&_nc_gid=NItbvW8ycCPCEt2GqP4MAw&_nc_ss=7a3ba&oh=00_Af9iSyfUyOuR34c6ntoOzY5C50yBTrXO-zLBZHbrkg85fA&oe=6A39988E","https://scontent-bos5-1.cdninstagram.com/v/t51.82787-15/650888595_18541394767067718_8072924876030157677_n.jpg?stp=dst-jpg_e35_tt6&_nc_cat=102&ig_cache_key=Mzg1MTIyOTQ5MzM5MDcwNTE4MQ%3D%3D.3-ccb7-5&ccb=7-5&_nc_sid=58cdad&efg=eyJ2ZW5jb2RlX3RhZyI6IkNBUk9VU0VMX0lURU0ueHBpZHMuMTQ0MC5zZHIucmVndWxhcl9waG90by5DMyJ9&_nc_ohc=xtrGy6T6b34Q7kNvwEKss_k&_nc_oc=AdoCDpuMHf83JEQct-alZxglLXX1c3m80L9PSXftzYxidR6sQgHlZHWamfaXrMFnN9c&_nc_ad=z-m&_nc_cid=0&_nc_zt=23&se=8&_nc_ht=scontent-bos5-1.cdninstagram.com&_nc_gid=NItbvW8ycCPCEt2GqP4MAw&_nc_ss=7a3ba&oh=00_Af8Vdu_WC9SuGuaVz8UJyRisAtndkTYFAmRihr8T-1eaTQ&oe=6A396DCC","https://scontent-bos5-1.cdninstagram.com/v/t51.82787-15/651004411_18541394776067718_7443765232694642820_n.jpg?stp=dst-jpg_e35_tt6&_nc_cat=111&ig_cache_key=Mzg1MTIyOTUwMzY1ODM3NzA4OA%3D%3D.3-ccb7-5&ccb=7-5&_nc_sid=58cdad&efg=eyJ2ZW5jb2RlX3RhZyI6IkNBUk9VU0VMX0lURU0ueHBpZHMuMTM5Ni5zZHIucmVndWxhcl9waG90by5DMyJ9&_nc_ohc=EIL7jc6fJGYQ7kNvwFMLqmq&_nc_oc=AdpP_cCF5nEIYi027vgiQNONPu9MeJLAPXfrzsAbOkl3w9yb-VaqP3pQ9mgAz86lSAM&_nc_ad=z-m&_nc_cid=0&_nc_zt=23&se=8&_nc_ht=scontent-bos5-1.cdninstagram.com&_nc_gid=NItbvW8ycCPCEt2GqP4MAw&_nc_ss=7a3ba&oh=00_Af8VenKJ0KF17GXt3pifpNSovsQsPw7a2DLbazCFgGsYGw&oe=6A398758","https://scontent-bos5-1.cdninstagram.com/v/t51.82787-15/650954050_18541394785067718_4814837870496727705_n.jpg?stp=dst-jpg_e35_tt6&_nc_cat=101&ig_cache_key=Mzg1MTIyOTUwOTMyOTA3MjYyMg%3D%3D.3-ccb7-5&ccb=7-5&_nc_sid=58cdad&efg=eyJ2ZW5jb2RlX3RhZyI6IkNBUk9VU0VMX0lURU0ueHBpZHMuMTI2MS5zZHIucmVndWxhcl9waG90by5DMyJ9&_nc_ohc=KApSqgLwYUAQ7kNvwFs92d-&_nc_oc=Adqo_O1_KI8TIkN1J906P9Bec2Ys3okCuza12ab3MzxedwOF0e_2O-GpArOV13jNDj0&_nc_ad=z-m&_nc_cid=0&_nc_zt=23&se=8&_nc_ht=scontent-bos5-1.cdninstagram.com&_nc_gid=NItbvW8ycCPCEt2GqP4MAw&_nc_ss=7a3ba&oh=00_Af_bJ6RTbh43n6Y3qBGPQg2-nr39DDhMbii_LVOcUtZjsA&oe=6A3999BB",,,"https://www.instagram.com/hidiff.tw/",,"-1",,,,,"0",,,,,,,,,,,,,,,,,,,,,,,,,,,,,,,,,,,,,,,,,,,,,,,,,,,,,,,,,,,,,,,,,,,,,,,,"Lorene","2038131717","_lorene27","true","carousel_container","DVyUVSoj8pJ","hidiff 히디프 🌳","63403377015","false","false",,"https://scontent-bos5-1.cdninstagram.com/v/t51.2885-19/452147619_3743307565986401_1601641283140305637_n.jpg?stp=dst-jpg_e0_s150x150_tt6&efg=eyJ2ZW5jb2RlX3RhZyI6InByb2ZpbGVfcGljLmRqYW5nby43OTYuYzIifQ&_nc_ht=scontent-bos5-1.cdninstagram.com&_nc_cat=105&_nc_oc=Q6cZ2gHXdgB0stBb5C3GC_IgwrkvaTJLuRrUG_ZP7jvHLI0SAFW_I88hveEBreLZwKMFmVQ&_nc_ohc=MQ_jj_B8i10Q7kNvwGBlwjt&_nc_gid=NItbvW8ycCPCEt2GqP4MAw&edm=APGXKFABAAAA&ccb=7-5&ig_cache_key=GKM58xphcsG1hEwNAOXCLdtCLDoWbkULAAAB1501500j-ccb7-5&oh=00_Af-izC31koedRBrTyNypLkyz8D3upcIU0FLKgva0ND7FGA&oe=6A3970CE&_nc_sid=a8b8e2",,"hidiff_official","hidiff.tw","80015491870","false","false",,"https://scontent-bos5-1.cdninstagram.com/v/t51.82787-19/615343798_17845310625667871_7065812407261479699_n.jpg?stp=dst-jpg_e0_s150x150_tt6&efg=eyJ2ZW5jb2RlX3RhZyI6InByb2ZpbGVfcGljLmRqYW5nby43OTYuYzIifQ&_nc_ht=scontent-bos5-1.cdninstagram.com&_nc_cat=1&_nc_oc=Q6cZ2gHXdgB0stBb5C3GC_IgwrkvaTJLuRrUG_ZP7jvHLI0SAFW_I88hveEBreLZwKMFmVQ&_nc_ohc=CmgFRSIfk20Q7kNvwF4Tzd5&_nc_gid=NItbvW8ycCPCEt2GqP4MAw&edm=APGXKFABAAAA&ccb=7-5&ig_cache_key=GLZmrSQf278oN2Y-ABNDXrjyzg5ibmNDAQAB1501500j-ccb7-5&oh=00_Af9rBjqSH1tsaiyzvfSoSjacLl7q-Iln5LDvimhBzmeSKQ&oe=6A399CDC&_nc_sid=a8b8e2",,"hidiff.tw","2026-03-12T13:33:40.000Z","Sidecar","https://www.instagram.com/p/DVyUVSoj8pJ/",,"0",
"搶先體驗95折優惠✨
輸入優惠碼hidiff01即可獲得！

最近去做了肌膚檢測
才知道自己其實是乾性＋敏感肌

缺水又敏感的肌膚
推薦大家可以跟我一樣用這三樣保養品
把肌膚慢慢養穩定💧

第一步｜綠珍珠潤肌泡泡化妝水
比起以往流動性高的化妝水
我更喜歡這種泡泡質地，能快速成膜
內含泛醇、神經醯胺及韓國綠茶水🍵

第二步｜D-泛醇3%高濃縮水精華
幫助快速修復乾燥、缺水與泛紅問題

第三步｜綠珍珠酪梨修復乳霜
質地綿密但不黏膩
乾燥肌膚最後一定要用乳霜鎖水

肌膚穩定了
心情也跟著變好了💓
@hidiff.tw
#hidiff #hidiff養膚組 #綠珍珠系列#히디프",,,,,,,,,,,,,,,,,,,,,,,,,,,,,,,,,,,,,,,,,,,,,,,,,,,,,,,,,,,,,,,,,,,,,,,,,,,,,,,,,,,,,,,,,,,,,,,,,,,,,,,,,,,,,,,,,,,,,,,,,,,,,,,,,,,,,,,,,,,,,,,,,,,,,,,,,,,,,,,,,,,,,,,,,,,,,,,,,,,,,,,,,,,,,,,,,,,,,,,,,,,,,,,,,,,,,,,,,,,,,,,,,,,,,,,,,,,,,,,,,,,,,,,,,,,,,,,,,,,,,,,,,,,,,,,,,,,,,,,,,,,,,,,,,,,,,,,,,,,,,,,,,,,,,,,,,,,,,,,,,,,,,,,,,,,,,,,,,,,,,,,,,,,,,,,,,,,,,,,,,,,,,,,,,,,,"26","1280","720","https://scontent-bos5-1.cdninstagram.com/v/t51.82787-15/649550360_18574530661023381_7507764336282644898_n.jpg?stp=dst-jpg_e35_p750x750_sh2.08_tt6&_nc_cat=106&ig_cache_key=Mzg1MTIxMTYzNDQ3OTU3MzI4MDE4NTc0NTMwNjU4MDIzMzgx.3-ccb7-5&ccb=7-5&_nc_sid=58cdad&efg=eyJ2ZW5jb2RlX3RhZyI6IkNMSVBTLnhwaWRzLjExOTQuc2RyLnZpZGVvX2RlZmF1bHRfY292ZXJfZnJhbWUuQzMifQ%3D%3D&_nc_ohc=z1X_RcYnn6MQ7kNvwFxFXIc&_nc_oc=AdrYJ13wolrVoegBjmbXgt6nL2CNgh8UqXJ3DkrVekY1zplmzHJ2cJMwlS5cNiKCbSw&_nc_ad=z-m&_nc_cid=0&_nc_zt=23&_nc_ht=scontent-bos5-1.cdninstagram.com&_nc_gid=NItbvW8ycCPCEt2GqP4MAw&_nc_ss=7a3ba&oh=00_Af8MZRNbo-D49CBbaRWMYxslXVoMaJJ5Cokc84vtN3zDew&oe=6A399C98","0","113","","hidiff","hidiff養膚組","綠珍珠系列","히디프",,"3851211634479573280","72630",,,,,,,,,,,,,,,"https://www.instagram.com/hidiff.tw/",,"-1",,"hidiff.tw",,"xiaooyz",,"26015402214790210",,,,,,,,,,,,,,,,,,,,,,,,,,,,,,,,,,,,,,,,,,,,,,,,,,,,,,,,,,,,,,,,,,,"false","","Original audio","true","","1136087380","xiaooyz","true","clips","DVyQJO0Aakg","hidiff.tw","80015491870","false","false",,"https://scontent-bos5-1.cdninstagram.com/v/t51.82787-19/615343798_17845310625667871_7065812407261479699_n.jpg?stp=dst-jpg_e0_s150x150_tt6&efg=eyJ2ZW5jb2RlX3RhZyI6InByb2ZpbGVfcGljLmRqYW5nby43OTYuYzIifQ&_nc_ht=scontent-bos5-1.cdninstagram.com&_nc_cat=1&_nc_oc=Q6cZ2gHXdgB0stBb5C3GC_IgwrkvaTJLuRrUG_ZP7jvHLI0SAFW_I88hveEBreLZwKMFmVQ&_nc_ohc=CmgFRSIfk20Q7kNvwF4Tzd5&_nc_gid=NItbvW8ycCPCEt2GqP4MAw&edm=APGXKFABAAAA&ccb=7-5&ig_cache_key=GLZmrSQf278oN2Y-ABNDXrjyzg5ibmNDAQAB1501500j-ccb7-5&oh=00_Af9rBjqSH1tsaiyzvfSoSjacLl7q-Iln5LDvimhBzmeSKQ&oe=6A399CDC&_nc_sid=a8b8e2",,"hidiff.tw",,,,,,,,,"2026-03-12T12:58:00.000Z","Video","https://www.instagram.com/p/DVyQJO0Aakg/","66.03299713134766","108552","https://scontent-bos5-1.cdninstagram.com/o1/v/t16/f2/m69/AQPzLlqRuxSOnXJCnTXBdmtb12SQxl-KssUSuVsb85xomRhDIht2K-KCkNXmDzPtdGuDfIBDmzJYr1_AlQqjuozw.mp4?strext=1&_nc_cat=103&_nc_sid=5e9851&_nc_ht=scontent-bos5-1.cdninstagram.com&_nc_ohc=26Rm4O5zXdwQ7kNvwEk2FgP&efg=eyJ2ZW5jb2RlX3RhZyI6Inhwdl9wcm9ncmVzc2l2ZS5JTlNUQUdSQU0uQ0xJUFMuQzMuNzIwLmRhc2hfYmFzZWxpbmVfMV92MSIsInhwdl9hc3NldF9pZCI6MTc5NDY5NDI2MDMxMjAxNzYsImFzc2V0X2FnZV9kYXlzIjo5NywidmlfdXNlY2FzZV9pZCI6MTAwOTksImR1cmF0aW9uX3MiOjY2LCJ1cmxnZW5fc291cmNlIjoid3d3In0%3D&ccb=17-1&vs=790e0c1ce84fd2e3&_nc_vs=HBksFQIYOnBhc3N0aHJvdWdoX2V2ZXJzdG9yZS9HUGNRdnliNVZldnQ2QlVGQVBJdDJCeWxlTGgxYnNwVEFRQUYVAALIARIAFQIYUWlnX3hwdl9wbGFjZW1lbnRfcGVybWFuZW50X3YyLzZFNDU3MDBGOTExQ0E5NUYxODYxQ0VFNzg2N0U2REFFX2F1ZGlvX2Rhc2hpbml0Lm1wNBUCAsgBEgAoABgAGwKIB3VzZV9vaWwBMRJwcm9ncmVzc2l2ZV9yZWNpcGUBMRUAACbguM6qxqnhPxUCKAJDMywXQFCCHKwIMScYEmRhc2hfYmFzZWxpbmVfMV92MREAdf4HZeadAQA&_nc_gid=NItbvW8ycCPCEt2GqP4MAw&_nc_ss=7a3ba&_nc_zt=28&oh=00_Af-DZKBIKI4Dz9nWh01uuDCswnUPb4Ne2yIZ8JcVWEu-vA&oe=6A397BCD"
"搶先體驗95折優惠！輸入
優惠碼hidiff01即可獲得！
最近固定用這一套 @hidiff.tw 小綠瓶三步驟
簡單、剛剛好，膚況很舒服💚
🌿 STEP 1
HIDIFF 綠珍珠潤肌泡泡化妝水
Royal Layering Bubble Toner
泡泡質地打底保濕
先讓肌膚喝飽水 💦
💧 STEP 2
HIDIFF 綠珍珠 D-泛醇 3% 高濃縮水精華
Panthenol Calming Serum
舒緩、補水、穩定膚況
換季或熬夜後很安心 🩶
🍃 STEP 3
HIDIFF 綠珍珠酪梨修護乳霜
Royal Finish Cream
鎖水修護
給肌膚剛剛好的滋潤 💫
保濕 → 舒緩 → 修護
三步驟完成日常保養
簡單做對
皮膚真的會慢慢變好 🤍
#히디프 #hidiff#綠珍珠系列#hidiff養膚組","","0","1440","1080","https://scontent-bos5-1.cdninstagram.com/v/t51.82787-15/651028759_18566137327041504_6647497868140938949_n.jpg?stp=dst-jpg_e35_tt6&_nc_cat=109&ig_cache_key=Mzg1MTIwOTU4ODQ0MDUxMTQ4MA%3D%3D.3-ccb7-5&ccb=7-5&_nc_sid=58cdad&efg=eyJ2ZW5jb2RlX3RhZyI6IkNBUk9VU0VMX0lURU0ueHBpZHMuMTA4MC5zZHIucmVndWxhcl9waG90by5DMyJ9&_nc_ohc=AuoQnh_utJcQ7kNvwEGO1Dt&_nc_oc=Ado8OVzRYi0q7kKdgstoBDg_dhv9d9t7enU3bzeGVNJY4jvLo5OAOgbpj-lwHcaXwD0&_nc_ad=z-m&_nc_cid=0&_nc_zt=23&se=8&_nc_ht=scontent-bos5-1.cdninstagram.com&_nc_gid=NItbvW8ycCPCEt2GqP4MAw&_nc_ss=7a3ba&oh=00_Af_q_7WFy_9J3S-PBmEzu29S4AkvqHTwve4H2cmXF5sdFQ&oe=6A3981DF","","3851209588440511480","carousel_item","hidiff.tw","80015491870","false","false","3808232826123310266","https://scontent-bos5-1.cdninstagram.com/v/t51.82787-19/615343798_17845310625667871_7065812407261479699_n.jpg?stp=dst-jpg_e0_s150x150_tt6&efg=eyJ2ZW5jb2RlX3RhZyI6InByb2ZpbGVfcGljLmRqYW5nby43OTYuYzIifQ&_nc_ht=scontent-bos5-1.cdninstagram.com&_nc_cat=1&_nc_oc=Q6cZ2gHXdgB0stBb5C3GC_IgwrkvaTJLuRrUG_ZP7jvHLI0SAFW_I88hveEBreLZwKMFmVQ&_nc_ohc=CmgFRSIfk20Q7kNvwF4Tzd5&_nc_gid=NItbvW8ycCPCEt2GqP4MAw&edm=APGXKFABAAAA&ccb=7-5&ig_cache_key=GLZmrSQf278oN2Y-ABNDXrjyzg5ibmNDAQAB1501500j-ccb7-5&oh=00_Af9rBjqSH1tsaiyzvfSoSjacLl7q-Iln5LDvimhBzmeSKQ&oe=6A399CDC&_nc_sid=a8b8e2","hidiff.tw",,,,,,,,"2026-03-12T12:53:06.000Z","Image",,,"","0","1920","1440","https://scontent-bos5-1.cdninstagram.com/v/t51.82787-15/650500248_18566137345041504_5835499895876737737_n.jpg?stp=dst-jpg_e35_tt6&_nc_cat=111&ig_cache_key=Mzg1MTIwOTU5MTYxOTgzMDExMg%3D%3D.3-ccb7-5&ccb=7-5&_nc_sid=58cdad&efg=eyJ2ZW5jb2RlX3RhZyI6IkNBUk9VU0VMX0lURU0ueHBpZHMuMTQ0MC5zZHIucmVndWxhcl9waG90by5DMyJ9&_nc_ohc=3IlpWu9nI0IQ7kNvwHvkfbj&_nc_oc=Adqs1EqD89YXkxsUUotJunT-z3Tfw45cO2wIt0MyLP111IZowF8N0Mri36EnNMKghqI&_nc_ad=z-m&_nc_cid=0&_nc_zt=23&se=8&_nc_ht=scontent-bos5-1.cdninstagram.com&_nc_gid=NItbvW8ycCPCEt2GqP4MAw&_nc_ss=7a3ba&oh=00_Af-ClzbxXV-Qtc9Mx7VThBQM2QVSEbiFaWrZixz4CyRBXw&oe=6A396AE6","","3851209591619830112","carousel_item",,,,,,,,,,,,,,,"2026-03-12T12:53:06.000Z","Image",,,"","0","1440","1080","https://scontent-bos5-1.cdninstagram.com/v/t51.82787-15/650771054_18566137336041504_3968090182380285701_n.jpg?stp=dst-jpg_e35_tt6&_nc_cat=104&ig_cache_key=Mzg1MTIwOTU5MjUyNTc4NzQzMA%3D%3D.3-ccb7-5&ccb=7-5&_nc_sid=58cdad&efg=eyJ2ZW5jb2RlX3RhZyI6IkNBUk9VU0VMX0lURU0ueHBpZHMuMTA4MC5zZHIucmVndWxhcl9waG90by5DMyJ9&_nc_ohc=413zd-ZE4pMQ7kNvwHIWvvl&_nc_oc=Adrov-8XNvtusy2fYqEnUc36Wk6Y0IqRy-8D4ngH23gO77Re5ee78F2Ze0c8GFxE30A&_nc_ad=z-m&_nc_cid=0&_nc_zt=23&se=8&_nc_ht=scontent-bos5-1.cdninstagram.com&_nc_gid=NItbvW8ycCPCEt2GqP4MAw&_nc_ss=7a3ba&oh=00_Af_52L2jD8WYmDmkphrFcbRvs2NRSibRas-abeTA2hV-AQ&oe=6A398AA6","","3851209592525787430","carousel_item",,,,,,,,,,,,,,,"2026-03-12T12:53:06.000Z","Image",,,"","0","1918","1440","https://scontent-bos5-1.cdninstagram.com/v/t51.82787-15/651231553_18566137354041504_6610834222635383447_n.jpg?stp=dst-jpg_e35_tt6&_nc_cat=105&ig_cache_key=Mzg1MTIwOTU5NDE5NTExNDcyMA%3D%3D.3-ccb7-5&ccb=7-5&_nc_sid=58cdad&efg=eyJ2ZW5jb2RlX3RhZyI6IkNBUk9VU0VMX0lURU0ueHBpZHMuMTQ0MC5zZHIucmVndWxhcl9waG90by5DMyJ9&_nc_ohc=h2_oN5rvQK8Q7kNvwG_wsdX&_nc_oc=Adp2BW2HxuEjjdoNQyjc6YJU3Ozk0FAZRg65dfIYNXC5Dy9T8f1uVmonssGIuzNGP8k&_nc_ad=z-m&_nc_cid=0&_nc_zt=23&se=8&_nc_ht=scontent-bos5-1.cdninstagram.com&_nc_gid=NItbvW8ycCPCEt2GqP4MAw&_nc_ss=7a3ba&oh=00_Af8MLFa3utclnlGLGhaae42qe25nt60C5qphCes5FxJVNQ&oe=6A397551","","3851209594195114720","carousel_item",,,,,,,,,,,,,,,"2026-03-12T12:53:06.000Z","Image",,,"","0","1918","1440","https://scontent-bos5-1.cdninstagram.com/v/t51.82787-15/649238614_18566137363041504_3373844078818786158_n.jpg?stp=dst-jpg_e35_tt6&_nc_cat=109&ig_cache_key=Mzg1MTIwOTU5NzM0MDgzNTMzMg%3D%3D.3-ccb7-5&ccb=7-5&_nc_sid=58cdad&efg=eyJ2ZW5jb2RlX3RhZyI6IkNBUk9VU0VMX0lURU0ueHBpZHMuMTQ0MC5zZHIucmVndWxhcl9waG90by5DMyJ9&_nc_ohc=NMNjPiK9rYwQ7kNvwFdYiyp&_nc_oc=AdoqiChMEN4JJHLqFrY-WzLFgwtuYf4YrCy6JjlzlYJdfKwG9gc-SqP5u0hxko0wy18&_nc_ad=z-m&_nc_cid=0&_nc_zt=23&se=8&_nc_ht=scontent-bos5-1.cdninstagram.com&_nc_gid=NItbvW8ycCPCEt2GqP4MAw&_nc_ss=7a3ba&oh=00_Af979BKvpfb7uUJx3o3E5ed9141sIaLvtAB4B_JkxBjyNg&oe=6A397A99","","3851209597340835332","carousel_item",,,,,,,,,,,,,,,"2026-03-12T12:53:06.000Z","Image",,,"","0","1571","1179","https://scontent-bos5-1.cdninstagram.com/v/t51.82787-15/651546819_18566137372041504_350335369386727710_n.jpg?stp=dst-jpg_e35_tt6&_nc_cat=103&ig_cache_key=Mzg1MTIwOTYwMDAyNTE2NzU5MA%3D%3D.3-ccb7-5&ccb=7-5&_nc_sid=58cdad&efg=eyJ2ZW5jb2RlX3RhZyI6IkNBUk9VU0VMX0lURU0ueHBpZHMuMTE3OS5zZHIucmVndWxhcl9waG90by5DMyJ9&_nc_ohc=KhA52T7_DBUQ7kNvwEcNReK&_nc_oc=AdqpCT7jqpg6L1_DcjOq3IO8oTmmnAVRovDbQHsy7hAkc1bWYbkYnPYsW44KDbz4T3Y&_nc_ad=z-m&_nc_cid=0&_nc_zt=23&se=8&_nc_ht=scontent-bos5-1.cdninstagram.com&_nc_gid=NItbvW8ycCPCEt2GqP4MAw&_nc_ss=7a3ba&oh=00_Af9cFpmdj3Ifs1YhKU4tgiZ2StEL7xcRsLnE-O0fNxL5DQ&oe=6A398029","","3851209600025167590","carousel_item",,,,,,,,,,,,,,,"2026-03-12T12:53:06.000Z","Image",,,"","0","1571","1179","https://scontent-bos5-1.cdninstagram.com/v/t51.82787-15/651495091_18566137381041504_8200285461200236687_n.jpg?stp=dst-jpg_e35_tt6&_nc_cat=108&ig_cache_key=Mzg1MTIwOTYwMzEwMzgzMjYzOQ%3D%3D.3-ccb7-5&ccb=7-5&_nc_sid=58cdad&efg=eyJ2ZW5jb2RlX3RhZyI6IkNBUk9VU0VMX0lURU0ueHBpZHMuMTE3OS5zZHIucmVndWxhcl9waG90by5DMyJ9&_nc_ohc=lSq3iDNtLPMQ7kNvwGFvqiy&_nc_oc=Adqvj5iRVfU4tUsP74RQ4VSo8YzG-PDIiojYsxbZvW0jnrsh7mGSJld7GMHOEQDhMm4&_nc_ad=z-m&_nc_cid=0&_nc_zt=23&se=8&_nc_ht=scontent-bos5-1.cdninstagram.com&_nc_gid=NItbvW8ycCPCEt2GqP4MAw&_nc_ss=7a3ba&oh=00_Af_pnB8l48ow70bTpi1cSlx6zuvGkzkDIZv5pwE6SLSgyw&oe=6A398CE8","","3851209603103832639","carousel_item",,,,,,,,,,,,,,,"2026-03-12T12:53:06.000Z","Image",,,,,,,,,,,,,,,,,,,,,,,,,,,,,,,,,,,,,,,,,,,,,,,,,,,,,,,,,,,,,,,,,,,,,,,,,,,,,,,,,,,,,,,,,,,,,,,,,,,,,,,,,,,,,,,,,,,,,,,,,,,,,,,,,,,,,,,,,,,,,,,,,,,,,,,,,,,,,,,,,,,,,,,,,,,,,,,,,,,,,,,,,,,,,,,,"3","1440","1080","https://scontent-bos5-1.cdninstagram.com/v/t51.82787-15/651028759_18566137327041504_6647497868140938949_n.jpg?stp=dst-jpg_e35_tt6&_nc_cat=109&ig_cache_key=Mzg1MTIwOTU4ODQ0MDUxMTQ4MA%3D%3D.3-ccb7-5&ccb=7-5&_nc_sid=58cdad&efg=eyJ2ZW5jb2RlX3RhZyI6IkNBUk9VU0VMX0lURU0ueHBpZHMuMTA4MC5zZHIucmVndWxhcl9waG90by5DMyJ9&_nc_ohc=AuoQnh_utJcQ7kNvwEGO1Dt&_nc_oc=Ado8OVzRYi0q7kKdgstoBDg_dhv9d9t7enU3bzeGVNJY4jvLo5OAOgbpj-lwHcaXwD0&_nc_ad=z-m&_nc_cid=0&_nc_zt=23&se=8&_nc_ht=scontent-bos5-1.cdninstagram.com&_nc_gid=NItbvW8ycCPCEt2GqP4MAw&_nc_ss=7a3ba&oh=00_Af_q_7WFy_9J3S-PBmEzu29S4AkvqHTwve4H2cmXF5sdFQ&oe=6A3981DF",,,"","히디프","hidiff","綠珍珠系列","hidiff養膚組",,"3851209655331309422",,"https://scontent-bos5-1.cdninstagram.com/v/t51.82787-15/651028759_18566137327041504_6647497868140938949_n.jpg?stp=dst-jpg_e35_tt6&_nc_cat=109&ig_cache_key=Mzg1MTIwOTU4ODQ0MDUxMTQ4MA%3D%3D.3-ccb7-5&ccb=7-5&_nc_sid=58cdad&efg=eyJ2ZW5jb2RlX3RhZyI6IkNBUk9VU0VMX0lURU0ueHBpZHMuMTA4MC5zZHIucmVndWxhcl9waG90by5DMyJ9&_nc_ohc=AuoQnh_utJcQ7kNvwEGO1Dt&_nc_oc=Ado8OVzRYi0q7kKdgstoBDg_dhv9d9t7enU3bzeGVNJY4jvLo5OAOgbpj-lwHcaXwD0&_nc_ad=z-m&_nc_cid=0&_nc_zt=23&se=8&_nc_ht=scontent-bos5-1.cdninstagram.com&_nc_gid=NItbvW8ycCPCEt2GqP4MAw&_nc_ss=7a3ba&oh=00_Af_q_7WFy_9J3S-PBmEzu29S4AkvqHTwve4H2cmXF5sdFQ&oe=6A3981DF","https://scontent-bos5-1.cdninstagram.com/v/t51.82787-15/650500248_18566137345041504_5835499895876737737_n.jpg?stp=dst-jpg_e35_tt6&_nc_cat=111&ig_cache_key=Mzg1MTIwOTU5MTYxOTgzMDExMg%3D%3D.3-ccb7-5&ccb=7-5&_nc_sid=58cdad&efg=eyJ2ZW5jb2RlX3RhZyI6IkNBUk9VU0VMX0lURU0ueHBpZHMuMTQ0MC5zZHIucmVndWxhcl9waG90by5DMyJ9&_nc_ohc=3IlpWu9nI0IQ7kNvwHvkfbj&_nc_oc=Adqs1EqD89YXkxsUUotJunT-z3Tfw45cO2wIt0MyLP111IZowF8N0Mri36EnNMKghqI&_nc_ad=z-m&_nc_cid=0&_nc_zt=23&se=8&_nc_ht=scontent-bos5-1.cdninstagram.com&_nc_gid=NItbvW8ycCPCEt2GqP4MAw&_nc_ss=7a3ba&oh=00_Af-ClzbxXV-Qtc9Mx7VThBQM2QVSEbiFaWrZixz4CyRBXw&oe=6A396AE6","https://scontent-bos5-1.cdninstagram.com/v/t51.82787-15/650771054_18566137336041504_3968090182380285701_n.jpg?stp=dst-jpg_e35_tt6&_nc_cat=104&ig_cache_key=Mzg1MTIwOTU5MjUyNTc4NzQzMA%3D%3D.3-ccb7-5&ccb=7-5&_nc_sid=58cdad&efg=eyJ2ZW5jb2RlX3RhZyI6IkNBUk9VU0VMX0lURU0ueHBpZHMuMTA4MC5zZHIucmVndWxhcl9waG90by5DMyJ9&_nc_ohc=413zd-ZE4pMQ7kNvwHIWvvl&_nc_oc=Adrov-8XNvtusy2fYqEnUc36Wk6Y0IqRy-8D4ngH23gO77Re5ee78F2Ze0c8GFxE30A&_nc_ad=z-m&_nc_cid=0&_nc_zt=23&se=8&_nc_ht=scontent-bos5-1.cdninstagram.com&_nc_gid=NItbvW8ycCPCEt2GqP4MAw&_nc_ss=7a3ba&oh=00_Af_52L2jD8WYmDmkphrFcbRvs2NRSibRas-abeTA2hV-AQ&oe=6A398AA6","https://scontent-bos5-1.cdninstagram.com/v/t51.82787-15/651231553_18566137354041504_6610834222635383447_n.jpg?stp=dst-jpg_e35_tt6&_nc_cat=105&ig_cache_key=Mzg1MTIwOTU5NDE5NTExNDcyMA%3D%3D.3-ccb7-5&ccb=7-5&_nc_sid=58cdad&efg=eyJ2ZW5jb2RlX3RhZyI6IkNBUk9VU0VMX0lURU0ueHBpZHMuMTQ0MC5zZHIucmVndWxhcl9waG90by5DMyJ9&_nc_ohc=h2_oN5rvQK8Q7kNvwG_wsdX&_nc_oc=Adp2BW2HxuEjjdoNQyjc6YJU3Ozk0FAZRg65dfIYNXC5Dy9T8f1uVmonssGIuzNGP8k&_nc_ad=z-m&_nc_cid=0&_nc_zt=23&se=8&_nc_ht=scontent-bos5-1.cdninstagram.com&_nc_gid=NItbvW8ycCPCEt2GqP4MAw&_nc_ss=7a3ba&oh=00_Af8MLFa3utclnlGLGhaae42qe25nt60C5qphCes5FxJVNQ&oe=6A397551","https://scontent-bos5-1.cdninstagram.com/v/t51.82787-15/649238614_18566137363041504_3373844078818786158_n.jpg?stp=dst-jpg_e35_tt6&_nc_cat=109&ig_cache_key=Mzg1MTIwOTU5NzM0MDgzNTMzMg%3D%3D.3-ccb7-5&ccb=7-5&_nc_sid=58cdad&efg=eyJ2ZW5jb2RlX3RhZyI6IkNBUk9VU0VMX0lURU0ueHBpZHMuMTQ0MC5zZHIucmVndWxhcl9waG90by5DMyJ9&_nc_ohc=NMNjPiK9rYwQ7kNvwFdYiyp&_nc_oc=AdoqiChMEN4JJHLqFrY-WzLFgwtuYf4YrCy6JjlzlYJdfKwG9gc-SqP5u0hxko0wy18&_nc_ad=z-m&_nc_cid=0&_nc_zt=23&se=8&_nc_ht=scontent-bos5-1.cdninstagram.com&_nc_gid=NItbvW8ycCPCEt2GqP4MAw&_nc_ss=7a3ba&oh=00_Af979BKvpfb7uUJx3o3E5ed9141sIaLvtAB4B_JkxBjyNg&oe=6A397A99","https://scontent-bos5-1.cdninstagram.com/v/t51.82787-15/651546819_18566137372041504_350335369386727710_n.jpg?stp=dst-jpg_e35_tt6&_nc_cat=103&ig_cache_key=Mzg1MTIwOTYwMDAyNTE2NzU5MA%3D%3D.3-ccb7-5&ccb=7-5&_nc_sid=58cdad&efg=eyJ2ZW5jb2RlX3RhZyI6IkNBUk9VU0VMX0lURU0ueHBpZHMuMTE3OS5zZHIucmVndWxhcl9waG90by5DMyJ9&_nc_ohc=KhA52T7_DBUQ7kNvwEcNReK&_nc_oc=AdqpCT7jqpg6L1_DcjOq3IO8oTmmnAVRovDbQHsy7hAkc1bWYbkYnPYsW44KDbz4T3Y&_nc_ad=z-m&_nc_cid=0&_nc_zt=23&se=8&_nc_ht=scontent-bos5-1.cdninstagram.com&_nc_gid=NItbvW8ycCPCEt2GqP4MAw&_nc_ss=7a3ba&oh=00_Af9cFpmdj3Ifs1YhKU4tgiZ2StEL7xcRsLnE-O0fNxL5DQ&oe=6A398029","https://scontent-bos5-1.cdninstagram.com/v/t51.82787-15/651495091_18566137381041504_8200285461200236687_n.jpg?stp=dst-jpg_e35_tt6&_nc_cat=108&ig_cache_key=Mzg1MTIwOTYwMzEwMzgzMjYzOQ%3D%3D.3-ccb7-5&ccb=7-5&_nc_sid=58cdad&efg=eyJ2ZW5jb2RlX3RhZyI6IkNBUk9VU0VMX0lURU0ueHBpZHMuMTE3OS5zZHIucmVndWxhcl9waG90by5DMyJ9&_nc_ohc=lSq3iDNtLPMQ7kNvwGFvqiy&_nc_oc=Adqvj5iRVfU4tUsP74RQ4VSo8YzG-PDIiojYsxbZvW0jnrsh7mGSJld7GMHOEQDhMm4&_nc_ad=z-m&_nc_cid=0&_nc_zt=23&se=8&_nc_ht=scontent-bos5-1.cdninstagram.com&_nc_gid=NItbvW8ycCPCEt2GqP4MAw&_nc_ss=7a3ba&oh=00_Af_pnB8l48ow70bTpi1cSlx6zuvGkzkDIZv5pwE6SLSgyw&oe=6A398CE8",,,,,,,,"https://www.instagram.com/hidiff.tw/",,"79",,"hidiff.tw",,,"18128484373104534",,"licensed_music",,"18128484373104536","true","700658637002268","270721427274675",,"https://scontent-bos5-1.cdninstagram.com/v/t39.30808-6/427927815_3317740311705088_8213908961699220180_n.jpg?stp=dst-jpg_s168x128_tt6&_nc_cat=1&ccb=7-5&_nc_sid=2f2557&_nc_ohc=alpnBsQmqrAQ7kNvwHtHdxL&_nc_oc=Adq6BJgqoIM16Rz3jewmQvrrU7ughLU602fG7YhMzHk4NnQ1O9VEQSaTgFLKW7BNm0c&_nc_ad=z-m&_nc_cid=0&_nc_zt=23&_nc_ht=scontent-bos5-1.cdninstagram.com&_nc_gid=NItbvW8ycCPCEt2GqP4MAw&_nc_ss=7039b&oh=00_Af9_LY2m0UOijtgJHJnQW3ysMkR2GtFMIDXPKLGm_5DT8A&oe=6A398ACA","https://scontent-bos5-1.cdninstagram.com/v/t39.30808-6/427927815_3317740311705088_8213908961699220180_n.jpg?stp=dst-jpg_s168x128_tt6&_nc_cat=1&ccb=7-5&_nc_sid=2f2557&_nc_ohc=alpnBsQmqrAQ7kNvwHtHdxL&_nc_oc=Adq6BJgqoIM16Rz3jewmQvrrU7ughLU602fG7YhMzHk4NnQ1O9VEQSaTgFLKW7BNm0c&_nc_ad=z-m&_nc_cid=0&_nc_zt=23&_nc_ht=scontent-bos5-1.cdninstagram.com&_nc_gid=NItbvW8ycCPCEt2GqP4MAw&_nc_ss=7039b&oh=00_Af9_LY2m0UOijtgJHJnQW3ysMkR2GtFMIDXPKLGm_5DT8A&oe=6A398ACA",,"Haley Reinhart","223893","https://scontent-bos5-1.cdninstagram.com/o1/v/t2/f2/m69/AQNHlcKOl0IzlvgMbDTaCEneGo6NI8FIYD3uQMbB6R-qW7DuwUq3W3-WqaHy9UJ0gplpIa9hG6pIwB4YxqK78680.mp4?strext=1&_nc_cat=1&_nc_sid=b66105&_nc_ht=scontent-bos5-1.cdninstagram.com&_nc_ohc=KyJI842MIzUQ7kNvwG4ao0q&efg=eyJ2ZW5jb2RlX3RhZyI6Inhwdl9wcm9ncmVzc2l2ZS5WSV9VU0VDQVNFX1BST0RVQ1RfVFlQRS4uQzMuMC5kYXNoX2xuX2hlYWFjX3ZicjNfbXB4X2F1ZGlvIiwieHB2X2Fzc2V0X2lkIjo0MDA0ODc4OTk0MjQyOTgsImFzc2V0X2FnZV9kYXlzIjoyMjczLCJ2aV91c2VjYXNlX2lkIjoxMDU2OCwiZHVyYXRpb25fcyI6MjIzLCJ1cmxnZW5fc291cmNlIjoid3d3In0%3D&ccb=17-1&vs=89774fe346ee7a40&_nc_vs=HBkcFQIYOnBhc3N0aHJvdWdoX2V2ZXJzdG9yZS9HR2tnSmlBd1RzR3J4Z29FQUZHU0ZBU2g3NlVYYm1FeUFBQUYVAgLIARIAKAAYABsCiAd1c2Vfb2lsATEScHJvZ3Jlc3NpdmVfcmVjaXBlATEVAAAm1Jjbr7uPtgEVAigCQzMsF0Br_JN0vGp_GBxkYXNoX2xuX2hlYWFjX3ZicjNfbXB4X2F1ZGlvEQB1AGWQpQEA&_nc_zt=28&_nc_ss=7039b&oh=00_Af_Z_QWfmvNdX9TGvDfHC1XoABkkcUL38rtpEWK6E_8dvA&oe=6A397B23","true","52000","131000","19000","668040217325088","haleyreinhart","false","true","false","DEFAULT",,"https://scontent-bos5-1.cdninstagram.com/o1/v/t2/f2/m69/AQNHlcKOl0IzlvgMbDTaCEneGo6NI8FIYD3uQMbB6R-qW7DuwUq3W3-WqaHy9UJ0gplpIa9hG6pIwB4YxqK78680.mp4?strext=1&_nc_cat=1&_nc_sid=b66105&_nc_ht=scontent-bos5-1.cdninstagram.com&_nc_ohc=KyJI842MIzUQ7kNvwG4ao0q&efg=eyJ2ZW5jb2RlX3RhZyI6Inhwdl9wcm9ncmVzc2l2ZS5WSV9VU0VDQVNFX1BST0RVQ1RfVFlQRS4uQzMuMC5kYXNoX2xuX2hlYWFjX3ZicjNfbXB4X2F1ZGlvIiwieHB2X2Fzc2V0X2lkIjo0MDA0ODc4OTk0MjQyOTgsImFzc2V0X2FnZV9kYXlzIjoyMjczLCJ2aV91c2VjYXNlX2lkIjoxMDU2OCwiZHVyYXRpb25fcyI6MjIzLCJ1cmxnZW5fc291cmNlIjoid3d3In0%3D&ccb=17-1&vs=89774fe346ee7a40&_nc_vs=HBkcFQIYOnBhc3N0aHJvdWdoX2V2ZXJzdG9yZS9HR2tnSmlBd1RzR3J4Z29FQUZHU0ZBU2g3NlVYYm1FeUFBQUYVAgLIARIAKAAYABsCiAd1c2Vfb2lsATEScHJvZ3Jlc3NpdmVfcmVjaXBlATEVAAAm1Jjbr7uPtgEVAigCQzMsF0Br_JN0vGp_GBxkYXNoX2xuX2hlYWFjX3ZicjNfbXB4X2F1ZGlvEQB1AGWQpQEA&_nc_zt=28&_nc_ss=7039b&oh=00_Af_Z_QWfmvNdX9TGvDfHC1XoABkkcUL38rtpEWK6E_8dvA&oe=6A397B23",,,,,,"","Honey, There’s the Door",,"true","52000","false","false","","false",,,"0",,,"𝐻𝒜𝐿𝐸𝒴 𝑅𝐸𝐼𝒩𝐻𝒜𝑅𝒯","180630185","false","true","3892204703514392508","https://scontent-bos5-1.cdninstagram.com/v/t51.82787-19/685792180_18586224763022186_6767411486975985187_n.jpg?stp=dst-jpg_e0_s150x150_tt6&efg=eyJ2ZW5jb2RlX3RhZyI6InByb2ZpbGVfcGljLmRqYW5nby4xMDgwLmMyIn0&_nc_ht=scontent-bos5-1.cdninstagram.com&_nc_cat=102&_nc_oc=Q6cZ2gHXdgB0stBb5C3GC_IgwrkvaTJLuRrUG_ZP7jvHLI0SAFW_I88hveEBreLZwKMFmVQ&_nc_ohc=Ztmhrr_SLwAQ7kNvwG4Q3f8&_nc_gid=NItbvW8ycCPCEt2GqP4MAw&edm=APGXKFABAAAA&ccb=7-5&ig_cache_key=GLRb4ChqK7esEghCACMGGmLkrOpdbmNDAQAB1501500j-ccb7-5&oh=00_Af9pJ88S89GaMO7p8-bm2hVS-PZ8xhcoFbW1uEVaJcvZkQ&oe=6A3979A7&_nc_sid=a8b8e2","haleyreinhart","false","false",,"90000","https://scontent-bos5-1.cdninstagram.com/v/t51.12442-15/43985629_311105916145351_58064759811405776_n.jpg?_nc_ht=scontent-bos5-1.cdninstagram.com&_nc_cat=107&_nc_oc=Q6cZ2gHXdgB0stBb5C3GC_IgwrkvaTJLuRrUG_ZP7jvHLI0SAFW_I88hveEBreLZwKMFmVQ&_nc_ohc=leFGvcZxIc8Q7kNvwGP9Cx3&_nc_gid=NItbvW8ycCPCEt2GqP4MAw&edm=APGXKFAAAAAA&ccb=7-5&oh=00_Af8RqTeAp4hu5-SOxTgXja2h8TyBY6qsu0hDiAF_z9Kuhw&oe=6A39877D&_nc_sid=a8b8e2",,,"false","false","",,,,,,,,,,"なつ🌞","1421353503","elsa_hsia","true","carousel_container","DVyPsblk8du","hidiff.tw","80015491870","false","false",,"https://scontent-bos5-1.cdninstagram.com/v/t51.82787-19/615343798_17845310625667871_7065812407261479699_n.jpg?stp=dst-jpg_e0_s150x150_tt6&efg=eyJ2ZW5jb2RlX3RhZyI6InByb2ZpbGVfcGljLmRqYW5nby43OTYuYzIifQ&_nc_ht=scontent-bos5-1.cdninstagram.com&_nc_cat=1&_nc_oc=Q6cZ2gHXdgB0stBb5C3GC_IgwrkvaTJLuRrUG_ZP7jvHLI0SAFW_I88hveEBreLZwKMFmVQ&_nc_ohc=CmgFRSIfk20Q7kNvwF4Tzd5&_nc_gid=NItbvW8ycCPCEt2GqP4MAw&edm=APGXKFABAAAA&ccb=7-5&ig_cache_key=GLZmrSQf278oN2Y-ABNDXrjyzg5ibmNDAQAB1501500j-ccb7-5&oh=00_Af9rBjqSH1tsaiyzvfSoSjacLl7q-Iln5LDvimhBzmeSKQ&oe=6A399CDC&_nc_sid=a8b8e2",,"hidiff.tw",,,,,,,,,"2026-03-12T12:53:08.000Z","Sidecar","https://www.instagram.com/p/DVyPsblk8du/",,"0",
"搶先體驗95折優惠！輸入優惠碼hidiff01即可獲得！
最近被這三款 @hidiff.tw 小綠瓶小綠霜圈粉💚
化妝水先敲敲水感打底
這款 HIDIFF 綠珍珠潤肌泡泡化妝水是泡泡狀化妝水，用起來超級有感💦
✔️ 一層層疊加水感，先把肌膚喝飽水
✔️ 上妝前保濕打底完美不卡粉
整個保養第一步就像給肌膚喝了一杯冰涼氣泡水！
深層修護的小奶霜
擦上 HIDIFF 綠珍珠酪梨修護乳霜
✔️ 奶油質地超柔滑
✔️ 含酪梨、夏威夷果油等植萃油脂，滋潤不黏膩
✔️ 加上多種植萃精華，修護乾燥、建立保護屏障
就像給乾枯肌膚蓋上一層溫柔被子 💫 
高濃縮舒緩精華
最後輕拍 HIDIFF 綠珍珠 D‑泛醇3% 高濃縮水精華
✔️ 3% D-泛醇高濃度舒緩
✔️ 舒緩敏感、補水同時平衡肌膚情緒
超適合敏感期、換季期或熬夜後SOS救援 🩶 

📌 小分享
這三款一起用，真的像把保濕、修護、舒緩一次做好！
每天早晚一套下來，肌膚像喝飽水一樣彈嫩、有光 ✨
💗 女孩們的秋冬保養最怕乾燥、緊繃，用對產品讓膚況一天比一天好，心情也跟著開心起來🥹

#Hidiff  #綠珍珠D泛醇3%高濃縮水精華 #綠珍珠潤肌泡泡化妝水 #綠珍珠酪梨修護乳霜",,,,,,,,,,,,,,,,,,,,,,,,,,,,,,,,,,,,,,,,,,,,,,,,,,,,,,,,,,,,,,,,,,,,,,,,,,,,,,,,,,,,,,,,,,,,,,,,,,,,,,,,,,,,,,,,,,,,,,,,,,,,,,,,,,,,,,,,,,,,,,,,,,,,,,,,,,,,,,,,,,,,,,,,,,,,,,,,,,,,,,,,,,,,,,,,,,,,,,,,,,,,,,,,,,,,,,,,,,,,,,,,,,,,,,,,,,,,,,,,,,,,,,,,,,,,,,,,,,,,,,,,,,,,,,,,,,,,,,,,,,,,,,,,,,,,,,,,,,,,,,,,,,,,,,,,,,,,,,,,,,,,,,,,,,,,,,,,,,,,,,,,,,,,,,,,,,,,,,,,,,,,,,,,,,,,"0","1280","720","https://scontent-bos5-1.cdninstagram.com/v/t51.82787-15/650386757_18566136889041504_1703408770396557187_n.jpg?stp=dst-jpg_e35_p750x750_sh2.08_tt6&_nc_cat=105&ig_cache_key=Mzg1MTIwNTg1NjA4NDM2MDY1MzE4NTY2MTM2ODg2MDQxNTA0.3-ccb7-5&ccb=7-5&_nc_sid=58cdad&efg=eyJ2ZW5jb2RlX3RhZyI6IkNMSVBTLnhwaWRzLjExNzguc2RyLnZpZGVvX2RlZmF1bHRfY292ZXJfZnJhbWUuQzMifQ%3D%3D&_nc_ohc=hvYZXgqPxtwQ7kNvwGGe0tL&_nc_oc=AdqTO-3_zTDMS4jk8pdsKB0O1NfKH6XWZXFUBgG-mOgDgW9lnZn08gQnZtfyT2ypuBY&_nc_ad=z-m&_nc_cid=0&_nc_zt=23&_nc_ht=scontent-bos5-1.cdninstagram.com&_nc_gid=NItbvW8ycCPCEt2GqP4MAw&_nc_ss=7a3ba&oh=00_Af_GEl6G2GF9sGZcemcsxZXB2vsE2Ypas1WOjJSFBgJznw&oe=6A399676",,,"","Hidiff","綠珍珠D泛醇3%高濃縮水精華","綠珍珠潤肌泡泡化妝水","綠珍珠酪梨修護乳霜",,"3851205856084360653","5316",,,,,,,,,,,,,,,"https://www.instagram.com/hidiff.tw/",,"25",,"hidiff.tw",,"elsa_hsia",,"26819282027656460",,,,,,,,,,,,,,,,,,,,,,,,,,,,,,,,,,,,,,,,,,,,,,,,,,,,,,,,,,,,,,,,,,,"false","","Original audio","true","なつ🌞","1421353503","elsa_hsia","true","clips","DVyO1JQz_3N","hidiff.tw","80015491870","false","false",,"https://scontent-bos5-1.cdninstagram.com/v/t51.82787-19/615343798_17845310625667871_7065812407261479699_n.jpg?stp=dst-jpg_e0_s150x150_tt6&efg=eyJ2ZW5jb2RlX3RhZyI6InByb2ZpbGVfcGljLmRqYW5nby43OTYuYzIifQ&_nc_ht=scontent-bos5-1.cdninstagram.com&_nc_cat=1&_nc_oc=Q6cZ2gHXdgB0stBb5C3GC_IgwrkvaTJLuRrUG_ZP7jvHLI0SAFW_I88hveEBreLZwKMFmVQ&_nc_ohc=CmgFRSIfk20Q7kNvwF4Tzd5&_nc_gid=NItbvW8ycCPCEt2GqP4MAw&edm=APGXKFABAAAA&ccb=7-5&ig_cache_key=GLZmrSQf278oN2Y-ABNDXrjyzg5ibmNDAQAB1501500j-ccb7-5&oh=00_Af9rBjqSH1tsaiyzvfSoSjacLl7q-Iln5LDvimhBzmeSKQ&oe=6A399CDC&_nc_sid=a8b8e2",,"hidiff.tw",,,,,,,,,"2026-03-12T12:50:33.000Z","Video","https://www.instagram.com/p/DVyO1JQz_3N/","75.83300018310547","6438","https://scontent-bos5-1.cdninstagram.com/o1/v/t2/f2/m86/AQNbj5yFJdHw6RY7lBEtHo5HxUzfmcDKRJTUT0H98WPYSzOSF9jOxp4G_LrTs8zTP0gyZU-TDUoFesxp676YomFLEiALvMRnOGTnrLs.mp4?_nc_cat=111&_nc_sid=5e9851&_nc_ht=scontent-bos5-1.cdninstagram.com&_nc_ohc=JCOM8KrpRxIQ7kNvwFPFmLP&efg=eyJ2ZW5jb2RlX3RhZyI6Inhwdl9wcm9ncmVzc2l2ZS5JTlNUQUdSQU0uQ0xJUFMuQzMuNzIwLmRhc2hfYmFzZWxpbmVfMV92MSIsInhwdl9hc3NldF9pZCI6MTYzMTUyMjI1MjMwODAwOCwiYXNzZXRfYWdlX2RheXMiOjk3LCJ2aV91c2VjYXNlX2lkIjoxMDA5OSwiZHVyYXRpb25fcyI6NzUsInVybGdlbl9zb3VyY2UiOiJ3d3cifQ%3D%3D&ccb=17-1&vs=24c5c9316428f345&_nc_vs=HBksFQIYUmlnX3hwdl9yZWVsc19wZXJtYW5lbnRfc3JfcHJvZC8yQTQ4OUNFMTIzRUY2RTFGNUNGOTVCN0VBNDk3QTg5Q192aWRlb19kYXNoaW5pdC5tcDQVAALIARIAFQIYUWlnX3hwdl9wbGFjZW1lbnRfcGVybWFuZW50X3YyLzA5NDlCNkU2RkJDMzFCMUMwRjM4Njk1RkRFNjQ0Qzg5X2F1ZGlvX2Rhc2hpbml0Lm1wNBUCAsgBEgAoABgAGwKIB3VzZV9vaWwBMRJwcm9ncmVzc2l2ZV9yZWNpcGUBMRUAACbQ-NWEjPflBRUCKAJDMywXQFL1T987ZFoYEmRhc2hfYmFzZWxpbmVfMV92MREAdf4HZeadAQA&_nc_gid=NItbvW8ycCPCEt2GqP4MAw&_nc_ss=7a3ba&_nc_zt=28&oh=00_Af_V9x9OGiEuJpRsJuWNC0-h6EVDZuMm35DQOTzt2buWEQ&oe=6A358088"
"搶先體驗95折優惠！輸入
優惠碼hidiff01即可獲得！

久違的Get Ready With Me✨
前陣子真的好愛用韓妝 每天都在下單新東西 眼影盤臥蠶筆 還有最重要的保濕妝前！
最近上妝前開始用 HIDIFF 的綠珍珠泡泡化妝水，本來很怕換季臉上大過敏泛紅又發癢，用了之後會太刺激，結果超級穩定還很保濕，不用上水光棒就可以得到水光感妝效
睡前也會用綠珍珠D-泛醇3%高濃縮水精華和綠珍珠酪梨修護乳霜，因為真的過敏太嚴重，所以很相信這種沒有香味又主打鎮靜保濕的產品，最近臉終於不癢了omg🥹

@hidiff.tw
#히디프 #hidiff #綠珍珠系列 #hidiff養膚組 #GRWM",,,,,,,,,,,,,,,,,,,,,,,,,,,,,,,,,,,,,,,,,,,,,,,,,,,,,,,,,,,,,,,,,,,,,,,,,,,,,,,,,,,,,,,,,,,,,,,,,,,,,,,,,,,,,,,,,,,,,,,,,,,,,,,,,,,,,,,,,,,,,,,,,,,,,,,,,,,,,,,,,,,,,,,,,,,,,,,,,,,,,,,,,,,,,,,,,,,,,,,,,,,,,,,,,,,,,,,,,,,,,,,,,,,,,,,,,,,,,,,,,,,,,,,,,,,,,,,,,,,,,,,,,,,,,,,,,,,,,,,,,,,,,,,,,,,,,,,,,,,,,,,,,,,,,,,,,,,,,,,,,,,,,,,,,,,,,,,,,,,,,,,,,,,,,,,,,,,,,,,,,,,,,,,,,,,,"11","1920","1080","https://scontent-phx1-1.cdninstagram.com/v/t51.82787-15/650379246_18454001887107342_8764981304624797991_n.jpg?stp=dst-jpg_e35_p750x750_sh2.08_tt6&_nc_cat=110&ig_cache_key=Mzg1MTE5ODkwMDEwMzk2NjYwNDE4NDU0MDAxODg0MTA3MzQy.3-ccb7-5&ccb=7-5&_nc_sid=58cdad&efg=eyJ2ZW5jb2RlX3RhZyI6IkNMSVBTLnhwaWRzLjExNzAuc2RyLnZpZGVvX2RlZmF1bHRfY292ZXJfZnJhbWUuQzMifQ%3D%3D&_nc_ohc=TOx6ZvvJlmYQ7kNvwETNr4Y&_nc_oc=AdqOI7G5fdKl-GqyKSZYA_N5uEPCct0thJcdi6ZieaESCb22HE94QBNnFDJRwULXUA0&_nc_ad=z-m&_nc_cid=0&_nc_zt=23&_nc_ht=scontent-phx1-1.cdninstagram.com&_nc_gid=NWXWPxY4S14HRzkXfuudSw&_nc_ss=7a3ba&oh=00_Af8tihLBRFT5Y3cyd1TNuJvh_5ATnn5MJFBIJsk7RanZKQ&oe=6A3993E2",,,"","히디프","hidiff","綠珍珠系列","hidiff養膚組","GRWM","3851198900103966604","12072",,,,,,,,,,,,,,,"https://www.instagram.com/hidiff.tw/",,"278",,"hidiff.tw",,"hy4ol",,"34308424475439100",,,,,,,,,,,,,,,,,,,,,,,,,,,,,,,,,,,,,,,,,,,,,,,,,,,,,,,,,,,,,,,,,,,"false","","Original audio","true","Béa","3219795341","hy4ol",,"clips","DVyNP7AEm-M","hidiff.tw","80015491870","false","false",,"https://scontent-phx1-1.cdninstagram.com/v/t51.82787-19/615343798_17845310625667871_7065812407261479699_n.jpg?stp=dst-jpg_e0_s150x150_tt6&efg=eyJ2ZW5jb2RlX3RhZyI6InByb2ZpbGVfcGljLmRqYW5nby43OTYuYzIifQ&_nc_ht=scontent-phx1-1.cdninstagram.com&_nc_cat=1&_nc_oc=Q6cZ2gG4OYT37iT-aJiQpiPFryjnPCNL7z3NzjLsWYjKRKEJX-drBtsj5tMqSm80U4v-ucQ&_nc_ohc=CmgFRSIfk20Q7kNvwEv6Rnn&_nc_gid=NWXWPxY4S14HRzkXfuudSw&edm=APGXKFABAAAA&ccb=7-5&ig_cache_key=GLZmrSQf278oN2Y-ABNDXrjyzg5ibmNDAQAB1501500j-ccb7-5&oh=00_Af_mCYy3FvU3BFJ4AmuM1kh38iqJQmAQ3h_-u5Jt2fUNSw&oe=6A399CDC&_nc_sid=a8b8e2",,"hidiff.tw",,,,,,,,,"2026-03-12T12:34:23.000Z","Video","https://www.instagram.com/p/DVyNP7AEm-M/","74.0479965209961","12072","https://scontent-phx1-1.cdninstagram.com/o1/v/t16/f2/m69/AQPi3VLEa_nKD4d6lBgalpx2TfasTLGy55Jtr1X193AxJKA58vKO_rgbsI-xdhqjQCiI4wTuA4DomxERuZZejdEc.mp4?strext=1&_nc_cat=105&_nc_sid=5e9851&_nc_ht=scontent-phx1-1.cdninstagram.com&_nc_ohc=GfRG_A0Ms0EQ7kNvwEb4fl7&efg=eyJ2ZW5jb2RlX3RhZyI6Inhwdl9wcm9ncmVzc2l2ZS5JTlNUQUdSQU0uQ0xJUFMuQzMuNzIwLmRhc2hfYmFzZWxpbmVfMV92MSIsInhwdl9hc3NldF9pZCI6MTc5NDgzNTIwNTQxMTEzMzgsImFzc2V0X2FnZV9kYXlzIjo5NywidmlfdXNlY2FzZV9pZCI6MTAwOTksImR1cmF0aW9uX3MiOjc0LCJ1cmxnZW5fc291cmNlIjoid3d3In0%3D&ccb=17-1&vs=faaa0b4a6b55daf2&_nc_vs=HBksFQIYOnBhc3N0aHJvdWdoX2V2ZXJzdG9yZS9HTVhTbGlhbTJpUWR2dHNGQUtkOHBuWWprUGhrYnNwVEFRQUYVAALIARIAFQIYUWlnX3hwdl9wbGFjZW1lbnRfcGVybWFuZW50X3YyLzdBNDRDMDM3MjM0NTUxMzc5QjU5QkY0Q0E4RjJFRDkxX2F1ZGlvX2Rhc2hpbml0Lm1wNBUCAsgBEgAoABgAGwKIB3VzZV9vaWwBMRJwcm9ncmVzc2l2ZV9yZWNpcGUBMRUAACbUsenHy_vhPxUCKAJDMywXQFKCHKwIMScYEmRhc2hfYmFzZWxpbmVfMV92MREAdf4HZeadAQA&_nc_gid=NWXWPxY4S14HRzkXfuudSw&_nc_ss=7a3ba&_nc_zt=28&oh=00_Af-syy1TT8H-rkVqAV_HCQsSRZeDTZhWjH5Z6xTCFuSzHg&oe=6A398FCF"
"搶先體驗95折優惠!!!
(輸入優惠碼hidiff01即可獲得)

最近換了一組敏感肌也適合的保養
不僅膚況變穩也透出自然的水光✨

hidiff養膚組
𐙚綠珍珠潤肌泡泡化妝水
細緻的泡泡在臉上輕拍會化成水狀
疊加2次像喝飽水的感覺很有保濕力

𐙚綠珍珠D-泛醇3%高濃縮水精華
水感質地吸收超快不黏膩
膚況不穩的時候特別有感 舒緩+補水

𐙚綠珍珠酪梨修護乳霜
推開後是剛剛好的滋潤感但不厚重
立馬滋潤讓皮膚摸起來更滑嫩

簡單三步驟膚況默默升級✔️
健康肌膚上妝自帶的光澤感很加分

@hidiff.tw 
#히디프 #hidiff #綠珍珠系列 #hidiff養膚組 #GRWM",,,,,,,,,,,,,,,,,,,,,,,,,,,,,,,,,,,,,,,,,,,,,,,,,,,,,,,,,,,,,,,,,,,,,,,,,,,,,,,,,,,,,,,,,,,,,,,,,,,,,,,,,,,,,,,,,,,,,,,,,,,,,,,,,,,,,,,,,,,,,,,,,,,,,,,,,,,,,,,,,,,,,,,,,,,,,,,,,,,,,,,,,,,,,,,,,,,,,,,,,,,,,,,,,,,,,,,,,,,,,,,,,,,,,,,,,,,,,,,,,,,,,,,,,,,,,,,,,,,,,,,,,,,,,,,,,,,,,,,,,,,,,,,,,,,,,,,,,,,,,,,,,,,,,,,,,,,,,,,,,,,,,,,,,,,,,,,,,,,,,,,,,,,,,,,,,,,,,,,,,,,,,,,,,,,,"5","1920","1080","https://scontent-phx1-1.cdninstagram.com/v/t51.82787-15/649981067_18567024193020009_2472809553246840275_n.jpg?stp=dst-jpg_e35_p750x750_sh2.08_tt6&_nc_cat=110&ig_cache_key=Mzg1MTE4MzM5MTczOTg1NzE0NDE4NTY3MDI0MTkwMDIwMDA5.3-ccb7-5&ccb=7-5&_nc_sid=58cdad&efg=eyJ2ZW5jb2RlX3RhZyI6IkNMSVBTLnhwaWRzLjExNjguc2RyLnZpZGVvX2RlZmF1bHRfY292ZXJfZnJhbWUuQzMifQ%3D%3D&_nc_ohc=M86zOn62KSkQ7kNvwFJjXIk&_nc_oc=AdpGoeHELtircVTm-1GuxIA3Bk6uJMC13XXKKpP7ddD3068bld_ZdWOrwsENzz6ZlBQ&_nc_ad=z-m&_nc_cid=0&_nc_zt=23&_nc_ht=scontent-phx1-1.cdninstagram.com&_nc_gid=NWXWPxY4S14HRzkXfuudSw&_nc_ss=7a3ba&oh=00_Af8J1fqn4htGAwrHqD4voJ7WUrYWpg2QB6kLmmiWqtt2KA&oe=6A3972BD",,,"","히디프","hidiff","綠珍珠系列","hidiff養膚組","GRWM","3851183391739857144","4207",,,,,,,,,,,,,,,"https://www.instagram.com/hidiff.tw/",,"104",,"hidiff.tw",,"grgr_playlist",,"2841219152880770",,,,,,,,,,,,,,,,,,,,,,,,,,,,,,,,,,,,,,,,,,,,,,,,,,,,,,,,,,,,,,,,,,,"false","","Doo-Doo-Doo","false","𝒀𝒖 𝑯𝒂𝒏𝒏","578708008","hann__huang","true","clips","DVyJuPticj4","hidiff.tw","80015491870","false","false",,"https://scontent-phx1-1.cdninstagram.com/v/t51.82787-19/615343798_17845310625667871_7065812407261479699_n.jpg?stp=dst-jpg_e0_s150x150_tt6&efg=eyJ2ZW5jb2RlX3RhZyI6InByb2ZpbGVfcGljLmRqYW5nby43OTYuYzIifQ&_nc_ht=scontent-phx1-1.cdninstagram.com&_nc_cat=1&_nc_oc=Q6cZ2gG4OYT37iT-aJiQpiPFryjnPCNL7z3NzjLsWYjKRKEJX-drBtsj5tMqSm80U4v-ucQ&_nc_ohc=CmgFRSIfk20Q7kNvwEv6Rnn&_nc_gid=NWXWPxY4S14HRzkXfuudSw&edm=APGXKFABAAAA&ccb=7-5&ig_cache_key=GLZmrSQf278oN2Y-ABNDXrjyzg5ibmNDAQAB1501500j-ccb7-5&oh=00_Af_mCYy3FvU3BFJ4AmuM1kh38iqJQmAQ3h_-u5Jt2fUNSw&oe=6A399CDC&_nc_sid=a8b8e2",,"hidiff.tw",,,,,,,,,"2026-03-12T12:00:00.000Z","Video","https://www.instagram.com/p/DVyJuPticj4/","67.56800079345703","4207","https://scontent-phx1-1.cdninstagram.com/o1/v/t16/f2/m69/AQPgHQ_awMEzsTONazgh80unAHFFOJgedWgKRcqHn07xk_EqNmmfjYe4S0jpBtdLFerSygRKMw7SVNb5aX7PwIp6.mp4?strext=1&_nc_cat=110&_nc_sid=5e9851&_nc_ht=scontent-phx1-1.cdninstagram.com&_nc_ohc=Usk9GWZY23wQ7kNvwHciP3z&efg=eyJ2ZW5jb2RlX3RhZyI6Inhwdl9wcm9ncmVzc2l2ZS5JTlNUQUdSQU0uQ0xJUFMuQzMuNzIwLmRhc2hfYmFzZWxpbmVfMV92MSIsInhwdl9hc3NldF9pZCI6MTc5MTM0NzY3NTczNDA4OTIsImFzc2V0X2FnZV9kYXlzIjo5OCwidmlfdXNlY2FzZV9pZCI6MTAwOTksImR1cmF0aW9uX3MiOjY3LCJ1cmxnZW5fc291cmNlIjoid3d3In0%3D&ccb=17-1&vs=5a23b2624290a096&_nc_vs=HBksFQIYOnBhc3N0aHJvdWdoX2V2ZXJzdG9yZS9HTWl3c3lhRE9PVHFmUXNGQUxJMDJZZ3ZITU5iYnNwVEFRQUYVAALIARIAFQIYUWlnX3hwdl9wbGFjZW1lbnRfcGVybWFuZW50X3YyLzQ4NENFQUJFQ0M0RUY4MUI1MzkwQUYyMjQ1MDkwNDg5X2F1ZGlvX2Rhc2hpbml0Lm1wNBUCAsgBEgAoABgAGwKIB3VzZV9vaWwBMRJwcm9ncmVzc2l2ZV9yZWNpcGUBMRUAACa4i4Ktyo3SPxUCKAJDMywXQFDkOVgQYk4YEmRhc2hfYmFzZWxpbmVfMV92MREAdf4HZeadAQA&_nc_gid=NWXWPxY4S14HRzkXfuudSw&_nc_ss=7a3ba&_nc_zt=28&oh=00_Af9cZTmG-2K4drCm4vkktf0OLD80ugek0ZbFzBogKKAOeg&oe=6A399046"
"_🪨
搶先體驗95折優惠！輸入優惠碼hidiff01即可獲得！
喜歡健康輕盈的食物，保養品也跟著純粹了起來！

Hidiff綠珍珠系列化妝水質地很特別是輕盈細口的泡泡質地，層層疊加時能讓肌膚愈加透亮，綻放光澤。

搭配同款濃縮精華與乳霜，積雪草萃取溫和滲透敏感肌，帶來深層舒緩與保濕效果，是輕鬆自在的保養品！

#Hidiff  #綠珍珠D泛醇3%高濃縮水精華 #綠珍珠潤肌泡泡化妝水 #綠珍珠酪梨修護乳霜","","0","1400","1048","https://scontent-phx1-1.cdninstagram.com/v/t51.82787-15/651321744_18567896329045074_3952499284446869539_n.jpg?stp=dst-jpg_e15_tt6&_nc_cat=110&ig_cache_key=Mzg1MTE4ODM0MDM4MDQyNjUyMQ%3D%3D.3-ccb7-5&ccb=7-5&_nc_sid=58cdad&efg=eyJ2ZW5jb2RlX3RhZyI6IkNBUk9VU0VMX0lURU0ueHBpZHMuNzIwLnNkci52aWRlb19kZWZhdWx0X2NvdmVyX2ZyYW1lLkMzIn0%3D&_nc_ohc=nNAMH4DqZr4Q7kNvwFM_rdY&_nc_oc=AdrHZJ2rcLKxKmtwM2WyrczZTAhtiVvWtlIVlmGPZbNSsXab69YWls0ihPOOfbgBMbg&_nc_ad=z-m&_nc_cid=0&_nc_zt=23&_nc_ht=scontent-phx1-1.cdninstagram.com&_nc_gid=NWXWPxY4S14HRzkXfuudSw&_nc_ss=7a3ba&oh=00_Af80rRgMs50wmrNDu6txsxg9cdrkZcud9ZUM_VtJj1pKCQ&oe=6A397622","","3851188340380426521","carousel_item","hidiff 히디프 🌳","63403377015","false","false","3415990768967152543","https://scontent-phx1-1.cdninstagram.com/v/t51.2885-19/452147619_3743307565986401_1601641283140305637_n.jpg?stp=dst-jpg_e0_s150x150_tt6&efg=eyJ2ZW5jb2RlX3RhZyI6InByb2ZpbGVfcGljLmRqYW5nby43OTYuYzIifQ&_nc_ht=scontent-phx1-1.cdninstagram.com&_nc_cat=105&_nc_oc=Q6cZ2gG4OYT37iT-aJiQpiPFryjnPCNL7z3NzjLsWYjKRKEJX-drBtsj5tMqSm80U4v-ucQ&_nc_ohc=MQ_jj_B8i10Q7kNvwG2Hve_&_nc_gid=NWXWPxY4S14HRzkXfuudSw&edm=APGXKFABAAAA&ccb=7-5&ig_cache_key=GKM58xphcsG1hEwNAOXCLdtCLDoWbkULAAAB1501500j-ccb7-5&oh=00_Af_k11JN-2GTR8ak9KRNcUiZJcyiqutzMkEN1gPIzvg8Xw&oe=6A3970CE&_nc_sid=a8b8e2","hidiff_official","hidiff.tw","80015491870","false","false","3808232826123310266","https://scontent-phx1-1.cdninstagram.com/v/t51.82787-19/615343798_17845310625667871_7065812407261479699_n.jpg?stp=dst-jpg_e0_s150x150_tt6&efg=eyJ2ZW5jb2RlX3RhZyI6InByb2ZpbGVfcGljLmRqYW5nby43OTYuYzIifQ&_nc_ht=scontent-phx1-1.cdninstagram.com&_nc_cat=1&_nc_oc=Q6cZ2gG4OYT37iT-aJiQpiPFryjnPCNL7z3NzjLsWYjKRKEJX-drBtsj5tMqSm80U4v-ucQ&_nc_ohc=CmgFRSIfk20Q7kNvwEv6Rnn&_nc_gid=NWXWPxY4S14HRzkXfuudSw&edm=APGXKFABAAAA&ccb=7-5&ig_cache_key=GLZmrSQf278oN2Y-ABNDXrjyzg5ibmNDAQAB1501500j-ccb7-5&oh=00_Af_mCYy3FvU3BFJ4AmuM1kh38iqJQmAQ3h_-u5Jt2fUNSw&oe=6A399CDC&_nc_sid=a8b8e2","hidiff.tw","2026-03-12T12:13:02.000Z","Video","3","https://scontent-phx1-1.cdninstagram.com/o1/v/t16/f2/m69/AQOZUyUvuJlSBWlZ3842dVzKlCyVchMMP6wdh1Zwxnn7RkLPglhE4Dpk9ncytXHuQv7l47aMv2J3tcBlLXehZDTs.mp4?strext=1&_nc_cat=102&_nc_sid=5e9851&_nc_ht=scontent-phx1-1.cdninstagram.com&_nc_ohc=iyzkcWXukkUQ7kNvwHSZyCU&efg=eyJ2ZW5jb2RlX3RhZyI6Inhwdl9wcm9ncmVzc2l2ZS5JTlNUQUdSQU0uQ0FST1VTRUxfSVRFTS5DMy43MjAuZGFzaF9iYXNlbGluZV8xX3YxIiwieHB2X2Fzc2V0X2lkIjoxNzk0OTA5MDg3MDExMzk3NywiYXNzZXRfYWdlX2RheXMiOjk3LCJ2aV91c2VjYXNlX2lkIjoxMDE0NiwiZHVyYXRpb25fcyI6MywidXJsZ2VuX3NvdXJjZSI6Ind3dyJ9&ccb=17-1&vs=af8128411e28ea4b&_nc_vs=HBkcFQIYOnBhc3N0aHJvdWdoX2V2ZXJzdG9yZS9HQm9UdWlaWVUzczdjX2dFQUhzb3F0T2xxT0FuYnNwVEFRQUYVAALIARIAKAAYABsCiAd1c2Vfb2lsATEScHJvZ3Jlc3NpdmVfcmVjaXBlATEVAAAm8trVlcym4j8VAigCQzMsF0AIQ5WBBiTdGBJkYXNoX2Jhc2VsaW5lXzFfdjERAHXuB2XEngEA&_nc_gid=NWXWPxY4S14HRzkXfuudSw&_nc_ss=7a3ba&_nc_zt=28&oh=00_Af8OFzhaxH13ei-YUCUsqN5MU7a8C9TiDw1U7qf_fFF4cQ&oe=6A3968D2","","0","1440","1080","https://scontent-phx1-1.cdninstagram.com/v/t51.82787-15/650666795_18567896401045074_4129283741209829447_n.jpg?stp=dst-jpg_e15_tt6&_nc_cat=100&ig_cache_key=Mzg1MTE4ODM0OTM1NjgxMzAyNg%3D%3D.3-ccb7-5&ccb=7-5&_nc_sid=58cdad&efg=eyJ2ZW5jb2RlX3RhZyI6IkNBUk9VU0VMX0lURU0ueHBpZHMuNzIwLnNkci52aWRlb19kZWZhdWx0X2NvdmVyX2ZyYW1lLkMzIn0%3D&_nc_ohc=w27W5BpMZ9EQ7kNvwFmQDAJ&_nc_oc=AdqP1DfW9U0OPpQSwZ0gJM8pkA3-lIL_gUtL0zOvHQdt2b2B0bKT_Nl0R9yKLcJJsE0&_nc_ad=z-m&_nc_cid=0&_nc_zt=23&_nc_ht=scontent-phx1-1.cdninstagram.com&_nc_gid=NWXWPxY4S14HRzkXfuudSw&_nc_ss=7a3ba&oh=00_Af-vn01rOwPnmWuNmNb9RScpAacjMCbKfewf_pe-QEWU2g&oe=6A3996AD","","3851188349356813026","carousel_item",,,,,,,,,,,,,,,"2026-03-12T12:13:02.000Z","Video","5.966000080108643","https://scontent-phx1-1.cdninstagram.com/o1/v/t16/f2/m69/AQPBcKzDlq-mvnxll5QRO3buosl-UeninJdDPzZYaX4Gm9_H_g5v2T0s681DCCpMHXfqshrs3G3kNBdbPf52tYIo.mp4?strext=1&_nc_cat=104&_nc_sid=5e9851&_nc_ht=scontent-phx1-1.cdninstagram.com&_nc_ohc=TkBTf1iowVEQ7kNvwHqTc_P&efg=eyJ2ZW5jb2RlX3RhZyI6Inhwdl9wcm9ncmVzc2l2ZS5JTlNUQUdSQU0uQ0FST1VTRUxfSVRFTS5DMy43MjAuZGFzaF9iYXNlbGluZV8xX3YxIiwieHB2X2Fzc2V0X2lkIjoxNzk0OTA5MDg3OTExMzk3NywiYXNzZXRfYWdlX2RheXMiOjk3LCJ2aV91c2VjYXNlX2lkIjoxMDE0NiwiZHVyYXRpb25fcyI6NSwidXJsZ2VuX3NvdXJjZSI6Ind3dyJ9&ccb=17-1&vs=79623c0c32bc0ab7&_nc_vs=HBkcFQIYOnBhc3N0aHJvdWdoX2V2ZXJzdG9yZS9HSTRjc3libEhtWnpQSDBEQUttZ0pJM1ZCS1VyYnNwVEFRQUYVAALIARIAKAAYABsCiAd1c2Vfb2lsATEScHJvZ3Jlc3NpdmVfcmVjaXBlATEVAAAm8qugnsym4j8VAigCQzMsF0AX3S8an753GBJkYXNoX2Jhc2VsaW5lXzFfdjERAHXuB2XEngEA&_nc_gid=NWXWPxY4S14HRzkXfuudSw&_nc_ss=7a3ba&_nc_zt=28&oh=00_Af_tbY2LIbwMnquo1RJtHSTpOq0966SwSzqcBh-mh_Lnng&oe=6A396DCC","","0","1920","1440","https://scontent-phx1-1.cdninstagram.com/v/t51.82787-15/650822073_18567896299045074_5794417290171018948_n.jpg?stp=dst-jpg_e35_tt6&_nc_cat=109&ig_cache_key=Mzg1MTE4ODM0NzgxMzY4MzM4Mg%3D%3D.3-ccb7-5&ccb=7-5&_nc_sid=58cdad&efg=eyJ2ZW5jb2RlX3RhZyI6IkNBUk9VU0VMX0lURU0ueHBpZHMuMTQ0MC5zZHIucmVndWxhcl9waG90by5DMyJ9&_nc_ohc=UiMAS_zI0g8Q7kNvwFQJglb&_nc_oc=Adp2yGb4M2VBF8i5hBbzxiwARwIKX6z3ydb0lpynYq5JF_19ZBu6EhwN63mKteWcaW8&_nc_ad=z-m&_nc_cid=0&_nc_zt=23&se=8&_nc_ht=scontent-phx1-1.cdninstagram.com&_nc_gid=NWXWPxY4S14HRzkXfuudSw&_nc_ss=7a3ba&oh=00_Af8YCu1Gj6I1t1KIEFK8yZQYi92VCi_Hf5JpITAt-_peJg&oe=6A3981F0","","3851188347813683382","carousel_item",,,,,,,,,,,,,,,"2026-03-12T12:13:02.000Z","Image",,,"","0","1920","1440","https://scontent-phx1-1.cdninstagram.com/v/t51.82787-15/650879093_18567896308045074_2149254787443574735_n.jpg?stp=dst-jpg_e35_tt6&_nc_cat=106&ig_cache_key=Mzg1MTE4ODM0OTQ4MjkxODI1Ng%3D%3D.3-ccb7-5&ccb=7-5&_nc_sid=58cdad&efg=eyJ2ZW5jb2RlX3RhZyI6IkNBUk9VU0VMX0lURU0ueHBpZHMuMTQ0MC5zZHIucmVndWxhcl9waG90by5DMyJ9&_nc_ohc=brw2ne58mGwQ7kNvwEmzL2n&_nc_oc=AdpwZIHSx13SlUA5FDuzZqTpKx6Lnk5LhJ_lDPop9kcKfoLMsY4i2aUViLp5ZrchS1g&_nc_ad=z-m&_nc_cid=0&_nc_zt=23&se=8&_nc_ht=scontent-phx1-1.cdninstagram.com&_nc_gid=NWXWPxY4S14HRzkXfuudSw&_nc_ss=7a3ba&oh=00_Af8HvLzipW8vLz7CoPlZjq4RLyUxCNzXyMbQxgMDYghK5A&oe=6A399249","","3851188349482918256","carousel_item",,,,,,,,,,,,,,,"2026-03-12T12:13:02.000Z","Image",,,"","0","1920","1440","https://scontent-phx1-1.cdninstagram.com/v/t51.82787-15/649573873_18567896389045074_2189629936035406331_n.jpg?stp=dst-jpg_e35_tt6&_nc_cat=100&ig_cache_key=Mzg1MTE4ODM2MTgxNDExNzA1OA%3D%3D.3-ccb7-5&ccb=7-5&_nc_sid=58cdad&efg=eyJ2ZW5jb2RlX3RhZyI6IkNBUk9VU0VMX0lURU0ueHBpZHMuMTQ0MC5zZHIucmVndWxhcl9waG90by5DMyJ9&_nc_ohc=smhMy-HdXvoQ7kNvwEeh-sz&_nc_oc=AdopX2CFCR9PqFqh6xkoJwE6m9hRFVeG22KaA9WQKxcVitrh4Rk-gTy31cZeJF74t6A&_nc_ad=z-m&_nc_cid=0&_nc_zt=23&se=8&_nc_ht=scontent-phx1-1.cdninstagram.com&_nc_gid=NWXWPxY4S14HRzkXfuudSw&_nc_ss=7a3ba&oh=00_Af-8LpTvMYSMu4Ht9JF50Mu0_aTFeEXZPyKLgx1m50aLOA&oe=6A396664","","3851188361814117058","carousel_item",,,,,,,,,,,,,,,"2026-03-12T12:13:02.000Z","Image",,,"","0","1920","1440","https://scontent-phx1-1.cdninstagram.com/v/t51.82787-15/650483790_18567896437045074_4169332655554666429_n.jpg?stp=dst-jpg_e35_tt6&_nc_cat=101&ig_cache_key=Mzg1MTE4ODM2NDExMzIzNjc4Nw%3D%3D.3-ccb7-5&ccb=7-5&_nc_sid=58cdad&efg=eyJ2ZW5jb2RlX3RhZyI6IkNBUk9VU0VMX0lURU0ueHBpZHMuMTQ0MC5zZHIucmVndWxhcl9waG90by5DMyJ9&_nc_ohc=ok8vc1kaFhQQ7kNvwF9u2Fx&_nc_oc=AdrzXj2IiuvdwGJwQikJiF_QOauEkZQgUKPt6TCYQrnwkN_5yyuSwtieenuR5FqhQG0&_nc_ad=z-m&_nc_cid=0&_nc_zt=23&se=8&_nc_ht=scontent-phx1-1.cdninstagram.com&_nc_gid=NWXWPxY4S14HRzkXfuudSw&_nc_ss=7a3ba&oh=00_Af8kqzdOVIA-hpn0dtY6fiwGh6BNUycTUvrgKTex2dXxsQ&oe=6A3989D1","","3851188364113236787","carousel_item",,,,,,,,,,,,,,,"2026-03-12T12:13:02.000Z","Image",,,"","0","1920","1440","https://scontent-phx1-1.cdninstagram.com/v/t51.82787-15/650969779_18567896419045074_6435633539693248598_n.jpg?stp=dst-jpg_e35_tt6&_nc_cat=106&ig_cache_key=Mzg1MTE4ODM2NDc2Njk0NTg2Mg%3D%3D.3-ccb7-5&ccb=7-5&_nc_sid=58cdad&efg=eyJ2ZW5jb2RlX3RhZyI6IkNBUk9VU0VMX0lURU0ueHBpZHMuMTQ0MC5zZHIucmVndWxhcl9waG90by5DMyJ9&_nc_ohc=SPMQvNMufYUQ7kNvwHnsR4g&_nc_oc=Adp4daMsyTNbIsa7eTF5gbvI0oiHTlqF_0WfLtkgb_-ZE4L3v0dv4gna0g7TIuJ1Dws&_nc_ad=z-m&_nc_cid=0&_nc_zt=23&se=8&_nc_ht=scontent-phx1-1.cdninstagram.com&_nc_gid=NWXWPxY4S14HRzkXfuudSw&_nc_ss=7a3ba&oh=00_Af_NjRBSYyTSp3xfxGVE84StG940OmkfUGAwUDToWgM3lg&oe=6A3987A0","","3851188364766945862","carousel_item",,,,,,,,,,,,,,,"2026-03-12T12:13:02.000Z","Image",,,"","0","1920","1440","https://scontent-phx1-1.cdninstagram.com/v/t51.82787-15/650742826_18567896281045074_9070865329122254535_n.jpg?stp=dst-jpg_e35_tt6&_nc_cat=110&ig_cache_key=Mzg1MTE4ODMzNzg0NzYzMzU3Mw%3D%3D.3-ccb7-5&ccb=7-5&_nc_sid=58cdad&efg=eyJ2ZW5jb2RlX3RhZyI6IkNBUk9VU0VMX0lURU0ueHBpZHMuMTQ0MC5zZHIucmVndWxhcl9waG90by5DMyJ9&_nc_ohc=LGBooYqSU4MQ7kNvwEWZB0Y&_nc_oc=AdoGIZzmxLjDmukpQ2GQrUEItiYznjV5R8OLKH6WZyM4bKXL8OxONWuLAPnj3_gsROQ&_nc_ad=z-m&_nc_cid=0&_nc_zt=23&se=8&_nc_ht=scontent-phx1-1.cdninstagram.com&_nc_gid=NWXWPxY4S14HRzkXfuudSw&_nc_ss=7a3ba&oh=00_Af9PuDg4gckFceaSkvcHwyMrUxR0S9-j9BLLZLqprkt3XA&oe=6A398669","","3851188337847633573","carousel_item","hidiff 히디프 🌳","63403377015","false","false","3415990768967152543","https://scontent-phx1-1.cdninstagram.com/v/t51.2885-19/452147619_3743307565986401_1601641283140305637_n.jpg?stp=dst-jpg_e0_s150x150_tt6&efg=eyJ2ZW5jb2RlX3RhZyI6InByb2ZpbGVfcGljLmRqYW5nby43OTYuYzIifQ&_nc_ht=scontent-phx1-1.cdninstagram.com&_nc_cat=105&_nc_oc=Q6cZ2gG4OYT37iT-aJiQpiPFryjnPCNL7z3NzjLsWYjKRKEJX-drBtsj5tMqSm80U4v-ucQ&_nc_ohc=MQ_jj_B8i10Q7kNvwG2Hve_&_nc_gid=NWXWPxY4S14HRzkXfuudSw&edm=APGXKFABAAAA&ccb=7-5&ig_cache_key=GKM58xphcsG1hEwNAOXCLdtCLDoWbkULAAAB1501500j-ccb7-5&oh=00_Af_k11JN-2GTR8ak9KRNcUiZJcyiqutzMkEN1gPIzvg8Xw&oe=6A3970CE&_nc_sid=a8b8e2","hidiff_official","hidiff.tw","80015491870","false","false","3808232826123310266","https://scontent-phx1-1.cdninstagram.com/v/t51.82787-19/615343798_17845310625667871_7065812407261479699_n.jpg?stp=dst-jpg_e0_s150x150_tt6&efg=eyJ2ZW5jb2RlX3RhZyI6InByb2ZpbGVfcGljLmRqYW5nby43OTYuYzIifQ&_nc_ht=scontent-phx1-1.cdninstagram.com&_nc_cat=1&_nc_oc=Q6cZ2gG4OYT37iT-aJiQpiPFryjnPCNL7z3NzjLsWYjKRKEJX-drBtsj5tMqSm80U4v-ucQ&_nc_ohc=CmgFRSIfk20Q7kNvwEv6Rnn&_nc_gid=NWXWPxY4S14HRzkXfuudSw&edm=APGXKFABAAAA&ccb=7-5&ig_cache_key=GLZmrSQf278oN2Y-ABNDXrjyzg5ibmNDAQAB1501500j-ccb7-5&oh=00_Af_mCYy3FvU3BFJ4AmuM1kh38iqJQmAQ3h_-u5Jt2fUNSw&oe=6A399CDC&_nc_sid=a8b8e2","hidiff.tw","2026-03-12T12:13:02.000Z","Image",,,"","0","1920","1440","https://scontent-phx1-1.cdninstagram.com/v/t51.82787-15/651179549_18567896320045074_7268927421889420163_n.jpg?stp=dst-jpg_e35_tt6&_nc_cat=103&ig_cache_key=Mzg1MTE4ODM0ODU2MDMyNjAxOA%3D%3D.3-ccb7-5&ccb=7-5&_nc_sid=58cdad&efg=eyJ2ZW5jb2RlX3RhZyI6IkNBUk9VU0VMX0lURU0ueHBpZHMuMTQ0MC5zZHIucmVndWxhcl9waG90by5DMyJ9&_nc_ohc=EPZlJ7VZAk8Q7kNvwGQ2EXk&_nc_oc=Adrk5cW6vumUI_xYUZEYIcgnH33OwNGqVt8jwnT8aaJuxG3lKFD2rICvWPlRicCAkEk&_nc_ad=z-m&_nc_cid=0&_nc_zt=23&se=8&_nc_ht=scontent-phx1-1.cdninstagram.com&_nc_gid=NWXWPxY4S14HRzkXfuudSw&_nc_ss=7a3ba&oh=00_Af_ni4JVuGzYI0sr6NuaT5jomQjODM6jafWOcFvvcwhtqw&oe=6A3994B4","","3851188348560326018","carousel_item",,,,,,,,,,,,,,,"2026-03-12T12:13:02.000Z","Image",,,,,,,,,,,,,,,,,,,,,,,,,,,,,,,,,,,,,,,,,,,,,,,,,,,,,,,,,,,,,,,,,,,,,,,,,,,,,,,,,,,,,,,,,,,,,,,,,,,,,,,,,,,,,,,,,,,,,,,,,,,,,,,,,,,,,,,,,,,,"2","1920","1440","https://scontent-phx1-1.cdninstagram.com/v/t51.82787-15/650742826_18567896281045074_9070865329122254535_n.jpg?stp=dst-jpg_e35_tt6&_nc_cat=110&ig_cache_key=Mzg1MTE4ODMzNzg0NzYzMzU3Mw%3D%3D.3-ccb7-5&ccb=7-5&_nc_sid=58cdad&efg=eyJ2ZW5jb2RlX3RhZyI6IkNBUk9VU0VMX0lURU0ueHBpZHMuMTQ0MC5zZHIucmVndWxhcl9waG90by5DMyJ9&_nc_ohc=LGBooYqSU4MQ7kNvwEWZB0Y&_nc_oc=AdoGIZzmxLjDmukpQ2GQrUEItiYznjV5R8OLKH6WZyM4bKXL8OxONWuLAPnj3_gsROQ&_nc_ad=z-m&_nc_cid=0&_nc_zt=23&se=8&_nc_ht=scontent-phx1-1.cdninstagram.com&_nc_gid=NWXWPxY4S14HRzkXfuudSw&_nc_ss=7a3ba&oh=00_Af9PuDg4gckFceaSkvcHwyMrUxR0S9-j9BLLZLqprkt3XA&oe=6A398669",,,"","Hidiff","綠珍珠D泛醇3%高濃縮水精華","綠珍珠潤肌泡泡化妝水","綠珍珠酪梨修護乳霜",,"3851189491089458640",,"https://scontent-phx1-1.cdninstagram.com/v/t51.82787-15/651321744_18567896329045074_3952499284446869539_n.jpg?stp=dst-jpg_e15_tt6&_nc_cat=110&ig_cache_key=Mzg1MTE4ODM0MDM4MDQyNjUyMQ%3D%3D.3-ccb7-5&ccb=7-5&_nc_sid=58cdad&efg=eyJ2ZW5jb2RlX3RhZyI6IkNBUk9VU0VMX0lURU0ueHBpZHMuNzIwLnNkci52aWRlb19kZWZhdWx0X2NvdmVyX2ZyYW1lLkMzIn0%3D&_nc_ohc=nNAMH4DqZr4Q7kNvwFM_rdY&_nc_oc=AdrHZJ2rcLKxKmtwM2WyrczZTAhtiVvWtlIVlmGPZbNSsXab69YWls0ihPOOfbgBMbg&_nc_ad=z-m&_nc_cid=0&_nc_zt=23&_nc_ht=scontent-phx1-1.cdninstagram.com&_nc_gid=NWXWPxY4S14HRzkXfuudSw&_nc_ss=7a3ba&oh=00_Af80rRgMs50wmrNDu6txsxg9cdrkZcud9ZUM_VtJj1pKCQ&oe=6A397622","https://scontent-phx1-1.cdninstagram.com/v/t51.82787-15/650666795_18567896401045074_4129283741209829447_n.jpg?stp=dst-jpg_e15_tt6&_nc_cat=100&ig_cache_key=Mzg1MTE4ODM0OTM1NjgxMzAyNg%3D%3D.3-ccb7-5&ccb=7-5&_nc_sid=58cdad&efg=eyJ2ZW5jb2RlX3RhZyI6IkNBUk9VU0VMX0lURU0ueHBpZHMuNzIwLnNkci52aWRlb19kZWZhdWx0X2NvdmVyX2ZyYW1lLkMzIn0%3D&_nc_ohc=w27W5BpMZ9EQ7kNvwFmQDAJ&_nc_oc=AdqP1DfW9U0OPpQSwZ0gJM8pkA3-lIL_gUtL0zOvHQdt2b2B0bKT_Nl0R9yKLcJJsE0&_nc_ad=z-m&_nc_cid=0&_nc_zt=23&_nc_ht=scontent-phx1-1.cdninstagram.com&_nc_gid=NWXWPxY4S14HRzkXfuudSw&_nc_ss=7a3ba&oh=00_Af-vn01rOwPnmWuNmNb9RScpAacjMCbKfewf_pe-QEWU2g&oe=6A3996AD","https://scontent-phx1-1.cdninstagram.com/v/t51.82787-15/650822073_18567896299045074_5794417290171018948_n.jpg?stp=dst-jpg_e35_tt6&_nc_cat=109&ig_cache_key=Mzg1MTE4ODM0NzgxMzY4MzM4Mg%3D%3D.3-ccb7-5&ccb=7-5&_nc_sid=58cdad&efg=eyJ2ZW5jb2RlX3RhZyI6IkNBUk9VU0VMX0lURU0ueHBpZHMuMTQ0MC5zZHIucmVndWxhcl9waG90by5DMyJ9&_nc_ohc=UiMAS_zI0g8Q7kNvwFQJglb&_nc_oc=Adp2yGb4M2VBF8i5hBbzxiwARwIKX6z3ydb0lpynYq5JF_19ZBu6EhwN63mKteWcaW8&_nc_ad=z-m&_nc_cid=0&_nc_zt=23&se=8&_nc_ht=scontent-phx1-1.cdninstagram.com&_nc_gid=NWXWPxY4S14HRzkXfuudSw&_nc_ss=7a3ba&oh=00_Af8YCu1Gj6I1t1KIEFK8yZQYi92VCi_Hf5JpITAt-_peJg&oe=6A3981F0","https://scontent-phx1-1.cdninstagram.com/v/t51.82787-15/650879093_18567896308045074_2149254787443574735_n.jpg?stp=dst-jpg_e35_tt6&_nc_cat=106&ig_cache_key=Mzg1MTE4ODM0OTQ4MjkxODI1Ng%3D%3D.3-ccb7-5&ccb=7-5&_nc_sid=58cdad&efg=eyJ2ZW5jb2RlX3RhZyI6IkNBUk9VU0VMX0lURU0ueHBpZHMuMTQ0MC5zZHIucmVndWxhcl9waG90by5DMyJ9&_nc_ohc=brw2ne58mGwQ7kNvwEmzL2n&_nc_oc=AdpwZIHSx13SlUA5FDuzZqTpKx6Lnk5LhJ_lDPop9kcKfoLMsY4i2aUViLp5ZrchS1g&_nc_ad=z-m&_nc_cid=0&_nc_zt=23&se=8&_nc_ht=scontent-phx1-1.cdninstagram.com&_nc_gid=NWXWPxY4S14HRzkXfuudSw&_nc_ss=7a3ba&oh=00_Af8HvLzipW8vLz7CoPlZjq4RLyUxCNzXyMbQxgMDYghK5A&oe=6A399249","https://scontent-phx1-1.cdninstagram.com/v/t51.82787-15/649573873_18567896389045074_2189629936035406331_n.jpg?stp=dst-jpg_e35_tt6&_nc_cat=100&ig_cache_key=Mzg1MTE4ODM2MTgxNDExNzA1OA%3D%3D.3-ccb7-5&ccb=7-5&_nc_sid=58cdad&efg=eyJ2ZW5jb2RlX3RhZyI6IkNBUk9VU0VMX0lURU0ueHBpZHMuMTQ0MC5zZHIucmVndWxhcl9waG90by5DMyJ9&_nc_ohc=smhMy-HdXvoQ7kNvwEeh-sz&_nc_oc=AdopX2CFCR9PqFqh6xkoJwE6m9hRFVeG22KaA9WQKxcVitrh4Rk-gTy31cZeJF74t6A&_nc_ad=z-m&_nc_cid=0&_nc_zt=23&se=8&_nc_ht=scontent-phx1-1.cdninstagram.com&_nc_gid=NWXWPxY4S14HRzkXfuudSw&_nc_ss=7a3ba&oh=00_Af-8LpTvMYSMu4Ht9JF50Mu0_aTFeEXZPyKLgx1m50aLOA&oe=6A396664","https://scontent-phx1-1.cdninstagram.com/v/t51.82787-15/650483790_18567896437045074_4169332655554666429_n.jpg?stp=dst-jpg_e35_tt6&_nc_cat=101&ig_cache_key=Mzg1MTE4ODM2NDExMzIzNjc4Nw%3D%3D.3-ccb7-5&ccb=7-5&_nc_sid=58cdad&efg=eyJ2ZW5jb2RlX3RhZyI6IkNBUk9VU0VMX0lURU0ueHBpZHMuMTQ0MC5zZHIucmVndWxhcl9waG90by5DMyJ9&_nc_ohc=ok8vc1kaFhQQ7kNvwF9u2Fx&_nc_oc=AdrzXj2IiuvdwGJwQikJiF_QOauEkZQgUKPt6TCYQrnwkN_5yyuSwtieenuR5FqhQG0&_nc_ad=z-m&_nc_cid=0&_nc_zt=23&se=8&_nc_ht=scontent-phx1-1.cdninstagram.com&_nc_gid=NWXWPxY4S14HRzkXfuudSw&_nc_ss=7a3ba&oh=00_Af8kqzdOVIA-hpn0dtY6fiwGh6BNUycTUvrgKTex2dXxsQ&oe=6A3989D1","https://scontent-phx1-1.cdninstagram.com/v/t51.82787-15/650969779_18567896419045074_6435633539693248598_n.jpg?stp=dst-jpg_e35_tt6&_nc_cat=106&ig_cache_key=Mzg1MTE4ODM2NDc2Njk0NTg2Mg%3D%3D.3-ccb7-5&ccb=7-5&_nc_sid=58cdad&efg=eyJ2ZW5jb2RlX3RhZyI6IkNBUk9VU0VMX0lURU0ueHBpZHMuMTQ0MC5zZHIucmVndWxhcl9waG90by5DMyJ9&_nc_ohc=SPMQvNMufYUQ7kNvwHnsR4g&_nc_oc=Adp4daMsyTNbIsa7eTF5gbvI0oiHTlqF_0WfLtkgb_-ZE4L3v0dv4gna0g7TIuJ1Dws&_nc_ad=z-m&_nc_cid=0&_nc_zt=23&se=8&_nc_ht=scontent-phx1-1.cdninstagram.com&_nc_gid=NWXWPxY4S14HRzkXfuudSw&_nc_ss=7a3ba&oh=00_Af_NjRBSYyTSp3xfxGVE84StG940OmkfUGAwUDToWgM3lg&oe=6A3987A0","https://scontent-phx1-1.cdninstagram.com/v/t51.82787-15/650742826_18567896281045074_9070865329122254535_n.jpg?stp=dst-jpg_e35_tt6&_nc_cat=110&ig_cache_key=Mzg1MTE4ODMzNzg0NzYzMzU3Mw%3D%3D.3-ccb7-5&ccb=7-5&_nc_sid=58cdad&efg=eyJ2ZW5jb2RlX3RhZyI6IkNBUk9VU0VMX0lURU0ueHBpZHMuMTQ0MC5zZHIucmVndWxhcl9waG90by5DMyJ9&_nc_ohc=LGBooYqSU4MQ7kNvwEWZB0Y&_nc_oc=AdoGIZzmxLjDmukpQ2GQrUEItiYznjV5R8OLKH6WZyM4bKXL8OxONWuLAPnj3_gsROQ&_nc_ad=z-m&_nc_cid=0&_nc_zt=23&se=8&_nc_ht=scontent-phx1-1.cdninstagram.com&_nc_gid=NWXWPxY4S14HRzkXfuudSw&_nc_ss=7a3ba&oh=00_Af9PuDg4gckFceaSkvcHwyMrUxR0S9-j9BLLZLqprkt3XA&oe=6A398669","https://scontent-phx1-1.cdninstagram.com/v/t51.82787-15/651179549_18567896320045074_7268927421889420163_n.jpg?stp=dst-jpg_e35_tt6&_nc_cat=103&ig_cache_key=Mzg1MTE4ODM0ODU2MDMyNjAxOA%3D%3D.3-ccb7-5&ccb=7-5&_nc_sid=58cdad&efg=eyJ2ZW5jb2RlX3RhZyI6IkNBUk9VU0VMX0lURU0ueHBpZHMuMTQ0MC5zZHIucmVndWxhcl9waG90by5DMyJ9&_nc_ohc=EPZlJ7VZAk8Q7kNvwGQ2EXk&_nc_oc=Adrk5cW6vumUI_xYUZEYIcgnH33OwNGqVt8jwnT8aaJuxG3lKFD2rICvWPlRicCAkEk&_nc_ad=z-m&_nc_cid=0&_nc_zt=23&se=8&_nc_ht=scontent-phx1-1.cdninstagram.com&_nc_gid=NWXWPxY4S14HRzkXfuudSw&_nc_ss=7a3ba&oh=00_Af_ni4JVuGzYI0sr6NuaT5jomQjODM6jafWOcFvvcwhtqw&oe=6A3994B4",,,,,,"https://www.instagram.com/hidiff.tw/",,"-1",,,,,"0",,,,,,,,,,,,,,,,,,,,,,,,,,,,,,,,,,,,,,,,,,,,,,,,,,,,,,,,,,,,,,,,,,,,,,,,"𝘼𝙣 🪐","351469073","an.an9","true","carousel_container","DVyLHALGsXQ","hidiff 히디프 🌳","63403377015","false","false","3415990768967152543","https://scontent-phx1-1.cdninstagram.com/v/t51.2885-19/452147619_3743307565986401_1601641283140305637_n.jpg?stp=dst-jpg_e0_s150x150_tt6&efg=eyJ2ZW5jb2RlX3RhZyI6InByb2ZpbGVfcGljLmRqYW5nby43OTYuYzIifQ&_nc_ht=scontent-phx1-1.cdninstagram.com&_nc_cat=105&_nc_oc=Q6cZ2gG4OYT37iT-aJiQpiPFryjnPCNL7z3NzjLsWYjKRKEJX-drBtsj5tMqSm80U4v-ucQ&_nc_ohc=MQ_jj_B8i10Q7kNvwG2Hve_&_nc_gid=NWXWPxY4S14HRzkXfuudSw&edm=APGXKFABAAAA&ccb=7-5&ig_cache_key=GKM58xphcsG1hEwNAOXCLdtCLDoWbkULAAAB1501500j-ccb7-5&oh=00_Af_k11JN-2GTR8ak9KRNcUiZJcyiqutzMkEN1gPIzvg8Xw&oe=6A3970CE&_nc_sid=a8b8e2",,"hidiff_official","hidiff.tw","80015491870","false","false","3808232826123310266","https://scontent-phx1-1.cdninstagram.com/v/t51.82787-19/615343798_17845310625667871_7065812407261479699_n.jpg?stp=dst-jpg_e0_s150x150_tt6&efg=eyJ2ZW5jb2RlX3RhZyI6InByb2ZpbGVfcGljLmRqYW5nby43OTYuYzIifQ&_nc_ht=scontent-phx1-1.cdninstagram.com&_nc_cat=1&_nc_oc=Q6cZ2gG4OYT37iT-aJiQpiPFryjnPCNL7z3NzjLsWYjKRKEJX-drBtsj5tMqSm80U4v-ucQ&_nc_ohc=CmgFRSIfk20Q7kNvwEv6Rnn&_nc_gid=NWXWPxY4S14HRzkXfuudSw&edm=APGXKFABAAAA&ccb=7-5&ig_cache_key=GLZmrSQf278oN2Y-ABNDXrjyzg5ibmNDAQAB1501500j-ccb7-5&oh=00_Af_mCYy3FvU3BFJ4AmuM1kh38iqJQmAQ3h_-u5Jt2fUNSw&oe=6A399CDC&_nc_sid=a8b8e2",,"hidiff.tw","2026-03-12T12:13:04.000Z","Sidecar","https://www.instagram.com/p/DVyLHALGsXQ/",,"0",
"搶先體驗95折優惠！輸入
優惠碼hidiff01即可獲得！

越保養肌膚狀況越模糊？快試試「減法保養」！
其實保養不需要多，只要「對」就好 ✨
最近把功能性產品全換掉，
專心用Hidiff這組修復底子的邏輯，皮膚真的變超穩！

最驚艷的兩大心頭好：
☁️ 綠珍珠潤肌泡泡化妝水：
質地細到像雲朵，一抹成膜吸收超快
綠珍珠D-泛醇3%高濃縮水精華:清爽的質地好吸收
🥑 綠珍珠酪梨修護乳霜：
質地綿密，真的會讓人愛上保養的過程
不用複雜，只要選對成分（泛醇、神經醯胺、酪梨油 🥑）
你也能擁有這種清透的發光肌！

🇰🇷 韓國知名月子中心指定合作
溫和到沒話說，連孕媽咪都能安心用。
想看皮膚變好的過程嗎？影片點開看細節！👇

@hidiff.tw 

#Hidiff #敏感肌適用 #保養分享 
#히디프 #hidiff綠珍珠系列",,,,,,,,,,,,,,,,,,,,,,,,,,,,,,,,,,,,,,,,,,,,,,,,,,,,,,,,,,,,,,,,,,,,,,,,,,,,,,,,,,,,,,,,,,,,,,,,,,,,,,,,,,,,,,,,,,,,,,,,,,,,,,,,,,,,,,,,,,,,,,,,,,,,,,,,,,,,,,,,,,,,,,,,,,,,,,,,,,,,,,,,,,,,,,,,,,,,,,,,,,,,,,,,,,,,,,,,,,,,,,,,,,,,,,,,,,,,,,,,,,,,,,,,,,,,,,,,,,,,,,,,,,,,,,,,,,,,,,,,,,,,,,,,,,,,,,,,,,,,,,,,,,,,,,,,,,,,,,,,,,,,,,,,,,,,,,,,,,,,,,,,,,,,,,,,,,,,,,,,,,,,,,,,,,,,"1","1920","1080","https://scontent-phx1-1.cdninstagram.com/v/t51.82787-15/640396400_18571053430001711_2809533784735851393_n.jpg?stp=dst-jpg_e15_tt6&_nc_cat=104&ig_cache_key=Mzg1MTE4Njk5MjQ1NzU0MzgzNDE4NTcxMDUzNDI3MDAxNzEx.3-ccb7-5&ccb=7-5&_nc_sid=58cdad&efg=eyJ2ZW5jb2RlX3RhZyI6IkNMSVBTLnhwaWRzLjc0OC5zZHIudmlkZW9fZGVmYXVsdF9jb3Zlcl9mcmFtZS5DMyJ9&_nc_ohc=2w6IKUOHV7cQ7kNvwFAULox&_nc_oc=AdqIg22hyScvQBuRDZQUq8atD3nI7Hqd6amjyY82N5HN8ewRZBK0Xl6vjSyGK0_LU1k&_nc_ad=z-m&_nc_cid=0&_nc_zt=23&_nc_ht=scontent-phx1-1.cdninstagram.com&_nc_gid=NWXWPxY4S14HRzkXfuudSw&_nc_ss=7a3ba&oh=00_Af99uoDHy53Tl8XfUx-6AVSPNzXyETkLuxQ5ROSskuiRZQ&oe=6A399993",,,"","Hidiff","敏感肌適用","保養分享","히디프","hidiff綠珍珠系列","3851186992457543834","9139",,,,,,,,,,,,,,,"https://www.instagram.com/hidiff.tw/",,"54",,"hidiff.tw",,"xin_jie__",,"26114070931569124",,,,,,,,,,,,,,,,,,,,,,,,,,,,,,,,,,,,,,,,,,,,,,,,,,,,,,,,,,,,,,,,,,,"false","","Original audio","true","Xin","1258753710","xin_jie__","true","clips","DVyKipJCXCa","hidiff.tw","80015491870","false","false",,"https://scontent-phx1-1.cdninstagram.com/v/t51.82787-19/615343798_17845310625667871_7065812407261479699_n.jpg?stp=dst-jpg_e0_s150x150_tt6&efg=eyJ2ZW5jb2RlX3RhZyI6InByb2ZpbGVfcGljLmRqYW5nby43OTYuYzIifQ&_nc_ht=scontent-phx1-1.cdninstagram.com&_nc_cat=1&_nc_oc=Q6cZ2gG4OYT37iT-aJiQpiPFryjnPCNL7z3NzjLsWYjKRKEJX-drBtsj5tMqSm80U4v-ucQ&_nc_ohc=CmgFRSIfk20Q7kNvwEv6Rnn&_nc_gid=NWXWPxY4S14HRzkXfuudSw&edm=APGXKFABAAAA&ccb=7-5&ig_cache_key=GLZmrSQf278oN2Y-ABNDXrjyzg5ibmNDAQAB1501500j-ccb7-5&oh=00_Af_mCYy3FvU3BFJ4AmuM1kh38iqJQmAQ3h_-u5Jt2fUNSw&oe=6A399CDC&_nc_sid=a8b8e2",,"hidiff.tw",,,,,,,,,"2026-03-12T12:08:48.000Z","Video","https://www.instagram.com/p/DVyKipJCXCa/","56.20000076293945","9258","https://scontent-phx1-1.cdninstagram.com/o1/v/t16/f2/m69/AQOxesEPObn0D35Hp9aAg3G3kUJArAjt7QiOzbBuoK4ZYJXz2ALIWzKk1N4jqmv8OYZW1IVOqOvESadjoSO4uKXx.mp4?strext=1&_nc_cat=105&_nc_sid=5e9851&_nc_ht=scontent-phx1-1.cdninstagram.com&_nc_ohc=7e07H8TluZ4Q7kNvwGs4MO6&efg=eyJ2ZW5jb2RlX3RhZyI6Inhwdl9wcm9ncmVzc2l2ZS5JTlNUQUdSQU0uQ0xJUFMuQzMuNzIwLmRhc2hfYmFzZWxpbmVfMV92MSIsInhwdl9hc3NldF9pZCI6MTc5NDY5NDk4MTIxMTA0MTYsImFzc2V0X2FnZV9kYXlzIjo5NywidmlfdXNlY2FzZV9pZCI6MTAwOTksImR1cmF0aW9uX3MiOjU2LCJ1cmxnZW5fc291cmNlIjoid3d3In0%3D&ccb=17-1&vs=81cdb96e7282426&_nc_vs=HBksFQIYOnBhc3N0aHJvdWdoX2V2ZXJzdG9yZS9HRDJPdHlaMTF6LTJSXzhFQUtPUlZEN3FOaXN6YnNwVEFRQUYVAALIARIAFQIYUWlnX3hwdl9wbGFjZW1lbnRfcGVybWFuZW50X3YyLzU1NDBDRjcyNzAyNTg5RjkwOUJERTE5QkMzNDk4MUIyX2F1ZGlvX2Rhc2hpbml0Lm1wNBUCAsgBEgAoABgAGwKIB3VzZV9vaWwBMRJwcm9ncmVzc2l2ZV9yZWNpcGUBMRUAACagkdKF_KnhPxUCKAJDMywXQEwZmZmZmZoYEmRhc2hfYmFzZWxpbmVfMV92MREAdf4HZeadAQA&_nc_gid=NWXWPxY4S14HRzkXfuudSw&_nc_ss=7a3ba&_nc_zt=28&oh=00_Af9bWcs9Y2jvJTMmdWAJ5shcHC72kFJmnZhM4HMbj96kBQ&oe=6A3966EF"
"▫️搶先體驗95折優惠
▫️輸入優惠碼hidiff01即可獲得！

嗨大家 
其實我平常除了拍攝工作以外都不太喜歡上妝
紐西蘭之旅的好幾天都是素顏！
所以自身很追求素顏就可以出門的狀態(𓂂꜆◕⩊◕꜀𓂂)

這次收到了韓國保養新品 @hidiff.tw 
是敏感肌規格 以⾼級養膚為核⼼

▪️綠珍珠蘋果醋潔顏卸妝乳
蘋果萃取物 x 蘋果醋 x 蘋果籽油 × D 泛醇
・溫和去除⽑孔中的⽼廢物質
・強效保濕並補充⽔分

▪️綠珍珠潤肌泡泡化妝⽔
D 泛醇 × 神經醯胺 × 植物萃取 × 綠茶⽔
・⻑效保濕與調理、舒緩肌膚刺激

▪️綠珍珠D 泛醇3%⾼濃縮⽔精華
D 泛醇 × 積雪草萃取物 × ⾺⿒莧複合物
・ 打造明亮清透肌膚、強效鎮靜
・ 舒緩敏感肌、修復受損、 提供肌膚營養

▪️綠珍珠酪梨修護乳霜
D 泛醇 × 酪梨油 × 植物性鯨蠟醇
・ 形成肌膚保護膜、⻑效保濕與舒緩
・ 提供肌膚營養與⽔分光澤、強效保濕

#Hidiff  #綠珍珠精華 #綠珍珠潤肌泡泡化妝水 #綠珍珠酪梨修護乳霜","","0","1920","1440","https://scontent-phx1-1.cdninstagram.com/v/t51.82787-15/650248622_18571708258061350_1769354935191585725_n.jpg?stp=dst-jpg_e35_tt6&_nc_cat=104&ig_cache_key=Mzg1MTE4Njg3MTQ4NTk1MTIyMA%3D%3D.3-ccb7-5&ccb=7-5&_nc_sid=58cdad&efg=eyJ2ZW5jb2RlX3RhZyI6IkNBUk9VU0VMX0lURU0ueHBpZHMuMTQ0MC5zZHIucmVndWxhcl9waG90by5DMyJ9&_nc_ohc=7CbWSFPcQYsQ7kNvwGoV2aX&_nc_oc=AdqJ69P-4zuYOy7ERERMV_CqztTQYqbSXyK7MX5UQxDfkslYrZ734lgEJZqH4J5VQ_M&_nc_ad=z-m&_nc_cid=0&_nc_zt=23&se=8&_nc_ht=scontent-phx1-1.cdninstagram.com&_nc_gid=NWXWPxY4S14HRzkXfuudSw&_nc_ss=7a3ba&oh=00_Af8ftNxHIUoeWRF61gfqiE0WGiGeSPw7vm9PkMVFjNl-vg&oe=6A3999C7","","3851186871485951220","carousel_item","hidiff.tw","80015491870","false","false","3808232826123310266","https://scontent-phx1-1.cdninstagram.com/v/t51.82787-19/615343798_17845310625667871_7065812407261479699_n.jpg?stp=dst-jpg_e0_s150x150_tt6&efg=eyJ2ZW5jb2RlX3RhZyI6InByb2ZpbGVfcGljLmRqYW5nby43OTYuYzIifQ&_nc_ht=scontent-phx1-1.cdninstagram.com&_nc_cat=1&_nc_oc=Q6cZ2gG4OYT37iT-aJiQpiPFryjnPCNL7z3NzjLsWYjKRKEJX-drBtsj5tMqSm80U4v-ucQ&_nc_ohc=CmgFRSIfk20Q7kNvwEv6Rnn&_nc_gid=NWXWPxY4S14HRzkXfuudSw&edm=APGXKFABAAAA&ccb=7-5&ig_cache_key=GLZmrSQf278oN2Y-ABNDXrjyzg5ibmNDAQAB1501500j-ccb7-5&oh=00_Af_mCYy3FvU3BFJ4AmuM1kh38iqJQmAQ3h_-u5Jt2fUNSw&oe=6A399CDC&_nc_sid=a8b8e2","hidiff.tw",,,,,,,,"2026-03-12T12:08:07.000Z","Image",,,"","0","1920","1440","https://scontent-phx1-1.cdninstagram.com/v/t51.82787-15/650245053_18571708270061350_8958979413890976261_n.jpg?stp=dst-jpg_e35_tt6&_nc_cat=105&ig_cache_key=Mzg1MTE4Njg5MDEzMzg1MzU1OA%3D%3D.3-ccb7-5&ccb=7-5&_nc_sid=58cdad&efg=eyJ2ZW5jb2RlX3RhZyI6IkNBUk9VU0VMX0lURU0ueHBpZHMuMTQ0MC5zZHIucmVndWxhcl9waG90by5DMyJ9&_nc_ohc=CBIagXDXNBcQ7kNvwEmTHvy&_nc_oc=AdqVs72WBosr3SDTJ8geAk4E7sGm-2NCh_t3QkTajR6YaFhjU54So5i2WuwZnsZAv-o&_nc_ad=z-m&_nc_cid=0&_nc_zt=23&se=8&_nc_ht=scontent-phx1-1.cdninstagram.com&_nc_gid=NWXWPxY4S14HRzkXfuudSw&_nc_ss=7a3ba&oh=00_Af_R_xY6VrfRXHPrBlslyA1fZo7L0lhCzXPu2HgTiXZhcw&oe=6A396588","","3851186890133853558","carousel_item",,,,,,,,,,,,,,,"2026-03-12T12:08:07.000Z","Image",,,"","0","1920","1440","https://scontent-phx1-1.cdninstagram.com/v/t51.82787-15/650249025_18571708249061350_1297498974012277623_n.jpg?stp=dst-jpg_e35_tt6&_nc_cat=111&ig_cache_key=Mzg1MTE4Njg5MDIzNDUyMTQwNw%3D%3D.3-ccb7-5&ccb=7-5&_nc_sid=58cdad&efg=eyJ2ZW5jb2RlX3RhZyI6IkNBUk9VU0VMX0lURU0ueHBpZHMuMTQ0MC5zZHIucmVndWxhcl9waG90by5DMyJ9&_nc_ohc=L4P0uEDeVo0Q7kNvwFBWZrS&_nc_oc=AdpgqYme6uzQaO9wm2Q-40GJCgc3sPSaZY6SpayOU-wu8u8mmEEh-v9m_CKGTb-Mn-o&_nc_ad=z-m&_nc_cid=0&_nc_zt=23&se=8&_nc_ht=scontent-phx1-1.cdninstagram.com&_nc_gid=NWXWPxY4S14HRzkXfuudSw&_nc_ss=7a3ba&oh=00_Af_IDpQCc_24pN7kaYvBRVtOVAklEDNJOyx2Gl6w95ziuA&oe=6A3996C2","","3851186890234521407","carousel_item",,,,,,,,,,,,,,,"2026-03-12T12:08:07.000Z","Image",,,"","0","1918","1440","https://scontent-phx1-1.cdninstagram.com/v/t51.82787-15/650226439_18571708306061350_397243152397597508_n.jpg?stp=dst-jpg_e35_tt6&_nc_cat=104&ig_cache_key=Mzg1MTE4Njg5MDk2NDMwNzY1MQ%3D%3D.3-ccb7-5&ccb=7-5&_nc_sid=58cdad&efg=eyJ2ZW5jb2RlX3RhZyI6IkNBUk9VU0VMX0lURU0ueHBpZHMuMTQ0MC5zZHIucmVndWxhcl9waG90by5DMyJ9&_nc_ohc=LmDzQ9ZxarkQ7kNvwHMTUsH&_nc_oc=AdrTNvsRAIivhaKNPyv6dQC5pG_01Nlfyw0CpvLESQmhup8JV1pDewzTiXwoHSdH5Jw&_nc_ad=z-m&_nc_cid=0&_nc_zt=23&se=8&_nc_ht=scontent-phx1-1.cdninstagram.com&_nc_gid=NWXWPxY4S14HRzkXfuudSw&_nc_ss=7a3ba&oh=00_Af-KyKFu3fGWB6x3voYQXIInyJjW_9CH-ibLFTR1fxHtwg&oe=6A399091","","3851186890964307651","carousel_item",,,,,,,,,,,,,,,"2026-03-12T12:08:07.000Z","Image",,,"","0","1920","1440","https://scontent-phx1-1.cdninstagram.com/v/t51.82787-15/651370544_18571708288061350_530224677482162769_n.jpg?stp=dst-jpegr_e35_tt6&_nc_cat=110&ig_cache_key=Mzg1MTE4Njg5MjIzMTAxNjM1Mg%3D%3D.3-ccb7-5&ccb=7-5&_nc_sid=58cdad&efg=eyJ2ZW5jb2RlX3RhZyI6IkNBUk9VU0VMX0lURU0ueHBpZHMuMTQ0MC5oZHIucmVndWxhcl9waG90by5DMyJ9&_nc_ohc=-Ni9keq6o8IQ7kNvwFlhY3b&_nc_oc=AdqoneCbzrEJrSoDKHg3aGQVY9PePIZb4NkRCRWELJ1-Z6JqRv6KLcDtevRgxDz2yuo&_nc_ad=z-m&_nc_cid=0&_nc_zt=23&se=8&_nc_ht=scontent-phx1-1.cdninstagram.com&_nc_gid=NWXWPxY4S14HRzkXfuudSw&_nc_ss=7a3ba&oh=00_Af93TD9KsinJg5P6zAJILKl8YNbMLhqyoIYllWDIx4y48w&oe=6A3993C9","","3851186892231016352","carousel_item",,,,,,,,,,,,,,,"2026-03-12T12:08:07.000Z","Image",,,"","0","1920","1440","https://scontent-phx1-1.cdninstagram.com/v/t51.82787-15/651037304_18571708279061350_7356072358587242946_n.jpg?stp=dst-jpg_e35_tt6&_nc_cat=108&ig_cache_key=Mzg1MTE4Njg5NDQ4NzUwNzY5NQ%3D%3D.3-ccb7-5&ccb=7-5&_nc_sid=58cdad&efg=eyJ2ZW5jb2RlX3RhZyI6IkNBUk9VU0VMX0lURU0ueHBpZHMuMTQ0MC5zZHIucmVndWxhcl9waG90by5DMyJ9&_nc_ohc=74cKfEaEIXIQ7kNvwG9QezD&_nc_oc=AdpaSSANVCDHCch0E0erm5SB6BEAAzt0iHpHc6hsSzM_M7cBx1QlYx0QFtime7epMvE&_nc_ad=z-m&_nc_cid=0&_nc_zt=23&se=8&_nc_ht=scontent-phx1-1.cdninstagram.com&_nc_gid=NWXWPxY4S14HRzkXfuudSw&_nc_ss=7a3ba&oh=00_Af8iZFamCvP6sSAyz4tLty6BZ36h3o3KfJitFMpEqrq_Bg&oe=6A39960D","","3851186894487507695","carousel_item",,,,,,,,,,,,,,,"2026-03-12T12:08:07.000Z","Image",,,"","0","1920","1440","https://scontent-phx1-1.cdninstagram.com/v/t51.82787-15/650231604_18571708297061350_6035868537576661376_n.jpg?stp=dst-jpg_e35_tt6&_nc_cat=110&ig_cache_key=Mzg1MTE4Njg5OTI5NDE2NDcyMQ%3D%3D.3-ccb7-5&ccb=7-5&_nc_sid=58cdad&efg=eyJ2ZW5jb2RlX3RhZyI6IkNBUk9VU0VMX0lURU0ueHBpZHMuMTQ0MC5zZHIucmVndWxhcl9waG90by5DMyJ9&_nc_ohc=wSncJOX5pzgQ7kNvwE853Fz&_nc_oc=Adp5qsJ7vYaphLGhR83RoVbOy4dRaqtO8r6j7QRprWQKwADrKfV6tJU8RITT9ZB3ETg&_nc_ad=z-m&_nc_cid=0&_nc_zt=23&se=8&_nc_ht=scontent-phx1-1.cdninstagram.com&_nc_gid=NWXWPxY4S14HRzkXfuudSw&_nc_ss=7a3ba&oh=00_Af_ms3jkVrHeDHdzITW0-zkD4SMn2EAMDw2CSQy1x46sHw&oe=6A396E2F","","3851186899294164721","carousel_item",,,,,,,,,,,,,,,"2026-03-12T12:08:07.000Z","Image",,,"","0","960","720","https://scontent-phx1-1.cdninstagram.com/v/t51.82787-15/651133802_18571708336061350_161538664382063594_n.jpg?stp=dst-jpg_e15_tt6&_nc_cat=111&ig_cache_key=Mzg1MTE4NjgzNzMzNTk2MzA4Ng%3D%3D.3-ccb7-5&ccb=7-5&_nc_sid=58cdad&efg=eyJ2ZW5jb2RlX3RhZyI6IkNBUk9VU0VMX0lURU0ueHBpZHMuNzIwLnNkci52aWRlb19kZWZhdWx0X2NvdmVyX2ZyYW1lLkMzIn0%3D&_nc_ohc=who4Y_y5tbQQ7kNvwEf4fOH&_nc_oc=Adpsu8PGQVz1e6t0inU-Yy6ll8u7qttGsh7NOP9vO5-ELRuS1_LrVYdOS8o9sqSyM8A&_nc_ad=z-m&_nc_cid=0&_nc_zt=23&_nc_ht=scontent-phx1-1.cdninstagram.com&_nc_gid=NWXWPxY4S14HRzkXfuudSw&_nc_ss=7a3ba&oh=00_Af9GZephUdOG59Hs5f2lVmAjHIZWpcj4wtKK0pQrDCBq8Q&oe=6A3970AC","","3851186837335963086","carousel_item",,,,,,,,,,,,,,,"2026-03-12T12:08:07.000Z","Video","2.700000047683716","https://scontent-phx1-1.cdninstagram.com/o1/v/t16/f2/m69/AQMY6sku5O4Hy_udchFvQV5petKf0qLltvvnM4vqrkyYZ8qxT0oMfEtI6RX0ULbU_hjun-x7GLnQFST_oURlApke.mp4?strext=1&_nc_cat=108&_nc_sid=5e9851&_nc_ht=scontent-phx1-1.cdninstagram.com&_nc_ohc=G3mES6GrhHgQ7kNvwEzEO4M&efg=eyJ2ZW5jb2RlX3RhZyI6Inhwdl9wcm9ncmVzc2l2ZS5JTlNUQUdSQU0uQ0FST1VTRUxfSVRFTS5DMy43MjAuZGFzaF9iYXNlbGluZV8xX3YxIiwieHB2X2Fzc2V0X2lkIjoxNzk0NjU0MzI4ODExMzExMSwiYXNzZXRfYWdlX2RheXMiOjk3LCJ2aV91c2VjYXNlX2lkIjoxMDE0NiwiZHVyYXRpb25fcyI6MiwidXJsZ2VuX3NvdXJjZSI6Ind3dyJ9&ccb=17-1&vs=2e34d2754db5c9a3&_nc_vs=HBkcFQIYOnBhc3N0aHJvdWdoX2V2ZXJzdG9yZS9HRDRMcENhUmh1djBPVFFFQU9FSjR2SUlKODBPYnNwVEFRQUYVAALIARIAKAAYABsCiAd1c2Vfb2lsATEScHJvZ3Jlc3NpdmVfcmVjaXBlATEVAAAmrt-SmqeS4T8VAigCQzMsF0AFmZmZmZmaGBJkYXNoX2Jhc2VsaW5lXzFfdjERAHXuB2XEngEA&_nc_gid=NWXWPxY4S14HRzkXfuudSw&_nc_ss=7a3ba&_nc_zt=28&oh=00_Af9YgnRI9ChyiZkcrTugvyCX-jLLKIbA6HVda9sdmuhhkg&oe=6A397EFC","","0","1920","1440","https://scontent-phx1-1.cdninstagram.com/v/t51.82787-15/651050626_18571708315061350_1034780568148919392_n.jpg?stp=dst-jpg_e35_tt6&_nc_cat=106&ig_cache_key=Mzg1MTE4NjkwNzU3MzcyOTA5OQ%3D%3D.3-ccb7-5&ccb=7-5&_nc_sid=58cdad&efg=eyJ2ZW5jb2RlX3RhZyI6IkNBUk9VU0VMX0lURU0ueHBpZHMuMTQ0MC5zZHIucmVndWxhcl9waG90by5DMyJ9&_nc_ohc=ga-df36XF08Q7kNvwF5rlat&_nc_oc=AdpfXYDw1ckdHDOKEDUi5xNXp3-LViQwEhrqn-YXZMbYgTPXbkUtXko-vxvgkAXzDt8&_nc_ad=z-m&_nc_cid=0&_nc_zt=23&se=8&_nc_ht=scontent-phx1-1.cdninstagram.com&_nc_gid=NWXWPxY4S14HRzkXfuudSw&_nc_ss=7a3ba&oh=00_Af_fiqf8Zm0scMNs65CfBu0m3sEvQYzlqPDVotifbCJoAg&oe=6A396AB8","","3851186907573729099","carousel_item",,,,,,,,,,,,,,,"2026-03-12T12:08:07.000Z","Image",,,"","0","1918","1440","https://scontent-phx1-1.cdninstagram.com/v/t51.82787-15/651036426_18571708327061350_9145019400624520193_n.jpg?stp=dst-jpg_e35_tt6&_nc_cat=106&ig_cache_key=Mzg1MTE4NjkwNzk5MzIwNzQ5NQ%3D%3D.3-ccb7-5&ccb=7-5&_nc_sid=58cdad&efg=eyJ2ZW5jb2RlX3RhZyI6IkNBUk9VU0VMX0lURU0ueHBpZHMuMTQ0MC5zZHIucmVndWxhcl9waG90by5DMyJ9&_nc_ohc=Vj1gCg4oAvwQ7kNvwFuvAg7&_nc_oc=AdrSxeqXErqyYMP-2obi-Uwrs4Tf9tZvw79TsIhYWSkVJd_1viIlxEZj82r4pEHOytM&_nc_ad=z-m&_nc_cid=0&_nc_zt=23&se=8&_nc_ht=scontent-phx1-1.cdninstagram.com&_nc_gid=NWXWPxY4S14HRzkXfuudSw&_nc_ss=7a3ba&oh=00_Af9YJIG9RpRA7P8kR25V2eg9UZqRjVIDcdbLHzapnWAnOA&oe=6A3997A8","","3851186907993207495","carousel_item",,,,,,,,,,,,,,,"2026-03-12T12:08:07.000Z","Image",,,,,,,,,,,,,,,,,,,,,,,,,,,,,,,,,,,,,,,,,,,,,,,,,,,,,,,,,,,,,,,,,,,,,,,,,,,,,,,,,,,,,,,,,,,,,,,,,,,,,,,,,,,,,,,,,,"10","1920","1440","https://scontent-phx1-1.cdninstagram.com/v/t51.82787-15/650248622_18571708258061350_1769354935191585725_n.jpg?stp=dst-jpg_e35_tt6&_nc_cat=104&ig_cache_key=Mzg1MTE4Njg3MTQ4NTk1MTIyMA%3D%3D.3-ccb7-5&ccb=7-5&_nc_sid=58cdad&efg=eyJ2ZW5jb2RlX3RhZyI6IkNBUk9VU0VMX0lURU0ueHBpZHMuMTQ0MC5zZHIucmVndWxhcl9waG90by5DMyJ9&_nc_ohc=7CbWSFPcQYsQ7kNvwGoV2aX&_nc_oc=AdqJ69P-4zuYOy7ERERMV_CqztTQYqbSXyK7MX5UQxDfkslYrZ734lgEJZqH4J5VQ_M&_nc_ad=z-m&_nc_cid=0&_nc_zt=23&se=8&_nc_ht=scontent-phx1-1.cdninstagram.com&_nc_gid=NWXWPxY4S14HRzkXfuudSw&_nc_ss=7a3ba&oh=00_Af8ftNxHIUoeWRF61gfqiE0WGiGeSPw7vm9PkMVFjNl-vg&oe=6A3999C7",,,"","Hidiff","綠珍珠精華","綠珍珠潤肌泡泡化妝水","綠珍珠酪梨修護乳霜",,"3851187010963338048",,"https://scontent-phx1-1.cdninstagram.com/v/t51.82787-15/650248622_18571708258061350_1769354935191585725_n.jpg?stp=dst-jpg_e35_tt6&_nc_cat=104&ig_cache_key=Mzg1MTE4Njg3MTQ4NTk1MTIyMA%3D%3D.3-ccb7-5&ccb=7-5&_nc_sid=58cdad&efg=eyJ2ZW5jb2RlX3RhZyI6IkNBUk9VU0VMX0lURU0ueHBpZHMuMTQ0MC5zZHIucmVndWxhcl9waG90by5DMyJ9&_nc_ohc=7CbWSFPcQYsQ7kNvwGoV2aX&_nc_oc=AdqJ69P-4zuYOy7ERERMV_CqztTQYqbSXyK7MX5UQxDfkslYrZ734lgEJZqH4J5VQ_M&_nc_ad=z-m&_nc_cid=0&_nc_zt=23&se=8&_nc_ht=scontent-phx1-1.cdninstagram.com&_nc_gid=NWXWPxY4S14HRzkXfuudSw&_nc_ss=7a3ba&oh=00_Af8ftNxHIUoeWRF61gfqiE0WGiGeSPw7vm9PkMVFjNl-vg&oe=6A3999C7","https://scontent-phx1-1.cdninstagram.com/v/t51.82787-15/650245053_18571708270061350_8958979413890976261_n.jpg?stp=dst-jpg_e35_tt6&_nc_cat=105&ig_cache_key=Mzg1MTE4Njg5MDEzMzg1MzU1OA%3D%3D.3-ccb7-5&ccb=7-5&_nc_sid=58cdad&efg=eyJ2ZW5jb2RlX3RhZyI6IkNBUk9VU0VMX0lURU0ueHBpZHMuMTQ0MC5zZHIucmVndWxhcl9waG90by5DMyJ9&_nc_ohc=CBIagXDXNBcQ7kNvwEmTHvy&_nc_oc=AdqVs72WBosr3SDTJ8geAk4E7sGm-2NCh_t3QkTajR6YaFhjU54So5i2WuwZnsZAv-o&_nc_ad=z-m&_nc_cid=0&_nc_zt=23&se=8&_nc_ht=scontent-phx1-1.cdninstagram.com&_nc_gid=NWXWPxY4S14HRzkXfuudSw&_nc_ss=7a3ba&oh=00_Af_R_xY6VrfRXHPrBlslyA1fZo7L0lhCzXPu2HgTiXZhcw&oe=6A396588","https://scontent-phx1-1.cdninstagram.com/v/t51.82787-15/650249025_18571708249061350_1297498974012277623_n.jpg?stp=dst-jpg_e35_tt6&_nc_cat=111&ig_cache_key=Mzg1MTE4Njg5MDIzNDUyMTQwNw%3D%3D.3-ccb7-5&ccb=7-5&_nc_sid=58cdad&efg=eyJ2ZW5jb2RlX3RhZyI6IkNBUk9VU0VMX0lURU0ueHBpZHMuMTQ0MC5zZHIucmVndWxhcl9waG90by5DMyJ9&_nc_ohc=L4P0uEDeVo0Q7kNvwFBWZrS&_nc_oc=AdpgqYme6uzQaO9wm2Q-40GJCgc3sPSaZY6SpayOU-wu8u8mmEEh-v9m_CKGTb-Mn-o&_nc_ad=z-m&_nc_cid=0&_nc_zt=23&se=8&_nc_ht=scontent-phx1-1.cdninstagram.com&_nc_gid=NWXWPxY4S14HRzkXfuudSw&_nc_ss=7a3ba&oh=00_Af_IDpQCc_24pN7kaYvBRVtOVAklEDNJOyx2Gl6w95ziuA&oe=6A3996C2","https://scontent-phx1-1.cdninstagram.com/v/t51.82787-15/650226439_18571708306061350_397243152397597508_n.jpg?stp=dst-jpg_e35_tt6&_nc_cat=104&ig_cache_key=Mzg1MTE4Njg5MDk2NDMwNzY1MQ%3D%3D.3-ccb7-5&ccb=7-5&_nc_sid=58cdad&efg=eyJ2ZW5jb2RlX3RhZyI6IkNBUk9VU0VMX0lURU0ueHBpZHMuMTQ0MC5zZHIucmVndWxhcl9waG90by5DMyJ9&_nc_ohc=LmDzQ9ZxarkQ7kNvwHMTUsH&_nc_oc=AdrTNvsRAIivhaKNPyv6dQC5pG_01Nlfyw0CpvLESQmhup8JV1pDewzTiXwoHSdH5Jw&_nc_ad=z-m&_nc_cid=0&_nc_zt=23&se=8&_nc_ht=scontent-phx1-1.cdninstagram.com&_nc_gid=NWXWPxY4S14HRzkXfuudSw&_nc_ss=7a3ba&oh=00_Af-KyKFu3fGWB6x3voYQXIInyJjW_9CH-ibLFTR1fxHtwg&oe=6A399091","https://scontent-phx1-1.cdninstagram.com/v/t51.82787-15/651370544_18571708288061350_530224677482162769_n.jpg?stp=dst-jpegr_e35_tt6&_nc_cat=110&ig_cache_key=Mzg1MTE4Njg5MjIzMTAxNjM1Mg%3D%3D.3-ccb7-5&ccb=7-5&_nc_sid=58cdad&efg=eyJ2ZW5jb2RlX3RhZyI6IkNBUk9VU0VMX0lURU0ueHBpZHMuMTQ0MC5oZHIucmVndWxhcl9waG90by5DMyJ9&_nc_ohc=-Ni9keq6o8IQ7kNvwFlhY3b&_nc_oc=AdqoneCbzrEJrSoDKHg3aGQVY9PePIZb4NkRCRWELJ1-Z6JqRv6KLcDtevRgxDz2yuo&_nc_ad=z-m&_nc_cid=0&_nc_zt=23&se=8&_nc_ht=scontent-phx1-1.cdninstagram.com&_nc_gid=NWXWPxY4S14HRzkXfuudSw&_nc_ss=7a3ba&oh=00_Af93TD9KsinJg5P6zAJILKl8YNbMLhqyoIYllWDIx4y48w&oe=6A3993C9","https://scontent-phx1-1.cdninstagram.com/v/t51.82787-15/651037304_18571708279061350_7356072358587242946_n.jpg?stp=dst-jpg_e35_tt6&_nc_cat=108&ig_cache_key=Mzg1MTE4Njg5NDQ4NzUwNzY5NQ%3D%3D.3-ccb7-5&ccb=7-5&_nc_sid=58cdad&efg=eyJ2ZW5jb2RlX3RhZyI6IkNBUk9VU0VMX0lURU0ueHBpZHMuMTQ0MC5zZHIucmVndWxhcl9waG90by5DMyJ9&_nc_ohc=74cKfEaEIXIQ7kNvwG9QezD&_nc_oc=AdpaSSANVCDHCch0E0erm5SB6BEAAzt0iHpHc6hsSzM_M7cBx1QlYx0QFtime7epMvE&_nc_ad=z-m&_nc_cid=0&_nc_zt=23&se=8&_nc_ht=scontent-phx1-1.cdninstagram.com&_nc_gid=NWXWPxY4S14HRzkXfuudSw&_nc_ss=7a3ba&oh=00_Af8iZFamCvP6sSAyz4tLty6BZ36h3o3KfJitFMpEqrq_Bg&oe=6A39960D","https://scontent-phx1-1.cdninstagram.com/v/t51.82787-15/650231604_18571708297061350_6035868537576661376_n.jpg?stp=dst-jpg_e35_tt6&_nc_cat=110&ig_cache_key=Mzg1MTE4Njg5OTI5NDE2NDcyMQ%3D%3D.3-ccb7-5&ccb=7-5&_nc_sid=58cdad&efg=eyJ2ZW5jb2RlX3RhZyI6IkNBUk9VU0VMX0lURU0ueHBpZHMuMTQ0MC5zZHIucmVndWxhcl9waG90by5DMyJ9&_nc_ohc=wSncJOX5pzgQ7kNvwE853Fz&_nc_oc=Adp5qsJ7vYaphLGhR83RoVbOy4dRaqtO8r6j7QRprWQKwADrKfV6tJU8RITT9ZB3ETg&_nc_ad=z-m&_nc_cid=0&_nc_zt=23&se=8&_nc_ht=scontent-phx1-1.cdninstagram.com&_nc_gid=NWXWPxY4S14HRzkXfuudSw&_nc_ss=7a3ba&oh=00_Af_ms3jkVrHeDHdzITW0-zkD4SMn2EAMDw2CSQy1x46sHw&oe=6A396E2F","https://scontent-phx1-1.cdninstagram.com/v/t51.82787-15/651133802_18571708336061350_161538664382063594_n.jpg?stp=dst-jpg_e15_tt6&_nc_cat=111&ig_cache_key=Mzg1MTE4NjgzNzMzNTk2MzA4Ng%3D%3D.3-ccb7-5&ccb=7-5&_nc_sid=58cdad&efg=eyJ2ZW5jb2RlX3RhZyI6IkNBUk9VU0VMX0lURU0ueHBpZHMuNzIwLnNkci52aWRlb19kZWZhdWx0X2NvdmVyX2ZyYW1lLkMzIn0%3D&_nc_ohc=who4Y_y5tbQQ7kNvwEf4fOH&_nc_oc=Adpsu8PGQVz1e6t0inU-Yy6ll8u7qttGsh7NOP9vO5-ELRuS1_LrVYdOS8o9sqSyM8A&_nc_ad=z-m&_nc_cid=0&_nc_zt=23&_nc_ht=scontent-phx1-1.cdninstagram.com&_nc_gid=NWXWPxY4S14HRzkXfuudSw&_nc_ss=7a3ba&oh=00_Af9GZephUdOG59Hs5f2lVmAjHIZWpcj4wtKK0pQrDCBq8Q&oe=6A3970AC","https://scontent-phx1-1.cdninstagram.com/v/t51.82787-15/651050626_18571708315061350_1034780568148919392_n.jpg?stp=dst-jpg_e35_tt6&_nc_cat=106&ig_cache_key=Mzg1MTE4NjkwNzU3MzcyOTA5OQ%3D%3D.3-ccb7-5&ccb=7-5&_nc_sid=58cdad&efg=eyJ2ZW5jb2RlX3RhZyI6IkNBUk9VU0VMX0lURU0ueHBpZHMuMTQ0MC5zZHIucmVndWxhcl9waG90by5DMyJ9&_nc_ohc=ga-df36XF08Q7kNvwF5rlat&_nc_oc=AdpfXYDw1ckdHDOKEDUi5xNXp3-LViQwEhrqn-YXZMbYgTPXbkUtXko-vxvgkAXzDt8&_nc_ad=z-m&_nc_cid=0&_nc_zt=23&se=8&_nc_ht=scontent-phx1-1.cdninstagram.com&_nc_gid=NWXWPxY4S14HRzkXfuudSw&_nc_ss=7a3ba&oh=00_Af_fiqf8Zm0scMNs65CfBu0m3sEvQYzlqPDVotifbCJoAg&oe=6A396AB8","https://scontent-phx1-1.cdninstagram.com/v/t51.82787-15/651036426_18571708327061350_9145019400624520193_n.jpg?stp=dst-jpg_e35_tt6&_nc_cat=106&ig_cache_key=Mzg1MTE4NjkwNzk5MzIwNzQ5NQ%3D%3D.3-ccb7-5&ccb=7-5&_nc_sid=58cdad&efg=eyJ2ZW5jb2RlX3RhZyI6IkNBUk9VU0VMX0lURU0ueHBpZHMuMTQ0MC5zZHIucmVndWxhcl9waG90by5DMyJ9&_nc_ohc=Vj1gCg4oAvwQ7kNvwFuvAg7&_nc_oc=AdrSxeqXErqyYMP-2obi-Uwrs4Tf9tZvw79TsIhYWSkVJd_1viIlxEZj82r4pEHOytM&_nc_ad=z-m&_nc_cid=0&_nc_zt=23&se=8&_nc_ht=scontent-phx1-1.cdninstagram.com&_nc_gid=NWXWPxY4S14HRzkXfuudSw&_nc_ss=7a3ba&oh=00_Af9YJIG9RpRA7P8kR25V2eg9UZqRjVIDcdbLHzapnWAnOA&oe=6A3997A8",,,,,"https://www.instagram.com/hidiff.tw/",,"376",,"hidiff.tw",,,"0",,,,,,,,,,,,,,,,,,,,,,,,,,,,,,,,,,,,,,,,,,,,,,,,,,,,,,,,,,,,,,,,,,,,,,,,"Winn 宥","53949349","wn2.22",,"carousel_container","DVyKi6YEXNA","hidiff.tw","80015491870","false","false",,"https://scontent-phx1-1.cdninstagram.com/v/t51.82787-19/615343798_17845310625667871_7065812407261479699_n.jpg?stp=dst-jpg_e0_s150x150_tt6&efg=eyJ2ZW5jb2RlX3RhZyI6InByb2ZpbGVfcGljLmRqYW5nby43OTYuYzIifQ&_nc_ht=scontent-phx1-1.cdninstagram.com&_nc_cat=1&_nc_oc=Q6cZ2gG4OYT37iT-aJiQpiPFryjnPCNL7z3NzjLsWYjKRKEJX-drBtsj5tMqSm80U4v-ucQ&_nc_ohc=CmgFRSIfk20Q7kNvwEv6Rnn&_nc_gid=NWXWPxY4S14HRzkXfuudSw&edm=APGXKFABAAAA&ccb=7-5&ig_cache_key=GLZmrSQf278oN2Y-ABNDXrjyzg5ibmNDAQAB1501500j-ccb7-5&oh=00_Af_mCYy3FvU3BFJ4AmuM1kh38iqJQmAQ3h_-u5Jt2fUNSw&oe=6A399CDC&_nc_sid=a8b8e2",,"hidiff.tw",,,,,,,,,"2026-03-12T12:08:09.000Z","Sidecar","https://www.instagram.com/p/DVyKi6YEXNA/",,"0",
"搶先體驗95折優惠！輸入優惠碼hidiff01即可獲得✨

努力漂亮ㄉ日記📝
起床出門ㄉ咒語：手機-鑰匙-錢包
晚上睡前的咒語：化妝水-精華液-乳液🧴

最近在用 #hidiff 的低刺激保養組合，覺得非常適合我ㄉ敏感肌膚！

🍃 綠珍珠潤肌泡泡化妝⽔
第一次看到泡泡ㄉ化妝水！
用起來滲透吸收很快，可以多疊幾層更深層保濕✨

💧 綠珍珠D-泛醇3%⾼濃縮⽔精華
⾼濃縮⽔感質地，只用⼀次就有強效保濕舒緩的感覺
我臉上常常有局部泛紅或乾癢的地方就可以用精華液加強塗抹改善不適😍

🥑 綠珍珠酪梨修護乳霜
好像奶油濃厚ㄉ乳霜，但又不會黏黏不舒服！
保養的最後一步擦上去形成滋潤ㄉ保濕膜
一邊擦一邊按摩臉部感覺更光澤滋潤🤤

今年初整個工作好滿😪
希望忙碌的同時可以保持漂漂亮亮

大家一起加油🥹

#Hidiff  #綠珍珠D泛醇3%高濃縮水精華 #綠珍珠潤肌泡泡化妝水 #綠珍珠酪梨修護乳霜","","0","1801","1440","https://scontent-phx1-1.cdninstagram.com/v/t51.82787-15/651273760_18561955858041091_7893490431775699582_n.jpg?stp=dst-jpg_e35_tt6&_nc_cat=100&ig_cache_key=Mzg1MTE4MDI5MzEzOTY3MDkxNQ%3D%3D.3-ccb7-5&ccb=7-5&_nc_sid=58cdad&efg=eyJ2ZW5jb2RlX3RhZyI6IkNBUk9VU0VMX0lURU0ueHBpZHMuMTQ0MC5zZHIucmVndWxhcl9waG90by5DMyJ9&_nc_ohc=am6viIgS_1sQ7kNvwH5oMgz&_nc_oc=AdqEVk6KBEGs3bd6aggCFagZ7LqAlinEMU4360pGxxj5bVvF59boDPCV_cFyHuI_UDg&_nc_ad=z-m&_nc_cid=0&_nc_zt=23&se=8&_nc_ht=scontent-phx1-1.cdninstagram.com&_nc_gid=NWXWPxY4S14HRzkXfuudSw&_nc_ss=7a3ba&oh=00_Af8RkeFpkwF4zM1IHvoQsd8I6U_ZOr9ylf8Nk-GZbV1qxA&oe=6A398102","","3851180293139670915","carousel_item",,,,,,,,,,,,,,,"2026-03-12T12:00:23.000Z","Image",,,"","0","1801","1440","https://scontent-phx1-1.cdninstagram.com/v/t51.82787-15/649248437_18561955882041091_8381370145454476015_n.jpg?stp=dst-jpg_e35_tt6&_nc_cat=109&ig_cache_key=Mzg1MTE4MDMyNTA2Njc1MTk4NA%3D%3D.3-ccb7-5&ccb=7-5&_nc_sid=58cdad&efg=eyJ2ZW5jb2RlX3RhZyI6IkNBUk9VU0VMX0lURU0ueHBpZHMuMTQ0MC5zZHIucmVndWxhcl9waG90by5DMyJ9&_nc_ohc=81YMySltGpIQ7kNvwFqfws-&_nc_oc=Adpvi-LQQUM0cgsiheK_XsA3XNH1JWkpjIti5XJc--AX7GtWs8_ifHJsb1dYN4g41sw&_nc_ad=z-m&_nc_cid=0&_nc_zt=23&se=8&_nc_ht=scontent-phx1-1.cdninstagram.com&_nc_gid=NWXWPxY4S14HRzkXfuudSw&_nc_ss=7a3ba&oh=00_Af-wMqYJl_XNjjnsvAy-cRIXGG6mnbt0R7aCjTWy2lOMbw&oe=6A3992F2","","3851180325066751984","carousel_item",,,,,,,,,,,,,,,"2026-03-12T12:00:23.000Z","Image",,,"","0","900","720","https://scontent-phx1-1.cdninstagram.com/v/t51.82787-15/650390475_18561955915041091_3123081741750479293_n.jpg?stp=dst-jpg_e15_tt6&_nc_cat=110&ig_cache_key=Mzg1MTE4MDIyNDkxNTExNDY5NQ%3D%3D.3-ccb7-5&ccb=7-5&_nc_sid=58cdad&efg=eyJ2ZW5jb2RlX3RhZyI6IkNBUk9VU0VMX0lURU0ueHBpZHMuNzIwLnNkci52aWRlb19kZWZhdWx0X2NvdmVyX2ZyYW1lLkMzIn0%3D&_nc_ohc=pj2YAXt171cQ7kNvwFSC0a_&_nc_oc=AdqbXwRh0DHwzXuuDR7SD0-1nem03APhhUo3nsvyAfd3i-rU-0Bx13l3aFYn_iTwpc4&_nc_ad=z-m&_nc_cid=0&_nc_zt=23&_nc_ht=scontent-phx1-1.cdninstagram.com&_nc_gid=NWXWPxY4S14HRzkXfuudSw&_nc_ss=7a3ba&oh=00_Af9CgclTqyZgU2lXTGPWRqwogrTsi-W8_CXSbgYUKHr98w&oe=6A398FB6","","3851180224915114695","carousel_item",,,,,,,,,,,,,,,"2026-03-12T12:00:23.000Z","Video","8.300000190734863","https://scontent-phx1-1.cdninstagram.com/o1/v/t16/f2/m69/AQNe7U3ov9t4U_qT7Q97KInY3M3VbR-Iu9Qaqe1mnElbKPz23nVQk_Cx9TEheNmDAWimdLi44K1BBEsOhhE40MhV.mp4?strext=1&_nc_cat=100&_nc_sid=5e9851&_nc_ht=scontent-phx1-1.cdninstagram.com&_nc_ohc=LNAwVwBjG1wQ7kNvwF2KoEh&efg=eyJ2ZW5jb2RlX3RhZyI6Inhwdl9wcm9ncmVzc2l2ZS5JTlNUQUdSQU0uQ0FST1VTRUxfSVRFTS5DMy43MjAuZGFzaF9iYXNlbGluZV8xX3YxIiwieHB2X2Fzc2V0X2lkIjoxNzk0ODMwNDM5MDExNjMzNSwiYXNzZXRfYWdlX2RheXMiOjk3LCJ2aV91c2VjYXNlX2lkIjoxMDE0NiwiZHVyYXRpb25fcyI6OCwidXJsZ2VuX3NvdXJjZSI6Ind3dyJ9&ccb=17-1&vs=6186f5b3bbf4312c&_nc_vs=HBkcFQIYOnBhc3N0aHJvdWdoX2V2ZXJzdG9yZS9HSjJUMHlZOE5wODhjQmNGQURfS19LT2ZOZDVCYnNwVEFRQUYVAALIARIAKAAYABsCiAd1c2Vfb2lsATEScHJvZ3Jlc3NpdmVfcmVjaXBlATEVAAAm3s_yt-j44T8VAigCQzMsF0AgmZmZmZmaGBJkYXNoX2Jhc2VsaW5lXzFfdjERAHXuB2XEngEA&_nc_gid=NWXWPxY4S14HRzkXfuudSw&_nc_ss=7a3ba&_nc_zt=28&oh=00_Af8gfpod3pyhQLtmaaQ8QKqQ4WVIR0EYdpLYuUQMoVaV9g&oe=6A399504","","0","1801","1440","https://scontent-phx1-1.cdninstagram.com/v/t51.82787-15/649987764_18561955933041091_2645346791780656512_n.jpg?stp=dst-jpg_e35_tt6&_nc_cat=102&ig_cache_key=Mzg1MTE4MDM2NzIwMjcyNTkyNg%3D%3D.3-ccb7-5&ccb=7-5&_nc_sid=58cdad&efg=eyJ2ZW5jb2RlX3RhZyI6IkNBUk9VU0VMX0lURU0ueHBpZHMuMTQ0MC5zZHIucmVndWxhcl9waG90by5DMyJ9&_nc_ohc=y40O5QyRInkQ7kNvwHMPIjH&_nc_oc=Adr34ROR4Oeh7b6ZQpW_K6W7hieQS-hd5aL8P7RMlKfYbs4waWJprymbd6v2Qud2OfA&_nc_ad=z-m&_nc_cid=0&_nc_zt=23&se=8&_nc_ht=scontent-phx1-1.cdninstagram.com&_nc_gid=NWXWPxY4S14HRzkXfuudSw&_nc_ss=7a3ba&oh=00_Af-LdXAescj0zhExbfnnVtgKQ6Ak7t0HHwLIao3I4sX5Dw&oe=6A3966B9","","3851180367202725926","carousel_item","hidiff 히디프 🌳","63403377015","false","false","3415990768967152543","https://scontent-phx1-1.cdninstagram.com/v/t51.2885-19/452147619_3743307565986401_1601641283140305637_n.jpg?stp=dst-jpg_e0_s150x150_tt6&efg=eyJ2ZW5jb2RlX3RhZyI6InByb2ZpbGVfcGljLmRqYW5nby43OTYuYzIifQ&_nc_ht=scontent-phx1-1.cdninstagram.com&_nc_cat=105&_nc_oc=Q6cZ2gG4OYT37iT-aJiQpiPFryjnPCNL7z3NzjLsWYjKRKEJX-drBtsj5tMqSm80U4v-ucQ&_nc_ohc=MQ_jj_B8i10Q7kNvwG2Hve_&_nc_gid=NWXWPxY4S14HRzkXfuudSw&edm=APGXKFABAAAA&ccb=7-5&ig_cache_key=GKM58xphcsG1hEwNAOXCLdtCLDoWbkULAAAB1501500j-ccb7-5&oh=00_Af_k11JN-2GTR8ak9KRNcUiZJcyiqutzMkEN1gPIzvg8Xw&oe=6A3970CE&_nc_sid=a8b8e2","hidiff_official","hidiff.tw","80015491870","false","false","3808232826123310266","https://scontent-phx1-1.cdninstagram.com/v/t51.82787-19/615343798_17845310625667871_7065812407261479699_n.jpg?stp=dst-jpg_e0_s150x150_tt6&efg=eyJ2ZW5jb2RlX3RhZyI6InByb2ZpbGVfcGljLmRqYW5nby43OTYuYzIifQ&_nc_ht=scontent-phx1-1.cdninstagram.com&_nc_cat=1&_nc_oc=Q6cZ2gG4OYT37iT-aJiQpiPFryjnPCNL7z3NzjLsWYjKRKEJX-drBtsj5tMqSm80U4v-ucQ&_nc_ohc=CmgFRSIfk20Q7kNvwEv6Rnn&_nc_gid=NWXWPxY4S14HRzkXfuudSw&edm=APGXKFABAAAA&ccb=7-5&ig_cache_key=GLZmrSQf278oN2Y-ABNDXrjyzg5ibmNDAQAB1501500j-ccb7-5&oh=00_Af_mCYy3FvU3BFJ4AmuM1kh38iqJQmAQ3h_-u5Jt2fUNSw&oe=6A399CDC&_nc_sid=a8b8e2","hidiff.tw","2026-03-12T12:00:23.000Z","Image",,,"","0","900","720","https://scontent-phx1-1.cdninstagram.com/v/t51.82787-15/651177801_18561955903041091_6540329167399112214_n.jpg?stp=dst-jpg_e15_tt6&_nc_cat=101&ig_cache_key=Mzg1MTE4MDMwMTY3MDg4ODQzMA%3D%3D.3-ccb7-5&ccb=7-5&_nc_sid=58cdad&efg=eyJ2ZW5jb2RlX3RhZyI6IkNBUk9VU0VMX0lURU0ueHBpZHMuNzIwLnNkci52aWRlb19kZWZhdWx0X2NvdmVyX2ZyYW1lLkMzIn0%3D&_nc_ohc=iCn3dPMhDikQ7kNvwGiLPSX&_nc_oc=AdqzPsmTi8RwYTpWcStHCDbch3HraGODvyaAOCrfHTYR9DrDV1zFq_-LYOE-8XS0yrs&_nc_ad=z-m&_nc_cid=0&_nc_zt=23&_nc_ht=scontent-phx1-1.cdninstagram.com&_nc_gid=NWXWPxY4S14HRzkXfuudSw&_nc_ss=7a3ba&oh=00_Af8WcPVtgvPeX6byyJVn67X8TUURrLMWoxCJURqyLLNC2w&oe=6A397FD9","","3851180301670888430","carousel_item",,,,,,,,,,,,,,,"2026-03-12T12:00:23.000Z","Video","1.465999960899353","https://scontent-phx1-1.cdninstagram.com/o1/v/t16/f2/m69/AQOfZ51AysvRikhRl8iSSuN_xKq0pfIZKHCslIc4GR6bMInfyt-J3JnTHD-wo8NY7wrFfr-xUl7DWPLDTZ5FM_TF.mp4?strext=1&_nc_cat=106&_nc_sid=5e9851&_nc_ht=scontent-phx1-1.cdninstagram.com&_nc_ohc=hH93F_l6HboQ7kNvwGDy25c&efg=eyJ2ZW5jb2RlX3RhZyI6Inhwdl9wcm9ncmVzc2l2ZS5JTlNUQUdSQU0uQ0FST1VTRUxfSVRFTS5DMy43MjAuZGFzaF9iYXNlbGluZV8xX3YxIiwieHB2X2Fzc2V0X2lkIjoxNzk0ODMwNDQ1OTExNjMzNSwiYXNzZXRfYWdlX2RheXMiOjk3LCJ2aV91c2VjYXNlX2lkIjoxMDE0NiwiZHVyYXRpb25fcyI6MSwidXJsZ2VuX3NvdXJjZSI6Ind3dyJ9&ccb=17-1&vs=473c55be183fb5b4&_nc_vs=HBkcFQIYOnBhc3N0aHJvdWdoX2V2ZXJzdG9yZS9HR0xRdUNZRXdQSGYwTXdLQU1mdHAyZ3o5ZWNHYnNwVEFRQUYVAALIARIAKAAYABsCiAd1c2Vfb2lsATEScHJvZ3Jlc3NpdmVfcmVjaXBlATEVAAAm3rzZ-ej44T8VAigCQzMsFz_3dLxqfvnbGBJkYXNoX2Jhc2VsaW5lXzFfdjERAHXuB2XEngEA&_nc_gid=NWXWPxY4S14HRzkXfuudSw&_nc_ss=7a3ba&_nc_zt=28&oh=00_Af-xkFUwau5Lg_Oln67l22OsDp88_XaayZJ4K8n7fE3asQ&oe=6A3975DE","","0","1801","1440","https://scontent-phx1-1.cdninstagram.com/v/t51.82787-15/649373203_18561955942041091_1913207203007970964_n.jpg?stp=dst-jpg_e35_tt6&_nc_cat=100&ig_cache_key=Mzg1MTE4MDM3MDQ1NzQ2Mzc5OA%3D%3D.3-ccb7-5&ccb=7-5&_nc_sid=58cdad&efg=eyJ2ZW5jb2RlX3RhZyI6IkNBUk9VU0VMX0lURU0ueHBpZHMuMTQ0MC5zZHIucmVndWxhcl9waG90by5DMyJ9&_nc_ohc=RHfbegeapwwQ7kNvwHU4fUw&_nc_oc=AdoFiP68KYsxOp4Hj3ObC5isUimpzpfoe2JdXwvRVPP9Usx5hLl0RPiTnTy05dzT96Y&_nc_ad=z-m&_nc_cid=0&_nc_zt=23&se=8&_nc_ht=scontent-phx1-1.cdninstagram.com&_nc_gid=NWXWPxY4S14HRzkXfuudSw&_nc_ss=7a3ba&oh=00_Af8_tWibIqA2vg3xbfJODIHdbvJRlJSV2zcnHX2cWdD0aw&oe=6A396B64","","3851180370457463798","carousel_item",,,,,,,,,,,,,,,"2026-03-12T12:00:23.000Z","Image",,,"","0","1796","1440","https://scontent-phx1-1.cdninstagram.com/v/t51.82787-15/650388161_18561955960041091_2577481581550929235_n.jpg?stp=dst-jpegr_e35_tt6&_nc_cat=104&ig_cache_key=Mzg1MTE4MDM4MTA4NTg1NDYxNw%3D%3D.3-ccb7-5&ccb=7-5&_nc_sid=58cdad&efg=eyJ2ZW5jb2RlX3RhZyI6IkNBUk9VU0VMX0lURU0ueHBpZHMuMTQ0MC5oZHIucmVndWxhcl9waG90by5DMyJ9&_nc_ohc=j7Ynsz0LUPAQ7kNvwHy3xPN&_nc_oc=AdrO__7ecQJWoV2pNl1rg9x4uPd9zczppmQVItAraTpzmeuzxwLivEr4cR5SXSvTKR4&_nc_ad=z-m&_nc_cid=0&_nc_zt=23&se=8&_nc_ht=scontent-phx1-1.cdninstagram.com&_nc_gid=NWXWPxY4S14HRzkXfuudSw&_nc_ss=7a3ba&oh=00_Af-jrLdsMDQZPtAg6z2VJ43fAn9ba65wCLKlhZoU_PhyOw&oe=6A39981B","","3851180381085854617","carousel_item",,,,,,,,,,,,,,,"2026-03-12T12:00:23.000Z","Image",,,"","0","1801","1440","https://scontent-phx1-1.cdninstagram.com/v/t51.82787-15/650945053_18561955951041091_4901830309946789932_n.jpg?stp=dst-jpegr_e35_tt6&_nc_cat=110&ig_cache_key=Mzg1MTE4MDM4NTA2MjA0MjM0Nw%3D%3D.3-ccb7-5&ccb=7-5&_nc_sid=58cdad&efg=eyJ2ZW5jb2RlX3RhZyI6IkNBUk9VU0VMX0lURU0ueHBpZHMuMTQ0MC5oZHIucmVndWxhcl9waG90by5DMyJ9&_nc_ohc=RFAdAfhQFBkQ7kNvwHf_aFT&_nc_oc=Ado7mEd8j4o4wv6YF5nbxjHRbfsmGMXaF4rWVnbyOeTAFktnDJ52xGKv75PT5J4Lhy0&_nc_ad=z-m&_nc_cid=0&_nc_zt=23&se=8&_nc_ht=scontent-phx1-1.cdninstagram.com&_nc_gid=NWXWPxY4S14HRzkXfuudSw&_nc_ss=7a3ba&oh=00_Af8HvqxMhulzMokmebOqKm6ZH3wgS0sccu9zXP0wsgWzaw&oe=6A396FDE","","3851180385062042347","carousel_item",,,,,,,,,,,,,,,"2026-03-12T12:00:23.000Z","Image",,,"","0","1801","1440","https://scontent-phx1-1.cdninstagram.com/v/t51.82787-15/650694844_18561955969041091_427655895181401047_n.jpg?stp=dst-jpegr_e35_tt6&_nc_cat=110&ig_cache_key=Mzg1MTE4MDM4ODU3Njg2ODY0Ng%3D%3D.3-ccb7-5&ccb=7-5&_nc_sid=58cdad&efg=eyJ2ZW5jb2RlX3RhZyI6IkNBUk9VU0VMX0lURU0ueHBpZHMuMTQ0MC5oZHIucmVndWxhcl9waG90by5DMyJ9&_nc_ohc=KdMXQeU8AAAQ7kNvwFNFQRD&_nc_oc=Ado_tSY-QiFuIAVQ3jmoAAmqR_Y5xoP7sRJqSLtBv_Kl_xHUINeCwpOCRP5rxmQl910&_nc_ad=z-m&_nc_cid=0&_nc_zt=23&se=8&_nc_ht=scontent-phx1-1.cdninstagram.com&_nc_gid=NWXWPxY4S14HRzkXfuudSw&_nc_ss=7a3ba&oh=00_Af-NTrHOgrsADQXG2dnCQCF_2wazVCMFesCvGSN7-Q3D-w&oe=6A398CBA","","3851180388576868646","carousel_item",,,,,,,,,,,,,,,"2026-03-12T12:00:23.000Z","Image",,,,,,,,,,,,,,,,,,,,,,,,,,,,,,,,,,,,,,,,,,,,,,,,,,,,,,,,,,,,,,,,,,,,,,,,,,,,,,,,,,,,,,,,,,,,,,,,,,,,,,,,,,,,,,,,,,,,,,,,,,,,,,,,,,,,,,,,,,,,"0","1801","1440","https://scontent-phx1-1.cdninstagram.com/v/t51.82787-15/651273760_18561955858041091_7893490431775699582_n.jpg?stp=dst-jpg_e35_tt6&_nc_cat=100&ig_cache_key=Mzg1MTE4MDI5MzEzOTY3MDkxNQ%3D%3D.3-ccb7-5&ccb=7-5&_nc_sid=58cdad&efg=eyJ2ZW5jb2RlX3RhZyI6IkNBUk9VU0VMX0lURU0ueHBpZHMuMTQ0MC5zZHIucmVndWxhcl9waG90by5DMyJ9&_nc_ohc=am6viIgS_1sQ7kNvwH5oMgz&_nc_oc=AdqEVk6KBEGs3bd6aggCFagZ7LqAlinEMU4360pGxxj5bVvF59boDPCV_cFyHuI_UDg&_nc_ad=z-m&_nc_cid=0&_nc_zt=23&se=8&_nc_ht=scontent-phx1-1.cdninstagram.com&_nc_gid=NWXWPxY4S14HRzkXfuudSw&_nc_ss=7a3ba&oh=00_Af8RkeFpkwF4zM1IHvoQsd8I6U_ZOr9ylf8Nk-GZbV1qxA&oe=6A398102",,,"","hidiff","Hidiff","綠珍珠D泛醇3%高濃縮水精華","綠珍珠潤肌泡泡化妝水","綠珍珠酪梨修護乳霜","3851183126241065241",,"https://scontent-phx1-1.cdninstagram.com/v/t51.82787-15/651273760_18561955858041091_7893490431775699582_n.jpg?stp=dst-jpg_e35_tt6&_nc_cat=100&ig_cache_key=Mzg1MTE4MDI5MzEzOTY3MDkxNQ%3D%3D.3-ccb7-5&ccb=7-5&_nc_sid=58cdad&efg=eyJ2ZW5jb2RlX3RhZyI6IkNBUk9VU0VMX0lURU0ueHBpZHMuMTQ0MC5zZHIucmVndWxhcl9waG90by5DMyJ9&_nc_ohc=am6viIgS_1sQ7kNvwH5oMgz&_nc_oc=AdqEVk6KBEGs3bd6aggCFagZ7LqAlinEMU4360pGxxj5bVvF59boDPCV_cFyHuI_UDg&_nc_ad=z-m&_nc_cid=0&_nc_zt=23&se=8&_nc_ht=scontent-phx1-1.cdninstagram.com&_nc_gid=NWXWPxY4S14HRzkXfuudSw&_nc_ss=7a3ba&oh=00_Af8RkeFpkwF4zM1IHvoQsd8I6U_ZOr9ylf8Nk-GZbV1qxA&oe=6A398102","https://scontent-phx1-1.cdninstagram.com/v/t51.82787-15/649248437_18561955882041091_8381370145454476015_n.jpg?stp=dst-jpg_e35_tt6&_nc_cat=109&ig_cache_key=Mzg1MTE4MDMyNTA2Njc1MTk4NA%3D%3D.3-ccb7-5&ccb=7-5&_nc_sid=58cdad&efg=eyJ2ZW5jb2RlX3RhZyI6IkNBUk9VU0VMX0lURU0ueHBpZHMuMTQ0MC5zZHIucmVndWxhcl9waG90by5DMyJ9&_nc_ohc=81YMySltGpIQ7kNvwFqfws-&_nc_oc=Adpvi-LQQUM0cgsiheK_XsA3XNH1JWkpjIti5XJc--AX7GtWs8_ifHJsb1dYN4g41sw&_nc_ad=z-m&_nc_cid=0&_nc_zt=23&se=8&_nc_ht=scontent-phx1-1.cdninstagram.com&_nc_gid=NWXWPxY4S14HRzkXfuudSw&_nc_ss=7a3ba&oh=00_Af-wMqYJl_XNjjnsvAy-cRIXGG6mnbt0R7aCjTWy2lOMbw&oe=6A3992F2","https://scontent-phx1-1.cdninstagram.com/v/t51.82787-15/650390475_18561955915041091_3123081741750479293_n.jpg?stp=dst-jpg_e15_tt6&_nc_cat=110&ig_cache_key=Mzg1MTE4MDIyNDkxNTExNDY5NQ%3D%3D.3-ccb7-5&ccb=7-5&_nc_sid=58cdad&efg=eyJ2ZW5jb2RlX3RhZyI6IkNBUk9VU0VMX0lURU0ueHBpZHMuNzIwLnNkci52aWRlb19kZWZhdWx0X2NvdmVyX2ZyYW1lLkMzIn0%3D&_nc_ohc=pj2YAXt171cQ7kNvwFSC0a_&_nc_oc=AdqbXwRh0DHwzXuuDR7SD0-1nem03APhhUo3nsvyAfd3i-rU-0Bx13l3aFYn_iTwpc4&_nc_ad=z-m&_nc_cid=0&_nc_zt=23&_nc_ht=scontent-phx1-1.cdninstagram.com&_nc_gid=NWXWPxY4S14HRzkXfuudSw&_nc_ss=7a3ba&oh=00_Af9CgclTqyZgU2lXTGPWRqwogrTsi-W8_CXSbgYUKHr98w&oe=6A398FB6","https://scontent-phx1-1.cdninstagram.com/v/t51.82787-15/649987764_18561955933041091_2645346791780656512_n.jpg?stp=dst-jpg_e35_tt6&_nc_cat=102&ig_cache_key=Mzg1MTE4MDM2NzIwMjcyNTkyNg%3D%3D.3-ccb7-5&ccb=7-5&_nc_sid=58cdad&efg=eyJ2ZW5jb2RlX3RhZyI6IkNBUk9VU0VMX0lURU0ueHBpZHMuMTQ0MC5zZHIucmVndWxhcl9waG90by5DMyJ9&_nc_ohc=y40O5QyRInkQ7kNvwHMPIjH&_nc_oc=Adr34ROR4Oeh7b6ZQpW_K6W7hieQS-hd5aL8P7RMlKfYbs4waWJprymbd6v2Qud2OfA&_nc_ad=z-m&_nc_cid=0&_nc_zt=23&se=8&_nc_ht=scontent-phx1-1.cdninstagram.com&_nc_gid=NWXWPxY4S14HRzkXfuudSw&_nc_ss=7a3ba&oh=00_Af-LdXAescj0zhExbfnnVtgKQ6Ak7t0HHwLIao3I4sX5Dw&oe=6A3966B9","https://scontent-phx1-1.cdninstagram.com/v/t51.82787-15/651177801_18561955903041091_6540329167399112214_n.jpg?stp=dst-jpg_e15_tt6&_nc_cat=101&ig_cache_key=Mzg1MTE4MDMwMTY3MDg4ODQzMA%3D%3D.3-ccb7-5&ccb=7-5&_nc_sid=58cdad&efg=eyJ2ZW5jb2RlX3RhZyI6IkNBUk9VU0VMX0lURU0ueHBpZHMuNzIwLnNkci52aWRlb19kZWZhdWx0X2NvdmVyX2ZyYW1lLkMzIn0%3D&_nc_ohc=iCn3dPMhDikQ7kNvwGiLPSX&_nc_oc=AdqzPsmTi8RwYTpWcStHCDbch3HraGODvyaAOCrfHTYR9DrDV1zFq_-LYOE-8XS0yrs&_nc_ad=z-m&_nc_cid=0&_nc_zt=23&_nc_ht=scontent-phx1-1.cdninstagram.com&_nc_gid=NWXWPxY4S14HRzkXfuudSw&_nc_ss=7a3ba&oh=00_Af8WcPVtgvPeX6byyJVn67X8TUURrLMWoxCJURqyLLNC2w&oe=6A397FD9","https://scontent-phx1-1.cdninstagram.com/v/t51.82787-15/649373203_18561955942041091_1913207203007970964_n.jpg?stp=dst-jpg_e35_tt6&_nc_cat=100&ig_cache_key=Mzg1MTE4MDM3MDQ1NzQ2Mzc5OA%3D%3D.3-ccb7-5&ccb=7-5&_nc_sid=58cdad&efg=eyJ2ZW5jb2RlX3RhZyI6IkNBUk9VU0VMX0lURU0ueHBpZHMuMTQ0MC5zZHIucmVndWxhcl9waG90by5DMyJ9&_nc_ohc=RHfbegeapwwQ7kNvwHU4fUw&_nc_oc=AdoFiP68KYsxOp4Hj3ObC5isUimpzpfoe2JdXwvRVPP9Usx5hLl0RPiTnTy05dzT96Y&_nc_ad=z-m&_nc_cid=0&_nc_zt=23&se=8&_nc_ht=scontent-phx1-1.cdninstagram.com&_nc_gid=NWXWPxY4S14HRzkXfuudSw&_nc_ss=7a3ba&oh=00_Af8_tWibIqA2vg3xbfJODIHdbvJRlJSV2zcnHX2cWdD0aw&oe=6A396B64","https://scontent-phx1-1.cdninstagram.com/v/t51.82787-15/650388161_18561955960041091_2577481581550929235_n.jpg?stp=dst-jpegr_e35_tt6&_nc_cat=104&ig_cache_key=Mzg1MTE4MDM4MTA4NTg1NDYxNw%3D%3D.3-ccb7-5&ccb=7-5&_nc_sid=58cdad&efg=eyJ2ZW5jb2RlX3RhZyI6IkNBUk9VU0VMX0lURU0ueHBpZHMuMTQ0MC5oZHIucmVndWxhcl9waG90by5DMyJ9&_nc_ohc=j7Ynsz0LUPAQ7kNvwHy3xPN&_nc_oc=AdrO__7ecQJWoV2pNl1rg9x4uPd9zczppmQVItAraTpzmeuzxwLivEr4cR5SXSvTKR4&_nc_ad=z-m&_nc_cid=0&_nc_zt=23&se=8&_nc_ht=scontent-phx1-1.cdninstagram.com&_nc_gid=NWXWPxY4S14HRzkXfuudSw&_nc_ss=7a3ba&oh=00_Af-jrLdsMDQZPtAg6z2VJ43fAn9ba65wCLKlhZoU_PhyOw&oe=6A39981B","https://scontent-phx1-1.cdninstagram.com/v/t51.82787-15/650945053_18561955951041091_4901830309946789932_n.jpg?stp=dst-jpegr_e35_tt6&_nc_cat=110&ig_cache_key=Mzg1MTE4MDM4NTA2MjA0MjM0Nw%3D%3D.3-ccb7-5&ccb=7-5&_nc_sid=58cdad&efg=eyJ2ZW5jb2RlX3RhZyI6IkNBUk9VU0VMX0lURU0ueHBpZHMuMTQ0MC5oZHIucmVndWxhcl9waG90by5DMyJ9&_nc_ohc=RFAdAfhQFBkQ7kNvwHf_aFT&_nc_oc=Ado7mEd8j4o4wv6YF5nbxjHRbfsmGMXaF4rWVnbyOeTAFktnDJ52xGKv75PT5J4Lhy0&_nc_ad=z-m&_nc_cid=0&_nc_zt=23&se=8&_nc_ht=scontent-phx1-1.cdninstagram.com&_nc_gid=NWXWPxY4S14HRzkXfuudSw&_nc_ss=7a3ba&oh=00_Af8HvqxMhulzMokmebOqKm6ZH3wgS0sccu9zXP0wsgWzaw&oe=6A396FDE","https://scontent-phx1-1.cdninstagram.com/v/t51.82787-15/650694844_18561955969041091_427655895181401047_n.jpg?stp=dst-jpegr_e35_tt6&_nc_cat=110&ig_cache_key=Mzg1MTE4MDM4ODU3Njg2ODY0Ng%3D%3D.3-ccb7-5&ccb=7-5&_nc_sid=58cdad&efg=eyJ2ZW5jb2RlX3RhZyI6IkNBUk9VU0VMX0lURU0ueHBpZHMuMTQ0MC5oZHIucmVndWxhcl9waG90by5DMyJ9&_nc_ohc=KdMXQeU8AAAQ7kNvwFNFQRD&_nc_oc=Ado_tSY-QiFuIAVQ3jmoAAmqR_Y5xoP7sRJqSLtBv_Kl_xHUINeCwpOCRP5rxmQl910&_nc_ad=z-m&_nc_cid=0&_nc_zt=23&se=8&_nc_ht=scontent-phx1-1.cdninstagram.com&_nc_gid=NWXWPxY4S14HRzkXfuudSw&_nc_ss=7a3ba&oh=00_Af-NTrHOgrsADQXG2dnCQCF_2wazVCMFesCvGSN7-Q3D-w&oe=6A398CBA",,,,,,"https://www.instagram.com/hidiff.tw/",,"77",,,,,"0",,,,,,,,,,,,,,,,,,,,,,,,,,,,,,,,,,,,,,,,,,,,,,,,,,,,,,,,,,,,,,,,,,,,,,,,"方志云 Fang","1700521090","fang_0707_","true","carousel_container","DVyJqYck7kZ","hidiff 히디프 🌳","63403377015","false","false",,"https://scontent-phx1-1.cdninstagram.com/v/t51.2885-19/452147619_3743307565986401_1601641283140305637_n.jpg?stp=dst-jpg_e0_s150x150_tt6&efg=eyJ2ZW5jb2RlX3RhZyI6InByb2ZpbGVfcGljLmRqYW5nby43OTYuYzIifQ&_nc_ht=scontent-phx1-1.cdninstagram.com&_nc_cat=105&_nc_oc=Q6cZ2gG4OYT37iT-aJiQpiPFryjnPCNL7z3NzjLsWYjKRKEJX-drBtsj5tMqSm80U4v-ucQ&_nc_ohc=MQ_jj_B8i10Q7kNvwG2Hve_&_nc_gid=NWXWPxY4S14HRzkXfuudSw&edm=APGXKFABAAAA&ccb=7-5&ig_cache_key=GKM58xphcsG1hEwNAOXCLdtCLDoWbkULAAAB1501500j-ccb7-5&oh=00_Af_k11JN-2GTR8ak9KRNcUiZJcyiqutzMkEN1gPIzvg8Xw&oe=6A3970CE&_nc_sid=a8b8e2",,"hidiff_official","hidiff.tw","80015491870","false","false",,"https://scontent-phx1-1.cdninstagram.com/v/t51.82787-19/615343798_17845310625667871_7065812407261479699_n.jpg?stp=dst-jpg_e0_s150x150_tt6&efg=eyJ2ZW5jb2RlX3RhZyI6InByb2ZpbGVfcGljLmRqYW5nby43OTYuYzIifQ&_nc_ht=scontent-phx1-1.cdninstagram.com&_nc_cat=1&_nc_oc=Q6cZ2gG4OYT37iT-aJiQpiPFryjnPCNL7z3NzjLsWYjKRKEJX-drBtsj5tMqSm80U4v-ucQ&_nc_ohc=CmgFRSIfk20Q7kNvwEv6Rnn&_nc_gid=NWXWPxY4S14HRzkXfuudSw&edm=APGXKFABAAAA&ccb=7-5&ig_cache_key=GLZmrSQf278oN2Y-ABNDXrjyzg5ibmNDAQAB1501500j-ccb7-5&oh=00_Af_mCYy3FvU3BFJ4AmuM1kh38iqJQmAQ3h_-u5Jt2fUNSw&oe=6A399CDC&_nc_sid=a8b8e2",,"hidiff.tw","2026-03-12T12:00:26.000Z","Sidecar","https://www.instagram.com/p/DVyJqYck7kZ/",,"0",
"搶先體驗95折優惠！輸入
優惠碼hidiff01即可獲得！

以前的我，只要肌膚一有問題就會開始一直加東西
結果保養越多，皮膚反而越不穩定

後來看到一個韓國女生的保養方式，
她是連襪子材質都會過敏的那種敏感肌，
她的保養非常簡單反而膚況有大大進步！

把所有功能型保養先拿掉，只專心做修復
less is more才是正解 ✅
最近我也直接照著她的邏輯做

第一步是hidiff用泡泡化妝水，
第一次用到質地是泡泡狀的化妝水！
不會像一般化妝水一直流掉，塗完後會形成一層很薄很細的保護膜，肌膚會有被包住的安心感

接著是我每天一定會用的
綠珍珠 D-泛醇 3% 高濃縮水精華，
裡面有 D-泛醇和神經醯胺，在肌膚乾、泛紅或不穩定的時候特別有感，就是把皮膚慢慢養回穩定的那種修復感

晚上最後再用
含酪梨油 × 澳洲堅果油的修護乳霜鎖住水分，質地綿密但不厚重，同時潤澤度也很夠
真的用了一段時間才發現，肌膚變好的原因，
不是因為用了很多厲害的東西，而是恢復穩定✨

如果你最近也覺得
保養越做越複雜、膚況卻沒有比較好，
也許可以試試看先做減法保養😻

@hidiff.tw
#히디프 #hidiff#綠珍珠系列#hidiff養膚組",,,,,,,,,,,,,,,,,,,,,,,,,,,,,,,,,,,,,,,,,,,,,,,,,,,,,,,,,,,,,,,,,,,,,,,,,,,,,,,,,,,,,,,,,,,,,,,,,,,,,,,,,,,,,,,,,,,,,,,,,,,,,,,,,,,,,,,,,,,,,,,,,,,,,,,,,,,,,,,,,,,,,,,,,,,,,,,,,,,,,,,,,,,,,,,,,,,,,,,,,,,,,,,,,,,,,,,,,,,,,,,,,,,,,,,,,,,,,,,,,,,,,,,,,,,,,,,,,,,,,,,,,,,,,,,,,,,,,,,,,,,,,,,,,,,,,,,,,,,,,,,,,,,,,,,,,,,,,,,,,,,,,,,,,,,,,,,,,,,,,,,,,,,,,,,,,,,,,,,,,,,,,,,,,,,,"2","1920","1080","https://scontent-phx1-1.cdninstagram.com/v/t51.82787-15/650087952_18565892095012269_4640726391117329595_n.jpg?stp=dst-jpg_e35_p750x750_sh2.08_tt6&_nc_cat=110&ig_cache_key=Mzg1MTE4MzE0MzM2MTE4ODczMzE4NTY1ODkyMDk4MDEyMjY5.3-ccb7-5&ccb=7-5&_nc_sid=58cdad&efg=eyJ2ZW5jb2RlX3RhZyI6IkNMSVBTLnhwaWRzLjEyMDYuc2RyLnZpZGVvX2RlZmF1bHRfY292ZXJfZnJhbWUuQzMifQ%3D%3D&_nc_ohc=wa2elN6tNfQQ7kNvwGaJEN7&_nc_oc=Ado9Cy3P9qA2tPgm9fyEBEGfZVE_0hBfSJzR5U5OLKygDHMkoI05EBwugwlaRbt0O64&_nc_ad=z-m&_nc_cid=0&_nc_zt=23&_nc_ht=scontent-phx1-1.cdninstagram.com&_nc_gid=NWXWPxY4S14HRzkXfuudSw&_nc_ss=7a3ba&oh=00_Af9mxZHBK-kR4QB0G_enqhTAS1L5W9Z3ajoHFsMxB8yWMQ&oe=6A39680F",,,"","히디프","hidiff","綠珍珠系列","hidiff養膚組",,"3851183143361188733","125577",,,,,,,,,,,,,,,"https://www.instagram.com/hidiff.tw/",,"-1",,"hidiff.tw",,"ianthe.c",,"26004376472558984",,,,,,,,,,,,,,,,,,,,,,,,,,,,,,,,,,,,,,,,,,,,,,,,,,,,,,,,,,,,,,,,,,,"false","","Original audio","true","𝐈𝐚𝐧𝐭𝐡𝐞","503692268","ianthe.c","true","clips","DVyJqoZBBN9","hidiff.tw","80015491870","false","false",,"https://scontent-phx1-1.cdninstagram.com/v/t51.82787-19/615343798_17845310625667871_7065812407261479699_n.jpg?stp=dst-jpg_e0_s150x150_tt6&efg=eyJ2ZW5jb2RlX3RhZyI6InByb2ZpbGVfcGljLmRqYW5nby43OTYuYzIifQ&_nc_ht=scontent-phx1-1.cdninstagram.com&_nc_cat=1&_nc_oc=Q6cZ2gG4OYT37iT-aJiQpiPFryjnPCNL7z3NzjLsWYjKRKEJX-drBtsj5tMqSm80U4v-ucQ&_nc_ohc=CmgFRSIfk20Q7kNvwEv6Rnn&_nc_gid=NWXWPxY4S14HRzkXfuudSw&edm=APGXKFABAAAA&ccb=7-5&ig_cache_key=GLZmrSQf278oN2Y-ABNDXrjyzg5ibmNDAQAB1501500j-ccb7-5&oh=00_Af_mCYy3FvU3BFJ4AmuM1kh38iqJQmAQ3h_-u5Jt2fUNSw&oe=6A399CDC&_nc_sid=a8b8e2",,"hidiff.tw",,,,,,,,,"2026-03-12T12:00:00.000Z","Video","https://www.instagram.com/p/DVyJqoZBBN9/","75.96600341796875","246019","https://scontent-phx1-1.cdninstagram.com/o1/v/t16/f2/m69/AQPwzRVeGMke0lvUgwPxlNF9-JD1f8CI3ZpFmSTkUYeDRBXwvAZJnBxXpms7hU6gQaLEEaJ2MXhqdf-gFoZxczWf.mp4?strext=1&_nc_cat=110&_nc_sid=5e9851&_nc_ht=scontent-phx1-1.cdninstagram.com&_nc_ohc=GvlPfmEHgXgQ7kNvwE_LwSt&efg=eyJ2ZW5jb2RlX3RhZyI6Inhwdl9wcm9ncmVzc2l2ZS5JTlNUQUdSQU0uQ0xJUFMuQzMuNzIwLmRhc2hfYmFzZWxpbmVfMV92MSIsInhwdl9hc3NldF9pZCI6MTc5NDgzNDY1OTcxMTQxMzMsImFzc2V0X2FnZV9kYXlzIjo5NywidmlfdXNlY2FzZV9pZCI6MTAwOTksImR1cmF0aW9uX3MiOjc1LCJ1cmxnZW5fc291cmNlIjoid3d3In0%3D&ccb=17-1&vs=bc96b8582c28ed9b&_nc_vs=HBksFQIYOnBhc3N0aHJvdWdoX2V2ZXJzdG9yZS9HRVRLdUNiN3ZCUlZLU2dGQUpIQjE1WUZ5bVZXYnNwVEFRQUYVAALIARIAFQIYUWlnX3hwdl9wbGFjZW1lbnRfcGVybWFuZW50X3YyL0ZENDFGRkExOUU5MjA3QzZGODUyRkZBNEQ1RUQ3QkE1X2F1ZGlvX2Rhc2hpbml0Lm1wNBUCAsgBEgAoABgAGwKIB3VzZV9vaWwBMRJwcm9ncmVzc2l2ZV9yZWNpcGUBMRUAACaqhNDzovvhPxUCKAJDMywXQFL90vGp--cYEmRhc2hfYmFzZWxpbmVfMV92MREAdf4HZeadAQA&_nc_gid=NWXWPxY4S14HRzkXfuudSw&_nc_ss=7a3ba&_nc_zt=28&oh=00_Af8qglZWCk_hyoekQQPzhqMw5si5QTUKzMP43IfUSKNmqQ&oe=6A3990B6"
"搶先體驗95折優惠！
輸入優惠碼hidiff01即可獲得！

New Year’s in Tokyo！💚🗼🗻✨
第一次走春走去東京～
沒有滑雪，但是獲得一場身心都超滿足的東京旅行～～
逛得滿足～吃得滿足～也買得滿足！
富士山爺爺還出來賞臉一整天，到我們離開都還是很完整🥹 真的不可能這麼幸福吧！
這次旅行帶上了在韓國已經超紅的品牌 @hidiff.tw 今年初來到台灣，可能還不是很多人知道，但看完我介紹你不能不知道💚

綠珍珠這系列保養品全部添加D泛醇成分，就是醫美術後常用的修護成分維他命原B5。
可以快速幫肌膚抓水、強化肌膚屏障，皮膚會很有感的變得滑嫩！
以往去日本我都是要帶著乳霜+面膜後敷才不會脫皮的，這次只帶上Hidiff綠珍珠潤肌泡泡化妝水、綠珍珠D-泛醇3%高濃縮水精華、綠珍珠酪梨修護乳霜，不但沒有脫皮，皮膚還維持水水光亮的樣子，底妝只擦防曬就ok~~
如果跟我一樣容易泛紅乾癢，用到這系列應該會有找到救贖的感覺✨

看完影片已經開始想念在東京的日子了🥹
要收心努力工作了，期待下一次旅行！

@hidiff.tw 
#히디프 #hidiff#綠珍珠系列#hidiff養膚組#VLOG",,,,,,,,,,,,,,,,,,,,,,,,,,,,,,,,,,,,,,,,,,,,,,,,,,,,,,,,,,,,,,,,,,,,,,,,,,,,,,,,,,,,,,,,,,,,,,,,,,,,,,,,,,,,,,,,,,,,,,,,,,,,,,,,,,,,,,,,,,,,,,,,,,,,,,,,,,,,,,,,,,,,,,,,,,,,,,,,,,,,,,,,,,,,,,,,,,,,,,,,,,,,,,,,,,,,,,,,,,,,,,,,,,,,,,,,,,,,,,,,,,,,,,,,,,,,,,,,,,,,,,,,,,,,,,,,,,,,,,,,,,,,,,,,,,,,,,,,,,,,,,,,,,,,,,,,,,,,,,,,,,,,,,,,,,,,,,,,,,,,,,,,,,,,,,,,,,,,,,,,,,,,,,,,,,,,"2","1920","1080","https://scontent-phx1-1.cdninstagram.com/v/t51.71878-15/650945047_1545635469836278_8017565971266866176_n.jpg?stp=dst-jpg_e15_tt6&_nc_cat=103&ig_cache_key=Mzg1MTE4MzIyNDM5NjEyMzg1MA%3D%3D.3-ccb7-5&ccb=7-5&_nc_sid=58cdad&efg=eyJ2ZW5jb2RlX3RhZyI6IkNMSVBTLnhwaWRzLjY0MC5zZHIudmlkZW9fZGVmYXVsdF9jb3Zlcl9mcmFtZS5DMyJ9&_nc_ohc=2Yzu2ZV5SYMQ7kNvwFXUB6T&_nc_oc=Adqa78CKZFPmLoHXck90EbBaipOx15_VrsdSaZ9dIkLdkxWfLZBBEHGBADx9dlkec4Y&_nc_ad=z-m&_nc_cid=0&_nc_zt=23&_nc_ht=scontent-phx1-1.cdninstagram.com&_nc_gid=NWXWPxY4S14HRzkXfuudSw&_nc_ss=7a3ba&oh=00_Af_WjKRyGtmZgOeg2ZK9v9Q-uipufbffQ_3I6ta0HVNoxg&oe=6A398AED","3","120","","히디프","hidiff","綠珍珠系列","hidiff養膚組","VLOG","3851183224396123850","30499",,,,,,,,,,,,,,,"https://www.instagram.com/hidiff.tw/",,"-1",,"hidiff.tw",,"iamyuxixi",,"25622573720758780",,,,,,,,,,,,,,,,,,,,,,,,,,,,,,,,,,,,,,,,,,,,,,,,,,,,,,,,,,,,,,,,,,,"false","","Original audio","true","Catherine 石宇曦","1152816556","iamyuxixi","true","clips","DVyJrz3Ew7K","hidiff.tw","80015491870","false","false",,"https://scontent-phx1-1.cdninstagram.com/v/t51.82787-19/615343798_17845310625667871_7065812407261479699_n.jpg?stp=dst-jpg_e0_s150x150_tt6&efg=eyJ2ZW5jb2RlX3RhZyI6InByb2ZpbGVfcGljLmRqYW5nby43OTYuYzIifQ&_nc_ht=scontent-phx1-1.cdninstagram.com&_nc_cat=1&_nc_oc=Q6cZ2gG4OYT37iT-aJiQpiPFryjnPCNL7z3NzjLsWYjKRKEJX-drBtsj5tMqSm80U4v-ucQ&_nc_ohc=CmgFRSIfk20Q7kNvwEv6Rnn&_nc_gid=NWXWPxY4S14HRzkXfuudSw&edm=APGXKFABAAAA&ccb=7-5&ig_cache_key=GLZmrSQf278oN2Y-ABNDXrjyzg5ibmNDAQAB1501500j-ccb7-5&oh=00_Af_mCYy3FvU3BFJ4AmuM1kh38iqJQmAQ3h_-u5Jt2fUNSw&oe=6A399CDC&_nc_sid=a8b8e2",,"hidiff.tw",,,,,,,,,"2026-03-12T12:00:00.000Z","Video","https://www.instagram.com/p/DVyJrz3Ew7K/","60.233001708984375","31589","https://scontent-phx1-1.cdninstagram.com/o1/v/t16/f2/m69/AQOVJZVHmpmotT5ICafKw_FNOuv71pIjOfaYA5iLuU4N1_InoXfZqAKACn21cAwZXtMz6EGDuH-oJMdIKdXtjh5f.mp4?strext=1&_nc_cat=108&_nc_sid=5e9851&_nc_ht=scontent-phx1-1.cdninstagram.com&_nc_ohc=9Gj_oTNXL1UQ7kNvwF_lGlf&efg=eyJ2ZW5jb2RlX3RhZyI6Inhwdl9wcm9ncmVzc2l2ZS5JTlNUQUdSQU0uQ0xJUFMuQzMuNzIwLmRhc2hfYmFzZWxpbmVfMV92MSIsInhwdl9hc3NldF9pZCI6MTc5NTIwOTUwNDkwOTgwMjYsImFzc2V0X2FnZV9kYXlzIjo5NywidmlfdXNlY2FzZV9pZCI6MTAwOTksImR1cmF0aW9uX3MiOjYwLCJ1cmxnZW5fc291cmNlIjoid3d3In0%3D&ccb=17-1&vs=3e28d9b9f5c5d365&_nc_vs=HBksFQIYOnBhc3N0aHJvdWdoX2V2ZXJzdG9yZS9HR1NudWliYl83ampiWWtGQUFFNE45QXNTbGxCYnNwVEFRQUYVAALIARIAFQIYUWlnX3hwdl9wbGFjZW1lbnRfcGVybWFuZW50X3YyL0U4NDk5MjI4OUU5MTE2QkREOThBNEM3RTk5NTgxQUIzX2F1ZGlvX2Rhc2hpbml0Lm1wNBUCAsgBEgAoABgAGwKIB3VzZV9vaWwBMRJwcm9ncmVzc2l2ZV9yZWNpcGUBMRUAACbUjIGGu9XjPxUCKAJDMywXQE4d0vGp--cYEmRhc2hfYmFzZWxpbmVfMV92MREAdf4HZeadAQA&_nc_gid=NWXWPxY4S14HRzkXfuudSw&_nc_ss=7a3ba&_nc_zt=28&oh=00_Af8j4-aTtZQ2VfaQ7nCcwjSJux8ZVnUukGH0FEhx87zqJw&oe=6A397AF4"
"搶先體驗95折優惠！輸入
優惠碼hidiff01即可獲得！
⁡
最近真的很有感的一組「修復型基礎保養」✨
把保養變簡單、專心養肌底 @hidiff.tw 
皮膚反而越來越穩、越來越亮
𓂃𓂃𓂃
⁡
🫧 綠珍珠潤肌泡泡化妝水
 ・泡泡狀質地，細緻不流動
 ・含泛醇＋神經醯胺＋韓國綠茶水
 ・上臉後形成薄薄保濕膜，吸收快、很舒服
⁡
💧 綠珍珠 D-泛醇 3% 高濃縮水精華
 ・高濃度 D-泛醇搭配神經醯胺
 ・幫助舒緩乾燥、泛紅、敏感不適
 ・質地清爽但很有修復感，肌膚穩定度提升很有感
⁡
🧴 綠珍珠酪梨修護乳霜
 ・酪梨油 × 澳洲堅果油，雙重潤澤
 ・質地綿密好推，不黏不悶
 ・特別適合晚上使用，隔天肌膚很柔嫩
⁡
這樣長期使用下來
皮膚真的被慢慢養穩、養健康 🤍
如果你也會覺得膚況時好時壞
或許可以試試看保養減法！
⁡
#hidiff #養膚routine #hidiff集中養膚組",,,,,,,,,,,,,,,,,,,,,,,,,,,,,,,,,,,,,,,,,,,,,,,,,,,,,,,,,,,,,,,,,,,,,,,,,,,,,,,,,,,,,,,,,,,,,,,,,,,,,,,,,,,,,,,,,,,,,,,,,,,,,,,,,,,,,,,,,,,,,,,,,,,,,,,,,,,,,,,,,,,,,,,,,,,,,,,,,,,,,,,,,,,,,,,,,,,,,,,,,,,,,,,,,,,,,,,,,,,,,,,,,,,,,,,,,,,,,,,,,,,,,,,,,,,,,,,,,,,,,,,,,,,,,,,,,,,,,,,,,,,,,,,,,,,,,,,,,,,,,,,,,,,,,,,,,,,,,,,,,,,,,,,,,,,,,,,,,,,,,,,,,,,,,,,,,,,,,,,,,,,,,,,,,,,,"9","1920","1080","https://scontent-phx1-1.cdninstagram.com/v/t51.82787-15/650384801_18520133068077722_836372874080511307_n.jpg?stp=dst-jpg_e15_tt6&_nc_cat=101&ig_cache_key=Mzg1MTE3NjQyMzMxNTQ1MTAwOTE4NTIwMTMzMDY1MDc3NzIy.3-ccb7-5&ccb=7-5&_nc_sid=58cdad&efg=eyJ2ZW5jb2RlX3RhZyI6IkNMSVBTLnhwaWRzLjYyNC5zZHIudmlkZW9fZGVmYXVsdF9jb3Zlcl9mcmFtZS5DMyJ9&_nc_ohc=eCcldNg_OrQQ7kNvwEb5blt&_nc_oc=Adqt0eZUPKuYk23WIUoHlw7sSSxDIrv55R_cHeHXXIZPnhlXCYfLWNwYNg794_EzIDc&_nc_ad=z-m&_nc_cid=0&_nc_zt=23&_nc_ht=scontent-phx1-1.cdninstagram.com&_nc_gid=NWXWPxY4S14HRzkXfuudSw&_nc_ss=7a3ba&oh=00_Af9tDief_XVctH3vHNixQjczXut9leBkSIBvbztywrDIxA&oe=6A3977F6",,,"","hidiff","養膚routine","hidiff集中養膚組",,,"3851176423315451009","5493",,,,,,,,,,,,,,,"https://www.instagram.com/hidiff.tw/",,"-1",,"hidiff.tw",,"eat_meatmeat",,"25973053245712956",,,,,,,,,,,,,,,,,,,,,,,,,,,,,,,,,,,,,,,,,,,,,,,,,,,,,,,,,,,,,,,,,,,"false","","Original audio","true","柔柔 Rou","2204453721","eat_meatmeat","true","clips","DVyII13E6yB","hidiff.tw","80015491870","false","false",,"https://scontent-phx1-1.cdninstagram.com/v/t51.82787-19/615343798_17845310625667871_7065812407261479699_n.jpg?stp=dst-jpg_e0_s150x150_tt6&efg=eyJ2ZW5jb2RlX3RhZyI6InByb2ZpbGVfcGljLmRqYW5nby43OTYuYzIifQ&_nc_ht=scontent-phx1-1.cdninstagram.com&_nc_cat=1&_nc_oc=Q6cZ2gG4OYT37iT-aJiQpiPFryjnPCNL7z3NzjLsWYjKRKEJX-drBtsj5tMqSm80U4v-ucQ&_nc_ohc=CmgFRSIfk20Q7kNvwEv6Rnn&_nc_gid=NWXWPxY4S14HRzkXfuudSw&edm=APGXKFABAAAA&ccb=7-5&ig_cache_key=GLZmrSQf278oN2Y-ABNDXrjyzg5ibmNDAQAB1501500j-ccb7-5&oh=00_Af_mCYy3FvU3BFJ4AmuM1kh38iqJQmAQ3h_-u5Jt2fUNSw&oe=6A399CDC&_nc_sid=a8b8e2",,"hidiff.tw",,,,,,,,,"2026-03-12T11:53:18.000Z","Video","https://www.instagram.com/p/DVyII13E6yB/","59.76599884033203","7008","https://scontent-phx1-1.cdninstagram.com/o1/v/t16/f2/m69/AQO0BMWajJyvYb5TVQwfpGIGzm-ICyQB1bJHucmi01wV9kZPe0H3vk3srLOwJdh_-cQ6BppzWw6v93sed78XcnY7.mp4?strext=1&_nc_cat=107&_nc_sid=5e9851&_nc_ht=scontent-phx1-1.cdninstagram.com&_nc_ohc=hj7GFof5U8cQ7kNvwEtiJAm&efg=eyJ2ZW5jb2RlX3RhZyI6Inhwdl9wcm9ncmVzc2l2ZS5JTlNUQUdSQU0uQ0xJUFMuQzMuNzIwLmRhc2hfYmFzZWxpbmVfMV92MSIsInhwdl9hc3NldF9pZCI6MTc5NDc3OTA4MTQxMTM3MzEsImFzc2V0X2FnZV9kYXlzIjo5NywidmlfdXNlY2FzZV9pZCI6MTAwOTksImR1cmF0aW9uX3MiOjU5LCJ1cmxnZW5fc291cmNlIjoid3d3In0%3D&ccb=17-1&vs=dd82dc366ede6ca7&_nc_vs=HBksFQIYOnBhc3N0aHJvdWdoX2V2ZXJzdG9yZS9HTk9tdHlaRFRMd0NabVVEQUhjc3RxR2Q3WEJiYnNwVEFRQUYVAALIARIAFQIYUWlnX3hwdl9wbGFjZW1lbnRfcGVybWFuZW50X3YyLzY3NEM0Qzc5N0U1M0Q0MEIzNjhEQUI0QzNFRjdGOEIzX2F1ZGlvX2Rhc2hpbml0Lm1wNBUCAsgBEgAoABgAGwKIB3VzZV9vaWwBMRJwcm9ncmVzc2l2ZV9yZWNpcGUBMRUAACaGv9P_9drhPxUCKAJDMywXQE3iDEm6XjUYEmRhc2hfYmFzZWxpbmVfMV92MREAdf4HZeadAQA&_nc_gid=NWXWPxY4S14HRzkXfuudSw&_nc_ss=7a3ba&_nc_zt=28&oh=00_Af8_3-0B3t7DyHxb3Ic9IKaaq_W03pIiFZYFs5Wf5Alg3w&oe=6A399125"
"🛒搶先體驗95折優惠
輸入優惠碼hidiff01即可獲得

Morning GRWM 🧺✨

妝前依然是來自韓國的 @hidiff.tw 
喜歡每天固定保養程序的儀式感
簡單三步驟 讓皮膚乖乖聽話一整天

▫️綠珍珠潤肌泡泡化妝水
▫️綠珍珠D-泛醇3%高濃縮水精華
▫️綠珍珠酪梨修護乳霜

100%純素 無添加香精酒精
超級敏感肌也可以安心使用!!!

#히디프 #hidiff #綠珍珠系列 #hidiff養膚組 #GRWM",,,,,,,,,,,,,,,,,,,,,,,,,,,,,,,,,,,,,,,,,,,,,,,,,,,,,,,,,,,,,,,,,,,,,,,,,,,,,,,,,,,,,,,,,,,,,,,,,,,,,,,,,,,,,,,,,,,,,,,,,,,,,,,,,,,,,,,,,,,,,,,,,,,,,,,,,,,,,,,,,,,,,,,,,,,,,,,,,,,,,,,,,,,,,,,,,,,,,,,,,,,,,,,,,,,,,,,,,,,,,,,,,,,,,,,,,,,,,,,,,,,,,,,,,,,,,,,,,,,,,,,,,,,,,,,,,,,,,,,,,,,,,,,,,,,,,,,,,,,,,,,,,,,,,,,,,,,,,,,,,,,,,,,,,,,,,,,,,,,,,,,,,,,,,,,,,,,,,,,,,,,,,,,,,,,,"16","1920","1080","https://scontent-phx1-1.cdninstagram.com/v/t51.82787-15/649342222_18566987926055294_3671925241508844966_n.jpg?stp=dst-jpg_e35_p750x750_sh2.08_tt6&_nc_cat=109&ig_cache_key=Mzg1MTE3NTk5NDc1ODIyMDQxNjE4NTY2OTg3OTIzMDU1Mjk0.3-ccb7-5&ccb=7-5&_nc_sid=58cdad&efg=eyJ2ZW5jb2RlX3RhZyI6IkNMSVBTLnhwaWRzLjIxNjAuc2RyLnZpZGVvX2RlZmF1bHRfY292ZXJfZnJhbWUuQzMifQ%3D%3D&_nc_ohc=-1Frx4BfPC4Q7kNvwG6aLnL&_nc_oc=AdrKxIEgmM8z5yY3D-idyxUXgIPm-nxXMovI1EReS9a-hzpWOA-HwCT3nXeXW6kBBfY&_nc_ad=z-m&_nc_cid=0&_nc_zt=23&_nc_ht=scontent-phx1-1.cdninstagram.com&_nc_gid=NWXWPxY4S14HRzkXfuudSw&_nc_ss=7a3ba&oh=00_Af9JlGYUyeD37DoDBYGeT87HAL-CXIIgFe3opk4fWltyNQ&oe=6A398E27",,,"","히디프","hidiff","綠珍珠系列","hidiff養膚組","GRWM","3851175994758220416","27934",,,,,,,,,,,,,,,"https://www.instagram.com/hidiff.tw/",,"370",,"hidiff.tw",,"yoannelinn",,"34264269249854796",,,,,,,,,,,,,,,,,,,,,,,,,,,,,,,,,,,,,,,,,,,,,,,,,,,,,,,,,,,,,,,,,,,"false","","Original audio","true","","1736311293","yoannelinn","true","clips","DVyICmvE0qA","hidiff.tw","80015491870","false","false",,"https://scontent-phx1-1.cdninstagram.com/v/t51.82787-19/615343798_17845310625667871_7065812407261479699_n.jpg?stp=dst-jpg_e0_s150x150_tt6&efg=eyJ2ZW5jb2RlX3RhZyI6InByb2ZpbGVfcGljLmRqYW5nby43OTYuYzIifQ&_nc_ht=scontent-phx1-1.cdninstagram.com&_nc_cat=1&_nc_oc=Q6cZ2gG4OYT37iT-aJiQpiPFryjnPCNL7z3NzjLsWYjKRKEJX-drBtsj5tMqSm80U4v-ucQ&_nc_ohc=CmgFRSIfk20Q7kNvwEv6Rnn&_nc_gid=NWXWPxY4S14HRzkXfuudSw&edm=APGXKFABAAAA&ccb=7-5&ig_cache_key=GLZmrSQf278oN2Y-ABNDXrjyzg5ibmNDAQAB1501500j-ccb7-5&oh=00_Af_mCYy3FvU3BFJ4AmuM1kh38iqJQmAQ3h_-u5Jt2fUNSw&oe=6A399CDC&_nc_sid=a8b8e2",,"hidiff.tw",,,,,,,,,"2026-03-12T11:48:16.000Z","Video","https://www.instagram.com/p/DVyICmvE0qA/","60.132999420166016","34876","https://scontent-phx1-1.cdninstagram.com/o1/v/t16/f2/m69/AQN3wdIYJPCKmh92N0Mca3GX51wL7eCxAgGcUAmYCU3RE5y_GP2JJTcvIVPrhxyO_ePHjc36i-ICn5YskAuWPmRV.mp4?strext=1&_nc_cat=111&_nc_sid=5e9851&_nc_ht=scontent-phx1-1.cdninstagram.com&_nc_ohc=ZGhaqiJyBIUQ7kNvwFreozW&efg=eyJ2ZW5jb2RlX3RhZyI6Inhwdl9wcm9ncmVzc2l2ZS5JTlNUQUdSQU0uQ0xJUFMuQzMuNzIwLmRhc2hfYmFzZWxpbmVfMV92MSIsInhwdl9hc3NldF9pZCI6MTc5NTEzOTI2ODYxMDc0MTIsImFzc2V0X2FnZV9kYXlzIjo5NywidmlfdXNlY2FzZV9pZCI6MTAwOTksImR1cmF0aW9uX3MiOjYwLCJ1cmxnZW5fc291cmNlIjoid3d3In0%3D&ccb=17-1&vs=f33e76665863c5d1&_nc_vs=HBksFQIYOnBhc3N0aHJvdWdoX2V2ZXJzdG9yZS9HSjNxZVNaSzBnOXQ3WEFEQU92Q1BDY29rWm9SYnNwVEFRQUYVAALIARIAFQIYUWlnX3hwdl9wbGFjZW1lbnRfcGVybWFuZW50X3YyLzM2NDcxQkZBRTBENEVCMkMzNTNERkExMUVERTAxQTlGX2F1ZGlvX2Rhc2hpbml0Lm1wNBUCAsgBEgAoABgAGwKIB3VzZV9vaWwBMRJwcm9ncmVzc2l2ZV9yZWNpcGUBMRUAACaorLuEyqzjPxUCKAJDMywXQE4RBiTdLxsYEmRhc2hfYmFzZWxpbmVfMV92MREAdf4HZeadAQA&_nc_gid=NWXWPxY4S14HRzkXfuudSw&_nc_ss=7a3ba&_nc_zt=28&oh=00_Af_aO-nOI6sPYdWF6ADwsOblhUjlUS7Lu3hcwZnZQC-nGg&oe=6A397051"
"搶先體驗95折優惠💫
輸入優惠碼hidiff01即可獲得🥨

敏感肌膚來報到😣
每次一到換季皮膚就會拉警報🚨
@hidiff.tw 專為敏感肌設計的保養品牌，試用了一陣子真的很喜歡～
綠珍珠潤肌泡泡化妝水 ，有別以往水狀質地，而是細緻的泡泡狀不易流動，更能讓肌膚深層吸收，內含泛醇、神經醯胺能很好的穩定肌膚
綠珍珠D-泛醇3%高濃度水精華 ，沒有特別刺激的香氣，有D-泛醇成分可以舒緩敏感不適，質地清爽不黏，不怕阻塞毛孔😽
綠珍珠酪梨修護霜 ，內含酪梨油和澳洲堅果油，有效高度滋潤皮膚，質地是綿密得霜感但不厚重，一抹就吸收，能將前面的精華牢牢鎖住！
這種保養減法的保養思路，不需塗抹很多層功能保養品，就能有效改善肌膚各種敏感不適！推薦給敏感肌的姊妹💫
@hidiff.tw 
#히디프 #hidiff#綠珍珠系列#hidiff養膚組",,,,,,,,,,,,,,,,,,,,,,,,,,,,,,,,,,,,,,,,,,,,,,,,,,,,,,,,,,,,,,,,,,,,,,,,,,,,,,,,,,,,,,,,,,,,,,,,,,,,,,,,,,,,,,,,,,,,,,,,,,,,,,,,,,,,,,,,,,,,,,,,,,,,,,,,,,,,,,,,,,,,,,,,,,,,,,,,,,,,,,,,,,,,,,,,,,,,,,,,,,,,,,,,,,,,,,,,,,,,,,,,,,,,,,,,,,,,,,,,,,,,,,,,,,,,,,,,,,,,,,,,,,,,,,,,,,,,,,,,,,,,,,,,,,,,,,,,,,,,,,,,,,,,,,,,,,,,,,,,,,,,,,,,,,,,,,,,,,,,,,,,,,,,,,,,,,,,,,,,,,,,,,,,,,,,"2","1920","1080","https://scontent-phx1-1.cdninstagram.com/v/t51.82787-15/649237359_18571716859041712_6749918771621093721_n.jpg?stp=dst-jpg_e35_p750x750_sh2.08_tt6&_nc_cat=108&ig_cache_key=Mzg1MTE1ODA5NDY1OTk3MDk1ODE4NTcxNzE2ODU2MDQxNzEy.3-ccb7-5&ccb=7-5&_nc_sid=58cdad&efg=eyJ2ZW5jb2RlX3RhZyI6IkNMSVBTLnhwaWRzLjE1MDYuc2RyLnZpZGVvX2RlZmF1bHRfY292ZXJfZnJhbWUuQzMifQ%3D%3D&_nc_ohc=N8lycT1ufIAQ7kNvwGdsJhy&_nc_oc=AdrOK8No5EW-c5A757S-3C9xs0fWN_PoJggiQOTnx1OV5bkN-jD09GBDB3XSNOADohs&_nc_ad=z-m&_nc_cid=0&_nc_zt=23&_nc_ht=scontent-phx1-1.cdninstagram.com&_nc_gid=NWXWPxY4S14HRzkXfuudSw&_nc_ss=7a3ba&oh=00_Af_6MkMZIFSTy0s1VnyMNlAMdVEgae_JdEV87686-GPKLQ&oe=6A397559",,,"","히디프","hidiff","綠珍珠系列","hidiff養膚組",,"3851158094659970958","8122",,,,,,,,,,,,,,,"https://www.instagram.com/hidiff.tw/",,"-1",,"hidiff.tw",,"amberrrror",,"26751802114427924",,,,,,,,,,,,,,,,,,,,,,,,,,,,,,,,,,,,,,,,,,,,,,,,,,,,,,,,,,,,,,,,,,,"false","","Original audio","true","陳汶","629033711","amberrrror",,"clips","DVyD-H-E-eO","hidiff.tw","80015491870","false","false",,"https://scontent-phx1-1.cdninstagram.com/v/t51.82787-19/615343798_17845310625667871_7065812407261479699_n.jpg?stp=dst-jpg_e0_s150x150_tt6&efg=eyJ2ZW5jb2RlX3RhZyI6InByb2ZpbGVfcGljLmRqYW5nby43OTYuYzIifQ&_nc_ht=scontent-phx1-1.cdninstagram.com&_nc_cat=1&_nc_oc=Q6cZ2gG4OYT37iT-aJiQpiPFryjnPCNL7z3NzjLsWYjKRKEJX-drBtsj5tMqSm80U4v-ucQ&_nc_ohc=CmgFRSIfk20Q7kNvwEv6Rnn&_nc_gid=NWXWPxY4S14HRzkXfuudSw&edm=APGXKFABAAAA&ccb=7-5&ig_cache_key=GLZmrSQf278oN2Y-ABNDXrjyzg5ibmNDAQAB1501500j-ccb7-5&oh=00_Af_mCYy3FvU3BFJ4AmuM1kh38iqJQmAQ3h_-u5Jt2fUNSw&oe=6A399CDC&_nc_sid=a8b8e2",,"hidiff.tw",,,,,,,,,"2026-03-12T11:11:12.000Z","Video","https://www.instagram.com/p/DVyD-H-E-eO/","63.26599884033203","9695","https://scontent-phx1-1.cdninstagram.com/o1/v/t16/f2/m69/AQNRRVZJ6W0vOfzK0bg3fJtxCZBjS3pvYEamJjDmBYHVDXMeeiLmac5I0aGKqQal84CsWlmS5RClWba48D8bf-9X.mp4?strext=1&_nc_cat=101&_nc_sid=5e9851&_nc_ht=scontent-phx1-1.cdninstagram.com&_nc_ohc=FgYfgsxOsqoQ7kNvwEVMlGB&efg=eyJ2ZW5jb2RlX3RhZyI6Inhwdl9wcm9ncmVzc2l2ZS5JTlNUQUdSQU0uQ0xJUFMuQzMuNzIwLmRhc2hfYmFzZWxpbmVfMV92MSIsInhwdl9hc3NldF9pZCI6MTc5NTE3Mjk4MDIxMDQyMTYsImFzc2V0X2FnZV9kYXlzIjo5NywidmlfdXNlY2FzZV9pZCI6MTAwOTksImR1cmF0aW9uX3MiOjYzLCJ1cmxnZW5fc291cmNlIjoid3d3In0%3D&ccb=17-1&vs=c46ea8d563cc3bdf&_nc_vs=HBksFQIYOnBhc3N0aHJvdWdoX2V2ZXJzdG9yZS9HQ0NNdHliMlRFQkZYX01HQUhGT0hqbXlkTWhCYnNwVEFRQUYVAALIARIAFQIYUWlnX3hwdl9wbGFjZW1lbnRfcGVybWFuZW50X3YyLzg1NDJFRjkyRkMyNDU2NDkxQkQwM0NCQUFBOTY5REE5X2F1ZGlvX2Rhc2hpbml0Lm1wNBUCAsgBEgAoABgAGwKIB3VzZV9vaWwBMRJwcm9ncmVzc2l2ZV9yZWNpcGUBMRUAACawtqrfmcDjPxUCKAJDMywXQE-iDEm6XjUYEmRhc2hfYmFzZWxpbmVfMV92MREAdf4HZeadAQA&_nc_gid=NWXWPxY4S14HRzkXfuudSw&_nc_ss=7a3ba&_nc_zt=28&oh=00_Af9VY4QxYWECE8qJsMpPyG0MZrE4Qn6G2msQPH6Ifxtt9Q&oe=6A396777"
"搶先體驗95折優惠！
輸入優惠碼hidiff01即可獲得！

在肌膚不穩定時
把功能性保養品換成修復養肌底型
長期使用下來，肌膚的底子真的被「養」得很穩🤍

 @hidiff.tw 保養三步驟

🌿STEP1 綠珍珠潤肌泡泡化妝水
內含泛醇、神經醯胺、韓國綠茶水
它是泡泡狀的化妝水！非常神奇
擠在臉上吸收後會成薄膜狀，很舒服

🌿STEP2 綠珍珠D-泛醇3%高濃縮水精華
精華液中有D-泛醇和神經醯胺
可以舒緩肌膚所有敏感乾燥泛紅問題

🌿STEP3 綠珍珠酪梨修護乳霜
含有酪梨油 × 澳洲堅果油
雙重潤澤力的乳霜，質地很綿密但不會黏

如果你也是越保養皮膚狀況越差
可以試試保養減法，先專心養好肌膚

這組甚至是受韓國知名月子中心入館合作的品牌

連孕婦都可以使用的溫和，真的很安心

#hidiff #養膚routine #hidiff集中養膚組",,,,,,,,,,,,,,,,,,,,,,,,,,,,,,,,,,,,,,,,,,,,,,,,,,,,,,,,,,,,,,,,,,,,,,,,,,,,,,,,,,,,,,,,,,,,,,,,,,,,,,,,,,,,,,,,,,,,,,,,,,,,,,,,,,,,,,,,,,,,,,,,,,,,,,,,,,,,,,,,,,,,,,,,,,,,,,,,,,,,,,,,,,,,,,,,,,,,,,,,,,,,,,,,,,,,,,,,,,,,,,,,,,,,,,,,,,,,,,,,,,,,,,,,,,,,,,,,,,,,,,,,,,,,,,,,,,,,,,,,,,,,,,,,,,,,,,,,,,,,,,,,,,,,,,,,,,,,,,,,,,,,,,,,,,,,,,,,,,,,,,,,,,,,,,,,,,,,,,,,,,,,,,,,,,,,"6","1920","1080","https://scontent-phx1-1.cdninstagram.com/v/t51.71878-15/649947525_1921419438739136_1139605445655438240_n.jpg?stp=dst-jpg_e15_tt6&_nc_cat=100&ig_cache_key=Mzg1MTEzNzk2ODA1NjEwNzI2MQ%3D%3D.3-ccb7-5&ccb=7-5&_nc_sid=58cdad&efg=eyJ2ZW5jb2RlX3RhZyI6IkNMSVBTLnhwaWRzLjY0MC5zZHIudmlkZW9fbmZyYW1lX2NvdmVyX2ZyYW1lLkMzIn0%3D&_nc_ohc=L0Wo4W88g1wQ7kNvwGpZ9gl&_nc_oc=AdpjRnRUCvyYZMGAcWI_3Mdk8gCiochZsxp8hIxkNOSxS9UVAWtFxAZsAi1bOXqenPY&_nc_ad=z-m&_nc_cid=0&_nc_zt=23&_nc_ht=scontent-phx1-1.cdninstagram.com&_nc_gid=NWXWPxY4S14HRzkXfuudSw&_nc_ss=7a3ba&oh=00_Af-Lqsy3JpM7Xt6rw0PN-tslt56bLrsVOoCLJrdoHeFtCg&oe=6A398946",,,"","hidiff","養膚routine","hidiff集中養膚組",,,"3851137968056107261","8395",,,,,,,,,,,,,,,"https://www.instagram.com/hidiff.tw/",,"-1",,"hidiff.tw",,"jing06500_",,"27299316592991610",,,,,,,,,,,,,,,,,,,,,,,,,,,,,,,,,,,,,,,,,,,,,,,,,,,,,,,,,,,,,,,,,,,"false","","Original audio","true","aurora ◡̈","419079298","jing06500_","true","clips","DVx_ZPnAQD9","hidiff.tw","80015491870","false","false",,"https://scontent-phx1-1.cdninstagram.com/v/t51.82787-19/615343798_17845310625667871_7065812407261479699_n.jpg?stp=dst-jpg_e0_s150x150_tt6&efg=eyJ2ZW5jb2RlX3RhZyI6InByb2ZpbGVfcGljLmRqYW5nby43OTYuYzIifQ&_nc_ht=scontent-phx1-1.cdninstagram.com&_nc_cat=1&_nc_oc=Q6cZ2gG4OYT37iT-aJiQpiPFryjnPCNL7z3NzjLsWYjKRKEJX-drBtsj5tMqSm80U4v-ucQ&_nc_ohc=CmgFRSIfk20Q7kNvwEv6Rnn&_nc_gid=NWXWPxY4S14HRzkXfuudSw&edm=APGXKFABAAAA&ccb=7-5&ig_cache_key=GLZmrSQf278oN2Y-ABNDXrjyzg5ibmNDAQAB1501500j-ccb7-5&oh=00_Af_mCYy3FvU3BFJ4AmuM1kh38iqJQmAQ3h_-u5Jt2fUNSw&oe=6A399CDC&_nc_sid=a8b8e2",,"hidiff.tw",,,,,,,,,"2026-03-12T10:36:08.000Z","Video","https://www.instagram.com/p/DVx_ZPnAQD9/","66.66600036621094","11697","https://scontent-phx1-1.cdninstagram.com/o1/v/t16/f2/m69/AQPW85arubbAUDBbZCziTLXcdpCpF0NHSuarKAMNsQGh4sxzyHhLZj5rmHZrl0c0ljLqqjNVQ60qSTmXRS2zm70g.mp4?strext=1&_nc_cat=101&_nc_sid=5e9851&_nc_ht=scontent-phx1-1.cdninstagram.com&_nc_ohc=gnmtY6nwTRsQ7kNvwHrFuTT&efg=eyJ2ZW5jb2RlX3RhZyI6Inhwdl9wcm9ncmVzc2l2ZS5JTlNUQUdSQU0uQ0xJUFMuQzMuNzIwLmRhc2hfYmFzZWxpbmVfMV92MSIsInhwdl9hc3NldF9pZCI6MTc5NDgxNjAxNjIxMTI5NjYsImFzc2V0X2FnZV9kYXlzIjo5NywidmlfdXNlY2FzZV9pZCI6MTAwOTksImR1cmF0aW9uX3MiOjY2LCJ1cmxnZW5fc291cmNlIjoid3d3In0%3D&ccb=17-1&vs=cd42f7c6f3d87d8b&_nc_vs=HBksFQIYOnBhc3N0aHJvdWdoX2V2ZXJzdG9yZS9HQ0FiZmlZbk1yaU5lN3NGQUFidVlLUGVDZEVzYnNwVEFRQUYVAALIARIAFQIYUWlnX3hwdl9wbGFjZW1lbnRfcGVybWFuZW50X3YyL0RGNDhBMDMyODNBRjdCQ0EwQUE0MDI3QTFCMkQ4NDlGX2F1ZGlvX2Rhc2hpbml0Lm1wNBUCAsgBEgAoABgAGwKIB3VzZV9vaWwBMRJwcm9ncmVzc2l2ZV9yZWNpcGUBMRUAACaMl63ttfDhPxUCKAJDMywXQFCqn752yLQYEmRhc2hfYmFzZWxpbmVfMV92MREAdf4HZeadAQA&_nc_gid=NWXWPxY4S14HRzkXfuudSw&_nc_ss=7a3ba&_nc_zt=28&oh=00_Af-9jgzLoL1CM8PEWZk0PJ-oDc5MdIDZbyRFIq4rN9gDBA&oe=6A397587"
"｜搶先體驗95折優惠！輸入
優惠碼hidiff01即可獲得！｜

早晨，是一天中最重要的開場
是我一天中最貼近自己的時刻
照顧自己，其實很簡單
呼吸
吐息
由裡到外
外到內
身體是殿堂
在每次接觸肌膚
又是重新認識自己的開始
正念保養
最近收到HIDIFF的保養品，皮膚的狀況變得更好，尤其上妝狀態貼合許多
· 綠珍珠潤肌泡泡化妝水
D 泛醇× 積雪草萃取物 馬齒莧複合物
為敏感肌帶來溫和滲透與深層保濕感，喚醒肌膚光澤的泡泡化妝⽔
• 綠珍珠D-泛醇3%高濃縮水精華
D 次醇×神經醯胺 植物萃取x 綠茶水
接觸肌膚輕盈吸收快速，保濕度高，敏感肌適用
·綠珍珠酪梨修護乳霜
D 泛醇酪梨油×植物性鯨蠟醇
不堵塞毛孔，如同保護膜，不油膩，肌膚持續呼吸舒適
@hidiff.tw
#히디프 #hidiff #綠珍珠系列 #hidiff養膚組 #BRAND",,,,,,,,,,,,,,,,,,,,,,,,,,,,,,,,,,,,,,,,,,,,,,,,,,,,,,,,,,,,,,,,,,,,,,,,,,,,,,,,,,,,,,,,,,,,,,,,,,,,,,,,,,,,,,,,,,,,,,,,,,,,,,,,,,,,,,,,,,,,,,,,,,,,,,,,,,,,,,,,,,,,,,,,,,,,,,,,,,,,,,,,,,,,,,,,,,,,,,,,,,,,,,,,,,,,,,,,,,,,,,,,,,,,,,,,,,,,,,,,,,,,,,,,,,,,,,,,,,,,,,,,,,,,,,,,,,,,,,,,,,,,,,,,,,,,,,,,,,,,,,,,,,,,,,,,,,,,,,,,,,,,,,,,,,,,,,,,,,,,,,,,,,,,,,,,,,,,,,,,,,,,,,,,,,,,"8","1280","720","https://scontent-phx1-1.cdninstagram.com/v/t51.82787-15/651293254_18510869167072713_7333811350521463774_n.jpg?stp=dst-jpg_e15_p750x750_tt6&_nc_cat=103&ig_cache_key=Mzg1MTE4MzIwODA5NzExODM2MTE4NTEwODY5MTYxMDcyNzEz.3-ccb7-5&ccb=7-5&_nc_sid=58cdad&efg=eyJ2ZW5jb2RlX3RhZyI6IkNMSVBTLnhwaWRzLjk1Ny5zZHIudmlkZW9fZGVmYXVsdF9jb3Zlcl9mcmFtZS5DMyJ9&_nc_ohc=BfFPytr6ajIQ7kNvwFCNUx9&_nc_oc=AdrtvVtpOND1UfuF9_xxDCXlWQ7wE-TnDrjqDYcRdzuN5x6Rfa6G6W5-ZFXrTTWg3Ro&_nc_ad=z-m&_nc_cid=0&_nc_zt=23&_nc_ht=scontent-phx1-1.cdninstagram.com&_nc_gid=NWXWPxY4S14HRzkXfuudSw&_nc_ss=7a3ba&oh=00_Af9rKOxTaKHo0xK852S3IryqB1-Sv0Ci39QYuar_bdhsTw&oe=6A397FC7",,,"","히디프","hidiff","綠珍珠系列","hidiff養膚組","BRAND","3851183208097118361","4385",,,,,,,,,,,,,,,"https://www.instagram.com/hidiff.tw/",,"37",,"hidiff.tw",,"yumi_09.24",,"26796039583313424",,,,,,,,,,,,,,,,,,,,,,,,,,,,,,,,,,,,,,,,,,,,,,,,,,,,,,,,,,,,,,,,,,,"false","","Original audio","true","王盈可","2239136712","yumi_09.24","true","clips","DVyJrkrk_iZ","hidiff 히디프 🌳","63403377015","false","false",,"https://scontent-phx1-1.cdninstagram.com/v/t51.2885-19/452147619_3743307565986401_1601641283140305637_n.jpg?stp=dst-jpg_e0_s150x150_tt6&efg=eyJ2ZW5jb2RlX3RhZyI6InByb2ZpbGVfcGljLmRqYW5nby43OTYuYzIifQ&_nc_ht=scontent-phx1-1.cdninstagram.com&_nc_cat=105&_nc_oc=Q6cZ2gG4OYT37iT-aJiQpiPFryjnPCNL7z3NzjLsWYjKRKEJX-drBtsj5tMqSm80U4v-ucQ&_nc_ohc=MQ_jj_B8i10Q7kNvwG2Hve_&_nc_gid=NWXWPxY4S14HRzkXfuudSw&edm=APGXKFABAAAA&ccb=7-5&ig_cache_key=GKM58xphcsG1hEwNAOXCLdtCLDoWbkULAAAB1501500j-ccb7-5&oh=00_Af_k11JN-2GTR8ak9KRNcUiZJcyiqutzMkEN1gPIzvg8Xw&oe=6A3970CE&_nc_sid=a8b8e2",,"hidiff_official","hidiff.tw","80015491870","false","false",,"https://scontent-phx1-1.cdninstagram.com/v/t51.82787-19/615343798_17845310625667871_7065812407261479699_n.jpg?stp=dst-jpg_e0_s150x150_tt6&efg=eyJ2ZW5jb2RlX3RhZyI6InByb2ZpbGVfcGljLmRqYW5nby43OTYuYzIifQ&_nc_ht=scontent-phx1-1.cdninstagram.com&_nc_cat=1&_nc_oc=Q6cZ2gG4OYT37iT-aJiQpiPFryjnPCNL7z3NzjLsWYjKRKEJX-drBtsj5tMqSm80U4v-ucQ&_nc_ohc=CmgFRSIfk20Q7kNvwEv6Rnn&_nc_gid=NWXWPxY4S14HRzkXfuudSw&edm=APGXKFABAAAA&ccb=7-5&ig_cache_key=GLZmrSQf278oN2Y-ABNDXrjyzg5ibmNDAQAB1501500j-ccb7-5&oh=00_Af_mCYy3FvU3BFJ4AmuM1kh38iqJQmAQ3h_-u5Jt2fUNSw&oe=6A399CDC&_nc_sid=a8b8e2",,"hidiff.tw","2026-03-12T10:30:00.000Z","Video","https://www.instagram.com/p/DVyJrkrk_iZ/","62.599998474121094","4385","https://scontent-phx1-1.cdninstagram.com/o1/v/t16/f2/m69/AQM0sgpOO0MW7HCgUP8S6Ta27WToSJg2ym8TFSdtKqwQLtRL3sER2HM4Jslcw4ps9L7pTZ54y_HJoR9WtcWfWNOh.mp4?strext=1&_nc_cat=111&_nc_sid=5e9851&_nc_ht=scontent-phx1-1.cdninstagram.com&_nc_ohc=q_Dqsp-HHRoQ7kNvwGhII1X&efg=eyJ2ZW5jb2RlX3RhZyI6Inhwdl9wcm9ncmVzc2l2ZS5JTlNUQUdSQU0uQ0xJUFMuQzMuNzIwLmRhc2hfYmFzZWxpbmVfMV92MSIsInhwdl9hc3NldF9pZCI6MTc5NDczODY3NzQxMTI2MjEsImFzc2V0X2FnZV9kYXlzIjo5OCwidmlfdXNlY2FzZV9pZCI6MTAwOTksImR1cmF0aW9uX3MiOjYyLCJ1cmxnZW5fc291cmNlIjoid3d3In0%3D&ccb=17-1&vs=cb0f8bf4f0e92619&_nc_vs=HBksFQIYOnBhc3N0aHJvdWdoX2V2ZXJzdG9yZS9HQVh2a2liZ3VlUDRoVW9EQU5MZGRDUHp0WTRUYnNwVEFRQUYVAALIARIAFQIYUWlnX3hwdl9wbGFjZW1lbnRfcGVybWFuZW50X3YyLzgxNDc0NTk2NTI3RTAwNDQ5RDlFMTlENDVBQjhDMDg2X2F1ZGlvX2Rhc2hpbml0Lm1wNBUCAsgBEgAoABgAGwKIB3VzZV9vaWwBMRJwcm9ncmVzc2l2ZV9yZWNpcGUBMRUAACbapYrVs8PhPxUCKAJDMywXQE9MzMzMzM0YEmRhc2hfYmFzZWxpbmVfMV92MREAdf4HZeadAQA&_nc_gid=NWXWPxY4S14HRzkXfuudSw&_nc_ss=7a3ba&_nc_zt=28&oh=00_Af_Qm8CCxpZ6m0N5UYlBuDcZmgk1UdHeYvCGXjGhTyePPg&oe=6A399C3D"
"搶先體驗95折優惠！
輸入優惠碼「hidiff01」即可獲得～

welcome to my daily life with hidiff🥑
最近妝前保養用了 hidiff 綠珍珠系列
我會先用綠珍珠潤肌泡泡化妝水，
泡泡很細，擦完臉水感很明顯，
後續保養吸收也變得更快。

接著上綠珍珠D-泛醇3% 濃縮精華，
質地清爽不黏，保濕度很夠，
臉摸起來會變得比較柔軟細緻。

最後用酪梨修護乳霜鎖水，
讓我乾乾的臉更保濕，上妝也更貼。

由於自己很注重產品的氣味，
剛好 hidiff 有淡淡卻不厚重的香氣
私心非常喜歡🫶🏼✨大推推給大家

平常工作教課後都會流汗💦
但有了 hidiff妝前保養，
讓我一整天下來妝容還是很服貼，
不浮粉、不乾裂！

@hidiff.tw 
#히디프 #hidiff #綠珍珠系列 #hidiff養膚組 #vlog",,,,,,,,,,,,,,,,,,,,,,,,,,,,,,,,,,,,,,,,,,,,,,,,,,,,,,,,,,,,,,,,,,,,,,,,,,,,,,,,,,,,,,,,,,,,,,,,,,,,,,,,,,,,,,,,,,,,,,,,,,,,,,,,,,,,,,,,,,,,,,,,,,,,,,,,,,,,,,,,,,,,,,,,,,,,,,,,,,,,,,,,,,,,,,,,,,,,,,,,,,,,,,,,,,,,,,,,,,,,,,,,,,,,,,,,,,,,,,,,,,,,,,,,,,,,,,,,,,,,,,,,,,,,,,,,,,,,,,,,,,,,,,,,,,,,,,,,,,,,,,,,,,,,,,,,,,,,,,,,,,,,,,,,,,,,,,,,,,,,,,,,,,,,,,,,,,,,,,,,,,,,,,,,,,,,"0","1920","1080","https://scontent-phx1-1.cdninstagram.com/v/t51.82787-15/649603886_18536870113067073_8808877870418272533_n.jpg?stp=dst-jpg_e35_p750x750_sh2.08_tt6&_nc_cat=110&ig_cache_key=Mzg1MTE4MjkzMjY4MTEzNDUyNzE4NTM2ODcwMTA3MDY3MDcz.3-ccb7-5&ccb=7-5&_nc_sid=58cdad&efg=eyJ2ZW5jb2RlX3RhZyI6IkNMSVBTLnhwaWRzLjEyMDYuc2RyLnZpZGVvX2RlZmF1bHRfY292ZXJfZnJhbWUuQzMifQ%3D%3D&_nc_ohc=drB9-98nCVAQ7kNvwF2BAQm&_nc_oc=AdqWiKzjgcq4ydz6nWYb1sHDXbHvx1_q_iQygpStseb74umI6eMhWl92cY1qeZGBhpY&_nc_ad=z-m&_nc_cid=0&_nc_zt=23&_nc_ht=scontent-phx1-1.cdninstagram.com&_nc_gid=NWXWPxY4S14HRzkXfuudSw&_nc_ss=7a3ba&oh=00_Af_pBdubariR6yaI0SL8_BdkIX4FPdq4wsKMO8hLB8g_6g&oe=6A397316",,,"","히디프","hidiff","綠珍珠系列","hidiff養膚組","vlog","3851182932681134527","1740",,,,,,,,,,,,,,,"https://www.instagram.com/hidiff.tw/",,"-1",,"hidiff.tw",,"Purrple Cat",,"264447438215800",,,,,,,,,,,,,,,,,,,,,,,,,,,,,,,,,,,,,,,,,,,,,,,,,,,,,,,,,,,,,,,,,,,"false","","Warm Horizon","false","楨妮Jennie","2046531072","zen0207","true","clips","DVyJnkLgZG_","hidiff.tw","80015491870","false","false",,"https://scontent-phx1-1.cdninstagram.com/v/t51.82787-19/615343798_17845310625667871_7065812407261479699_n.jpg?stp=dst-jpg_e0_s150x150_tt6&efg=eyJ2ZW5jb2RlX3RhZyI6InByb2ZpbGVfcGljLmRqYW5nby43OTYuYzIifQ&_nc_ht=scontent-phx1-1.cdninstagram.com&_nc_cat=1&_nc_oc=Q6cZ2gG4OYT37iT-aJiQpiPFryjnPCNL7z3NzjLsWYjKRKEJX-drBtsj5tMqSm80U4v-ucQ&_nc_ohc=CmgFRSIfk20Q7kNvwEv6Rnn&_nc_gid=NWXWPxY4S14HRzkXfuudSw&edm=APGXKFABAAAA&ccb=7-5&ig_cache_key=GLZmrSQf278oN2Y-ABNDXrjyzg5ibmNDAQAB1501500j-ccb7-5&oh=00_Af_mCYy3FvU3BFJ4AmuM1kh38iqJQmAQ3h_-u5Jt2fUNSw&oe=6A399CDC&_nc_sid=a8b8e2",,"hidiff.tw",,,,,,,,,"2026-03-12T10:04:53.000Z","Video","https://www.instagram.com/p/DVyJnkLgZG_/","59.733001708984375","1740","https://scontent-phx1-1.cdninstagram.com/o1/v/t16/f2/m69/AQMUzz0m2JkrBrGLbtWuUPir4nkbMOB_iyrJkkxVjNWIu5Mz2mLIZeZGDwKQDyhHxt3vFpWg5Y0CPgQSyGoWdCMz.mp4?strext=1&_nc_cat=110&_nc_sid=5e9851&_nc_ht=scontent-phx1-1.cdninstagram.com&_nc_ohc=p6L4jzeAN9MQ7kNvwF0MizC&efg=eyJ2ZW5jb2RlX3RhZyI6Inhwdl9wcm9ncmVzc2l2ZS5JTlNUQUdSQU0uQ0xJUFMuQzMuNzIwLmRhc2hfYmFzZWxpbmVfMV92MSIsInhwdl9hc3NldF9pZCI6MTc5NTA2MTY1OTgxMDYzNTUsImFzc2V0X2FnZV9kYXlzIjo5OCwidmlfdXNlY2FzZV9pZCI6MTAwOTksImR1cmF0aW9uX3MiOjU5LCJ1cmxnZW5fc291cmNlIjoid3d3In0%3D&ccb=17-1&vs=a0dc2c70be4f9503&_nc_vs=HBksFQIYOnBhc3N0aHJvdWdoX2V2ZXJzdG9yZS9HT0xrZVNheHVDdE10WEVGQUZGWU5GRl9VcGxpYnNwVEFRQUYVAALIARIAFQIYUWlnX3hwdl9wbGFjZW1lbnRfcGVybWFuZW50X3YyLzUwNDNDRDI3QjVCRjVEMEJBMTk1RTc1OTVDQ0ZGNkJCX2F1ZGlvX2Rhc2hpbml0Lm1wNBUCAsgBEgAoABgAGwKIB3VzZV9vaWwBMRJwcm9ncmVzc2l2ZV9yZWNpcGUBMRUAACbmw6Lds__iPxUCKAJDMywXQE3d0vGp--cYEmRhc2hfYmFzZWxpbmVfMV92MREAdf4HZeadAQA&_nc_gid=NWXWPxY4S14HRzkXfuudSw&_nc_ss=7a3ba&_nc_zt=28&oh=00_Af92ryEd6Z6SreDTQ_dnOOylQivHNUDp272uRncMyueWHA&oe=6A397A9E"
"搶先體驗95折優惠！輸入
優惠碼hidiff01即可獲得！

我最近愛上了韓國的新保養品牌HIDIFF

尤其是綠珍珠潤肌泡泡化妝水！！！
擠出來是超細緻的泡泡
抹在臉上會慢慢化開變成水然後再吸收到臉部
過程真的很療癒～～

接著再D-泛醇3%高濃縮水精華
舒緩肌膚所有敏感乾燥泛紅問題🙋🏻‍♀️

最後用酪梨修護乳霜鎖住水分
雙重潤澤力的乳霜，整個質地很綿密🥑
而且不會堵塞毛孔！

這組養膚型保養品不是那種擦完立刻發光
是默默把肌膚底子養穩的那種～溫和養膚！🫧

@hidiff.tw
#hidiff
#養膚routine
#hidiff集中養膚組",,,,,,,,,,,,,,,,,,,,,,,,,,,,,,,,,,,,,,,,,,,,,,,,,,,,,,,,,,,,,,,,,,,,,,,,,,,,,,,,,,,,,,,,,,,,,,,,,,,,,,,,,,,,,,,,,,,,,,,,,,,,,,,,,,,,,,,,,,,,,,,,,,,,,,,,,,,,,,,,,,,,,,,,,,,,,,,,,,,,,,,,,,,,,,,,,,,,,,,,,,,,,,,,,,,,,,,,,,,,,,,,,,,,,,,,,,,,,,,,,,,,,,,,,,,,,,,,,,,,,,,,,,,,,,,,,,,,,,,,,,,,,,,,,,,,,,,,,,,,,,,,,,,,,,,,,,,,,,,,,,,,,,,,,,,,,,,,,,,,,,,,,,,,,,,,,,,,,,,,,,,,,,,,,,,,"2","1920","1080","https://scontent-phx1-1.cdninstagram.com/v/t51.82787-15/651039513_18570809548005552_2791387877863184136_n.jpg?stp=dst-jpg_e35_p750x750_sh2.08_tt6&_nc_cat=108&ig_cache_key=Mzg1MTEyMjUzMDgxMjM4MzA1NDE4NTcwODA5NTQ1MDA1NTUy.3-ccb7-5&ccb=7-5&_nc_sid=58cdad&efg=eyJ2ZW5jb2RlX3RhZyI6IkNMSVBTLnhwaWRzLjExNzguc2RyLnZpZGVvX2RlZmF1bHRfY292ZXJfZnJhbWUuQzMifQ%3D%3D&_nc_ohc=a8q-umgitz4Q7kNvwGKmTmB&_nc_oc=AdovOL-H1pYeF8eHNrny6ijgqL0GPiFumVtcSAhY0N-8wWvty7MM6Si9-g1U4gouPNE&_nc_ad=z-m&_nc_cid=0&_nc_zt=23&_nc_ht=scontent-phx1-1.cdninstagram.com&_nc_gid=NWXWPxY4S14HRzkXfuudSw&_nc_ss=7a3ba&oh=00_Af9g-NwVyo7FkIYztUixxW3WfDPvyp3byvLEU1KNer_bCA&oe=6A39815A",,,"","hidiff","養膚routine","hidiff集中養膚組",,,"3851122530812383054","239240",,,,,,,,,,,,,,,"https://www.instagram.com/hidiff.tw/",,"311",,"hidiff.tw",,"fang_x_fang_",,"26195077756778084",,,,,,,,,,,,,,,,,,,,,,,,,,,,,,,,,,,,,,,,,,,,,,,,,,,,,,,,,,,,,,,,,,,"false","","Original audio","true","𝔽𝔸ℕ𝔾 방여","417669551","fang_x_fang_","true","clips","DVx74mjk09O","hidiff.tw","80015491870","false","false",,"https://scontent-phx1-1.cdninstagram.com/v/t51.82787-19/615343798_17845310625667871_7065812407261479699_n.jpg?stp=dst-jpg_e0_s150x150_tt6&efg=eyJ2ZW5jb2RlX3RhZyI6InByb2ZpbGVfcGljLmRqYW5nby43OTYuYzIifQ&_nc_ht=scontent-phx1-1.cdninstagram.com&_nc_cat=1&_nc_oc=Q6cZ2gG4OYT37iT-aJiQpiPFryjnPCNL7z3NzjLsWYjKRKEJX-drBtsj5tMqSm80U4v-ucQ&_nc_ohc=CmgFRSIfk20Q7kNvwEv6Rnn&_nc_gid=NWXWPxY4S14HRzkXfuudSw&edm=APGXKFABAAAA&ccb=7-5&ig_cache_key=GLZmrSQf278oN2Y-ABNDXrjyzg5ibmNDAQAB1501500j-ccb7-5&oh=00_Af_mCYy3FvU3BFJ4AmuM1kh38iqJQmAQ3h_-u5Jt2fUNSw&oe=6A399CDC&_nc_sid=a8b8e2",,"hidiff.tw",,,,,,,,,"2026-03-12T10:00:00.000Z","Video","https://www.instagram.com/p/DVx74mjk09O/","59.90599822998047","367178","https://scontent-phx1-1.cdninstagram.com/o1/v/t16/f2/m69/AQM3l4XtOd2sjDmvD4joqqjHuaMv3JWjrkYbTwN9rYWLUFcxhEfh_WyQ-iUNsao85aZ0J56yWITYi-b_WdMXp6v5.mp4?strext=1&_nc_cat=102&_nc_sid=5e9851&_nc_ht=scontent-phx1-1.cdninstagram.com&_nc_ohc=WXOorx-YeM8Q7kNvwFVlZDx&efg=eyJ2ZW5jb2RlX3RhZyI6Inhwdl9wcm9ncmVzc2l2ZS5JTlNUQUdSQU0uQ0xJUFMuQzMuNzIwLmRhc2hfYmFzZWxpbmVfMV92MSIsInhwdl9hc3NldF9pZCI6MTc5Mzc4Mjg4MDQxNjEzODMsImFzc2V0X2FnZV9kYXlzIjo5OCwidmlfdXNlY2FzZV9pZCI6MTAwOTksImR1cmF0aW9uX3MiOjU5LCJ1cmxnZW5fc291cmNlIjoid3d3In0%3D&ccb=17-1&vs=f8aea62bbc41a8e1&_nc_vs=HBksFQIYOnBhc3N0aHJvdWdoX2V2ZXJzdG9yZS9HRGV0YWlaNjBNX2dudHNDQUkwR1c2NDdvTEIyYnNwVEFRQUYVAALIARIAFQIYUWlnX3hwdl9wbGFjZW1lbnRfcGVybWFuZW50X3YyL0NCNDkyQjY4MzYzQzM3MEUwMDM5MzkxREVBRUQxRUIyX2F1ZGlvX2Rhc2hpbml0Lm1wNBUCAsgBEgAoABgAGwKIB3VzZV9vaWwBMRJwcm9ncmVzc2l2ZV9yZWNpcGUBMRUAACbOvc-eh5fdPxUCKAJDMywXQE3zMzMzMzMYEmRhc2hfYmFzZWxpbmVfMV92MREAdf4HZeadAQA&_nc_gid=NWXWPxY4S14HRzkXfuudSw&_nc_ss=7a3ba&_nc_zt=28&oh=00_Af8r546X_wCiYk6uAtxO_dWPP233WjlODxVjVhGpddiyQA&oe=6A39666E"
"搶先體驗95折優惠！輸入
優惠碼hidiff01即可獲得！

出國一時爽、皮膚火葬場。
吃香喝辣狂熬夜，皮膚整個壞掉
毛孔粗大 粗糙長顆粒 脆弱泛紅
不知道到底該先救哪一個

已經關注一陣子的韓國保養減法品牌—Hidiff 救回肌膚屏障！
Hidiff以敏感肌規格的高標準面對所有膚質
堅持天然配方、追求完美肌膚的日常養成
我這次不針對肌膚問題處理
而是先用Hidiff集中養膚組合(1+2+3)重新養好肌膚基底屏障!

1.  綠珍珠潤肌泡泡化妝水：
擠出來泡泡很綿密 一上臉就化開變清爽的水狀質地
臉部吸收後也完全不拔乾

2.  綠珍珠D-泛純3%高濃縮水精華：
吸收超快速! 質地輕盈好推不黏膩不負擔
只需擠一個硬幣量就能覆蓋全臉

3.  綠珍珠酪梨修護乳霜：
雖然說是乳霜，但我感覺是輕乳霜的質地
不厚重好推開 在臉上也不悶

平常只要一長顆粒
我就狂鋪粉刺水、水楊酸痘痘藥
這次沒有擦，
但真的是感覺肌膚一天一天慢慢的穩定下來
真的能體會到創辦人說的：
「養好基底，才是皮膚好的關鍵。」 
敏感肌或是皮膚正在鬧脾氣的
快來試試這種精緻減法！

@hidiff.tw 
#hidiff
#養膚routine
#hidiff集中養膚組",,,,,,,,,,,,,,,,,,,,,,,,,,,,,,,,,,,,,,,,,,,,,,,,,,,,,,,,,,,,,,,,,,,,,,,,,,,,,,,,,,,,,,,,,,,,,,,,,,,,,,,,,,,,,,,,,,,,,,,,,,,,,,,,,,,,,,,,,,,,,,,,,,,,,,,,,,,,,,,,,,,,,,,,,,,,,,,,,,,,,,,,,,,,,,,,,,,,,,,,,,,,,,,,,,,,,,,,,,,,,,,,,,,,,,,,,,,,,,,,,,,,,,,,,,,,,,,,,,,,,,,,,,,,,,,,,,,,,,,,,,,,,,,,,,,,,,,,,,,,,,,,,,,,,,,,,,,,,,,,,,,,,,,,,,,,,,,,,,,,,,,,,,,,,,,,,,,,,,,,,,,,,,,,,,,,"9","1280","720","https://scontent-phx1-1.cdninstagram.com/v/t51.82787-15/651176357_18306218290273545_8278558718386768085_n.jpg?stp=dst-jpg_e35_p750x750_sh2.08_tt6&_nc_cat=111&ig_cache_key=Mzg1MTA5Mjk4NTkzMzcxMDcyMjE4MzA2MjE4Mjg0MjczNTQ1.3-ccb7-5&ccb=7-5&_nc_sid=58cdad&efg=eyJ2ZW5jb2RlX3RhZyI6IkNMSVBTLnhwaWRzLjIxNjAuc2RyLnZpZGVvX2RlZmF1bHRfY292ZXJfZnJhbWUuQzMifQ%3D%3D&_nc_ohc=0VPefk6GubgQ7kNvwGDsv9G&_nc_oc=AdrEZDTrb63_4o8EkwiD7PpZqgJWhzeAr6vjNdKp6u9VEam0LlTsT9enFBLSQTgIm1g&_nc_ad=z-m&_nc_cid=0&_nc_zt=23&_nc_ht=scontent-phx1-1.cdninstagram.com&_nc_gid=NWXWPxY4S14HRzkXfuudSw&_nc_ss=7a3ba&oh=00_Af8cKUkbCFILhUHgDZCfqWs4zB9I4LtWfpvnD5dvrxSzQA&oe=6A397D48",,,"","hidiff","養膚routine","hidiff集中養膚組",,,"3851092985933710722","562128",,,,,,,,,,,,,,,"https://www.instagram.com/hidiff.tw/",,"524",,"hidiff.tw",,"jumbobbo2",,"34021208594189748",,,,,,,,,,,,,,,,,,,,,,,,,,,,,,,,,,,,,,,,,,,,,,,,,,,,,,,,,,,,,,,,,,,"false","","Original audio","true","王瀞憶 Joy","8238681544","jumbobbo2","true","clips","DVx1Kqvk8WC","hidiff.tw","80015491870","false","false",,"https://scontent-phx1-1.cdninstagram.com/v/t51.82787-19/615343798_17845310625667871_7065812407261479699_n.jpg?stp=dst-jpg_e0_s150x150_tt6&efg=eyJ2ZW5jb2RlX3RhZyI6InByb2ZpbGVfcGljLmRqYW5nby43OTYuYzIifQ&_nc_ht=scontent-phx1-1.cdninstagram.com&_nc_cat=1&_nc_oc=Q6cZ2gG4OYT37iT-aJiQpiPFryjnPCNL7z3NzjLsWYjKRKEJX-drBtsj5tMqSm80U4v-ucQ&_nc_ohc=CmgFRSIfk20Q7kNvwEv6Rnn&_nc_gid=NWXWPxY4S14HRzkXfuudSw&edm=APGXKFABAAAA&ccb=7-5&ig_cache_key=GLZmrSQf278oN2Y-ABNDXrjyzg5ibmNDAQAB1501500j-ccb7-5&oh=00_Af_mCYy3FvU3BFJ4AmuM1kh38iqJQmAQ3h_-u5Jt2fUNSw&oe=6A399CDC&_nc_sid=a8b8e2",,"hidiff.tw",,,,,,,,,"2026-03-12T09:04:46.000Z","Video","https://www.instagram.com/p/DVx1Kqvk8WC/","71.16899871826172","916182","https://scontent-phx1-1.cdninstagram.com/o1/v/t16/f2/m69/AQOlEVKiD0XH-ris_o0Xg3QFxbxoq1J_oldJxxLwACQSeEkky1FUk89_MdVzmx-bkQdZVJXigZlm5tVsFFQ2Ptcv.mp4?strext=1&_nc_cat=108&_nc_sid=5e9851&_nc_ht=scontent-phx1-1.cdninstagram.com&_nc_ohc=J_VORYIMlY4Q7kNvwFyHx4H&efg=eyJ2ZW5jb2RlX3RhZyI6Inhwdl9wcm9ncmVzc2l2ZS5JTlNUQUdSQU0uQ0xJUFMuQzMuNzIwLmRhc2hfYmFzZWxpbmVfMV92MSIsInhwdl9hc3NldF9pZCI6MTc5NTEyNTAzOTMxMDk4NDUsImFzc2V0X2FnZV9kYXlzIjo5NywidmlfdXNlY2FzZV9pZCI6MTAwOTksImR1cmF0aW9uX3MiOjcxLCJ1cmxnZW5fc291cmNlIjoid3d3In0%3D&ccb=17-1&vs=69a598d68336eb2&_nc_vs=HBksFQIYOnBhc3N0aHJvdWdoX2V2ZXJzdG9yZS9HSUdkckNiU1ZnLS0wQzhGQUplb0RqanpUZ005YnNwVEFRQUYVAALIARIAFQIYUWlnX3hwdl9wbGFjZW1lbnRfcGVybWFuZW50X3YyL0M1NEYyNEMzQjQ3QTBCMjNFRjkxRjQ1NjVBREVFRkJFX2F1ZGlvX2Rhc2hpbml0Lm1wNBUCAsgBEgAoABgAGwKIB3VzZV9vaWwBMRJwcm9ncmVzc2l2ZV9yZWNpcGUBMRUAACaq1aTvpaTjPxUCKAJDMywXQFHKn752yLQYEmRhc2hfYmFzZWxpbmVfMV92MREAdf4HZeadAQA&_nc_gid=NWXWPxY4S14HRzkXfuudSw&_nc_ss=7a3ba&_nc_zt=28&oh=00_Af-Z6Y9QMmefSvtPEohGnBl2OgmIH0IpMF7fyf1B0AQJYQ&oe=6A3994CC"
