current directory: /Users/serenachang/Desktop/smartadmin-template/vendor/bundle/ruby/2.6.0/gems/nio4r-2.7.5/ext/nio4r
/Users/serenachang/.rbenv/versions/2.6.10/bin/ruby -I /Users/serenachang/.rbenv/versions/2.6.10/lib/ruby/site_ruby/2.6.0 -r ./siteconf20251216-8554-sek6js.rb extconf.rb
checking for unistd.h... yes
checking for rb_io_descriptor()... no
checking for linux/aio_abi.h... no
checking for linux/io_uring.h... no
checking for sys/select.h... yes
checking for port_event_t in poll.h... no
checking for sys/epoll.h... no
checking for sys/event.h... yes
checking for sys/queue.h... yes
checking for port_event_t in port.h... no
checking for sys/resource.h... yes
creating Makefile

current directory: /Users/serenachang/Desktop/smartadmin-template/vendor/bundle/ruby/2.6.0/gems/nio4r-2.7.5/ext/nio4r
make "DESTDIR=" clean

current directory: /Users/serenachang/Desktop/smartadmin-template/vendor/bundle/ruby/2.6.0/gems/nio4r-2.7.5/ext/nio4r
make "DESTDIR="
compiling bytebuffer.c
compiling monitor.c
monitor.c:115:25: warning: '(' and '{' tokens introducing statement expression appear in different macro expansion contexts [-Wcompound-token-split-by-macro]
  115 |     if (interests_id == rb_intern("r")) {
      |                         ^~~~~~~~~~~~~~
/Users/serenachang/.rbenv/versions/2.6.10/include/ruby-2.6.0/ruby/ruby.h:1826:23: note: expanded from macro 'rb_intern'
 1826 |         __extension__ (RUBY_CONST_ID_CACHE((ID), (str))) : \
      |                       ^
monitor.c:115:25: note: '{' token is here
  115 |     if (interests_id == rb_intern("r")) {
      |                         ^~~~~~~~~~~~~~
/Users/serenachang/.rbenv/versions/2.6.10/include/ruby-2.6.0/ruby/ruby.h:1826:24: note: expanded from macro 'rb_intern'
 1826 |         __extension__ (RUBY_CONST_ID_CACHE((ID), (str))) : \
      |                        ^~~~~~~~~~~~~~~~~~~~~~~~~~~~~~~~
/Users/serenachang/.rbenv/versions/2.6.10/include/ruby-2.6.0/ruby/ruby.h:1811:5: note: expanded from macro 'RUBY_CONST_ID_CACHE'
 1811 |     {                                                   \
      |     ^
monitor.c:115:25: warning: '}' and ')' tokens terminating statement expression appear in different macro expansion contexts [-Wcompound-token-split-by-macro]
  115 |     if (interests_id == rb_intern("r")) {
      |                         ^~~~~~~~~~~~~~
/Users/serenachang/.rbenv/versions/2.6.10/include/ruby-2.6.0/ruby/ruby.h:1826:24: note: expanded from macro 'rb_intern'
 1826 |         __extension__ (RUBY_CONST_ID_CACHE((ID), (str))) : \
      |                        ^~~~~~~~~~~~~~~~~~~~~~~~~~~~~~~~
/Users/serenachang/.rbenv/versions/2.6.10/include/ruby-2.6.0/ruby/ruby.h:1816:5: note: expanded from macro 'RUBY_CONST_ID_CACHE'
 1816 |     }
      |     ^
monitor.c:115:25: note: ')' token is here
  115 |     if (interests_id == rb_intern("r")) {
      |                         ^~~~~~~~~~~~~~
/Users/serenachang/.rbenv/versions/2.6.10/include/ruby-2.6.0/ruby/ruby.h:1826:56: note: expanded from macro 'rb_intern'
 1826 |         __extension__ (RUBY_CONST_ID_CACHE((ID), (str))) : \
      |                                                        ^
monitor.c:117:32: warning: '(' and '{' tokens introducing statement expression appear in different macro expansion contexts [-Wcompound-token-split-by-macro]
  117 |     } else if (interests_id == rb_intern("w")) {
      |                                ^~~~~~~~~~~~~~
/Users/serenachang/.rbenv/versions/2.6.10/include/ruby-2.6.0/ruby/ruby.h:1826:23: note: expanded from macro 'rb_intern'
 1826 |         __extension__ (RUBY_CONST_ID_CACHE((ID), (str))) : \
      |                       ^
monitor.c:117:32: note: '{' token is here
  117 |     } else if (interests_id == rb_intern("w")) {
      |                                ^~~~~~~~~~~~~~
/Users/serenachang/.rbenv/versions/2.6.10/include/ruby-2.6.0/ruby/ruby.h:1826:24: note: expanded from macro 'rb_intern'
 1826 |         __extension__ (RUBY_CONST_ID_CACHE((ID), (str))) : \
      |                        ^~~~~~~~~~~~~~~~~~~~~~~~~~~~~~~~
/Users/serenachang/.rbenv/versions/2.6.10/include/ruby-2.6.0/ruby/ruby.h:1811:5: note: expanded from macro 'RUBY_CONST_ID_CACHE'
 1811 |     {                                                   \
      |     ^
monitor.c:117:32: warning: '}' and ')' tokens terminating statement expression appear in different macro expansion contexts [-Wcompound-token-split-by-macro]
  117 |     } else if (interests_id == rb_intern("w")) {
      |                                ^~~~~~~~~~~~~~
/Users/serenachang/.rbenv/versions/2.6.10/include/ruby-2.6.0/ruby/ruby.h:1826:24: note: expanded from macro 'rb_intern'
 1826 |         __extension__ (RUBY_CONST_ID_CACHE((ID), (str))) : \
      |                        ^~~~~~~~~~~~~~~~~~~~~~~~~~~~~~~~
/Users/serenachang/.rbenv/versions/2.6.10/include/ruby-2.6.0/ruby/ruby.h:1816:5: note: expanded from macro 'RUBY_CONST_ID_CACHE'
 1816 |     }
      |     ^
monitor.c:117:32: note: ')' token is here
  117 |     } else if (interests_id == rb_intern("w")) {
      |                                ^~~~~~~~~~~~~~
/Users/serenachang/.rbenv/versions/2.6.10/include/ruby-2.6.0/ruby/ruby.h:1826:56: note: expanded from macro 'rb_intern'
 1826 |         __extension__ (RUBY_CONST_ID_CACHE((ID), (str))) : \
      |                                                        ^
monitor.c:119:32: warning: '(' and '{' tokens introducing statement expression appear in different macro expansion contexts [-Wcompound-token-split-by-macro]
  119 |     } else if (interests_id == rb_intern("rw")) {
      |                                ^~~~~~~~~~~~~~~
/Users/serenachang/.rbenv/versions/2.6.10/include/ruby-2.6.0/ruby/ruby.h:1826:23: note: expanded from macro 'rb_intern'
 1826 |         __extension__ (RUBY_CONST_ID_CACHE((ID), (str))) : \
      |                       ^
monitor.c:119:32: note: '{' token is here
  119 |     } else if (interests_id == rb_intern("rw")) {
      |                                ^~~~~~~~~~~~~~~
/Users/serenachang/.rbenv/versions/2.6.10/include/ruby-2.6.0/ruby/ruby.h:1826:24: note: expanded from macro 'rb_intern'
 1826 |         __extension__ (RUBY_CONST_ID_CACHE((ID), (str))) : \
      |                        ^~~~~~~~~~~~~~~~~~~~~~~~~~~~~~~~
/Users/serenachang/.rbenv/versions/2.6.10/include/ruby-2.6.0/ruby/ruby.h:1811:5: note: expanded from macro 'RUBY_CONST_ID_CACHE'
 1811 |     {                                                   \
      |     ^
monitor.c:119:32: warning: '}' and ')' tokens terminating statement expression appear in different macro expansion contexts [-Wcompound-token-split-by-macro]
  119 |     } else if (interests_id == rb_intern("rw")) {
      |                                ^~~~~~~~~~~~~~~
/Users/serenachang/.rbenv/versions/2.6.10/include/ruby-2.6.0/ruby/ruby.h:1826:24: note: expanded from macro 'rb_intern'
 1826 |         __extension__ (RUBY_CONST_ID_CACHE((ID), (str))) : \
      |                        ^~~~~~~~~~~~~~~~~~~~~~~~~~~~~~~~
/Users/serenachang/.rbenv/versions/2.6.10/include/ruby-2.6.0/ruby/ruby.h:1816:5: note: expanded from macro 'RUBY_CONST_ID_CACHE'
 1816 |     }
      |     ^
monitor.c:119:32: note: ')' token is here
  119 |     } else if (interests_id == rb_intern("rw")) {
      |                                ^~~~~~~~~~~~~~~
/Users/serenachang/.rbenv/versions/2.6.10/include/ruby-2.6.0/ruby/ruby.h:1826:56: note: expanded from macro 'rb_intern'
 1826 |         __extension__ (RUBY_CONST_ID_CACHE((ID), (str))) : \
      |                                                        ^
monitor.c:122:116: warning: '(' and '{' tokens introducing statement expression appear in different macro expansion contexts [-Wcompound-token-split-by-macro]
  122 |         rb_raise(rb_eArgError, "invalid event type %s (must be :r, :w, or :rw)", RSTRING_PTR(rb_funcall(interests, rb_intern("inspect"), 0)));
      |                                                                                                                    ^~~~~~~~~~~~~~~~~~~~
/Users/serenachang/.rbenv/versions/2.6.10/include/ruby-2.6.0/ruby/ruby.h:1826:23: note: expanded from macro 'rb_intern'
 1826 |         __extension__ (RUBY_CONST_ID_CACHE((ID), (str))) : \
      |                       ^
/Users/serenachang/.rbenv/versions/2.6.10/include/ruby-2.6.0/ruby/ruby.h:2602:20: note: expanded from macro 'rb_funcall'
 2602 |         rb_funcallv(recv, mid, \
      |                           ^~~
/Users/serenachang/.rbenv/versions/2.6.10/include/ruby-2.6.0/ruby/ruby.h:1003:15: note: expanded from macro 'RSTRING_PTR'
 1003 |     (!(RBASIC(str)->flags & RSTRING_NOEMBED) ? \
      |               ^~~
/Users/serenachang/.rbenv/versions/2.6.10/include/ruby-2.6.0/ruby/ruby.h:1253:38: note: expanded from macro 'RBASIC'
 1253 | #define RBASIC(obj)  (R_CAST(RBasic)(obj))
      |                                      ^~~
monitor.c:122:116: note: '{' token is here
  122 |         rb_raise(rb_eArgError, "invalid event type %s (must be :r, :w, or :rw)", RSTRING_PTR(rb_funcall(interests, rb_intern("inspect"), 0)));
      |                                                                                                                    ^~~~~~~~~~~~~~~~~~~~
/Users/serenachang/.rbenv/versions/2.6.10/include/ruby-2.6.0/ruby/ruby.h:1826:24: note: expanded from macro 'rb_intern'
 1826 |         __extension__ (RUBY_CONST_ID_CACHE((ID), (str))) : \
      |                        ^~~~~~~~~~~~~~~~~~~~~~~~~~~~~~~~
/Users/serenachang/.rbenv/versions/2.6.10/include/ruby-2.6.0/ruby/ruby.h:1811:5: note: expanded from macro 'RUBY_CONST_ID_CACHE'
 1811 |     {                                                   \
      |     ^
/Users/serenachang/.rbenv/versions/2.6.10/include/ruby-2.6.0/ruby/ruby.h:2602:20: note: expanded from macro 'rb_funcall'
 2602 |         rb_funcallv(recv, mid, \
      |                           ^~~
/Users/serenachang/.rbenv/versions/2.6.10/include/ruby-2.6.0/ruby/ruby.h:1003:15: note: expanded from macro 'RSTRING_PTR'
 1003 |     (!(RBASIC(str)->flags & RSTRING_NOEMBED) ? \
      |               ^~~
/Users/serenachang/.rbenv/versions/2.6.10/include/ruby-2.6.0/ruby/ruby.h:1253:38: note: expanded from macro 'RBASIC'
 1253 | #define RBASIC(obj)  (R_CAST(RBasic)(obj))
      |                                      ^~~
monitor.c:122:116: warning: '}' and ')' tokens terminating statement expression appear in different macro expansion contexts [-Wcompound-token-split-by-macro]
  122 |         rb_raise(rb_eArgError, "invalid event type %s (must be :r, :w, or :rw)", RSTRING_PTR(rb_funcall(interests, rb_intern("inspect"), 0)));
      |                                                                                                                    ^~~~~~~~~~~~~~~~~~~~
/Users/serenachang/.rbenv/versions/2.6.10/include/ruby-2.6.0/ruby/ruby.h:1826:24: note: expanded from macro 'rb_intern'
 1826 |         __extension__ (RUBY_CONST_ID_CACHE((ID), (str))) : \
      |                        ^~~~~~~~~~~~~~~~~~~~~~~~~~~~~~~~
/Users/serenachang/.rbenv/versions/2.6.10/include/ruby-2.6.0/ruby/ruby.h:1816:5: note: expanded from macro 'RUBY_CONST_ID_CACHE'
 1816 |     }
      |     ^
/Users/serenachang/.rbenv/versions/2.6.10/include/ruby-2.6.0/ruby/ruby.h:2602:20: note: expanded from macro 'rb_funcall'
 2602 |         rb_funcallv(recv, mid, \
      |                           ^~~
/Users/serenachang/.rbenv/versions/2.6.10/include/ruby-2.6.0/ruby/ruby.h:1003:15: note: expanded from macro 'RSTRING_PTR'
 1003 |     (!(RBASIC(str)->flags & RSTRING_NOEMBED) ? \
      |               ^~~
/Users/serenachang/.rbenv/versions/2.6.10/include/ruby-2.6.0/ruby/ruby.h:1253:38: note: expanded from macro 'RBASIC'
 1253 | #define RBASIC(obj)  (R_CAST(RBasic)(obj))
      |                                      ^~~
monitor.c:122:116: note: ')' token is here
  122 |         rb_raise(rb_eArgError, "invalid event type %s (must be :r, :w, or :rw)", RSTRING_PTR(rb_funcall(interests, rb_intern("inspect"), 0)));
      |                                                                                                                    ^~~~~~~~~~~~~~~~~~~~
/Users/serenachang/.rbenv/versions/2.6.10/include/ruby-2.6.0/ruby/ruby.h:1826:56: note: expanded from macro 'rb_intern'
 1826 |         __extension__ (RUBY_CONST_ID_CACHE((ID), (str))) : \
      |                                                        ^
/Users/serenachang/.rbenv/versions/2.6.10/include/ruby-2.6.0/ruby/ruby.h:2602:20: note: expanded from macro 'rb_funcall'
 2602 |         rb_funcallv(recv, mid, \
      |                           ^~~
/Users/serenachang/.rbenv/versions/2.6.10/include/ruby-2.6.0/ruby/ruby.h:1003:15: note: expanded from macro 'RSTRING_PTR'
 1003 |     (!(RBASIC(str)->flags & RSTRING_NOEMBED) ? \
      |               ^~~
/Users/serenachang/.rbenv/versions/2.6.10/include/ruby-2.6.0/ruby/ruby.h:1253:38: note: expanded from macro 'RBASIC'
 1253 | #define RBASIC(obj)  (R_CAST(RBasic)(obj))
      |                                      ^~~
monitor.c:122:116: warning: '(' and '{' tokens introducing statement expression appear in different macro expansion contexts [-Wcompound-token-split-by-macro]
  122 |         rb_raise(rb_eArgError, "invalid event type %s (must be :r, :w, or :rw)", RSTRING_PTR(rb_funcall(interests, rb_intern("inspect"), 0)));
      |                                                                                                                    ^~~~~~~~~~~~~~~~~~~~
/Users/serenachang/.rbenv/versions/2.6.10/include/ruby-2.6.0/ruby/ruby.h:1826:23: note: expanded from macro 'rb_intern'
 1826 |         __extension__ (RUBY_CONST_ID_CACHE((ID), (str))) : \
      |                       ^
/Users/serenachang/.rbenv/versions/2.6.10/include/ruby-2.6.0/ruby/ruby.h:2602:20: note: expanded from macro 'rb_funcall'
 2602 |         rb_funcallv(recv, mid, \
      |                           ^~~
/Users/serenachang/.rbenv/versions/2.6.10/include/ruby-2.6.0/ruby/ruby.h:1004:14: note: expanded from macro 'RSTRING_PTR'
 1004 |      RSTRING(str)->as.ary : \
      |              ^~~
/Users/serenachang/.rbenv/versions/2.6.10/include/ruby-2.6.0/ruby/ruby.h:1257:39: note: expanded from macro 'RSTRING'
 1257 | #define RSTRING(obj) (R_CAST(RString)(obj))
      |                                       ^~~
monitor.c:122:116: note: '{' token is here
  122 |         rb_raise(rb_eArgError, "invalid event type %s (must be :r, :w, or :rw)", RSTRING_PTR(rb_funcall(interests, rb_intern("inspect"), 0)));
      |                                                                                                                    ^~~~~~~~~~~~~~~~~~~~
/Users/serenachang/.rbenv/versions/2.6.10/include/ruby-2.6.0/ruby/ruby.h:1826:24: note: expanded from macro 'rb_intern'
 1826 |         __extension__ (RUBY_CONST_ID_CACHE((ID), (str))) : \
      |                        ^~~~~~~~~~~~~~~~~~~~~~~~~~~~~~~~
/Users/serenachang/.rbenv/versions/2.6.10/include/ruby-2.6.0/ruby/ruby.h:1811:5: note: expanded from macro 'RUBY_CONST_ID_CACHE'
 1811 |     {                                                   \
      |     ^
/Users/serenachang/.rbenv/versions/2.6.10/include/ruby-2.6.0/ruby/ruby.h:2602:20: note: expanded from macro 'rb_funcall'
 2602 |         rb_funcallv(recv, mid, \
      |                           ^~~
/Users/serenachang/.rbenv/versions/2.6.10/include/ruby-2.6.0/ruby/ruby.h:1004:14: note: expanded from macro 'RSTRING_PTR'
 1004 |      RSTRING(str)->as.ary : \
      |              ^~~
/Users/serenachang/.rbenv/versions/2.6.10/include/ruby-2.6.0/ruby/ruby.h:1257:39: note: expanded from macro 'RSTRING'
 1257 | #define RSTRING(obj) (R_CAST(RString)(obj))
      |                                       ^~~
monitor.c:122:116: warning: '}' and ')' tokens terminating statement expression appear in different macro expansion contexts [-Wcompound-token-split-by-macro]
  122 |         rb_raise(rb_eArgError, "invalid event type %s (must be :r, :w, or :rw)", RSTRING_PTR(rb_funcall(interests, rb_intern("inspect"), 0)));
      |                                                                                                                    ^~~~~~~~~~~~~~~~~~~~
/Users/serenachang/.rbenv/versions/2.6.10/include/ruby-2.6.0/ruby/ruby.h:1826:24: note: expanded from macro 'rb_intern'
 1826 |         __extension__ (RUBY_CONST_ID_CACHE((ID), (str))) : \
      |                        ^~~~~~~~~~~~~~~~~~~~~~~~~~~~~~~~
/Users/serenachang/.rbenv/versions/2.6.10/include/ruby-2.6.0/ruby/ruby.h:1816:5: note: expanded from macro 'RUBY_CONST_ID_CACHE'
 1816 |     }
      |     ^
/Users/serenachang/.rbenv/versions/2.6.10/include/ruby-2.6.0/ruby/ruby.h:2602:20: note: expanded from macro 'rb_funcall'
 2602 |         rb_funcallv(recv, mid, \
      |                           ^~~
/Users/serenachang/.rbenv/versions/2.6.10/include/ruby-2.6.0/ruby/ruby.h:1004:14: note: expanded from macro 'RSTRING_PTR'
 1004 |      RSTRING(str)->as.ary : \
      |              ^~~
/Users/serenachang/.rbenv/versions/2.6.10/include/ruby-2.6.0/ruby/ruby.h:1257:39: note: expanded from macro 'RSTRING'
 1257 | #define RSTRING(obj) (R_CAST(RString)(obj))
      |                                       ^~~
monitor.c:122:116: note: ')' token is here
  122 |         rb_raise(rb_eArgError, "invalid event type %s (must be :r, :w, or :rw)", RSTRING_PTR(rb_funcall(interests, rb_intern("inspect"), 0)));
      |                                                                                                                    ^~~~~~~~~~~~~~~~~~~~
/Users/serenachang/.rbenv/versions/2.6.10/include/ruby-2.6.0/ruby/ruby.h:1826:56: note: expanded from macro 'rb_intern'
 1826 |         __extension__ (RUBY_CONST_ID_CACHE((ID), (str))) : \
      |                                                        ^
/Users/serenachang/.rbenv/versions/2.6.10/include/ruby-2.6.0/ruby/ruby.h:2602:20: note: expanded from macro 'rb_funcall'
 2602 |         rb_funcallv(recv, mid, \
      |                           ^~~
/Users/serenachang/.rbenv/versions/2.6.10/include/ruby-2.6.0/ruby/ruby.h:1004:14: note: expanded from macro 'RSTRING_PTR'
 1004 |      RSTRING(str)->as.ary : \
      |              ^~~
/Users/serenachang/.rbenv/versions/2.6.10/include/ruby-2.6.0/ruby/ruby.h:1257:39: note: expanded from macro 'RSTRING'
 1257 | #define RSTRING(obj) (R_CAST(RString)(obj))
      |                                       ^~~
monitor.c:122:116: warning: '(' and '{' tokens introducing statement expression appear in different macro expansion contexts [-Wcompound-token-split-by-macro]
  122 |         rb_raise(rb_eArgError, "invalid event type %s (must be :r, :w, or :rw)", RSTRING_PTR(rb_funcall(interests, rb_intern("inspect"), 0)));
      |                                                                                                                    ^~~~~~~~~~~~~~~~~~~~
/Users/serenachang/.rbenv/versions/2.6.10/include/ruby-2.6.0/ruby/ruby.h:1826:23: note: expanded from macro 'rb_intern'
 1826 |         __extension__ (RUBY_CONST_ID_CACHE((ID), (str))) : \
      |                       ^
/Users/serenachang/.rbenv/versions/2.6.10/include/ruby-2.6.0/ruby/ruby.h:2602:20: note: expanded from macro 'rb_funcall'
 2602 |         rb_funcallv(recv, mid, \
      |                           ^~~
/Users/serenachang/.rbenv/versions/2.6.10/include/ruby-2.6.0/ruby/ruby.h:1005:14: note: expanded from macro 'RSTRING_PTR'
 1005 |      RSTRING(str)->as.heap.ptr)
      |              ^~~
/Users/serenachang/.rbenv/versions/2.6.10/include/ruby-2.6.0/ruby/ruby.h:1257:39: note: expanded from macro 'RSTRING'
 1257 | #define RSTRING(obj) (R_CAST(RString)(obj))
      |                                       ^~~
monitor.c:122:116: note: '{' token is here
  122 |         rb_raise(rb_eArgError, "invalid event type %s (must be :r, :w, or :rw)", RSTRING_PTR(rb_funcall(interests, rb_intern("inspect"), 0)));
      |                                                                                                                    ^~~~~~~~~~~~~~~~~~~~
/Users/serenachang/.rbenv/versions/2.6.10/include/ruby-2.6.0/ruby/ruby.h:1826:24: note: expanded from macro 'rb_intern'
 1826 |         __extension__ (RUBY_CONST_ID_CACHE((ID), (str))) : \
      |                        ^~~~~~~~~~~~~~~~~~~~~~~~~~~~~~~~
/Users/serenachang/.rbenv/versions/2.6.10/include/ruby-2.6.0/ruby/ruby.h:1811:5: note: expanded from macro 'RUBY_CONST_ID_CACHE'
 1811 |     {                                                   \
      |     ^
/Users/serenachang/.rbenv/versions/2.6.10/include/ruby-2.6.0/ruby/ruby.h:2602:20: note: expanded from macro 'rb_funcall'
 2602 |         rb_funcallv(recv, mid, \
      |                           ^~~
/Users/serenachang/.rbenv/versions/2.6.10/include/ruby-2.6.0/ruby/ruby.h:1005:14: note: expanded from macro 'RSTRING_PTR'
 1005 |      RSTRING(str)->as.heap.ptr)
      |              ^~~
/Users/serenachang/.rbenv/versions/2.6.10/include/ruby-2.6.0/ruby/ruby.h:1257:39: note: expanded from macro 'RSTRING'
 1257 | #define RSTRING(obj) (R_CAST(RString)(obj))
      |                                       ^~~
monitor.c:122:116: warning: '}' and ')' tokens terminating statement expression appear in different macro expansion contexts [-Wcompound-token-split-by-macro]
  122 |         rb_raise(rb_eArgError, "invalid event type %s (must be :r, :w, or :rw)", RSTRING_PTR(rb_funcall(interests, rb_intern("inspect"), 0)));
      |                                                                                                                    ^~~~~~~~~~~~~~~~~~~~
/Users/serenachang/.rbenv/versions/2.6.10/include/ruby-2.6.0/ruby/ruby.h:1826:24: note: expanded from macro 'rb_intern'
 1826 |         __extension__ (RUBY_CONST_ID_CACHE((ID), (str))) : \
      |                        ^~~~~~~~~~~~~~~~~~~~~~~~~~~~~~~~
/Users/serenachang/.rbenv/versions/2.6.10/include/ruby-2.6.0/ruby/ruby.h:1816:5: note: expanded from macro 'RUBY_CONST_ID_CACHE'
 1816 |     }
      |     ^
/Users/serenachang/.rbenv/versions/2.6.10/include/ruby-2.6.0/ruby/ruby.h:2602:20: note: expanded from macro 'rb_funcall'
 2602 |         rb_funcallv(recv, mid, \
      |                           ^~~
/Users/serenachang/.rbenv/versions/2.6.10/include/ruby-2.6.0/ruby/ruby.h:1005:14: note: expanded from macro 'RSTRING_PTR'
 1005 |      RSTRING(str)->as.heap.ptr)
      |              ^~~
/Users/serenachang/.rbenv/versions/2.6.10/include/ruby-2.6.0/ruby/ruby.h:1257:39: note: expanded from macro 'RSTRING'
 1257 | #define RSTRING(obj) (R_CAST(RString)(obj))
      |                                       ^~~
monitor.c:122:116: note: ')' token is here
  122 |         rb_raise(rb_eArgError, "invalid event type %s (must be :r, :w, or :rw)", RSTRING_PTR(rb_funcall(interests, rb_intern("inspect"), 0)));
      |                                                                                                                    ^~~~~~~~~~~~~~~~~~~~
/Users/serenachang/.rbenv/versions/2.6.10/include/ruby-2.6.0/ruby/ruby.h:1826:56: note: expanded from macro 'rb_intern'
 1826 |         __extension__ (RUBY_CONST_ID_CACHE((ID), (str))) : \
      |                                                        ^
/Users/serenachang/.rbenv/versions/2.6.10/include/ruby-2.6.0/ruby/ruby.h:2602:20: note: expanded from macro 'rb_funcall'
 2602 |         rb_funcallv(recv, mid, \
      |                           ^~~
/Users/serenachang/.rbenv/versions/2.6.10/include/ruby-2.6.0/ruby/ruby.h:1005:14: note: expanded from macro 'RSTRING_PTR'
 1005 |      RSTRING(str)->as.heap.ptr)
      |              ^~~
/Users/serenachang/.rbenv/versions/2.6.10/include/ruby-2.6.0/ruby/ruby.h:1257:39: note: expanded from macro 'RSTRING'
 1257 | #define RSTRING(obj) (R_CAST(RString)(obj))
      |                                       ^~~
monitor.c:128:23: warning: '(' and '{' tokens introducing statement expression appear in different macro expansion contexts [-Wcompound-token-split-by-macro]
  128 |     rb_ivar_set(self, rb_intern("io"), io);
      |                       ^~~~~~~~~~~~~~~
/Users/serenachang/.rbenv/versions/2.6.10/include/ruby-2.6.0/ruby/ruby.h:1826:23: note: expanded from macro 'rb_intern'
 1826 |         __extension__ (RUBY_CONST_ID_CACHE((ID), (str))) : \
      |                       ^
monitor.c:128:23: note: '{' token is here
  128 |     rb_ivar_set(self, rb_intern("io"), io);
      |                       ^~~~~~~~~~~~~~~
/Users/serenachang/.rbenv/versions/2.6.10/include/ruby-2.6.0/ruby/ruby.h:1826:24: note: expanded from macro 'rb_intern'
 1826 |         __extension__ (RUBY_CONST_ID_CACHE((ID), (str))) : \
      |                        ^~~~~~~~~~~~~~~~~~~~~~~~~~~~~~~~
/Users/serenachang/.rbenv/versions/2.6.10/include/ruby-2.6.0/ruby/ruby.h:1811:5: note: expanded from macro 'RUBY_CONST_ID_CACHE'
 1811 |     {                                                   \
      |     ^
monitor.c:128:23: warning: '}' and ')' tokens terminating statement expression appear in different macro expansion contexts [-Wcompound-token-split-by-macro]
  128 |     rb_ivar_set(self, rb_intern("io"), io);
      |                       ^~~~~~~~~~~~~~~
/Users/serenachang/.rbenv/versions/2.6.10/include/ruby-2.6.0/ruby/ruby.h:1826:24: note: expanded from macro 'rb_intern'
 1826 |         __extension__ (RUBY_CONST_ID_CACHE((ID), (str))) : \
      |                        ^~~~~~~~~~~~~~~~~~~~~~~~~~~~~~~~
/Users/serenachang/.rbenv/versions/2.6.10/include/ruby-2.6.0/ruby/ruby.h:1816:5: note: expanded from macro 'RUBY_CONST_ID_CACHE'
 1816 |     }
      |     ^
monitor.c:128:23: note: ')' token is here
  128 |     rb_ivar_set(self, rb_intern("io"), io);
      |                       ^~~~~~~~~~~~~~~
/Users/serenachang/.rbenv/versions/2.6.10/include/ruby-2.6.0/ruby/ruby.h:1826:56: note: expanded from macro 'rb_intern'
 1826 |         __extension__ (RUBY_CONST_ID_CACHE((ID), (str))) : \
      |                                                        ^
monitor.c:129:23: warning: '(' and '{' tokens introducing statement expression appear in different macro expansion contexts [-Wcompound-token-split-by-macro]
  129 |     rb_ivar_set(self, rb_intern("interests"), interests);
      |                       ^~~~~~~~~~~~~~~~~~~~~~
/Users/serenachang/.rbenv/versions/2.6.10/include/ruby-2.6.0/ruby/ruby.h:1826:23: note: expanded from macro 'rb_intern'
 1826 |         __extension__ (RUBY_CONST_ID_CACHE((ID), (str))) : \
      |                       ^
monitor.c:129:23: note: '{' token is here
  129 |     rb_ivar_set(self, rb_intern("interests"), interests);
      |                       ^~~~~~~~~~~~~~~~~~~~~~
/Users/serenachang/.rbenv/versions/2.6.10/include/ruby-2.6.0/ruby/ruby.h:1826:24: note: expanded from macro 'rb_intern'
 1826 |         __extension__ (RUBY_CONST_ID_CACHE((ID), (str))) : \
      |                        ^~~~~~~~~~~~~~~~~~~~~~~~~~~~~~~~
/Users/serenachang/.rbenv/versions/2.6.10/include/ruby-2.6.0/ruby/ruby.h:1811:5: note: expanded from macro 'RUBY_CONST_ID_CACHE'
 1811 |     {                                                   \
      |     ^
monitor.c:129:23: warning: '}' and ')' tokens terminating statement expression appear in different macro expansion contexts [-Wcompound-token-split-by-macro]
  129 |     rb_ivar_set(self, rb_intern("interests"), interests);
      |                       ^~~~~~~~~~~~~~~~~~~~~~
/Users/serenachang/.rbenv/versions/2.6.10/include/ruby-2.6.0/ruby/ruby.h:1826:24: note: expanded from macro 'rb_intern'
 1826 |         __extension__ (RUBY_CONST_ID_CACHE((ID), (str))) : \
      |                        ^~~~~~~~~~~~~~~~~~~~~~~~~~~~~~~~
/Users/serenachang/.rbenv/versions/2.6.10/include/ruby-2.6.0/ruby/ruby.h:1816:5: note: expanded from macro 'RUBY_CONST_ID_CACHE'
 1816 |     }
      |     ^
monitor.c:129:23: note: ')' token is here
  129 |     rb_ivar_set(self, rb_intern("interests"), interests);
      |                       ^~~~~~~~~~~~~~~~~~~~~~
/Users/serenachang/.rbenv/versions/2.6.10/include/ruby-2.6.0/ruby/ruby.h:1826:56: note: expanded from macro 'rb_intern'
 1826 |         __extension__ (RUBY_CONST_ID_CACHE((ID), (str))) : \
      |                                                        ^
monitor.c:130:23: warning: '(' and '{' tokens introducing statement expression appear in different macro expansion contexts [-Wcompound-token-split-by-macro]
  130 |     rb_ivar_set(self, rb_intern("selector"), selector_obj);
      |                       ^~~~~~~~~~~~~~~~~~~~~
/Users/serenachang/.rbenv/versions/2.6.10/include/ruby-2.6.0/ruby/ruby.h:1826:23: note: expanded from macro 'rb_intern'
 1826 |         __extension__ (RUBY_CONST_ID_CACHE((ID), (str))) : \
      |                       ^
monitor.c:130:23: note: '{' token is here
  130 |     rb_ivar_set(self, rb_intern("selector"), selector_obj);
      |                       ^~~~~~~~~~~~~~~~~~~~~
/Users/serenachang/.rbenv/versions/2.6.10/include/ruby-2.6.0/ruby/ruby.h:1826:24: note: expanded from macro 'rb_intern'
 1826 |         __extension__ (RUBY_CONST_ID_CACHE((ID), (str))) : \
      |                        ^~~~~~~~~~~~~~~~~~~~~~~~~~~~~~~~
/Users/serenachang/.rbenv/versions/2.6.10/include/ruby-2.6.0/ruby/ruby.h:1811:5: note: expanded from macro 'RUBY_CONST_ID_CACHE'
 1811 |     {                                                   \
      |     ^
monitor.c:130:23: warning: '}' and ')' tokens terminating statement expression appear in different macro expansion contexts [-Wcompound-token-split-by-macro]
  130 |     rb_ivar_set(self, rb_intern("selector"), selector_obj);
      |                       ^~~~~~~~~~~~~~~~~~~~~
/Users/serenachang/.rbenv/versions/2.6.10/include/ruby-2.6.0/ruby/ruby.h:1826:24: note: expanded from macro 'rb_intern'
 1826 |         __extension__ (RUBY_CONST_ID_CACHE((ID), (str))) : \
      |                        ^~~~~~~~~~~~~~~~~~~~~~~~~~~~~~~~
/Users/serenachang/.rbenv/versions/2.6.10/include/ruby-2.6.0/ruby/ruby.h:1816:5: note: expanded from macro 'RUBY_CONST_ID_CACHE'
 1816 |     }
      |     ^
monitor.c:130:23: note: ')' token is here
  130 |     rb_ivar_set(self, rb_intern("selector"), selector_obj);
      |                       ^~~~~~~~~~~~~~~~~~~~~
/Users/serenachang/.rbenv/versions/2.6.10/include/ruby-2.6.0/ruby/ruby.h:1826:56: note: expanded from macro 'rb_intern'
 1826 |         __extension__ (RUBY_CONST_ID_CACHE((ID), (str))) : \
      |                                                        ^
monitor.c:125:9: warning: mixing declarations and code is incompatible with standards before C99 [-Wdeclaration-after-statement]
  125 |     int descriptor = rb_io_descriptor(rb_convert_type(io, T_FILE, "IO", "to_io"));
      |         ^
monitor.c:155:34: warning: '(' and '{' tokens introducing statement expression appear in different macro expansion contexts [-Wcompound-token-split-by-macro]
  155 |     selector = rb_ivar_get(self, rb_intern("selector"));
      |                                  ^~~~~~~~~~~~~~~~~~~~~
/Users/serenachang/.rbenv/versions/2.6.10/include/ruby-2.6.0/ruby/ruby.h:1826:23: note: expanded from macro 'rb_intern'
 1826 |         __extension__ (RUBY_CONST_ID_CACHE((ID), (str))) : \
      |                       ^
monitor.c:155:34: note: '{' token is here
  155 |     selector = rb_ivar_get(self, rb_intern("selector"));
      |                                  ^~~~~~~~~~~~~~~~~~~~~
/Users/serenachang/.rbenv/versions/2.6.10/include/ruby-2.6.0/ruby/ruby.h:1826:24: note: expanded from macro 'rb_intern'
 1826 |         __extension__ (RUBY_CONST_ID_CACHE((ID), (str))) : \
      |                        ^~~~~~~~~~~~~~~~~~~~~~~~~~~~~~~~
/Users/serenachang/.rbenv/versions/2.6.10/include/ruby-2.6.0/ruby/ruby.h:1811:5: note: expanded from macro 'RUBY_CONST_ID_CACHE'
 1811 |     {                                                   \
      |     ^
monitor.c:155:34: warning: '}' and ')' tokens terminating statement expression appear in different macro expansion contexts [-Wcompound-token-split-by-macro]
  155 |     selector = rb_ivar_get(self, rb_intern("selector"));
      |                                  ^~~~~~~~~~~~~~~~~~~~~
/Users/serenachang/.rbenv/versions/2.6.10/include/ruby-2.6.0/ruby/ruby.h:1826:24: note: expanded from macro 'rb_intern'
 1826 |         __extension__ (RUBY_CONST_ID_CACHE((ID), (str))) : \
      |                        ^~~~~~~~~~~~~~~~~~~~~~~~~~~~~~~~
/Users/serenachang/.rbenv/versions/2.6.10/include/ruby-2.6.0/ruby/ruby.h:1816:5: note: expanded from macro 'RUBY_CONST_ID_CACHE'
 1816 |     }
      |     ^
monitor.c:155:34: note: ')' token is here
  155 |     selector = rb_ivar_get(self, rb_intern("selector"));
      |                                  ^~~~~~~~~~~~~~~~~~~~~
/Users/serenachang/.rbenv/versions/2.6.10/include/ruby-2.6.0/ruby/ruby.h:1826:56: note: expanded from macro 'rb_intern'
 1826 |         __extension__ (RUBY_CONST_ID_CACHE((ID), (str))) : \
      |                                                        ^
monitor.c:164:27: warning: '(' and '{' tokens introducing statement expression appear in different macro expansion contexts [-Wcompound-token-split-by-macro]
  164 |         rb_ivar_set(self, rb_intern("selector"), Qnil);
      |                           ^~~~~~~~~~~~~~~~~~~~~
/Users/serenachang/.rbenv/versions/2.6.10/include/ruby-2.6.0/ruby/ruby.h:1826:23: note: expanded from macro 'rb_intern'
 1826 |         __extension__ (RUBY_CONST_ID_CACHE((ID), (str))) : \
      |                       ^
monitor.c:164:27: note: '{' token is here
  164 |         rb_ivar_set(self, rb_intern("selector"), Qnil);
      |                           ^~~~~~~~~~~~~~~~~~~~~
/Users/serenachang/.rbenv/versions/2.6.10/include/ruby-2.6.0/ruby/ruby.h:1826:24: note: expanded from macro 'rb_intern'
 1826 |         __extension__ (RUBY_CONST_ID_CACHE((ID), (str))) : \
      |                        ^~~~~~~~~~~~~~~~~~~~~~~~~~~~~~~~
/Users/serenachang/.rbenv/versions/2.6.10/include/ruby-2.6.0/ruby/ruby.h:1811:5: note: expanded from macro 'RUBY_CONST_ID_CACHE'
 1811 |     {                                                   \
      |     ^
monitor.c:164:27: warning: '}' and ')' tokens terminating statement expression appear in different macro expansion contexts [-Wcompound-token-split-by-macro]
  164 |         rb_ivar_set(self, rb_intern("selector"), Qnil);
      |                           ^~~~~~~~~~~~~~~~~~~~~
/Users/serenachang/.rbenv/versions/2.6.10/include/ruby-2.6.0/ruby/ruby.h:1826:24: note: expanded from macro 'rb_intern'
 1826 |         __extension__ (RUBY_CONST_ID_CACHE((ID), (str))) : \
      |                        ^~~~~~~~~~~~~~~~~~~~~~~~~~~~~~~~
/Users/serenachang/.rbenv/versions/2.6.10/include/ruby-2.6.0/ruby/ruby.h:1816:5: note: expanded from macro 'RUBY_CONST_ID_CACHE'
 1816 |     }
      |     ^
monitor.c:164:27: note: ')' token is here
  164 |         rb_ivar_set(self, rb_intern("selector"), Qnil);
      |                           ^~~~~~~~~~~~~~~~~~~~~
/Users/serenachang/.rbenv/versions/2.6.10/include/ruby-2.6.0/ruby/ruby.h:1826:56: note: expanded from macro 'rb_intern'
 1826 |         __extension__ (RUBY_CONST_ID_CACHE((ID), (str))) : \
      |                                                        ^
monitor.c:168:80: warning: '(' and '{' tokens introducing statement expression appear in different macro expansion contexts [-Wcompound-token-split-by-macro]
  168 |             rb_funcall(selector, rb_intern("deregister"), 1, rb_ivar_get(self, rb_intern("io")));
      |                                                                                ^~~~~~~~~~~~~~~
/Users/serenachang/.rbenv/versions/2.6.10/include/ruby-2.6.0/ruby/ruby.h:1826:23: note: expanded from macro 'rb_intern'
 1826 |         __extension__ (RUBY_CONST_ID_CACHE((ID), (str))) : \
      |                       ^
/Users/serenachang/.rbenv/versions/2.6.10/include/ruby-2.6.0/ruby/ruby.h:2599:35: note: expanded from macro 'rb_funcall'
 2599 |         const VALUE rb_funcall_args[] = {__VA_ARGS__}; \
      |                                          ^~~~~~~~~~~
monitor.c:168:80: note: '{' token is here
  168 |             rb_funcall(selector, rb_intern("deregister"), 1, rb_ivar_get(self, rb_intern("io")));
      |                                                                                ^~~~~~~~~~~~~~~
/Users/serenachang/.rbenv/versions/2.6.10/include/ruby-2.6.0/ruby/ruby.h:1826:24: note: expanded from macro 'rb_intern'
 1826 |         __extension__ (RUBY_CONST_ID_CACHE((ID), (str))) : \
      |                        ^~~~~~~~~~~~~~~~~~~~~~~~~~~~~~~~
/Users/serenachang/.rbenv/versions/2.6.10/include/ruby-2.6.0/ruby/ruby.h:1811:5: note: expanded from macro 'RUBY_CONST_ID_CACHE'
 1811 |     {                                                   \
      |     ^
/Users/serenachang/.rbenv/versions/2.6.10/include/ruby-2.6.0/ruby/ruby.h:2599:35: note: expanded from macro 'rb_funcall'
 2599 |         const VALUE rb_funcall_args[] = {__VA_ARGS__}; \
      |                                          ^~~~~~~~~~~
monitor.c:168:80: warning: '}' and ')' tokens terminating statement expression appear in different macro expansion contexts [-Wcompound-token-split-by-macro]
  168 |             rb_funcall(selector, rb_intern("deregister"), 1, rb_ivar_get(self, rb_intern("io")));
      |                                                                                ^~~~~~~~~~~~~~~
/Users/serenachang/.rbenv/versions/2.6.10/include/ruby-2.6.0/ruby/ruby.h:1826:24: note: expanded from macro 'rb_intern'
 1826 |         __extension__ (RUBY_CONST_ID_CACHE((ID), (str))) : \
      |                        ^~~~~~~~~~~~~~~~~~~~~~~~~~~~~~~~
/Users/serenachang/.rbenv/versions/2.6.10/include/ruby-2.6.0/ruby/ruby.h:1816:5: note: expanded from macro 'RUBY_CONST_ID_CACHE'
 1816 |     }
      |     ^
/Users/serenachang/.rbenv/versions/2.6.10/include/ruby-2.6.0/ruby/ruby.h:2599:35: note: expanded from macro 'rb_funcall'
 2599 |         const VALUE rb_funcall_args[] = {__VA_ARGS__}; \
      |                                          ^~~~~~~~~~~
monitor.c:168:80: note: ')' token is here
  168 |             rb_funcall(selector, rb_intern("deregister"), 1, rb_ivar_get(self, rb_intern("io")));
      |                                                                                ^~~~~~~~~~~~~~~
/Users/serenachang/.rbenv/versions/2.6.10/include/ruby-2.6.0/ruby/ruby.h:1826:56: note: expanded from macro 'rb_intern'
 1826 |         __extension__ (RUBY_CONST_ID_CACHE((ID), (str))) : \
      |                                                        ^
/Users/serenachang/.rbenv/versions/2.6.10/include/ruby-2.6.0/ruby/ruby.h:2599:35: note: expanded from macro 'rb_funcall'
 2599 |         const VALUE rb_funcall_args[] = {__VA_ARGS__}; \
      |                                          ^~~~~~~~~~~
monitor.c:168:34: warning: '(' and '{' tokens introducing statement expression appear in different macro expansion contexts [-Wcompound-token-split-by-macro]
  168 |             rb_funcall(selector, rb_intern("deregister"), 1, rb_ivar_get(self, rb_intern("io")));
      |                                  ^~~~~~~~~~~~~~~~~~~~~~~
/Users/serenachang/.rbenv/versions/2.6.10/include/ruby-2.6.0/ruby/ruby.h:1826:23: note: expanded from macro 'rb_intern'
 1826 |         __extension__ (RUBY_CONST_ID_CACHE((ID), (str))) : \
      |                       ^
/Users/serenachang/.rbenv/versions/2.6.10/include/ruby-2.6.0/ruby/ruby.h:2602:20: note: expanded from macro 'rb_funcall'
 2602 |         rb_funcallv(recv, mid, \
      |                           ^~~
monitor.c:168:34: note: '{' token is here
  168 |             rb_funcall(selector, rb_intern("deregister"), 1, rb_ivar_get(self, rb_intern("io")));
      |                                  ^~~~~~~~~~~~~~~~~~~~~~~
/Users/serenachang/.rbenv/versions/2.6.10/include/ruby-2.6.0/ruby/ruby.h:1826:24: note: expanded from macro 'rb_intern'
 1826 |         __extension__ (RUBY_CONST_ID_CACHE((ID), (str))) : \
      |                        ^~~~~~~~~~~~~~~~~~~~~~~~~~~~~~~~
/Users/serenachang/.rbenv/versions/2.6.10/include/ruby-2.6.0/ruby/ruby.h:1811:5: note: expanded from macro 'RUBY_CONST_ID_CACHE'
 1811 |     {                                                   \
      |     ^
/Users/serenachang/.rbenv/versions/2.6.10/include/ruby-2.6.0/ruby/ruby.h:2602:20: note: expanded from macro 'rb_funcall'
 2602 |         rb_funcallv(recv, mid, \
      |                           ^~~
monitor.c:168:34: warning: '}' and ')' tokens terminating statement expression appear in different macro expansion contexts [-Wcompound-token-split-by-macro]
  168 |             rb_funcall(selector, rb_intern("deregister"), 1, rb_ivar_get(self, rb_intern("io")));
      |                                  ^~~~~~~~~~~~~~~~~~~~~~~
/Users/serenachang/.rbenv/versions/2.6.10/include/ruby-2.6.0/ruby/ruby.h:1826:24: note: expanded from macro 'rb_intern'
 1826 |         __extension__ (RUBY_CONST_ID_CACHE((ID), (str))) : \
      |                        ^~~~~~~~~~~~~~~~~~~~~~~~~~~~~~~~
/Users/serenachang/.rbenv/versions/2.6.10/include/ruby-2.6.0/ruby/ruby.h:1816:5: note: expanded from macro 'RUBY_CONST_ID_CACHE'
 1816 |     }
      |     ^
/Users/serenachang/.rbenv/versions/2.6.10/include/ruby-2.6.0/ruby/ruby.h:2602:20: note: expanded from macro 'rb_funcall'
 2602 |         rb_funcallv(recv, mid, \
      |                           ^~~
monitor.c:168:34: note: ')' token is here
  168 |             rb_funcall(selector, rb_intern("deregister"), 1, rb_ivar_get(self, rb_intern("io")));
      |                                  ^~~~~~~~~~~~~~~~~~~~~~~
/Users/serenachang/.rbenv/versions/2.6.10/include/ruby-2.6.0/ruby/ruby.h:1826:56: note: expanded from macro 'rb_intern'
 1826 |         __extension__ (RUBY_CONST_ID_CACHE((ID), (str))) : \
      |                                                        ^
/Users/serenachang/.rbenv/versions/2.6.10/include/ruby-2.6.0/ruby/ruby.h:2602:20: note: expanded from macro 'rb_funcall'
 2602 |         rb_funcallv(recv, mid, \
      |                           ^~~
monitor.c:185:30: warning: '(' and '{' tokens introducing statement expression appear in different macro expansion contexts [-Wcompound-token-split-by-macro]
  185 |     return rb_ivar_get(self, rb_intern("io"));
      |                              ^~~~~~~~~~~~~~~
/Users/serenachang/.rbenv/versions/2.6.10/include/ruby-2.6.0/ruby/ruby.h:1826:23: note: expanded from macro 'rb_intern'
 1826 |         __extension__ (RUBY_CONST_ID_CACHE((ID), (str))) : \
      |                       ^
monitor.c:185:30: note: '{' token is here
  185 |     return rb_ivar_get(self, rb_intern("io"));
      |                              ^~~~~~~~~~~~~~~
/Users/serenachang/.rbenv/versions/2.6.10/include/ruby-2.6.0/ruby/ruby.h:1826:24: note: expanded from macro 'rb_intern'
 1826 |         __extension__ (RUBY_CONST_ID_CACHE((ID), (str))) : \
      |                        ^~~~~~~~~~~~~~~~~~~~~~~~~~~~~~~~
/Users/serenachang/.rbenv/versions/2.6.10/include/ruby-2.6.0/ruby/ruby.h:1811:5: note: expanded from macro 'RUBY_CONST_ID_CACHE'
 1811 |     {                                                   \
      |     ^
monitor.c:185:30: warning: '}' and ')' tokens terminating statement expression appear in different macro expansion contexts [-Wcompound-token-split-by-macro]
  185 |     return rb_ivar_get(self, rb_intern("io"));
      |                              ^~~~~~~~~~~~~~~
/Users/serenachang/.rbenv/versions/2.6.10/include/ruby-2.6.0/ruby/ruby.h:1826:24: note: expanded from macro 'rb_intern'
 1826 |         __extension__ (RUBY_CONST_ID_CACHE((ID), (str))) : \
      |                        ^~~~~~~~~~~~~~~~~~~~~~~~~~~~~~~~
/Users/serenachang/.rbenv/versions/2.6.10/include/ruby-2.6.0/ruby/ruby.h:1816:5: note: expanded from macro 'RUBY_CONST_ID_CACHE'
 1816 |     }
      |     ^
monitor.c:185:30: note: ')' token is here
  185 |     return rb_ivar_get(self, rb_intern("io"));
      |                              ^~~~~~~~~~~~~~~
/Users/serenachang/.rbenv/versions/2.6.10/include/ruby-2.6.0/ruby/ruby.h:1826:56: note: expanded from macro 'rb_intern'
 1826 |         __extension__ (RUBY_CONST_ID_CACHE((ID), (str))) : \
      |                                                        ^
monitor.c:190:30: warning: '(' and '{' tokens introducing statement expression appear in different macro expansion contexts [-Wcompound-token-split-by-macro]
  190 |     return rb_ivar_get(self, rb_intern("interests"));
      |                              ^~~~~~~~~~~~~~~~~~~~~~
/Users/serenachang/.rbenv/versions/2.6.10/include/ruby-2.6.0/ruby/ruby.h:1826:23: note: expanded from macro 'rb_intern'
 1826 |         __extension__ (RUBY_CONST_ID_CACHE((ID), (str))) : \
      |                       ^
monitor.c:190:30: note: '{' token is here
  190 |     return rb_ivar_get(self, rb_intern("interests"));
      |                              ^~~~~~~~~~~~~~~~~~~~~~
/Users/serenachang/.rbenv/versions/2.6.10/include/ruby-2.6.0/ruby/ruby.h:1826:24: note: expanded from macro 'rb_intern'
 1826 |         __extension__ (RUBY_CONST_ID_CACHE((ID), (str))) : \
      |                        ^~~~~~~~~~~~~~~~~~~~~~~~~~~~~~~~
/Users/serenachang/.rbenv/versions/2.6.10/include/ruby-2.6.0/ruby/ruby.h:1811:5: note: expanded from macro 'RUBY_CONST_ID_CACHE'
 1811 |     {                                                   \
      |     ^
monitor.c:190:30: warning: '}' and ')' tokens terminating statement expression appear in different macro expansion contexts [-Wcompound-token-split-by-macro]
  190 |     return rb_ivar_get(self, rb_intern("interests"));
      |                              ^~~~~~~~~~~~~~~~~~~~~~
/Users/serenachang/.rbenv/versions/2.6.10/include/ruby-2.6.0/ruby/ruby.h:1826:24: note: expanded from macro 'rb_intern'
 1826 |         __extension__ (RUBY_CONST_ID_CACHE((ID), (str))) : \
      |                        ^~~~~~~~~~~~~~~~~~~~~~~~~~~~~~~~
/Users/serenachang/.rbenv/versions/2.6.10/include/ruby-2.6.0/ruby/ruby.h:1816:5: note: expanded from macro 'RUBY_CONST_ID_CACHE'
 1816 |     }
      |     ^
monitor.c:190:30: note: ')' token is here
  190 |     return rb_ivar_get(self, rb_intern("interests"));
      |                              ^~~~~~~~~~~~~~~~~~~~~~
/Users/serenachang/.rbenv/versions/2.6.10/include/ruby-2.6.0/ruby/ruby.h:1826:56: note: expanded from macro 'rb_intern'
 1826 |         __extension__ (RUBY_CONST_ID_CACHE((ID), (str))) : \
      |                                                        ^
monitor.c:201:30: warning: '(' and '{' tokens introducing statement expression appear in different macro expansion contexts [-Wcompound-token-split-by-macro]
  201 |     return rb_ivar_get(self, rb_intern("interests"));
      |                              ^~~~~~~~~~~~~~~~~~~~~~
/Users/serenachang/.rbenv/versions/2.6.10/include/ruby-2.6.0/ruby/ruby.h:1826:23: note: expanded from macro 'rb_intern'
 1826 |         __extension__ (RUBY_CONST_ID_CACHE((ID), (str))) : \
      |                       ^
monitor.c:201:30: note: '{' token is here
  201 |     return rb_ivar_get(self, rb_intern("interests"));
      |                              ^~~~~~~~~~~~~~~~~~~~~~
/Users/serenachang/.rbenv/versions/2.6.10/include/ruby-2.6.0/ruby/ruby.h:1826:24: note: expanded from macro 'rb_intern'
 1826 |         __extension__ (RUBY_CONST_ID_CACHE((ID), (str))) : \
      |                        ^~~~~~~~~~~~~~~~~~~~~~~~~~~~~~~~
/Users/serenachang/.rbenv/versions/2.6.10/include/ruby-2.6.0/ruby/ruby.h:1811:5: note: expanded from macro 'RUBY_CONST_ID_CACHE'
 1811 |     {                                                   \
      |     ^
monitor.c:201:30: warning: '}' and ')' tokens terminating statement expression appear in different macro expansion contexts [-Wcompound-token-split-by-macro]
  201 |     return rb_ivar_get(self, rb_intern("interests"));
      |                              ^~~~~~~~~~~~~~~~~~~~~~
/Users/serenachang/.rbenv/versions/2.6.10/include/ruby-2.6.0/ruby/ruby.h:1826:24: note: expanded from macro 'rb_intern'
 1826 |         __extension__ (RUBY_CONST_ID_CACHE((ID), (str))) : \
      |                        ^~~~~~~~~~~~~~~~~~~~~~~~~~~~~~~~
/Users/serenachang/.rbenv/versions/2.6.10/include/ruby-2.6.0/ruby/ruby.h:1816:5: note: expanded from macro 'RUBY_CONST_ID_CACHE'
 1816 |     }
      |     ^
monitor.c:201:30: note: ')' token is here
  201 |     return rb_ivar_get(self, rb_intern("interests"));
      |                              ^~~~~~~~~~~~~~~~~~~~~~
/Users/serenachang/.rbenv/versions/2.6.10/include/ruby-2.6.0/ruby/ruby.h:1826:56: note: expanded from macro 'rb_intern'
 1826 |         __extension__ (RUBY_CONST_ID_CACHE((ID), (str))) : \
      |                                                        ^
monitor.c:212:30: warning: '(' and '{' tokens introducing statement expression appear in different macro expansion contexts [-Wcompound-token-split-by-macro]
  212 |     return rb_ivar_get(self, rb_intern("interests"));
      |                              ^~~~~~~~~~~~~~~~~~~~~~
/Users/serenachang/.rbenv/versions/2.6.10/include/ruby-2.6.0/ruby/ruby.h:1826:23: note: expanded from macro 'rb_intern'
 1826 |         __extension__ (RUBY_CONST_ID_CACHE((ID), (str))) : \
      |                       ^
monitor.c:212:30: note: '{' token is here
  212 |     return rb_ivar_get(self, rb_intern("interests"));
      |                              ^~~~~~~~~~~~~~~~~~~~~~
/Users/serenachang/.rbenv/versions/2.6.10/include/ruby-2.6.0/ruby/ruby.h:1826:24: note: expanded from macro 'rb_intern'
 1826 |         __extension__ (RUBY_CONST_ID_CACHE((ID), (str))) : \
      |                        ^~~~~~~~~~~~~~~~~~~~~~~~~~~~~~~~
/Users/serenachang/.rbenv/versions/2.6.10/include/ruby-2.6.0/ruby/ruby.h:1811:5: note: expanded from macro 'RUBY_CONST_ID_CACHE'
 1811 |     {                                                   \
      |     ^
monitor.c:212:30: warning: '}' and ')' tokens terminating statement expression appear in different macro expansion contexts [-Wcompound-token-split-by-macro]
  212 |     return rb_ivar_get(self, rb_intern("interests"));
      |                              ^~~~~~~~~~~~~~~~~~~~~~
/Users/serenachang/.rbenv/versions/2.6.10/include/ruby-2.6.0/ruby/ruby.h:1826:24: note: expanded from macro 'rb_intern'
 1826 |         __extension__ (RUBY_CONST_ID_CACHE((ID), (str))) : \
      |                        ^~~~~~~~~~~~~~~~~~~~~~~~~~~~~~~~
/Users/serenachang/.rbenv/versions/2.6.10/include/ruby-2.6.0/ruby/ruby.h:1816:5: note: expanded from macro 'RUBY_CONST_ID_CACHE'
 1816 |     }
      |     ^
monitor.c:212:30: note: ')' token is here
  212 |     return rb_ivar_get(self, rb_intern("interests"));
      |                              ^~~~~~~~~~~~~~~~~~~~~~
/Users/serenachang/.rbenv/versions/2.6.10/include/ruby-2.6.0/ruby/ruby.h:1826:56: note: expanded from macro 'rb_intern'
 1826 |         __extension__ (RUBY_CONST_ID_CACHE((ID), (str))) : \
      |                                                        ^
monitor.c:223:30: warning: '(' and '{' tokens introducing statement expression appear in different macro expansion contexts [-Wcompound-token-split-by-macro]
  223 |     return rb_ivar_get(self, rb_intern("interests"));
      |                              ^~~~~~~~~~~~~~~~~~~~~~
/Users/serenachang/.rbenv/versions/2.6.10/include/ruby-2.6.0/ruby/ruby.h:1826:23: note: expanded from macro 'rb_intern'
 1826 |         __extension__ (RUBY_CONST_ID_CACHE((ID), (str))) : \
      |                       ^
monitor.c:223:30: note: '{' token is here
  223 |     return rb_ivar_get(self, rb_intern("interests"));
      |                              ^~~~~~~~~~~~~~~~~~~~~~
/Users/serenachang/.rbenv/versions/2.6.10/include/ruby-2.6.0/ruby/ruby.h:1826:24: note: expanded from macro 'rb_intern'
 1826 |         __extension__ (RUBY_CONST_ID_CACHE((ID), (str))) : \
      |                        ^~~~~~~~~~~~~~~~~~~~~~~~~~~~~~~~
/Users/serenachang/.rbenv/versions/2.6.10/include/ruby-2.6.0/ruby/ruby.h:1811:5: note: expanded from macro 'RUBY_CONST_ID_CACHE'
 1811 |     {                                                   \
      |     ^
monitor.c:223:30: warning: '}' and ')' tokens terminating statement expression appear in different macro expansion contexts [-Wcompound-token-split-by-macro]
  223 |     return rb_ivar_get(self, rb_intern("interests"));
      |                              ^~~~~~~~~~~~~~~~~~~~~~
/Users/serenachang/.rbenv/versions/2.6.10/include/ruby-2.6.0/ruby/ruby.h:1826:24: note: expanded from macro 'rb_intern'
 1826 |         __extension__ (RUBY_CONST_ID_CACHE((ID), (str))) : \
      |                        ^~~~~~~~~~~~~~~~~~~~~~~~~~~~~~~~
/Users/serenachang/.rbenv/versions/2.6.10/include/ruby-2.6.0/ruby/ruby.h:1816:5: note: expanded from macro 'RUBY_CONST_ID_CACHE'
 1816 |     }
      |     ^
monitor.c:223:30: note: ')' token is here
  223 |     return rb_ivar_get(self, rb_intern("interests"));
      |                              ^~~~~~~~~~~~~~~~~~~~~~
/Users/serenachang/.rbenv/versions/2.6.10/include/ruby-2.6.0/ruby/ruby.h:1826:56: note: expanded from macro 'rb_intern'
 1826 |         __extension__ (RUBY_CONST_ID_CACHE((ID), (str))) : \
      |                                                        ^
monitor.c:228:30: warning: '(' and '{' tokens introducing statement expression appear in different macro expansion contexts [-Wcompound-token-split-by-macro]
  228 |     return rb_ivar_get(self, rb_intern("selector"));
      |                              ^~~~~~~~~~~~~~~~~~~~~
/Users/serenachang/.rbenv/versions/2.6.10/include/ruby-2.6.0/ruby/ruby.h:1826:23: note: expanded from macro 'rb_intern'
 1826 |         __extension__ (RUBY_CONST_ID_CACHE((ID), (str))) : \
      |                       ^
monitor.c:228:30: note: '{' token is here
  228 |     return rb_ivar_get(self, rb_intern("selector"));
      |                              ^~~~~~~~~~~~~~~~~~~~~
/Users/serenachang/.rbenv/versions/2.6.10/include/ruby-2.6.0/ruby/ruby.h:1826:24: note: expanded from macro 'rb_intern'
 1826 |         __extension__ (RUBY_CONST_ID_CACHE((ID), (str))) : \
      |                        ^~~~~~~~~~~~~~~~~~~~~~~~~~~~~~~~
/Users/serenachang/.rbenv/versions/2.6.10/include/ruby-2.6.0/ruby/ruby.h:1811:5: note: expanded from macro 'RUBY_CONST_ID_CACHE'
 1811 |     {                                                   \
      |     ^
monitor.c:228:30: warning: '}' and ')' tokens terminating statement expression appear in different macro expansion contexts [-Wcompound-token-split-by-macro]
  228 |     return rb_ivar_get(self, rb_intern("selector"));
      |                              ^~~~~~~~~~~~~~~~~~~~~
/Users/serenachang/.rbenv/versions/2.6.10/include/ruby-2.6.0/ruby/ruby.h:1826:24: note: expanded from macro 'rb_intern'
 1826 |         __extension__ (RUBY_CONST_ID_CACHE((ID), (str))) : \
      |                        ^~~~~~~~~~~~~~~~~~~~~~~~~~~~~~~~
/Users/serenachang/.rbenv/versions/2.6.10/include/ruby-2.6.0/ruby/ruby.h:1816:5: note: expanded from macro 'RUBY_CONST_ID_CACHE'
 1816 |     }
      |     ^
monitor.c:228:30: note: ')' token is here
  228 |     return rb_ivar_get(self, rb_intern("selector"));
      |                              ^~~~~~~~~~~~~~~~~~~~~
/Users/serenachang/.rbenv/versions/2.6.10/include/ruby-2.6.0/ruby/ruby.h:1826:56: note: expanded from macro 'rb_intern'
 1826 |         __extension__ (RUBY_CONST_ID_CACHE((ID), (str))) : \
      |                                                        ^
monitor.c:233:30: warning: '(' and '{' tokens introducing statement expression appear in different macro expansion contexts [-Wcompound-token-split-by-macro]
  233 |     return rb_ivar_get(self, rb_intern("value"));
      |                              ^~~~~~~~~~~~~~~~~~
/Users/serenachang/.rbenv/versions/2.6.10/include/ruby-2.6.0/ruby/ruby.h:1826:23: note: expanded from macro 'rb_intern'
 1826 |         __extension__ (RUBY_CONST_ID_CACHE((ID), (str))) : \
      |                       ^
monitor.c:233:30: note: '{' token is here
  233 |     return rb_ivar_get(self, rb_intern("value"));
      |                              ^~~~~~~~~~~~~~~~~~
/Users/serenachang/.rbenv/versions/2.6.10/include/ruby-2.6.0/ruby/ruby.h:1826:24: note: expanded from macro 'rb_intern'
 1826 |         __extension__ (RUBY_CONST_ID_CACHE((ID), (str))) : \
      |                        ^~~~~~~~~~~~~~~~~~~~~~~~~~~~~~~~
/Users/serenachang/.rbenv/versions/2.6.10/include/ruby-2.6.0/ruby/ruby.h:1811:5: note: expanded from macro 'RUBY_CONST_ID_CACHE'
 1811 |     {                                                   \
      |     ^
monitor.c:233:30: warning: '}' and ')' tokens terminating statement expression appear in different macro expansion contexts [-Wcompound-token-split-by-macro]
  233 |     return rb_ivar_get(self, rb_intern("value"));
      |                              ^~~~~~~~~~~~~~~~~~
/Users/serenachang/.rbenv/versions/2.6.10/include/ruby-2.6.0/ruby/ruby.h:1826:24: note: expanded from macro 'rb_intern'
 1826 |         __extension__ (RUBY_CONST_ID_CACHE((ID), (str))) : \
      |                        ^~~~~~~~~~~~~~~~~~~~~~~~~~~~~~~~
/Users/serenachang/.rbenv/versions/2.6.10/include/ruby-2.6.0/ruby/ruby.h:1816:5: note: expanded from macro 'RUBY_CONST_ID_CACHE'
 1816 |     }
      |     ^
monitor.c:233:30: note: ')' token is here
  233 |     return rb_ivar_get(self, rb_intern("value"));
      |                              ^~~~~~~~~~~~~~~~~~
/Users/serenachang/.rbenv/versions/2.6.10/include/ruby-2.6.0/ruby/ruby.h:1826:56: note: expanded from macro 'rb_intern'
 1826 |         __extension__ (RUBY_CONST_ID_CACHE((ID), (str))) : \
      |                                                        ^
monitor.c:238:30: warning: '(' and '{' tokens introducing statement expression appear in different macro expansion contexts [-Wcompound-token-split-by-macro]
  238 |     return rb_ivar_set(self, rb_intern("value"), obj);
      |                              ^~~~~~~~~~~~~~~~~~
/Users/serenachang/.rbenv/versions/2.6.10/include/ruby-2.6.0/ruby/ruby.h:1826:23: note: expanded from macro 'rb_intern'
 1826 |         __extension__ (RUBY_CONST_ID_CACHE((ID), (str))) : \
      |                       ^
monitor.c:238:30: note: '{' token is here
  238 |     return rb_ivar_set(self, rb_intern("value"), obj);
      |                              ^~~~~~~~~~~~~~~~~~
/Users/serenachang/.rbenv/versions/2.6.10/include/ruby-2.6.0/ruby/ruby.h:1826:24: note: expanded from macro 'rb_intern'
 1826 |         __extension__ (RUBY_CONST_ID_CACHE((ID), (str))) : \
      |                        ^~~~~~~~~~~~~~~~~~~~~~~~~~~~~~~~
/Users/serenachang/.rbenv/versions/2.6.10/include/ruby-2.6.0/ruby/ruby.h:1811:5: note: expanded from macro 'RUBY_CONST_ID_CACHE'
 1811 |     {                                                   \
      |     ^
monitor.c:238:30: warning: '}' and ')' tokens terminating statement expression appear in different macro expansion contexts [-Wcompound-token-split-by-macro]
  238 |     return rb_ivar_set(self, rb_intern("value"), obj);
      |                              ^~~~~~~~~~~~~~~~~~
/Users/serenachang/.rbenv/versions/2.6.10/include/ruby-2.6.0/ruby/ruby.h:1826:24: note: expanded from macro 'rb_intern'
 1826 |         __extension__ (RUBY_CONST_ID_CACHE((ID), (str))) : \
      |                        ^~~~~~~~~~~~~~~~~~~~~~~~~~~~~~~~
/Users/serenachang/.rbenv/versions/2.6.10/include/ruby-2.6.0/ruby/ruby.h:1816:5: note: expanded from macro 'RUBY_CONST_ID_CACHE'
 1816 |     }
      |     ^
monitor.c:238:30: note: ')' token is here
  238 |     return rb_ivar_set(self, rb_intern("value"), obj);
      |                              ^~~~~~~~~~~~~~~~~~
/Users/serenachang/.rbenv/versions/2.6.10/include/ruby-2.6.0/ruby/ruby.h:1826:56: note: expanded from macro 'rb_intern'
 1826 |         __extension__ (RUBY_CONST_ID_CACHE((ID), (str))) : \
      |                                                        ^
monitor.c:247:23: warning: '(' and '{' tokens introducing statement expression appear in different macro expansion contexts [-Wcompound-token-split-by-macro]
  247 |         return ID2SYM(rb_intern("rw"));
      |                       ^~~~~~~~~~~~~~~
/Users/serenachang/.rbenv/versions/2.6.10/include/ruby-2.6.0/ruby/ruby.h:1826:23: note: expanded from macro 'rb_intern'
 1826 |         __extension__ (RUBY_CONST_ID_CACHE((ID), (str))) : \
      |                       ^
/Users/serenachang/.rbenv/versions/2.6.10/include/ruby-2.6.0/ruby/ruby.h:413:29: note: expanded from macro 'ID2SYM'
  413 | #define ID2SYM(x) RB_ID2SYM(x)
      |                             ^
/Users/serenachang/.rbenv/versions/2.6.10/include/ruby-2.6.0/ruby/ruby.h:408:33: note: expanded from macro 'RB_ID2SYM'
  408 | #define RB_ID2SYM(x) (rb_id2sym(x))
      |                                 ^
monitor.c:247:23: note: '{' token is here
  247 |         return ID2SYM(rb_intern("rw"));
      |                       ^~~~~~~~~~~~~~~
/Users/serenachang/.rbenv/versions/2.6.10/include/ruby-2.6.0/ruby/ruby.h:1826:24: note: expanded from macro 'rb_intern'
 1826 |         __extension__ (RUBY_CONST_ID_CACHE((ID), (str))) : \
      |                        ^~~~~~~~~~~~~~~~~~~~~~~~~~~~~~~~
/Users/serenachang/.rbenv/versions/2.6.10/include/ruby-2.6.0/ruby/ruby.h:1811:5: note: expanded from macro 'RUBY_CONST_ID_CACHE'
 1811 |     {                                                   \
      |     ^
/Users/serenachang/.rbenv/versions/2.6.10/include/ruby-2.6.0/ruby/ruby.h:413:29: note: expanded from macro 'ID2SYM'
  413 | #define ID2SYM(x) RB_ID2SYM(x)
      |                             ^
/Users/serenachang/.rbenv/versions/2.6.10/include/ruby-2.6.0/ruby/ruby.h:408:33: note: expanded from macro 'RB_ID2SYM'
  408 | #define RB_ID2SYM(x) (rb_id2sym(x))
      |                                 ^
monitor.c:247:23: warning: '}' and ')' tokens terminating statement expression appear in different macro expansion contexts [-Wcompound-token-split-by-macro]
  247 |         return ID2SYM(rb_intern("rw"));
      |                       ^~~~~~~~~~~~~~~
/Users/serenachang/.rbenv/versions/2.6.10/include/ruby-2.6.0/ruby/ruby.h:1826:24: note: expanded from macro 'rb_intern'
 1826 |         __extension__ (RUBY_CONST_ID_CACHE((ID), (str))) : \
      |                        ^~~~~~~~~~~~~~~~~~~~~~~~~~~~~~~~
/Users/serenachang/.rbenv/versions/2.6.10/include/ruby-2.6.0/ruby/ruby.h:1816:5: note: expanded from macro 'RUBY_CONST_ID_CACHE'
 1816 |     }
      |     ^
/Users/serenachang/.rbenv/versions/2.6.10/include/ruby-2.6.0/ruby/ruby.h:413:29: note: expanded from macro 'ID2SYM'
  413 | #define ID2SYM(x) RB_ID2SYM(x)
      |                             ^
/Users/serenachang/.rbenv/versions/2.6.10/include/ruby-2.6.0/ruby/ruby.h:408:33: note: expanded from macro 'RB_ID2SYM'
  408 | #define RB_ID2SYM(x) (rb_id2sym(x))
      |                                 ^
monitor.c:247:23: note: ')' token is here
  247 |         return ID2SYM(rb_intern("rw"));
      |                       ^~~~~~~~~~~~~~~
/Users/serenachang/.rbenv/versions/2.6.10/include/ruby-2.6.0/ruby/ruby.h:1826:56: note: expanded from macro 'rb_intern'
 1826 |         __extension__ (RUBY_CONST_ID_CACHE((ID), (str))) : \
      |                                                        ^
/Users/serenachang/.rbenv/versions/2.6.10/include/ruby-2.6.0/ruby/ruby.h:413:29: note: expanded from macro 'ID2SYM'
  413 | #define ID2SYM(x) RB_ID2SYM(x)
      |                             ^
/Users/serenachang/.rbenv/versions/2.6.10/include/ruby-2.6.0/ruby/ruby.h:408:33: note: expanded from macro 'RB_ID2SYM'
  408 | #define RB_ID2SYM(x) (rb_id2sym(x))
      |                                 ^
monitor.c:249:23: warning: '(' and '{' tokens introducing statement expression appear in different macro expansion contexts [-Wcompound-token-split-by-macro]
  249 |         return ID2SYM(rb_intern("r"));
      |                       ^~~~~~~~~~~~~~
/Users/serenachang/.rbenv/versions/2.6.10/include/ruby-2.6.0/ruby/ruby.h:1826:23: note: expanded from macro 'rb_intern'
 1826 |         __extension__ (RUBY_CONST_ID_CACHE((ID), (str))) : \
      |                       ^
/Users/serenachang/.rbenv/versions/2.6.10/include/ruby-2.6.0/ruby/ruby.h:413:29: note: expanded from macro 'ID2SYM'
  413 | #define ID2SYM(x) RB_ID2SYM(x)
      |                             ^
/Users/serenachang/.rbenv/versions/2.6.10/include/ruby-2.6.0/ruby/ruby.h:408:33: note: expanded from macro 'RB_ID2SYM'
  408 | #define RB_ID2SYM(x) (rb_id2sym(x))
      |                                 ^
monitor.c:249:23: note: '{' token is here
  249 |         return ID2SYM(rb_intern("r"));
      |                       ^~~~~~~~~~~~~~
/Users/serenachang/.rbenv/versions/2.6.10/include/ruby-2.6.0/ruby/ruby.h:1826:24: note: expanded from macro 'rb_intern'
 1826 |         __extension__ (RUBY_CONST_ID_CACHE((ID), (str))) : \
      |                        ^~~~~~~~~~~~~~~~~~~~~~~~~~~~~~~~
/Users/serenachang/.rbenv/versions/2.6.10/include/ruby-2.6.0/ruby/ruby.h:1811:5: note: expanded from macro 'RUBY_CONST_ID_CACHE'
 1811 |     {                                                   \
      |     ^
/Users/serenachang/.rbenv/versions/2.6.10/include/ruby-2.6.0/ruby/ruby.h:413:29: note: expanded from macro 'ID2SYM'
  413 | #define ID2SYM(x) RB_ID2SYM(x)
      |                             ^
/Users/serenachang/.rbenv/versions/2.6.10/include/ruby-2.6.0/ruby/ruby.h:408:33: note: expanded from macro 'RB_ID2SYM'
  408 | #define RB_ID2SYM(x) (rb_id2sym(x))
      |                                 ^
monitor.c:249:23: warning: '}' and ')' tokens terminating statement expression appear in different macro expansion contexts [-Wcompound-token-split-by-macro]
  249 |         return ID2SYM(rb_intern("r"));
      |                       ^~~~~~~~~~~~~~
/Users/serenachang/.rbenv/versions/2.6.10/include/ruby-2.6.0/ruby/ruby.h:1826:24: note: expanded from macro 'rb_intern'
 1826 |         __extension__ (RUBY_CONST_ID_CACHE((ID), (str))) : \
      |                        ^~~~~~~~~~~~~~~~~~~~~~~~~~~~~~~~
/Users/serenachang/.rbenv/versions/2.6.10/include/ruby-2.6.0/ruby/ruby.h:1816:5: note: expanded from macro 'RUBY_CONST_ID_CACHE'
 1816 |     }
      |     ^
/Users/serenachang/.rbenv/versions/2.6.10/include/ruby-2.6.0/ruby/ruby.h:413:29: note: expanded from macro 'ID2SYM'
  413 | #define ID2SYM(x) RB_ID2SYM(x)
      |                             ^
/Users/serenachang/.rbenv/versions/2.6.10/include/ruby-2.6.0/ruby/ruby.h:408:33: note: expanded from macro 'RB_ID2SYM'
  408 | #define RB_ID2SYM(x) (rb_id2sym(x))
      |                                 ^
monitor.c:249:23: note: ')' token is here
  249 |         return ID2SYM(rb_intern("r"));
      |                       ^~~~~~~~~~~~~~
/Users/serenachang/.rbenv/versions/2.6.10/include/ruby-2.6.0/ruby/ruby.h:1826:56: note: expanded from macro 'rb_intern'
 1826 |         __extension__ (RUBY_CONST_ID_CACHE((ID), (str))) : \
      |                                                        ^
/Users/serenachang/.rbenv/versions/2.6.10/include/ruby-2.6.0/ruby/ruby.h:413:29: note: expanded from macro 'ID2SYM'
  413 | #define ID2SYM(x) RB_ID2SYM(x)
      |                             ^
/Users/serenachang/.rbenv/versions/2.6.10/include/ruby-2.6.0/ruby/ruby.h:408:33: note: expanded from macro 'RB_ID2SYM'
  408 | #define RB_ID2SYM(x) (rb_id2sym(x))
      |                                 ^
monitor.c:251:23: warning: '(' and '{' tokens introducing statement expression appear in different macro expansion contexts [-Wcompound-token-split-by-macro]
  251 |         return ID2SYM(rb_intern("w"));
      |                       ^~~~~~~~~~~~~~
/Users/serenachang/.rbenv/versions/2.6.10/include/ruby-2.6.0/ruby/ruby.h:1826:23: note: expanded from macro 'rb_intern'
 1826 |         __extension__ (RUBY_CONST_ID_CACHE((ID), (str))) : \
      |                       ^
/Users/serenachang/.rbenv/versions/2.6.10/include/ruby-2.6.0/ruby/ruby.h:413:29: note: expanded from macro 'ID2SYM'
  413 | #define ID2SYM(x) RB_ID2SYM(x)
      |                             ^
/Users/serenachang/.rbenv/versions/2.6.10/include/ruby-2.6.0/ruby/ruby.h:408:33: note: expanded from macro 'RB_ID2SYM'
  408 | #define RB_ID2SYM(x) (rb_id2sym(x))
      |                                 ^
monitor.c:251:23: note: '{' token is here
  251 |         return ID2SYM(rb_intern("w"));
      |                       ^~~~~~~~~~~~~~
/Users/serenachang/.rbenv/versions/2.6.10/include/ruby-2.6.0/ruby/ruby.h:1826:24: note: expanded from macro 'rb_intern'
 1826 |         __extension__ (RUBY_CONST_ID_CACHE((ID), (str))) : \
      |                        ^~~~~~~~~~~~~~~~~~~~~~~~~~~~~~~~
/Users/serenachang/.rbenv/versions/2.6.10/include/ruby-2.6.0/ruby/ruby.h:1811:5: note: expanded from macro 'RUBY_CONST_ID_CACHE'
 1811 |     {                                                   \
      |     ^
/Users/serenachang/.rbenv/versions/2.6.10/include/ruby-2.6.0/ruby/ruby.h:413:29: note: expanded from macro 'ID2SYM'
  413 | #define ID2SYM(x) RB_ID2SYM(x)
      |                             ^
/Users/serenachang/.rbenv/versions/2.6.10/include/ruby-2.6.0/ruby/ruby.h:408:33: note: expanded from macro 'RB_ID2SYM'
  408 | #define RB_ID2SYM(x) (rb_id2sym(x))
      |                                 ^
monitor.c:251:23: warning: '}' and ')' tokens terminating statement expression appear in different macro expansion contexts [-Wcompound-token-split-by-macro]
  251 |         return ID2SYM(rb_intern("w"));
      |                       ^~~~~~~~~~~~~~
/Users/serenachang/.rbenv/versions/2.6.10/include/ruby-2.6.0/ruby/ruby.h:1826:24: note: expanded from macro 'rb_intern'
 1826 |         __extension__ (RUBY_CONST_ID_CACHE((ID), (str))) : \
      |                        ^~~~~~~~~~~~~~~~~~~~~~~~~~~~~~~~
/Users/serenachang/.rbenv/versions/2.6.10/include/ruby-2.6.0/ruby/ruby.h:1816:5: note: expanded from macro 'RUBY_CONST_ID_CACHE'
 1816 |     }
      |     ^
/Users/serenachang/.rbenv/versions/2.6.10/include/ruby-2.6.0/ruby/ruby.h:413:29: note: expanded from macro 'ID2SYM'
  413 | #define ID2SYM(x) RB_ID2SYM(x)
      |                             ^
/Users/serenachang/.rbenv/versions/2.6.10/include/ruby-2.6.0/ruby/ruby.h:408:33: note: expanded from macro 'RB_ID2SYM'
  408 | #define RB_ID2SYM(x) (rb_id2sym(x))
      |                                 ^
monitor.c:251:23: note: ')' token is here
  251 |         return ID2SYM(rb_intern("w"));
      |                       ^~~~~~~~~~~~~~
/Users/serenachang/.rbenv/versions/2.6.10/include/ruby-2.6.0/ruby/ruby.h:1826:56: note: expanded from macro 'rb_intern'
 1826 |         __extension__ (RUBY_CONST_ID_CACHE((ID), (str))) : \
      |                                                        ^
/Users/serenachang/.rbenv/versions/2.6.10/include/ruby-2.6.0/ruby/ruby.h:413:29: note: expanded from macro 'ID2SYM'
  413 | #define ID2SYM(x) RB_ID2SYM(x)
      |                             ^
/Users/serenachang/.rbenv/versions/2.6.10/include/ruby-2.6.0/ruby/ruby.h:408:33: note: expanded from macro 'RB_ID2SYM'
  408 | #define RB_ID2SYM(x) (rb_id2sym(x))
      |                                 ^
monitor.c:288:25: warning: '(' and '{' tokens introducing statement expression appear in different macro expansion contexts [-Wcompound-token-split-by-macro]
  288 |     if (interests_id == rb_intern("r")) {
      |                         ^~~~~~~~~~~~~~
/Users/serenachang/.rbenv/versions/2.6.10/include/ruby-2.6.0/ruby/ruby.h:1826:23: note: expanded from macro 'rb_intern'
 1826 |         __extension__ (RUBY_CONST_ID_CACHE((ID), (str))) : \
      |                       ^
monitor.c:288:25: note: '{' token is here
  288 |     if (interests_id == rb_intern("r")) {
      |                         ^~~~~~~~~~~~~~
/Users/serenachang/.rbenv/versions/2.6.10/include/ruby-2.6.0/ruby/ruby.h:1826:24: note: expanded from macro 'rb_intern'
 1826 |         __extension__ (RUBY_CONST_ID_CACHE((ID), (str))) : \
      |                        ^~~~~~~~~~~~~~~~~~~~~~~~~~~~~~~~
/Users/serenachang/.rbenv/versions/2.6.10/include/ruby-2.6.0/ruby/ruby.h:1811:5: note: expanded from macro 'RUBY_CONST_ID_CACHE'
 1811 |     {                                                   \
      |     ^
monitor.c:288:25: warning: '}' and ')' tokens terminating statement expression appear in different macro expansion contexts [-Wcompound-token-split-by-macro]
  288 |     if (interests_id == rb_intern("r")) {
      |                         ^~~~~~~~~~~~~~
/Users/serenachang/.rbenv/versions/2.6.10/include/ruby-2.6.0/ruby/ruby.h:1826:24: note: expanded from macro 'rb_intern'
 1826 |         __extension__ (RUBY_CONST_ID_CACHE((ID), (str))) : \
      |                        ^~~~~~~~~~~~~~~~~~~~~~~~~~~~~~~~
/Users/serenachang/.rbenv/versions/2.6.10/include/ruby-2.6.0/ruby/ruby.h:1816:5: note: expanded from macro 'RUBY_CONST_ID_CACHE'
 1816 |     }
      |     ^
monitor.c:288:25: note: ')' token is here
  288 |     if (interests_id == rb_intern("r")) {
      |                         ^~~~~~~~~~~~~~
/Users/serenachang/.rbenv/versions/2.6.10/include/ruby-2.6.0/ruby/ruby.h:1826:56: note: expanded from macro 'rb_intern'
 1826 |         __extension__ (RUBY_CONST_ID_CACHE((ID), (str))) : \
      |                                                        ^
monitor.c:290:32: warning: '(' and '{' tokens introducing statement expression appear in different macro expansion contexts [-Wcompound-token-split-by-macro]
  290 |     } else if (interests_id == rb_intern("w")) {
      |                                ^~~~~~~~~~~~~~
/Users/serenachang/.rbenv/versions/2.6.10/include/ruby-2.6.0/ruby/ruby.h:1826:23: note: expanded from macro 'rb_intern'
 1826 |         __extension__ (RUBY_CONST_ID_CACHE((ID), (str))) : \
      |                       ^
monitor.c:290:32: note: '{' token is here
  290 |     } else if (interests_id == rb_intern("w")) {
      |                                ^~~~~~~~~~~~~~
/Users/serenachang/.rbenv/versions/2.6.10/include/ruby-2.6.0/ruby/ruby.h:1826:24: note: expanded from macro 'rb_intern'
 1826 |         __extension__ (RUBY_CONST_ID_CACHE((ID), (str))) : \
      |                        ^~~~~~~~~~~~~~~~~~~~~~~~~~~~~~~~
/Users/serenachang/.rbenv/versions/2.6.10/include/ruby-2.6.0/ruby/ruby.h:1811:5: note: expanded from macro 'RUBY_CONST_ID_CACHE'
 1811 |     {                                                   \
      |     ^
monitor.c:290:32: warning: '}' and ')' tokens terminating statement expression appear in different macro expansion contexts [-Wcompound-token-split-by-macro]
  290 |     } else if (interests_id == rb_intern("w")) {
      |                                ^~~~~~~~~~~~~~
/Users/serenachang/.rbenv/versions/2.6.10/include/ruby-2.6.0/ruby/ruby.h:1826:24: note: expanded from macro 'rb_intern'
 1826 |         __extension__ (RUBY_CONST_ID_CACHE((ID), (str))) : \
      |                        ^~~~~~~~~~~~~~~~~~~~~~~~~~~~~~~~
/Users/serenachang/.rbenv/versions/2.6.10/include/ruby-2.6.0/ruby/ruby.h:1816:5: note: expanded from macro 'RUBY_CONST_ID_CACHE'
 1816 |     }
      |     ^
monitor.c:290:32: note: ')' token is here
  290 |     } else if (interests_id == rb_intern("w")) {
      |                                ^~~~~~~~~~~~~~
/Users/serenachang/.rbenv/versions/2.6.10/include/ruby-2.6.0/ruby/ruby.h:1826:56: note: expanded from macro 'rb_intern'
 1826 |         __extension__ (RUBY_CONST_ID_CACHE((ID), (str))) : \
      |                                                        ^
monitor.c:292:32: warning: '(' and '{' tokens introducing statement expression appear in different macro expansion contexts [-Wcompound-token-split-by-macro]
  292 |     } else if (interests_id == rb_intern("rw")) {
      |                                ^~~~~~~~~~~~~~~
/Users/serenachang/.rbenv/versions/2.6.10/include/ruby-2.6.0/ruby/ruby.h:1826:23: note: expanded from macro 'rb_intern'
 1826 |         __extension__ (RUBY_CONST_ID_CACHE((ID), (str))) : \
      |                       ^
monitor.c:292:32: note: '{' token is here
  292 |     } else if (interests_id == rb_intern("rw")) {
      |                                ^~~~~~~~~~~~~~~
/Users/serenachang/.rbenv/versions/2.6.10/include/ruby-2.6.0/ruby/ruby.h:1826:24: note: expanded from macro 'rb_intern'
 1826 |         __extension__ (RUBY_CONST_ID_CACHE((ID), (str))) : \
      |                        ^~~~~~~~~~~~~~~~~~~~~~~~~~~~~~~~
/Users/serenachang/.rbenv/versions/2.6.10/include/ruby-2.6.0/ruby/ruby.h:1811:5: note: expanded from macro 'RUBY_CONST_ID_CACHE'
 1811 |     {                                                   \
      |     ^
monitor.c:292:32: warning: '}' and ')' tokens terminating statement expression appear in different macro expansion contexts [-Wcompound-token-split-by-macro]
  292 |     } else if (interests_id == rb_intern("rw")) {
      |                                ^~~~~~~~~~~~~~~
/Users/serenachang/.rbenv/versions/2.6.10/include/ruby-2.6.0/ruby/ruby.h:1826:24: note: expanded from macro 'rb_intern'
 1826 |         __extension__ (RUBY_CONST_ID_CACHE((ID), (str))) : \
      |                        ^~~~~~~~~~~~~~~~~~~~~~~~~~~~~~~~
/Users/serenachang/.rbenv/versions/2.6.10/include/ruby-2.6.0/ruby/ruby.h:1816:5: note: expanded from macro 'RUBY_CONST_ID_CACHE'
 1816 |     }
      |     ^
monitor.c:292:32: note: ')' token is here
  292 |     } else if (interests_id == rb_intern("rw")) {
      |                                ^~~~~~~~~~~~~~~
/Users/serenachang/.rbenv/versions/2.6.10/include/ruby-2.6.0/ruby/ruby.h:1826:56: note: expanded from macro 'rb_intern'
 1826 |         __extension__ (RUBY_CONST_ID_CACHE((ID), (str))) : \
      |                                                        ^
monitor.c:295:119: warning: '(' and '{' tokens introducing statement expression appear in different macro expansion contexts [-Wcompound-token-split-by-macro]
  295 |         rb_raise(rb_eArgError, "invalid interest type %s (must be :r, :w, or :rw)", RSTRING_PTR(rb_funcall(interests, rb_intern("inspect"), 0)));
      |                                                                                                                       ^~~~~~~~~~~~~~~~~~~~
/Users/serenachang/.rbenv/versions/2.6.10/include/ruby-2.6.0/ruby/ruby.h:1826:23: note: expanded from macro 'rb_intern'
 1826 |         __extension__ (RUBY_CONST_ID_CACHE((ID), (str))) : \
      |                       ^
/Users/serenachang/.rbenv/versions/2.6.10/include/ruby-2.6.0/ruby/ruby.h:2602:20: note: expanded from macro 'rb_funcall'
 2602 |         rb_funcallv(recv, mid, \
      |                           ^~~
/Users/serenachang/.rbenv/versions/2.6.10/include/ruby-2.6.0/ruby/ruby.h:1003:15: note: expanded from macro 'RSTRING_PTR'
 1003 |     (!(RBASIC(str)->flags & RSTRING_NOEMBED) ? \
      |               ^~~
/Users/serenachang/.rbenv/versions/2.6.10/include/ruby-2.6.0/ruby/ruby.h:1253:38: note: expanded from macro 'RBASIC'
 1253 | #define RBASIC(obj)  (R_CAST(RBasic)(obj))
      |                                      ^~~
monitor.c:295:119: note: '{' token is here
  295 |         rb_raise(rb_eArgError, "invalid interest type %s (must be :r, :w, or :rw)", RSTRING_PTR(rb_funcall(interests, rb_intern("inspect"), 0)));
      |                                                                                                                       ^~~~~~~~~~~~~~~~~~~~
/Users/serenachang/.rbenv/versions/2.6.10/include/ruby-2.6.0/ruby/ruby.h:1826:24: note: expanded from macro 'rb_intern'
 1826 |         __extension__ (RUBY_CONST_ID_CACHE((ID), (str))) : \
      |                        ^~~~~~~~~~~~~~~~~~~~~~~~~~~~~~~~
/Users/serenachang/.rbenv/versions/2.6.10/include/ruby-2.6.0/ruby/ruby.h:1811:5: note: expanded from macro 'RUBY_CONST_ID_CACHE'
 1811 |     {                                                   \
      |     ^
/Users/serenachang/.rbenv/versions/2.6.10/include/ruby-2.6.0/ruby/ruby.h:2602:20: note: expanded from macro 'rb_funcall'
 2602 |         rb_funcallv(recv, mid, \
      |                           ^~~
/Users/serenachang/.rbenv/versions/2.6.10/include/ruby-2.6.0/ruby/ruby.h:1003:15: note: expanded from macro 'RSTRING_PTR'
 1003 |     (!(RBASIC(str)->flags & RSTRING_NOEMBED) ? \
      |               ^~~
/Users/serenachang/.rbenv/versions/2.6.10/include/ruby-2.6.0/ruby/ruby.h:1253:38: note: expanded from macro 'RBASIC'
 1253 | #define RBASIC(obj)  (R_CAST(RBasic)(obj))
      |                                      ^~~
monitor.c:295:119: warning: '}' and ')' tokens terminating statement expression appear in different macro expansion contexts [-Wcompound-token-split-by-macro]
  295 |         rb_raise(rb_eArgError, "invalid interest type %s (must be :r, :w, or :rw)", RSTRING_PTR(rb_funcall(interests, rb_intern("inspect"), 0)));
      |                                                                                                                       ^~~~~~~~~~~~~~~~~~~~
/Users/serenachang/.rbenv/versions/2.6.10/include/ruby-2.6.0/ruby/ruby.h:1826:24: note: expanded from macro 'rb_intern'
 1826 |         __extension__ (RUBY_CONST_ID_CACHE((ID), (str))) : \
      |                        ^~~~~~~~~~~~~~~~~~~~~~~~~~~~~~~~
/Users/serenachang/.rbenv/versions/2.6.10/include/ruby-2.6.0/ruby/ruby.h:1816:5: note: expanded from macro 'RUBY_CONST_ID_CACHE'
 1816 |     }
      |     ^
/Users/serenachang/.rbenv/versions/2.6.10/include/ruby-2.6.0/ruby/ruby.h:2602:20: note: expanded from macro 'rb_funcall'
 2602 |         rb_funcallv(recv, mid, \
      |                           ^~~
/Users/serenachang/.rbenv/versions/2.6.10/include/ruby-2.6.0/ruby/ruby.h:1003:15: note: expanded from macro 'RSTRING_PTR'
 1003 |     (!(RBASIC(str)->flags & RSTRING_NOEMBED) ? \
      |               ^~~
/Users/serenachang/.rbenv/versions/2.6.10/include/ruby-2.6.0/ruby/ruby.h:1253:38: note: expanded from macro 'RBASIC'
 1253 | #define RBASIC(obj)  (R_CAST(RBasic)(obj))
      |                                      ^~~
monitor.c:295:119: note: ')' token is here
  295 |         rb_raise(rb_eArgError, "invalid interest type %s (must be :r, :w, or :rw)", RSTRING_PTR(rb_funcall(interests, rb_intern("inspect"), 0)));
      |                                                                                                                       ^~~~~~~~~~~~~~~~~~~~
/Users/serenachang/.rbenv/versions/2.6.10/include/ruby-2.6.0/ruby/ruby.h:1826:56: note: expanded from macro 'rb_intern'
 1826 |         __extension__ (RUBY_CONST_ID_CACHE((ID), (str))) : \
      |                                                        ^
/Users/serenachang/.rbenv/versions/2.6.10/include/ruby-2.6.0/ruby/ruby.h:2602:20: note: expanded from macro 'rb_funcall'
 2602 |         rb_funcallv(recv, mid, \
      |                           ^~~
/Users/serenachang/.rbenv/versions/2.6.10/include/ruby-2.6.0/ruby/ruby.h:1003:15: note: expanded from macro 'RSTRING_PTR'
 1003 |     (!(RBASIC(str)->flags & RSTRING_NOEMBED) ? \
      |               ^~~
/Users/serenachang/.rbenv/versions/2.6.10/include/ruby-2.6.0/ruby/ruby.h:1253:38: note: expanded from macro 'RBASIC'
 1253 | #define RBASIC(obj)  (R_CAST(RBasic)(obj))
      |                                      ^~~
monitor.c:295:119: warning: '(' and '{' tokens introducing statement expression appear in different macro expansion contexts [-Wcompound-token-split-by-macro]
  295 |         rb_raise(rb_eArgError, "invalid interest type %s (must be :r, :w, or :rw)", RSTRING_PTR(rb_funcall(interests, rb_intern("inspect"), 0)));
      |                                                                                                                       ^~~~~~~~~~~~~~~~~~~~
/Users/serenachang/.rbenv/versions/2.6.10/include/ruby-2.6.0/ruby/ruby.h:1826:23: note: expanded from macro 'rb_intern'
 1826 |         __extension__ (RUBY_CONST_ID_CACHE((ID), (str))) : \
      |                       ^
/Users/serenachang/.rbenv/versions/2.6.10/include/ruby-2.6.0/ruby/ruby.h:2602:20: note: expanded from macro 'rb_funcall'
 2602 |         rb_funcallv(recv, mid, \
      |                           ^~~
/Users/serenachang/.rbenv/versions/2.6.10/include/ruby-2.6.0/ruby/ruby.h:1004:14: note: expanded from macro 'RSTRING_PTR'
 1004 |      RSTRING(str)->as.ary : \
      |              ^~~
/Users/serenachang/.rbenv/versions/2.6.10/include/ruby-2.6.0/ruby/ruby.h:1257:39: note: expanded from macro 'RSTRING'
 1257 | #define RSTRING(obj) (R_CAST(RString)(obj))
      |                                       ^~~
monitor.c:295:119: note: '{' token is here
  295 |         rb_raise(rb_eArgError, "invalid interest type %s (must be :r, :w, or :rw)", RSTRING_PTR(rb_funcall(interests, rb_intern("inspect"), 0)));
      |                                                                                                                       ^~~~~~~~~~~~~~~~~~~~
/Users/serenachang/.rbenv/versions/2.6.10/include/ruby-2.6.0/ruby/ruby.h:1826:24: note: expanded from macro 'rb_intern'
 1826 |         __extension__ (RUBY_CONST_ID_CACHE((ID), (str))) : \
      |                        ^~~~~~~~~~~~~~~~~~~~~~~~~~~~~~~~
/Users/serenachang/.rbenv/versions/2.6.10/include/ruby-2.6.0/ruby/ruby.h:1811:5: note: expanded from macro 'RUBY_CONST_ID_CACHE'
 1811 |     {                                                   \
      |     ^
/Users/serenachang/.rbenv/versions/2.6.10/include/ruby-2.6.0/ruby/ruby.h:2602:20: note: expanded from macro 'rb_funcall'
 2602 |         rb_funcallv(recv, mid, \
      |                           ^~~
/Users/serenachang/.rbenv/versions/2.6.10/include/ruby-2.6.0/ruby/ruby.h:1004:14: note: expanded from macro 'RSTRING_PTR'
 1004 |      RSTRING(str)->as.ary : \
      |              ^~~
/Users/serenachang/.rbenv/versions/2.6.10/include/ruby-2.6.0/ruby/ruby.h:1257:39: note: expanded from macro 'RSTRING'
 1257 | #define RSTRING(obj) (R_CAST(RString)(obj))
      |                                       ^~~
monitor.c:295:119: warning: '}' and ')' tokens terminating statement expression appear in different macro expansion contexts [-Wcompound-token-split-by-macro]
  295 |         rb_raise(rb_eArgError, "invalid interest type %s (must be :r, :w, or :rw)", RSTRING_PTR(rb_funcall(interests, rb_intern("inspect"), 0)));
      |                                                                                                                       ^~~~~~~~~~~~~~~~~~~~
/Users/serenachang/.rbenv/versions/2.6.10/include/ruby-2.6.0/ruby/ruby.h:1826:24: note: expanded from macro 'rb_intern'
 1826 |         __extension__ (RUBY_CONST_ID_CACHE((ID), (str))) : \
      |                        ^~~~~~~~~~~~~~~~~~~~~~~~~~~~~~~~
/Users/serenachang/.rbenv/versions/2.6.10/include/ruby-2.6.0/ruby/ruby.h:1816:5: note: expanded from macro 'RUBY_CONST_ID_CACHE'
 1816 |     }
      |     ^
/Users/serenachang/.rbenv/versions/2.6.10/include/ruby-2.6.0/ruby/ruby.h:2602:20: note: expanded from macro 'rb_funcall'
 2602 |         rb_funcallv(recv, mid, \
      |                           ^~~
/Users/serenachang/.rbenv/versions/2.6.10/include/ruby-2.6.0/ruby/ruby.h:1004:14: note: expanded from macro 'RSTRING_PTR'
 1004 |      RSTRING(str)->as.ary : \
      |              ^~~
/Users/serenachang/.rbenv/versions/2.6.10/include/ruby-2.6.0/ruby/ruby.h:1257:39: note: expanded from macro 'RSTRING'
 1257 | #define RSTRING(obj) (R_CAST(RString)(obj))
      |                                       ^~~
monitor.c:295:119: note: ')' token is here
  295 |         rb_raise(rb_eArgError, "invalid interest type %s (must be :r, :w, or :rw)", RSTRING_PTR(rb_funcall(interests, rb_intern("inspect"), 0)));
      |                                                                                                                       ^~~~~~~~~~~~~~~~~~~~
/Users/serenachang/.rbenv/versions/2.6.10/include/ruby-2.6.0/ruby/ruby.h:1826:56: note: expanded from macro 'rb_intern'
 1826 |         __extension__ (RUBY_CONST_ID_CACHE((ID), (str))) : \
      |                                                        ^
/Users/serenachang/.rbenv/versions/2.6.10/include/ruby-2.6.0/ruby/ruby.h:2602:20: note: expanded from macro 'rb_funcall'
 2602 |         rb_funcallv(recv, mid, \
      |                           ^~~
/Users/serenachang/.rbenv/versions/2.6.10/include/ruby-2.6.0/ruby/ruby.h:1004:14: note: expanded from macro 'RSTRING_PTR'
 1004 |      RSTRING(str)->as.ary : \
      |              ^~~
/Users/serenachang/.rbenv/versions/2.6.10/include/ruby-2.6.0/ruby/ruby.h:1257:39: note: expanded from macro 'RSTRING'
 1257 | #define RSTRING(obj) (R_CAST(RString)(obj))
      |                                       ^~~
monitor.c:295:119: warning: '(' and '{' tokens introducing statement expression appear in different macro expansion contexts [-Wcompound-token-split-by-macro]
  295 |         rb_raise(rb_eArgError, "invalid interest type %s (must be :r, :w, or :rw)", RSTRING_PTR(rb_funcall(interests, rb_intern("inspect"), 0)));
      |                                                                                                                       ^~~~~~~~~~~~~~~~~~~~
/Users/serenachang/.rbenv/versions/2.6.10/include/ruby-2.6.0/ruby/ruby.h:1826:23: note: expanded from macro 'rb_intern'
 1826 |         __extension__ (RUBY_CONST_ID_CACHE((ID), (str))) : \
      |                       ^
/Users/serenachang/.rbenv/versions/2.6.10/include/ruby-2.6.0/ruby/ruby.h:2602:20: note: expanded from macro 'rb_funcall'
 2602 |         rb_funcallv(recv, mid, \
      |                           ^~~
/Users/serenachang/.rbenv/versions/2.6.10/include/ruby-2.6.0/ruby/ruby.h:1005:14: note: expanded from macro 'RSTRING_PTR'
 1005 |      RSTRING(str)->as.heap.ptr)
      |              ^~~
/Users/serenachang/.rbenv/versions/2.6.10/include/ruby-2.6.0/ruby/ruby.h:1257:39: note: expanded from macro 'RSTRING'
 1257 | #define RSTRING(obj) (R_CAST(RString)(obj))
      |                                       ^~~
monitor.c:295:119: note: '{' token is here
  295 |         rb_raise(rb_eArgError, "invalid interest type %s (must be :r, :w, or :rw)", RSTRING_PTR(rb_funcall(interests, rb_intern("inspect"), 0)));
      |                                                                                                                       ^~~~~~~~~~~~~~~~~~~~
/Users/serenachang/.rbenv/versions/2.6.10/include/ruby-2.6.0/ruby/ruby.h:1826:24: note: expanded from macro 'rb_intern'
 1826 |         __extension__ (RUBY_CONST_ID_CACHE((ID), (str))) : \
      |                        ^~~~~~~~~~~~~~~~~~~~~~~~~~~~~~~~
/Users/serenachang/.rbenv/versions/2.6.10/include/ruby-2.6.0/ruby/ruby.h:1811:5: note: expanded from macro 'RUBY_CONST_ID_CACHE'
 1811 |     {                                                   \
      |     ^
/Users/serenachang/.rbenv/versions/2.6.10/include/ruby-2.6.0/ruby/ruby.h:2602:20: note: expanded from macro 'rb_funcall'
 2602 |         rb_funcallv(recv, mid, \
      |                           ^~~
/Users/serenachang/.rbenv/versions/2.6.10/include/ruby-2.6.0/ruby/ruby.h:1005:14: note: expanded from macro 'RSTRING_PTR'
 1005 |      RSTRING(str)->as.heap.ptr)
      |              ^~~
/Users/serenachang/.rbenv/versions/2.6.10/include/ruby-2.6.0/ruby/ruby.h:1257:39: note: expanded from macro 'RSTRING'
 1257 | #define RSTRING(obj) (R_CAST(RString)(obj))
      |                                       ^~~
monitor.c:295:119: warning: '}' and ')' tokens terminating statement expression appear in different macro expansion contexts [-Wcompound-token-split-by-macro]
  295 |         rb_raise(rb_eArgError, "invalid interest type %s (must be :r, :w, or :rw)", RSTRING_PTR(rb_funcall(interests, rb_intern("inspect"), 0)));
      |                                                                                                                       ^~~~~~~~~~~~~~~~~~~~
/Users/serenachang/.rbenv/versions/2.6.10/include/ruby-2.6.0/ruby/ruby.h:1826:24: note: expanded from macro 'rb_intern'
 1826 |         __extension__ (RUBY_CONST_ID_CACHE((ID), (str))) : \
      |                        ^~~~~~~~~~~~~~~~~~~~~~~~~~~~~~~~
/Users/serenachang/.rbenv/versions/2.6.10/include/ruby-2.6.0/ruby/ruby.h:1816:5: note: expanded from macro 'RUBY_CONST_ID_CACHE'
 1816 |     }
      |     ^
/Users/serenachang/.rbenv/versions/2.6.10/include/ruby-2.6.0/ruby/ruby.h:2602:20: note: expanded from macro 'rb_funcall'
 2602 |         rb_funcallv(recv, mid, \
      |                           ^~~
/Users/serenachang/.rbenv/versions/2.6.10/include/ruby-2.6.0/ruby/ruby.h:1005:14: note: expanded from macro 'RSTRING_PTR'
 1005 |      RSTRING(str)->as.heap.ptr)
      |              ^~~
/Users/serenachang/.rbenv/versions/2.6.10/include/ruby-2.6.0/ruby/ruby.h:1257:39: note: expanded from macro 'RSTRING'
 1257 | #define RSTRING(obj) (R_CAST(RString)(obj))
      |                                       ^~~
monitor.c:295:119: note: ')' token is here
  295 |         rb_raise(rb_eArgError, "invalid interest type %s (must be :r, :w, or :rw)", RSTRING_PTR(rb_funcall(interests, rb_intern("inspect"), 0)));
      |                                                                                                                       ^~~~~~~~~~~~~~~~~~~~
/Users/serenachang/.rbenv/versions/2.6.10/include/ruby-2.6.0/ruby/ruby.h:1826:56: note: expanded from macro 'rb_intern'
 1826 |         __extension__ (RUBY_CONST_ID_CACHE((ID), (str))) : \
      |                                                        ^
/Users/serenachang/.rbenv/versions/2.6.10/include/ruby-2.6.0/ruby/ruby.h:2602:20: note: expanded from macro 'rb_funcall'
 2602 |         rb_funcallv(recv, mid, \
      |                           ^~~
/Users/serenachang/.rbenv/versions/2.6.10/include/ruby-2.6.0/ruby/ruby.h:1005:14: note: expanded from macro 'RSTRING_PTR'
 1005 |      RSTRING(str)->as.heap.ptr)
      |              ^~~
/Users/serenachang/.rbenv/versions/2.6.10/include/ruby-2.6.0/ruby/ruby.h:1257:39: note: expanded from macro 'RSTRING'
 1257 | #define RSTRING(obj) (R_CAST(RString)(obj))
      |                                       ^~~
monitor.c:312:32: warning: '(' and '{' tokens introducing statement expression appear in different macro expansion contexts [-Wcompound-token-split-by-macro]
  312 |                 interests_id = rb_intern("r");
      |                                ^~~~~~~~~~~~~~
/Users/serenachang/.rbenv/versions/2.6.10/include/ruby-2.6.0/ruby/ruby.h:1826:23: note: expanded from macro 'rb_intern'
 1826 |         __extension__ (RUBY_CONST_ID_CACHE((ID), (str))) : \
      |                       ^
monitor.c:312:32: note: '{' token is here
  312 |                 interests_id = rb_intern("r");
      |                                ^~~~~~~~~~~~~~
/Users/serenachang/.rbenv/versions/2.6.10/include/ruby-2.6.0/ruby/ruby.h:1826:24: note: expanded from macro 'rb_intern'
 1826 |         __extension__ (RUBY_CONST_ID_CACHE((ID), (str))) : \
      |                        ^~~~~~~~~~~~~~~~~~~~~~~~~~~~~~~~
/Users/serenachang/.rbenv/versions/2.6.10/include/ruby-2.6.0/ruby/ruby.h:1811:5: note: expanded from macro 'RUBY_CONST_ID_CACHE'
 1811 |     {                                                   \
      |     ^
monitor.c:312:32: warning: '}' and ')' tokens terminating statement expression appear in different macro expansion contexts [-Wcompound-token-split-by-macro]
  312 |                 interests_id = rb_intern("r");
      |                                ^~~~~~~~~~~~~~
/Users/serenachang/.rbenv/versions/2.6.10/include/ruby-2.6.0/ruby/ruby.h:1826:24: note: expanded from macro 'rb_intern'
 1826 |         __extension__ (RUBY_CONST_ID_CACHE((ID), (str))) : \
      |                        ^~~~~~~~~~~~~~~~~~~~~~~~~~~~~~~~
/Users/serenachang/.rbenv/versions/2.6.10/include/ruby-2.6.0/ruby/ruby.h:1816:5: note: expanded from macro 'RUBY_CONST_ID_CACHE'
 1816 |     }
      |     ^
monitor.c:312:32: note: ')' token is here
  312 |                 interests_id = rb_intern("r");
      |                                ^~~~~~~~~~~~~~
/Users/serenachang/.rbenv/versions/2.6.10/include/ruby-2.6.0/ruby/ruby.h:1826:56: note: expanded from macro 'rb_intern'
 1826 |         __extension__ (RUBY_CONST_ID_CACHE((ID), (str))) : \
      |                                                        ^
monitor.c:315:32: warning: '(' and '{' tokens introducing statement expression appear in different macro expansion contexts [-Wcompound-token-split-by-macro]
  315 |                 interests_id = rb_intern("w");
      |                                ^~~~~~~~~~~~~~
/Users/serenachang/.rbenv/versions/2.6.10/include/ruby-2.6.0/ruby/ruby.h:1826:23: note: expanded from macro 'rb_intern'
 1826 |         __extension__ (RUBY_CONST_ID_CACHE((ID), (str))) : \
      |                       ^
monitor.c:315:32: note: '{' token is here
  315 |                 interests_id = rb_intern("w");
      |                                ^~~~~~~~~~~~~~
/Users/serenachang/.rbenv/versions/2.6.10/include/ruby-2.6.0/ruby/ruby.h:1826:24: note: expanded from macro 'rb_intern'
 1826 |         __extension__ (RUBY_CONST_ID_CACHE((ID), (str))) : \
      |                        ^~~~~~~~~~~~~~~~~~~~~~~~~~~~~~~~
/Users/serenachang/.rbenv/versions/2.6.10/include/ruby-2.6.0/ruby/ruby.h:1811:5: note: expanded from macro 'RUBY_CONST_ID_CACHE'
 1811 |     {                                                   \
      |     ^
monitor.c:315:32: warning: '}' and ')' tokens terminating statement expression appear in different macro expansion contexts [-Wcompound-token-split-by-macro]
  315 |                 interests_id = rb_intern("w");
      |                                ^~~~~~~~~~~~~~
/Users/serenachang/.rbenv/versions/2.6.10/include/ruby-2.6.0/ruby/ruby.h:1826:24: note: expanded from macro 'rb_intern'
 1826 |         __extension__ (RUBY_CONST_ID_CACHE((ID), (str))) : \
      |                        ^~~~~~~~~~~~~~~~~~~~~~~~~~~~~~~~
/Users/serenachang/.rbenv/versions/2.6.10/include/ruby-2.6.0/ruby/ruby.h:1816:5: note: expanded from macro 'RUBY_CONST_ID_CACHE'
 1816 |     }
      |     ^
monitor.c:315:32: note: ')' token is here
  315 |                 interests_id = rb_intern("w");
      |                                ^~~~~~~~~~~~~~
/Users/serenachang/.rbenv/versions/2.6.10/include/ruby-2.6.0/ruby/ruby.h:1826:56: note: expanded from macro 'rb_intern'
 1826 |         __extension__ (RUBY_CONST_ID_CACHE((ID), (str))) : \
      |                                                        ^
monitor.c:318:32: warning: '(' and '{' tokens introducing statement expression appear in different macro expansion contexts [-Wcompound-token-split-by-macro]
  318 |                 interests_id = rb_intern("rw");
      |                                ^~~~~~~~~~~~~~~
/Users/serenachang/.rbenv/versions/2.6.10/include/ruby-2.6.0/ruby/ruby.h:1826:23: note: expanded from macro 'rb_intern'
 1826 |         __extension__ (RUBY_CONST_ID_CACHE((ID), (str))) : \
      |                       ^
monitor.c:318:32: note: '{' token is here
  318 |                 interests_id = rb_intern("rw");
      |                                ^~~~~~~~~~~~~~~
/Users/serenachang/.rbenv/versions/2.6.10/include/ruby-2.6.0/ruby/ruby.h:1826:24: note: expanded from macro 'rb_intern'
 1826 |         __extension__ (RUBY_CONST_ID_CACHE((ID), (str))) : \
      |                        ^~~~~~~~~~~~~~~~~~~~~~~~~~~~~~~~
/Users/serenachang/.rbenv/versions/2.6.10/include/ruby-2.6.0/ruby/ruby.h:1811:5: note: expanded from macro 'RUBY_CONST_ID_CACHE'
 1811 |     {                                                   \
      |     ^
monitor.c:318:32: warning: '}' and ')' tokens terminating statement expression appear in different macro expansion contexts [-Wcompound-token-split-by-macro]
  318 |                 interests_id = rb_intern("rw");
      |                                ^~~~~~~~~~~~~~~
/Users/serenachang/.rbenv/versions/2.6.10/include/ruby-2.6.0/ruby/ruby.h:1826:24: note: expanded from macro 'rb_intern'
 1826 |         __extension__ (RUBY_CONST_ID_CACHE((ID), (str))) : \
      |                        ^~~~~~~~~~~~~~~~~~~~~~~~~~~~~~~~
/Users/serenachang/.rbenv/versions/2.6.10/include/ruby-2.6.0/ruby/ruby.h:1816:5: note: expanded from macro 'RUBY_CONST_ID_CACHE'
 1816 |     }
      |     ^
monitor.c:318:32: note: ')' token is here
  318 |                 interests_id = rb_intern("rw");
      |                                ^~~~~~~~~~~~~~~
/Users/serenachang/.rbenv/versions/2.6.10/include/ruby-2.6.0/ruby/ruby.h:1826:56: note: expanded from macro 'rb_intern'
 1826 |         __extension__ (RUBY_CONST_ID_CACHE((ID), (str))) : \
      |                                                        ^
monitor.c:324:27: warning: '(' and '{' tokens introducing statement expression appear in different macro expansion contexts [-Wcompound-token-split-by-macro]
  324 |         rb_ivar_set(self, rb_intern("interests"), ID2SYM(interests_id));
      |                           ^~~~~~~~~~~~~~~~~~~~~~
/Users/serenachang/.rbenv/versions/2.6.10/include/ruby-2.6.0/ruby/ruby.h:1826:23: note: expanded from macro 'rb_intern'
 1826 |         __extension__ (RUBY_CONST_ID_CACHE((ID), (str))) : \
      |                       ^
monitor.c:324:27: note: '{' token is here
  324 |         rb_ivar_set(self, rb_intern("interests"), ID2SYM(interests_id));
      |                           ^~~~~~~~~~~~~~~~~~~~~~
/Users/serenachang/.rbenv/versions/2.6.10/include/ruby-2.6.0/ruby/ruby.h:1826:24: note: expanded from macro 'rb_intern'
 1826 |         __extension__ (RUBY_CONST_ID_CACHE((ID), (str))) : \
      |                        ^~~~~~~~~~~~~~~~~~~~~~~~~~~~~~~~
/Users/serenachang/.rbenv/versions/2.6.10/include/ruby-2.6.0/ruby/ruby.h:1811:5: note: expanded from macro 'RUBY_CONST_ID_CACHE'
 1811 |     {                                                   \
      |     ^
monitor.c:324:27: warning: '}' and ')' tokens terminating statement expression appear in different macro expansion contexts [-Wcompound-token-split-by-macro]
  324 |         rb_ivar_set(self, rb_intern("interests"), ID2SYM(interests_id));
      |                           ^~~~~~~~~~~~~~~~~~~~~~
/Users/serenachang/.rbenv/versions/2.6.10/include/ruby-2.6.0/ruby/ruby.h:1826:24: note: expanded from macro 'rb_intern'
 1826 |         __extension__ (RUBY_CONST_ID_CACHE((ID), (str))) : \
      |                        ^~~~~~~~~~~~~~~~~~~~~~~~~~~~~~~~
/Users/serenachang/.rbenv/versions/2.6.10/include/ruby-2.6.0/ruby/ruby.h:1816:5: note: expanded from macro 'RUBY_CONST_ID_CACHE'
 1816 |     }
      |     ^
monitor.c:324:27: note: ')' token is here
  324 |         rb_ivar_set(self, rb_intern("interests"), ID2SYM(interests_id));
      |                           ^~~~~~~~~~~~~~~~~~~~~~
/Users/serenachang/.rbenv/versions/2.6.10/include/ruby-2.6.0/ruby/ruby.h:1826:56: note: expanded from macro 'rb_intern'
 1826 |         __extension__ (RUBY_CONST_ID_CACHE((ID), (str))) : \
      |                                                        ^
monitor.c:326:27: warning: '(' and '{' tokens introducing statement expression appear in different macro expansion contexts [-Wcompound-token-split-by-macro]
  326 |         rb_ivar_set(self, rb_intern("interests"), Qnil);
      |                           ^~~~~~~~~~~~~~~~~~~~~~
/Users/serenachang/.rbenv/versions/2.6.10/include/ruby-2.6.0/ruby/ruby.h:1826:23: note: expanded from macro 'rb_intern'
 1826 |         __extension__ (RUBY_CONST_ID_CACHE((ID), (str))) : \
      |                       ^
monitor.c:326:27: note: '{' token is here
  326 |         rb_ivar_set(self, rb_intern("interests"), Qnil);
      |                           ^~~~~~~~~~~~~~~~~~~~~~
/Users/serenachang/.rbenv/versions/2.6.10/include/ruby-2.6.0/ruby/ruby.h:1826:24: note: expanded from macro 'rb_intern'
 1826 |         __extension__ (RUBY_CONST_ID_CACHE((ID), (str))) : \
      |                        ^~~~~~~~~~~~~~~~~~~~~~~~~~~~~~~~
/Users/serenachang/.rbenv/versions/2.6.10/include/ruby-2.6.0/ruby/ruby.h:1811:5: note: expanded from macro 'RUBY_CONST_ID_CACHE'
 1811 |     {                                                   \
      |     ^
monitor.c:326:27: warning: '}' and ')' tokens terminating statement expression appear in different macro expansion contexts [-Wcompound-token-split-by-macro]
  326 |         rb_ivar_set(self, rb_intern("interests"), Qnil);
      |                           ^~~~~~~~~~~~~~~~~~~~~~
/Users/serenachang/.rbenv/versions/2.6.10/include/ruby-2.6.0/ruby/ruby.h:1826:24: note: expanded from macro 'rb_intern'
 1826 |         __extension__ (RUBY_CONST_ID_CACHE((ID), (str))) : \
      |                        ^~~~~~~~~~~~~~~~~~~~~~~~~~~~~~~~
/Users/serenachang/.rbenv/versions/2.6.10/include/ruby-2.6.0/ruby/ruby.h:1816:5: note: expanded from macro 'RUBY_CONST_ID_CACHE'
 1816 |     }
      |     ^
monitor.c:326:27: note: ')' token is here
  326 |         rb_ivar_set(self, rb_intern("interests"), Qnil);
      |                           ^~~~~~~~~~~~~~~~~~~~~~
/Users/serenachang/.rbenv/versions/2.6.10/include/ruby-2.6.0/ruby/ruby.h:1826:56: note: expanded from macro 'rb_intern'
 1826 |         __extension__ (RUBY_CONST_ID_CACHE((ID), (str))) : \
      |                                                        ^
71 warnings generated.
compiling nio4r_ext.c
In file included from nio4r_ext.c:6:
./../libev/ev.c:573:48: warning: '/*' within block comment [-Wcomment]
  573 | /*#define MIN_INTERVAL  0.00000095367431640625 /* 1/2**20, good till 2200 */
      |                                                ^
./../libev/ev.c:1192:26: warning: implicit conversion loses integer precision: 'uint64_t' (aka 'unsigned long long') to 'unsigned int' [-Wshorten-64-to-32]
 1192 |   return ecb_popcount32 (x) + ecb_popcount32 (x >> 32);
      |          ~~~~~~~~~~~~~~~~^~
./../libev/ev.c:1054:49: note: expanded from macro 'ecb_popcount32'
 1054 |   #define ecb_popcount32(x) __builtin_popcount (x)
      |                             ~~~~~~~~~~~~~~~~~~  ^
./../libev/ev.c:1510:13: warning: comparison of integers of different signs: 'unsigned int' and 'int' [-Wsign-compare]
 1510 |       if (e < (14 - 24)) /* might not be sharp, but is good enough */
      |           ~ ^  ~~~~~~~
./../libev/ev.c:2136:31: warning: 'extern' variable has an initializer [-Wextern-initializer]
 2136 |   EV_API_DECL struct ev_loop *ev_default_loop_ptr = 0; /* needs to be initialised to make it a definition despite extern */
      |                               ^
./../libev/ev.c:2227:7: warning: implicit conversion loses integer precision: 'long' to '__darwin_suseconds_t' (aka 'int') [-Wshorten-64-to-32]
 2227 |       EV_TV_SET (tv, delay);
      |       ^~~~~~~~~~~~~~~~~~~~~
./../libev/ev.c:591:65: note: expanded from macro 'EV_TV_SET'
  591 | # define EV_TV_SET(tv,t) do { tv.tv_sec = (long)t; tv.tv_usec = (long)((t - tv.tv_sec) * 1e6); } while (0)
      |                                                               ~ ^~~~~~~~~~~~~~~~~~~~~~~~~~~~~
./../libev/ev.c:2249:19: warning: comparison of integers of different signs: 'int' and 'unsigned long' [-Wsign-compare]
 2249 |   if (elem * ncur > MALLOC_ROUND - sizeof (void *) * 4)
      |       ~~~~~~~~~~~ ^ ~~~~~~~~~~~~~~~~~~~~~~~~~~~~~~~~~~
./../libev/ev.c:2619:18: warning: implicit conversion loses integer precision: 'long' to 'int' [-Wshorten-64-to-32]
 2619 |       k = minpos - heap;
      |         ~ ~~~~~~~^~~~~~
In file included from nio4r_ext.c:6:
In file included from ./../libev/ev.c:3080:
./../libev/ev_kqueue.c:116:34: warning: implicit conversion loses integer precision: 'uintptr_t' (aka 'unsigned long') to 'int' [-Wshorten-64-to-32]
  116 |       int fd = kqueue_events [i].ident;
      |           ~~   ~~~~~~~~~~~~~~~~~~^~~~~
./../libev/ev_kqueue.c:120:39: warning: implicit conversion loses integer precision: 'intptr_t' (aka 'long') to 'int' [-Wshorten-64-to-32]
  120 |           int err = kqueue_events [i].data;
      |               ~~~   ~~~~~~~~~~~~~~~~~~^~~~
In file included from nio4r_ext.c:6:
In file included from ./../libev/ev.c:3095:
./../libev/ev_select.c:109:24: warning: implicit conversion loses integer precision: 'unsigned long' to 'fd_mask' (aka 'int') [-Wshorten-64-to-32]
  109 |     fd_mask mask = 1UL << (fd % NFDBITS);
      |             ~~~~   ~~~~^~~~~~~~~~~~~~~~~
./../libev/ev_select.c:147:3: warning: implicit conversion loses integer precision: 'long' to '__darwin_suseconds_t' (aka 'int') [-Wshorten-64-to-32]
  147 |   EV_TV_SET (tv, timeout);
      |   ^~~~~~~~~~~~~~~~~~~~~~~
./../libev/ev.c:591:65: note: expanded from macro 'EV_TV_SET'
  591 | # define EV_TV_SET(tv,t) do { tv.tv_sec = (long)t; tv.tv_usec = (long)((t - tv.tv_sec) * 1e6); } while (0)
      |                                                               ~ ^~~~~~~~~~~~~~~~~~~~~~~~~~~~~
In file included from nio4r_ext.c:6:
In file included from ./../libev/ev.c:3095:
./../libev/ev_select.c:259:34: warning: implicit conversion loses integer precision: 'unsigned long' to 'fd_mask' (aka 'int') [-Wshorten-64-to-32]
  259 |               fd_mask mask = 1UL << bit;
      |                       ~~~~   ~~~~^~~~~~
In file included from nio4r_ext.c:6:
./../libev/ev.c:4417:34: warning: '&' within '|' [-Wbitwise-op-parentheses]
 4417 |   fd_change (EV_A_ fd, w->events & EV__IOFDSET | EV_ANFD_REIFY);
      |                        ~~~~~~~~~~^~~~~~~~~~~~~ ~
./../libev/ev.c:4417:34: note: place parentheses around the '&' expression to silence this warning
 4417 |   fd_change (EV_A_ fd, w->events & EV__IOFDSET | EV_ANFD_REIFY);
      |                                  ^
      |                        (                      )
13 warnings generated.
compiling selector.c
selector.c:120:11: warning: mixing declarations and code is incompatible with standards before C99 [-Wdeclaration-after-statement]
  120 |     VALUE obj = TypedData_Make_Struct(klass, struct NIO_Selector, &NIO_Selector_type, selector);
      |           ^
selector.c:192:36: warning: '(' and '{' tokens introducing statement expression appear in different macro expansion contexts [-Wcompound-token-split-by-macro]
  192 |         rb_ary_push(result, ID2SYM(rb_intern("epoll")));
      |                                    ^~~~~~~~~~~~~~~~~~
/Users/serenachang/.rbenv/versions/2.6.10/include/ruby-2.6.0/ruby/ruby.h:1826:23: note: expanded from macro 'rb_intern'
 1826 |         __extension__ (RUBY_CONST_ID_CACHE((ID), (str))) : \
      |                       ^
/Users/serenachang/.rbenv/versions/2.6.10/include/ruby-2.6.0/ruby/ruby.h:413:29: note: expanded from macro 'ID2SYM'
  413 | #define ID2SYM(x) RB_ID2SYM(x)
      |                             ^
/Users/serenachang/.rbenv/versions/2.6.10/include/ruby-2.6.0/ruby/ruby.h:408:33: note: expanded from macro 'RB_ID2SYM'
  408 | #define RB_ID2SYM(x) (rb_id2sym(x))
      |                                 ^
selector.c:192:36: note: '{' token is here
  192 |         rb_ary_push(result, ID2SYM(rb_intern("epoll")));
      |                                    ^~~~~~~~~~~~~~~~~~
/Users/serenachang/.rbenv/versions/2.6.10/include/ruby-2.6.0/ruby/ruby.h:1826:24: note: expanded from macro 'rb_intern'
 1826 |         __extension__ (RUBY_CONST_ID_CACHE((ID), (str))) : \
      |                        ^~~~~~~~~~~~~~~~~~~~~~~~~~~~~~~~
/Users/serenachang/.rbenv/versions/2.6.10/include/ruby-2.6.0/ruby/ruby.h:1811:5: note: expanded from macro 'RUBY_CONST_ID_CACHE'
 1811 |     {                                                   \
      |     ^
/Users/serenachang/.rbenv/versions/2.6.10/include/ruby-2.6.0/ruby/ruby.h:413:29: note: expanded from macro 'ID2SYM'
  413 | #define ID2SYM(x) RB_ID2SYM(x)
      |                             ^
/Users/serenachang/.rbenv/versions/2.6.10/include/ruby-2.6.0/ruby/ruby.h:408:33: note: expanded from macro 'RB_ID2SYM'
  408 | #define RB_ID2SYM(x) (rb_id2sym(x))
      |                                 ^
selector.c:192:36: warning: '}' and ')' tokens terminating statement expression appear in different macro expansion contexts [-Wcompound-token-split-by-macro]
  192 |         rb_ary_push(result, ID2SYM(rb_intern("epoll")));
      |                                    ^~~~~~~~~~~~~~~~~~
/Users/serenachang/.rbenv/versions/2.6.10/include/ruby-2.6.0/ruby/ruby.h:1826:24: note: expanded from macro 'rb_intern'
 1826 |         __extension__ (RUBY_CONST_ID_CACHE((ID), (str))) : \
      |                        ^~~~~~~~~~~~~~~~~~~~~~~~~~~~~~~~
/Users/serenachang/.rbenv/versions/2.6.10/include/ruby-2.6.0/ruby/ruby.h:1816:5: note: expanded from macro 'RUBY_CONST_ID_CACHE'
 1816 |     }
      |     ^
/Users/serenachang/.rbenv/versions/2.6.10/include/ruby-2.6.0/ruby/ruby.h:413:29: note: expanded from macro 'ID2SYM'
  413 | #define ID2SYM(x) RB_ID2SYM(x)
      |                             ^
/Users/serenachang/.rbenv/versions/2.6.10/include/ruby-2.6.0/ruby/ruby.h:408:33: note: expanded from macro 'RB_ID2SYM'
  408 | #define RB_ID2SYM(x) (rb_id2sym(x))
      |                                 ^
selector.c:192:36: note: ')' token is here
  192 |         rb_ary_push(result, ID2SYM(rb_intern("epoll")));
      |                                    ^~~~~~~~~~~~~~~~~~
/Users/serenachang/.rbenv/versions/2.6.10/include/ruby-2.6.0/ruby/ruby.h:1826:56: note: expanded from macro 'rb_intern'
 1826 |         __extension__ (RUBY_CONST_ID_CACHE((ID), (str))) : \
      |                                                        ^
/Users/serenachang/.rbenv/versions/2.6.10/include/ruby-2.6.0/ruby/ruby.h:413:29: note: expanded from macro 'ID2SYM'
  413 | #define ID2SYM(x) RB_ID2SYM(x)
      |                             ^
/Users/serenachang/.rbenv/versions/2.6.10/include/ruby-2.6.0/ruby/ruby.h:408:33: note: expanded from macro 'RB_ID2SYM'
  408 | #define RB_ID2SYM(x) (rb_id2sym(x))
      |                                 ^
selector.c:196:36: warning: '(' and '{' tokens introducing statement expression appear in different macro expansion contexts [-Wcompound-token-split-by-macro]
  196 |         rb_ary_push(result, ID2SYM(rb_intern("poll")));
      |                                    ^~~~~~~~~~~~~~~~~
/Users/serenachang/.rbenv/versions/2.6.10/include/ruby-2.6.0/ruby/ruby.h:1826:23: note: expanded from macro 'rb_intern'
 1826 |         __extension__ (RUBY_CONST_ID_CACHE((ID), (str))) : \
      |                       ^
/Users/serenachang/.rbenv/versions/2.6.10/include/ruby-2.6.0/ruby/ruby.h:413:29: note: expanded from macro 'ID2SYM'
  413 | #define ID2SYM(x) RB_ID2SYM(x)
      |                             ^
/Users/serenachang/.rbenv/versions/2.6.10/include/ruby-2.6.0/ruby/ruby.h:408:33: note: expanded from macro 'RB_ID2SYM'
  408 | #define RB_ID2SYM(x) (rb_id2sym(x))
      |                                 ^
selector.c:196:36: note: '{' token is here
  196 |         rb_ary_push(result, ID2SYM(rb_intern("poll")));
      |                                    ^~~~~~~~~~~~~~~~~
/Users/serenachang/.rbenv/versions/2.6.10/include/ruby-2.6.0/ruby/ruby.h:1826:24: note: expanded from macro 'rb_intern'
 1826 |         __extension__ (RUBY_CONST_ID_CACHE((ID), (str))) : \
      |                        ^~~~~~~~~~~~~~~~~~~~~~~~~~~~~~~~
/Users/serenachang/.rbenv/versions/2.6.10/include/ruby-2.6.0/ruby/ruby.h:1811:5: note: expanded from macro 'RUBY_CONST_ID_CACHE'
 1811 |     {                                                   \
      |     ^
/Users/serenachang/.rbenv/versions/2.6.10/include/ruby-2.6.0/ruby/ruby.h:413:29: note: expanded from macro 'ID2SYM'
  413 | #define ID2SYM(x) RB_ID2SYM(x)
      |                             ^
/Users/serenachang/.rbenv/versions/2.6.10/include/ruby-2.6.0/ruby/ruby.h:408:33: note: expanded from macro 'RB_ID2SYM'
  408 | #define RB_ID2SYM(x) (rb_id2sym(x))
      |                                 ^
selector.c:196:36: warning: '}' and ')' tokens terminating statement expression appear in different macro expansion contexts [-Wcompound-token-split-by-macro]
  196 |         rb_ary_push(result, ID2SYM(rb_intern("poll")));
      |                                    ^~~~~~~~~~~~~~~~~
/Users/serenachang/.rbenv/versions/2.6.10/include/ruby-2.6.0/ruby/ruby.h:1826:24: note: expanded from macro 'rb_intern'
 1826 |         __extension__ (RUBY_CONST_ID_CACHE((ID), (str))) : \
      |                        ^~~~~~~~~~~~~~~~~~~~~~~~~~~~~~~~
/Users/serenachang/.rbenv/versions/2.6.10/include/ruby-2.6.0/ruby/ruby.h:1816:5: note: expanded from macro 'RUBY_CONST_ID_CACHE'
 1816 |     }
      |     ^
/Users/serenachang/.rbenv/versions/2.6.10/include/ruby-2.6.0/ruby/ruby.h:413:29: note: expanded from macro 'ID2SYM'
  413 | #define ID2SYM(x) RB_ID2SYM(x)
      |                             ^
/Users/serenachang/.rbenv/versions/2.6.10/include/ruby-2.6.0/ruby/ruby.h:408:33: note: expanded from macro 'RB_ID2SYM'
  408 | #define RB_ID2SYM(x) (rb_id2sym(x))
      |                                 ^
selector.c:196:36: note: ')' token is here
  196 |         rb_ary_push(result, ID2SYM(rb_intern("poll")));
      |                                    ^~~~~~~~~~~~~~~~~
/Users/serenachang/.rbenv/versions/2.6.10/include/ruby-2.6.0/ruby/ruby.h:1826:56: note: expanded from macro 'rb_intern'
 1826 |         __extension__ (RUBY_CONST_ID_CACHE((ID), (str))) : \
      |                                                        ^
/Users/serenachang/.rbenv/versions/2.6.10/include/ruby-2.6.0/ruby/ruby.h:413:29: note: expanded from macro 'ID2SYM'
  413 | #define ID2SYM(x) RB_ID2SYM(x)
      |                             ^
/Users/serenachang/.rbenv/versions/2.6.10/include/ruby-2.6.0/ruby/ruby.h:408:33: note: expanded from macro 'RB_ID2SYM'
  408 | #define RB_ID2SYM(x) (rb_id2sym(x))
      |                                 ^
selector.c:200:36: warning: '(' and '{' tokens introducing statement expression appear in different macro expansion contexts [-Wcompound-token-split-by-macro]
  200 |         rb_ary_push(result, ID2SYM(rb_intern("kqueue")));
      |                                    ^~~~~~~~~~~~~~~~~~~
/Users/serenachang/.rbenv/versions/2.6.10/include/ruby-2.6.0/ruby/ruby.h:1826:23: note: expanded from macro 'rb_intern'
 1826 |         __extension__ (RUBY_CONST_ID_CACHE((ID), (str))) : \
      |                       ^
/Users/serenachang/.rbenv/versions/2.6.10/include/ruby-2.6.0/ruby/ruby.h:413:29: note: expanded from macro 'ID2SYM'
  413 | #define ID2SYM(x) RB_ID2SYM(x)
      |                             ^
/Users/serenachang/.rbenv/versions/2.6.10/include/ruby-2.6.0/ruby/ruby.h:408:33: note: expanded from macro 'RB_ID2SYM'
  408 | #define RB_ID2SYM(x) (rb_id2sym(x))
      |                                 ^
selector.c:200:36: note: '{' token is here
  200 |         rb_ary_push(result, ID2SYM(rb_intern("kqueue")));
      |                                    ^~~~~~~~~~~~~~~~~~~
/Users/serenachang/.rbenv/versions/2.6.10/include/ruby-2.6.0/ruby/ruby.h:1826:24: note: expanded from macro 'rb_intern'
 1826 |         __extension__ (RUBY_CONST_ID_CACHE((ID), (str))) : \
      |                        ^~~~~~~~~~~~~~~~~~~~~~~~~~~~~~~~
/Users/serenachang/.rbenv/versions/2.6.10/include/ruby-2.6.0/ruby/ruby.h:1811:5: note: expanded from macro 'RUBY_CONST_ID_CACHE'
 1811 |     {                                                   \
      |     ^
/Users/serenachang/.rbenv/versions/2.6.10/include/ruby-2.6.0/ruby/ruby.h:413:29: note: expanded from macro 'ID2SYM'
  413 | #define ID2SYM(x) RB_ID2SYM(x)
      |                             ^
/Users/serenachang/.rbenv/versions/2.6.10/include/ruby-2.6.0/ruby/ruby.h:408:33: note: expanded from macro 'RB_ID2SYM'
  408 | #define RB_ID2SYM(x) (rb_id2sym(x))
      |                                 ^
selector.c:200:36: warning: '}' and ')' tokens terminating statement expression appear in different macro expansion contexts [-Wcompound-token-split-by-macro]
  200 |         rb_ary_push(result, ID2SYM(rb_intern("kqueue")));
      |                                    ^~~~~~~~~~~~~~~~~~~
/Users/serenachang/.rbenv/versions/2.6.10/include/ruby-2.6.0/ruby/ruby.h:1826:24: note: expanded from macro 'rb_intern'
 1826 |         __extension__ (RUBY_CONST_ID_CACHE((ID), (str))) : \
      |                        ^~~~~~~~~~~~~~~~~~~~~~~~~~~~~~~~
/Users/serenachang/.rbenv/versions/2.6.10/include/ruby-2.6.0/ruby/ruby.h:1816:5: note: expanded from macro 'RUBY_CONST_ID_CACHE'
 1816 |     }
      |     ^
/Users/serenachang/.rbenv/versions/2.6.10/include/ruby-2.6.0/ruby/ruby.h:413:29: note: expanded from macro 'ID2SYM'
  413 | #define ID2SYM(x) RB_ID2SYM(x)
      |                             ^
/Users/serenachang/.rbenv/versions/2.6.10/include/ruby-2.6.0/ruby/ruby.h:408:33: note: expanded from macro 'RB_ID2SYM'
  408 | #define RB_ID2SYM(x) (rb_id2sym(x))
      |                                 ^
selector.c:200:36: note: ')' token is here
  200 |         rb_ary_push(result, ID2SYM(rb_intern("kqueue")));
      |                                    ^~~~~~~~~~~~~~~~~~~
/Users/serenachang/.rbenv/versions/2.6.10/include/ruby-2.6.0/ruby/ruby.h:1826:56: note: expanded from macro 'rb_intern'
 1826 |         __extension__ (RUBY_CONST_ID_CACHE((ID), (str))) : \
      |                                                        ^
/Users/serenachang/.rbenv/versions/2.6.10/include/ruby-2.6.0/ruby/ruby.h:413:29: note: expanded from macro 'ID2SYM'
  413 | #define ID2SYM(x) RB_ID2SYM(x)
      |                             ^
/Users/serenachang/.rbenv/versions/2.6.10/include/ruby-2.6.0/ruby/ruby.h:408:33: note: expanded from macro 'RB_ID2SYM'
  408 | #define RB_ID2SYM(x) (rb_id2sym(x))
      |                                 ^
selector.c:204:36: warning: '(' and '{' tokens introducing statement expression appear in different macro expansion contexts [-Wcompound-token-split-by-macro]
  204 |         rb_ary_push(result, ID2SYM(rb_intern("select")));
      |                                    ^~~~~~~~~~~~~~~~~~~
/Users/serenachang/.rbenv/versions/2.6.10/include/ruby-2.6.0/ruby/ruby.h:1826:23: note: expanded from macro 'rb_intern'
 1826 |         __extension__ (RUBY_CONST_ID_CACHE((ID), (str))) : \
      |                       ^
/Users/serenachang/.rbenv/versions/2.6.10/include/ruby-2.6.0/ruby/ruby.h:413:29: note: expanded from macro 'ID2SYM'
  413 | #define ID2SYM(x) RB_ID2SYM(x)
      |                             ^
/Users/serenachang/.rbenv/versions/2.6.10/include/ruby-2.6.0/ruby/ruby.h:408:33: note: expanded from macro 'RB_ID2SYM'
  408 | #define RB_ID2SYM(x) (rb_id2sym(x))
      |                                 ^
selector.c:204:36: note: '{' token is here
  204 |         rb_ary_push(result, ID2SYM(rb_intern("select")));
      |                                    ^~~~~~~~~~~~~~~~~~~
/Users/serenachang/.rbenv/versions/2.6.10/include/ruby-2.6.0/ruby/ruby.h:1826:24: note: expanded from macro 'rb_intern'
 1826 |         __extension__ (RUBY_CONST_ID_CACHE((ID), (str))) : \
      |                        ^~~~~~~~~~~~~~~~~~~~~~~~~~~~~~~~
/Users/serenachang/.rbenv/versions/2.6.10/include/ruby-2.6.0/ruby/ruby.h:1811:5: note: expanded from macro 'RUBY_CONST_ID_CACHE'
 1811 |     {                                                   \
      |     ^
/Users/serenachang/.rbenv/versions/2.6.10/include/ruby-2.6.0/ruby/ruby.h:413:29: note: expanded from macro 'ID2SYM'
  413 | #define ID2SYM(x) RB_ID2SYM(x)
      |                             ^
/Users/serenachang/.rbenv/versions/2.6.10/include/ruby-2.6.0/ruby/ruby.h:408:33: note: expanded from macro 'RB_ID2SYM'
  408 | #define RB_ID2SYM(x) (rb_id2sym(x))
      |                                 ^
selector.c:204:36: warning: '}' and ')' tokens terminating statement expression appear in different macro expansion contexts [-Wcompound-token-split-by-macro]
  204 |         rb_ary_push(result, ID2SYM(rb_intern("select")));
      |                                    ^~~~~~~~~~~~~~~~~~~
/Users/serenachang/.rbenv/versions/2.6.10/include/ruby-2.6.0/ruby/ruby.h:1826:24: note: expanded from macro 'rb_intern'
 1826 |         __extension__ (RUBY_CONST_ID_CACHE((ID), (str))) : \
      |                        ^~~~~~~~~~~~~~~~~~~~~~~~~~~~~~~~
/Users/serenachang/.rbenv/versions/2.6.10/include/ruby-2.6.0/ruby/ruby.h:1816:5: note: expanded from macro 'RUBY_CONST_ID_CACHE'
 1816 |     }
      |     ^
/Users/serenachang/.rbenv/versions/2.6.10/include/ruby-2.6.0/ruby/ruby.h:413:29: note: expanded from macro 'ID2SYM'
  413 | #define ID2SYM(x) RB_ID2SYM(x)
      |                             ^
/Users/serenachang/.rbenv/versions/2.6.10/include/ruby-2.6.0/ruby/ruby.h:408:33: note: expanded from macro 'RB_ID2SYM'
  408 | #define RB_ID2SYM(x) (rb_id2sym(x))
      |                                 ^
selector.c:204:36: note: ')' token is here
  204 |         rb_ary_push(result, ID2SYM(rb_intern("select")));
      |                                    ^~~~~~~~~~~~~~~~~~~
/Users/serenachang/.rbenv/versions/2.6.10/include/ruby-2.6.0/ruby/ruby.h:1826:56: note: expanded from macro 'rb_intern'
 1826 |         __extension__ (RUBY_CONST_ID_CACHE((ID), (str))) : \
      |                                                        ^
/Users/serenachang/.rbenv/versions/2.6.10/include/ruby-2.6.0/ruby/ruby.h:413:29: note: expanded from macro 'ID2SYM'
  413 | #define ID2SYM(x) RB_ID2SYM(x)
      |                             ^
/Users/serenachang/.rbenv/versions/2.6.10/include/ruby-2.6.0/ruby/ruby.h:408:33: note: expanded from macro 'RB_ID2SYM'
  408 | #define RB_ID2SYM(x) (rb_id2sym(x))
      |                                 ^
selector.c:208:36: warning: '(' and '{' tokens introducing statement expression appear in different macro expansion contexts [-Wcompound-token-split-by-macro]
  208 |         rb_ary_push(result, ID2SYM(rb_intern("port")));
      |                                    ^~~~~~~~~~~~~~~~~
/Users/serenachang/.rbenv/versions/2.6.10/include/ruby-2.6.0/ruby/ruby.h:1826:23: note: expanded from macro 'rb_intern'
 1826 |         __extension__ (RUBY_CONST_ID_CACHE((ID), (str))) : \
      |                       ^
/Users/serenachang/.rbenv/versions/2.6.10/include/ruby-2.6.0/ruby/ruby.h:413:29: note: expanded from macro 'ID2SYM'
  413 | #define ID2SYM(x) RB_ID2SYM(x)
      |                             ^
/Users/serenachang/.rbenv/versions/2.6.10/include/ruby-2.6.0/ruby/ruby.h:408:33: note: expanded from macro 'RB_ID2SYM'
  408 | #define RB_ID2SYM(x) (rb_id2sym(x))
      |                                 ^
selector.c:208:36: note: '{' token is here
  208 |         rb_ary_push(result, ID2SYM(rb_intern("port")));
      |                                    ^~~~~~~~~~~~~~~~~
/Users/serenachang/.rbenv/versions/2.6.10/include/ruby-2.6.0/ruby/ruby.h:1826:24: note: expanded from macro 'rb_intern'
 1826 |         __extension__ (RUBY_CONST_ID_CACHE((ID), (str))) : \
      |                        ^~~~~~~~~~~~~~~~~~~~~~~~~~~~~~~~
/Users/serenachang/.rbenv/versions/2.6.10/include/ruby-2.6.0/ruby/ruby.h:1811:5: note: expanded from macro 'RUBY_CONST_ID_CACHE'
 1811 |     {                                                   \
      |     ^
/Users/serenachang/.rbenv/versions/2.6.10/include/ruby-2.6.0/ruby/ruby.h:413:29: note: expanded from macro 'ID2SYM'
  413 | #define ID2SYM(x) RB_ID2SYM(x)
      |                             ^
/Users/serenachang/.rbenv/versions/2.6.10/include/ruby-2.6.0/ruby/ruby.h:408:33: note: expanded from macro 'RB_ID2SYM'
  408 | #define RB_ID2SYM(x) (rb_id2sym(x))
      |                                 ^
selector.c:208:36: warning: '}' and ')' tokens terminating statement expression appear in different macro expansion contexts [-Wcompound-token-split-by-macro]
  208 |         rb_ary_push(result, ID2SYM(rb_intern("port")));
      |                                    ^~~~~~~~~~~~~~~~~
/Users/serenachang/.rbenv/versions/2.6.10/include/ruby-2.6.0/ruby/ruby.h:1826:24: note: expanded from macro 'rb_intern'
 1826 |         __extension__ (RUBY_CONST_ID_CACHE((ID), (str))) : \
      |                        ^~~~~~~~~~~~~~~~~~~~~~~~~~~~~~~~
/Users/serenachang/.rbenv/versions/2.6.10/include/ruby-2.6.0/ruby/ruby.h:1816:5: note: expanded from macro 'RUBY_CONST_ID_CACHE'
 1816 |     }
      |     ^
/Users/serenachang/.rbenv/versions/2.6.10/include/ruby-2.6.0/ruby/ruby.h:413:29: note: expanded from macro 'ID2SYM'
  413 | #define ID2SYM(x) RB_ID2SYM(x)
      |                             ^
/Users/serenachang/.rbenv/versions/2.6.10/include/ruby-2.6.0/ruby/ruby.h:408:33: note: expanded from macro 'RB_ID2SYM'
  408 | #define RB_ID2SYM(x) (rb_id2sym(x))
      |                                 ^
selector.c:208:36: note: ')' token is here
  208 |         rb_ary_push(result, ID2SYM(rb_intern("port")));
      |                                    ^~~~~~~~~~~~~~~~~
/Users/serenachang/.rbenv/versions/2.6.10/include/ruby-2.6.0/ruby/ruby.h:1826:56: note: expanded from macro 'rb_intern'
 1826 |         __extension__ (RUBY_CONST_ID_CACHE((ID), (str))) : \
      |                                                        ^
/Users/serenachang/.rbenv/versions/2.6.10/include/ruby-2.6.0/ruby/ruby.h:413:29: note: expanded from macro 'ID2SYM'
  413 | #define ID2SYM(x) RB_ID2SYM(x)
      |                             ^
/Users/serenachang/.rbenv/versions/2.6.10/include/ruby-2.6.0/ruby/ruby.h:408:33: note: expanded from macro 'RB_ID2SYM'
  408 | #define RB_ID2SYM(x) (rb_id2sym(x))
      |                                 ^
selector.c:212:36: warning: '(' and '{' tokens introducing statement expression appear in different macro expansion contexts [-Wcompound-token-split-by-macro]
  212 |         rb_ary_push(result, ID2SYM(rb_intern("linuxaio")));
      |                                    ^~~~~~~~~~~~~~~~~~~~~
/Users/serenachang/.rbenv/versions/2.6.10/include/ruby-2.6.0/ruby/ruby.h:1826:23: note: expanded from macro 'rb_intern'
 1826 |         __extension__ (RUBY_CONST_ID_CACHE((ID), (str))) : \
      |                       ^
/Users/serenachang/.rbenv/versions/2.6.10/include/ruby-2.6.0/ruby/ruby.h:413:29: note: expanded from macro 'ID2SYM'
  413 | #define ID2SYM(x) RB_ID2SYM(x)
      |                             ^
/Users/serenachang/.rbenv/versions/2.6.10/include/ruby-2.6.0/ruby/ruby.h:408:33: note: expanded from macro 'RB_ID2SYM'
  408 | #define RB_ID2SYM(x) (rb_id2sym(x))
      |                                 ^
selector.c:212:36: note: '{' token is here
  212 |         rb_ary_push(result, ID2SYM(rb_intern("linuxaio")));
      |                                    ^~~~~~~~~~~~~~~~~~~~~
/Users/serenachang/.rbenv/versions/2.6.10/include/ruby-2.6.0/ruby/ruby.h:1826:24: note: expanded from macro 'rb_intern'
 1826 |         __extension__ (RUBY_CONST_ID_CACHE((ID), (str))) : \
      |                        ^~~~~~~~~~~~~~~~~~~~~~~~~~~~~~~~
/Users/serenachang/.rbenv/versions/2.6.10/include/ruby-2.6.0/ruby/ruby.h:1811:5: note: expanded from macro 'RUBY_CONST_ID_CACHE'
 1811 |     {                                                   \
      |     ^
/Users/serenachang/.rbenv/versions/2.6.10/include/ruby-2.6.0/ruby/ruby.h:413:29: note: expanded from macro 'ID2SYM'
  413 | #define ID2SYM(x) RB_ID2SYM(x)
      |                             ^
/Users/serenachang/.rbenv/versions/2.6.10/include/ruby-2.6.0/ruby/ruby.h:408:33: note: expanded from macro 'RB_ID2SYM'
  408 | #define RB_ID2SYM(x) (rb_id2sym(x))
      |                                 ^
selector.c:212:36: warning: '}' and ')' tokens terminating statement expression appear in different macro expansion contexts [-Wcompound-token-split-by-macro]
  212 |         rb_ary_push(result, ID2SYM(rb_intern("linuxaio")));
      |                                    ^~~~~~~~~~~~~~~~~~~~~
/Users/serenachang/.rbenv/versions/2.6.10/include/ruby-2.6.0/ruby/ruby.h:1826:24: note: expanded from macro 'rb_intern'
 1826 |         __extension__ (RUBY_CONST_ID_CACHE((ID), (str))) : \
      |                        ^~~~~~~~~~~~~~~~~~~~~~~~~~~~~~~~
/Users/serenachang/.rbenv/versions/2.6.10/include/ruby-2.6.0/ruby/ruby.h:1816:5: note: expanded from macro 'RUBY_CONST_ID_CACHE'
 1816 |     }
      |     ^
/Users/serenachang/.rbenv/versions/2.6.10/include/ruby-2.6.0/ruby/ruby.h:413:29: note: expanded from macro 'ID2SYM'
  413 | #define ID2SYM(x) RB_ID2SYM(x)
      |                             ^
/Users/serenachang/.rbenv/versions/2.6.10/include/ruby-2.6.0/ruby/ruby.h:408:33: note: expanded from macro 'RB_ID2SYM'
  408 | #define RB_ID2SYM(x) (rb_id2sym(x))
      |                                 ^
selector.c:212:36: note: ')' token is here
  212 |         rb_ary_push(result, ID2SYM(rb_intern("linuxaio")));
      |                                    ^~~~~~~~~~~~~~~~~~~~~
/Users/serenachang/.rbenv/versions/2.6.10/include/ruby-2.6.0/ruby/ruby.h:1826:56: note: expanded from macro 'rb_intern'
 1826 |         __extension__ (RUBY_CONST_ID_CACHE((ID), (str))) : \
      |                                                        ^
/Users/serenachang/.rbenv/versions/2.6.10/include/ruby-2.6.0/ruby/ruby.h:413:29: note: expanded from macro 'ID2SYM'
  413 | #define ID2SYM(x) RB_ID2SYM(x)
      |                             ^
/Users/serenachang/.rbenv/versions/2.6.10/include/ruby-2.6.0/ruby/ruby.h:408:33: note: expanded from macro 'RB_ID2SYM'
  408 | #define RB_ID2SYM(x) (rb_id2sym(x))
      |                                 ^
selector.c:216:36: warning: '(' and '{' tokens introducing statement expression appear in different macro expansion contexts [-Wcompound-token-split-by-macro]
  216 |         rb_ary_push(result, ID2SYM(rb_intern("io_uring")));
      |                                    ^~~~~~~~~~~~~~~~~~~~~
/Users/serenachang/.rbenv/versions/2.6.10/include/ruby-2.6.0/ruby/ruby.h:1826:23: note: expanded from macro 'rb_intern'
 1826 |         __extension__ (RUBY_CONST_ID_CACHE((ID), (str))) : \
      |                       ^
/Users/serenachang/.rbenv/versions/2.6.10/include/ruby-2.6.0/ruby/ruby.h:413:29: note: expanded from macro 'ID2SYM'
  413 | #define ID2SYM(x) RB_ID2SYM(x)
      |                             ^
/Users/serenachang/.rbenv/versions/2.6.10/include/ruby-2.6.0/ruby/ruby.h:408:33: note: expanded from macro 'RB_ID2SYM'
  408 | #define RB_ID2SYM(x) (rb_id2sym(x))
      |                                 ^
selector.c:216:36: note: '{' token is here
  216 |         rb_ary_push(result, ID2SYM(rb_intern("io_uring")));
      |                                    ^~~~~~~~~~~~~~~~~~~~~
/Users/serenachang/.rbenv/versions/2.6.10/include/ruby-2.6.0/ruby/ruby.h:1826:24: note: expanded from macro 'rb_intern'
 1826 |         __extension__ (RUBY_CONST_ID_CACHE((ID), (str))) : \
      |                        ^~~~~~~~~~~~~~~~~~~~~~~~~~~~~~~~
/Users/serenachang/.rbenv/versions/2.6.10/include/ruby-2.6.0/ruby/ruby.h:1811:5: note: expanded from macro 'RUBY_CONST_ID_CACHE'
 1811 |     {                                                   \
      |     ^
/Users/serenachang/.rbenv/versions/2.6.10/include/ruby-2.6.0/ruby/ruby.h:413:29: note: expanded from macro 'ID2SYM'
  413 | #define ID2SYM(x) RB_ID2SYM(x)
      |                             ^
/Users/serenachang/.rbenv/versions/2.6.10/include/ruby-2.6.0/ruby/ruby.h:408:33: note: expanded from macro 'RB_ID2SYM'
  408 | #define RB_ID2SYM(x) (rb_id2sym(x))
      |                                 ^
selector.c:216:36: warning: '}' and ')' tokens terminating statement expression appear in different macro expansion contexts [-Wcompound-token-split-by-macro]
  216 |         rb_ary_push(result, ID2SYM(rb_intern("io_uring")));
      |                                    ^~~~~~~~~~~~~~~~~~~~~
/Users/serenachang/.rbenv/versions/2.6.10/include/ruby-2.6.0/ruby/ruby.h:1826:24: note: expanded from macro 'rb_intern'
 1826 |         __extension__ (RUBY_CONST_ID_CACHE((ID), (str))) : \
      |                        ^~~~~~~~~~~~~~~~~~~~~~~~~~~~~~~~
/Users/serenachang/.rbenv/versions/2.6.10/include/ruby-2.6.0/ruby/ruby.h:1816:5: note: expanded from macro 'RUBY_CONST_ID_CACHE'
 1816 |     }
      |     ^
/Users/serenachang/.rbenv/versions/2.6.10/include/ruby-2.6.0/ruby/ruby.h:413:29: note: expanded from macro 'ID2SYM'
  413 | #define ID2SYM(x) RB_ID2SYM(x)
      |                             ^
/Users/serenachang/.rbenv/versions/2.6.10/include/ruby-2.6.0/ruby/ruby.h:408:33: note: expanded from macro 'RB_ID2SYM'
  408 | #define RB_ID2SYM(x) (rb_id2sym(x))
      |                                 ^
selector.c:216:36: note: ')' token is here
  216 |         rb_ary_push(result, ID2SYM(rb_intern("io_uring")));
      |                                    ^~~~~~~~~~~~~~~~~~~~~
/Users/serenachang/.rbenv/versions/2.6.10/include/ruby-2.6.0/ruby/ruby.h:1826:56: note: expanded from macro 'rb_intern'
 1826 |         __extension__ (RUBY_CONST_ID_CACHE((ID), (str))) : \
      |                                                        ^
/Users/serenachang/.rbenv/versions/2.6.10/include/ruby-2.6.0/ruby/ruby.h:413:29: note: expanded from macro 'ID2SYM'
  413 | #define ID2SYM(x) RB_ID2SYM(x)
      |                             ^
/Users/serenachang/.rbenv/versions/2.6.10/include/ruby-2.6.0/ruby/ruby.h:408:33: note: expanded from macro 'RB_ID2SYM'
  408 | #define RB_ID2SYM(x) (rb_id2sym(x))
      |                                 ^
selector.c:239:95: warning: '(' and '{' tokens introducing statement expression appear in different macro expansion contexts [-Wcompound-token-split-by-macro]
  239 |             rb_raise(rb_eArgError, "unsupported backend: %s", RSTRING_PTR(rb_funcall(backend, rb_intern("inspect"), 0)));
      |                                                                                               ^~~~~~~~~~~~~~~~~~~~
/Users/serenachang/.rbenv/versions/2.6.10/include/ruby-2.6.0/ruby/ruby.h:1826:23: note: expanded from macro 'rb_intern'
 1826 |         __extension__ (RUBY_CONST_ID_CACHE((ID), (str))) : \
      |                       ^
/Users/serenachang/.rbenv/versions/2.6.10/include/ruby-2.6.0/ruby/ruby.h:2602:20: note: expanded from macro 'rb_funcall'
 2602 |         rb_funcallv(recv, mid, \
      |                           ^~~
/Users/serenachang/.rbenv/versions/2.6.10/include/ruby-2.6.0/ruby/ruby.h:1003:15: note: expanded from macro 'RSTRING_PTR'
 1003 |     (!(RBASIC(str)->flags & RSTRING_NOEMBED) ? \
      |               ^~~
/Users/serenachang/.rbenv/versions/2.6.10/include/ruby-2.6.0/ruby/ruby.h:1253:38: note: expanded from macro 'RBASIC'
 1253 | #define RBASIC(obj)  (R_CAST(RBasic)(obj))
      |                                      ^~~
selector.c:239:95: note: '{' token is here
  239 |             rb_raise(rb_eArgError, "unsupported backend: %s", RSTRING_PTR(rb_funcall(backend, rb_intern("inspect"), 0)));
      |                                                                                               ^~~~~~~~~~~~~~~~~~~~
/Users/serenachang/.rbenv/versions/2.6.10/include/ruby-2.6.0/ruby/ruby.h:1826:24: note: expanded from macro 'rb_intern'
 1826 |         __extension__ (RUBY_CONST_ID_CACHE((ID), (str))) : \
      |                        ^~~~~~~~~~~~~~~~~~~~~~~~~~~~~~~~
/Users/serenachang/.rbenv/versions/2.6.10/include/ruby-2.6.0/ruby/ruby.h:1811:5: note: expanded from macro 'RUBY_CONST_ID_CACHE'
 1811 |     {                                                   \
      |     ^
/Users/serenachang/.rbenv/versions/2.6.10/include/ruby-2.6.0/ruby/ruby.h:2602:20: note: expanded from macro 'rb_funcall'
 2602 |         rb_funcallv(recv, mid, \
      |                           ^~~
/Users/serenachang/.rbenv/versions/2.6.10/include/ruby-2.6.0/ruby/ruby.h:1003:15: note: expanded from macro 'RSTRING_PTR'
 1003 |     (!(RBASIC(str)->flags & RSTRING_NOEMBED) ? \
      |               ^~~
/Users/serenachang/.rbenv/versions/2.6.10/include/ruby-2.6.0/ruby/ruby.h:1253:38: note: expanded from macro 'RBASIC'
 1253 | #define RBASIC(obj)  (R_CAST(RBasic)(obj))
      |                                      ^~~
selector.c:239:95: warning: '}' and ')' tokens terminating statement expression appear in different macro expansion contexts [-Wcompound-token-split-by-macro]
  239 |             rb_raise(rb_eArgError, "unsupported backend: %s", RSTRING_PTR(rb_funcall(backend, rb_intern("inspect"), 0)));
      |                                                                                               ^~~~~~~~~~~~~~~~~~~~
/Users/serenachang/.rbenv/versions/2.6.10/include/ruby-2.6.0/ruby/ruby.h:1826:24: note: expanded from macro 'rb_intern'
 1826 |         __extension__ (RUBY_CONST_ID_CACHE((ID), (str))) : \
      |                        ^~~~~~~~~~~~~~~~~~~~~~~~~~~~~~~~
/Users/serenachang/.rbenv/versions/2.6.10/include/ruby-2.6.0/ruby/ruby.h:1816:5: note: expanded from macro 'RUBY_CONST_ID_CACHE'
 1816 |     }
      |     ^
/Users/serenachang/.rbenv/versions/2.6.10/include/ruby-2.6.0/ruby/ruby.h:2602:20: note: expanded from macro 'rb_funcall'
 2602 |         rb_funcallv(recv, mid, \
      |                           ^~~
/Users/serenachang/.rbenv/versions/2.6.10/include/ruby-2.6.0/ruby/ruby.h:1003:15: note: expanded from macro 'RSTRING_PTR'
 1003 |     (!(RBASIC(str)->flags & RSTRING_NOEMBED) ? \
      |               ^~~
/Users/serenachang/.rbenv/versions/2.6.10/include/ruby-2.6.0/ruby/ruby.h:1253:38: note: expanded from macro 'RBASIC'
 1253 | #define RBASIC(obj)  (R_CAST(RBasic)(obj))
      |                                      ^~~
selector.c:239:95: note: ')' token is here
  239 |             rb_raise(rb_eArgError, "unsupported backend: %s", RSTRING_PTR(rb_funcall(backend, rb_intern("inspect"), 0)));
      |                                                                                               ^~~~~~~~~~~~~~~~~~~~
/Users/serenachang/.rbenv/versions/2.6.10/include/ruby-2.6.0/ruby/ruby.h:1826:56: note: expanded from macro 'rb_intern'
 1826 |         __extension__ (RUBY_CONST_ID_CACHE((ID), (str))) : \
      |                                                        ^
/Users/serenachang/.rbenv/versions/2.6.10/include/ruby-2.6.0/ruby/ruby.h:2602:20: note: expanded from macro 'rb_funcall'
 2602 |         rb_funcallv(recv, mid, \
      |                           ^~~
/Users/serenachang/.rbenv/versions/2.6.10/include/ruby-2.6.0/ruby/ruby.h:1003:15: note: expanded from macro 'RSTRING_PTR'
 1003 |     (!(RBASIC(str)->flags & RSTRING_NOEMBED) ? \
      |               ^~~
/Users/serenachang/.rbenv/versions/2.6.10/include/ruby-2.6.0/ruby/ruby.h:1253:38: note: expanded from macro 'RBASIC'
 1253 | #define RBASIC(obj)  (R_CAST(RBasic)(obj))
      |                                      ^~~
selector.c:239:95: warning: '(' and '{' tokens introducing statement expression appear in different macro expansion contexts [-Wcompound-token-split-by-macro]
  239 |             rb_raise(rb_eArgError, "unsupported backend: %s", RSTRING_PTR(rb_funcall(backend, rb_intern("inspect"), 0)));
      |                                                                                               ^~~~~~~~~~~~~~~~~~~~
/Users/serenachang/.rbenv/versions/2.6.10/include/ruby-2.6.0/ruby/ruby.h:1826:23: note: expanded from macro 'rb_intern'
 1826 |         __extension__ (RUBY_CONST_ID_CACHE((ID), (str))) : \
      |                       ^
/Users/serenachang/.rbenv/versions/2.6.10/include/ruby-2.6.0/ruby/ruby.h:2602:20: note: expanded from macro 'rb_funcall'
 2602 |         rb_funcallv(recv, mid, \
      |                           ^~~
/Users/serenachang/.rbenv/versions/2.6.10/include/ruby-2.6.0/ruby/ruby.h:1004:14: note: expanded from macro 'RSTRING_PTR'
 1004 |      RSTRING(str)->as.ary : \
      |              ^~~
/Users/serenachang/.rbenv/versions/2.6.10/include/ruby-2.6.0/ruby/ruby.h:1257:39: note: expanded from macro 'RSTRING'
 1257 | #define RSTRING(obj) (R_CAST(RString)(obj))
      |                                       ^~~
selector.c:239:95: note: '{' token is here
  239 |             rb_raise(rb_eArgError, "unsupported backend: %s", RSTRING_PTR(rb_funcall(backend, rb_intern("inspect"), 0)));
      |                                                                                               ^~~~~~~~~~~~~~~~~~~~
/Users/serenachang/.rbenv/versions/2.6.10/include/ruby-2.6.0/ruby/ruby.h:1826:24: note: expanded from macro 'rb_intern'
 1826 |         __extension__ (RUBY_CONST_ID_CACHE((ID), (str))) : \
      |                        ^~~~~~~~~~~~~~~~~~~~~~~~~~~~~~~~
/Users/serenachang/.rbenv/versions/2.6.10/include/ruby-2.6.0/ruby/ruby.h:1811:5: note: expanded from macro 'RUBY_CONST_ID_CACHE'
 1811 |     {                                                   \
      |     ^
/Users/serenachang/.rbenv/versions/2.6.10/include/ruby-2.6.0/ruby/ruby.h:2602:20: note: expanded from macro 'rb_funcall'
 2602 |         rb_funcallv(recv, mid, \
      |                           ^~~
/Users/serenachang/.rbenv/versions/2.6.10/include/ruby-2.6.0/ruby/ruby.h:1004:14: note: expanded from macro 'RSTRING_PTR'
 1004 |      RSTRING(str)->as.ary : \
      |              ^~~
/Users/serenachang/.rbenv/versions/2.6.10/include/ruby-2.6.0/ruby/ruby.h:1257:39: note: expanded from macro 'RSTRING'
 1257 | #define RSTRING(obj) (R_CAST(RString)(obj))
      |                                       ^~~
selector.c:239:95: warning: '}' and ')' tokens terminating statement expression appear in different macro expansion contexts [-Wcompound-token-split-by-macro]
  239 |             rb_raise(rb_eArgError, "unsupported backend: %s", RSTRING_PTR(rb_funcall(backend, rb_intern("inspect"), 0)));
      |                                                                                               ^~~~~~~~~~~~~~~~~~~~
/Users/serenachang/.rbenv/versions/2.6.10/include/ruby-2.6.0/ruby/ruby.h:1826:24: note: expanded from macro 'rb_intern'
 1826 |         __extension__ (RUBY_CONST_ID_CACHE((ID), (str))) : \
      |                        ^~~~~~~~~~~~~~~~~~~~~~~~~~~~~~~~
/Users/serenachang/.rbenv/versions/2.6.10/include/ruby-2.6.0/ruby/ruby.h:1816:5: note: expanded from macro 'RUBY_CONST_ID_CACHE'
 1816 |     }
      |     ^
/Users/serenachang/.rbenv/versions/2.6.10/include/ruby-2.6.0/ruby/ruby.h:2602:20: note: expanded from macro 'rb_funcall'
 2602 |         rb_funcallv(recv, mid, \
      |                           ^~~
/Users/serenachang/.rbenv/versions/2.6.10/include/ruby-2.6.0/ruby/ruby.h:1004:14: note: expanded from macro 'RSTRING_PTR'
 1004 |      RSTRING(str)->as.ary : \
      |              ^~~
/Users/serenachang/.rbenv/versions/2.6.10/include/ruby-2.6.0/ruby/ruby.h:1257:39: note: expanded from macro 'RSTRING'
 1257 | #define RSTRING(obj) (R_CAST(RString)(obj))
      |                                       ^~~
selector.c:239:95: note: ')' token is here
  239 |             rb_raise(rb_eArgError, "unsupported backend: %s", RSTRING_PTR(rb_funcall(backend, rb_intern("inspect"), 0)));
      |                                                                                               ^~~~~~~~~~~~~~~~~~~~
/Users/serenachang/.rbenv/versions/2.6.10/include/ruby-2.6.0/ruby/ruby.h:1826:56: note: expanded from macro 'rb_intern'
 1826 |         __extension__ (RUBY_CONST_ID_CACHE((ID), (str))) : \
      |                                                        ^
/Users/serenachang/.rbenv/versions/2.6.10/include/ruby-2.6.0/ruby/ruby.h:2602:20: note: expanded from macro 'rb_funcall'
 2602 |         rb_funcallv(recv, mid, \
      |                           ^~~
/Users/serenachang/.rbenv/versions/2.6.10/include/ruby-2.6.0/ruby/ruby.h:1004:14: note: expanded from macro 'RSTRING_PTR'
 1004 |      RSTRING(str)->as.ary : \
      |              ^~~
/Users/serenachang/.rbenv/versions/2.6.10/include/ruby-2.6.0/ruby/ruby.h:1257:39: note: expanded from macro 'RSTRING'
 1257 | #define RSTRING(obj) (R_CAST(RString)(obj))
      |                                       ^~~
selector.c:239:95: warning: '(' and '{' tokens introducing statement expression appear in different macro expansion contexts [-Wcompound-token-split-by-macro]
  239 |             rb_raise(rb_eArgError, "unsupported backend: %s", RSTRING_PTR(rb_funcall(backend, rb_intern("inspect"), 0)));
      |                                                                                               ^~~~~~~~~~~~~~~~~~~~
/Users/serenachang/.rbenv/versions/2.6.10/include/ruby-2.6.0/ruby/ruby.h:1826:23: note: expanded from macro 'rb_intern'
 1826 |         __extension__ (RUBY_CONST_ID_CACHE((ID), (str))) : \
      |                       ^
/Users/serenachang/.rbenv/versions/2.6.10/include/ruby-2.6.0/ruby/ruby.h:2602:20: note: expanded from macro 'rb_funcall'
 2602 |         rb_funcallv(recv, mid, \
      |                           ^~~
/Users/serenachang/.rbenv/versions/2.6.10/include/ruby-2.6.0/ruby/ruby.h:1005:14: note: expanded from macro 'RSTRING_PTR'
 1005 |      RSTRING(str)->as.heap.ptr)
      |              ^~~
/Users/serenachang/.rbenv/versions/2.6.10/include/ruby-2.6.0/ruby/ruby.h:1257:39: note: expanded from macro 'RSTRING'
 1257 | #define RSTRING(obj) (R_CAST(RString)(obj))
      |                                       ^~~
selector.c:239:95: note: '{' token is here
  239 |             rb_raise(rb_eArgError, "unsupported backend: %s", RSTRING_PTR(rb_funcall(backend, rb_intern("inspect"), 0)));
      |                                                                                               ^~~~~~~~~~~~~~~~~~~~
/Users/serenachang/.rbenv/versions/2.6.10/include/ruby-2.6.0/ruby/ruby.h:1826:24: note: expanded from macro 'rb_intern'
 1826 |         __extension__ (RUBY_CONST_ID_CACHE((ID), (str))) : \
      |                        ^~~~~~~~~~~~~~~~~~~~~~~~~~~~~~~~
/Users/serenachang/.rbenv/versions/2.6.10/include/ruby-2.6.0/ruby/ruby.h:1811:5: note: expanded from macro 'RUBY_CONST_ID_CACHE'
 1811 |     {                                                   \
      |     ^
/Users/serenachang/.rbenv/versions/2.6.10/include/ruby-2.6.0/ruby/ruby.h:2602:20: note: expanded from macro 'rb_funcall'
 2602 |         rb_funcallv(recv, mid, \
      |                           ^~~
/Users/serenachang/.rbenv/versions/2.6.10/include/ruby-2.6.0/ruby/ruby.h:1005:14: note: expanded from macro 'RSTRING_PTR'
 1005 |      RSTRING(str)->as.heap.ptr)
      |              ^~~
/Users/serenachang/.rbenv/versions/2.6.10/include/ruby-2.6.0/ruby/ruby.h:1257:39: note: expanded from macro 'RSTRING'
 1257 | #define RSTRING(obj) (R_CAST(RString)(obj))
      |                                       ^~~
selector.c:239:95: warning: '}' and ')' tokens terminating statement expression appear in different macro expansion contexts [-Wcompound-token-split-by-macro]
  239 |             rb_raise(rb_eArgError, "unsupported backend: %s", RSTRING_PTR(rb_funcall(backend, rb_intern("inspect"), 0)));
      |                                                                                               ^~~~~~~~~~~~~~~~~~~~
/Users/serenachang/.rbenv/versions/2.6.10/include/ruby-2.6.0/ruby/ruby.h:1826:24: note: expanded from macro 'rb_intern'
 1826 |         __extension__ (RUBY_CONST_ID_CACHE((ID), (str))) : \
      |                        ^~~~~~~~~~~~~~~~~~~~~~~~~~~~~~~~
/Users/serenachang/.rbenv/versions/2.6.10/include/ruby-2.6.0/ruby/ruby.h:1816:5: note: expanded from macro 'RUBY_CONST_ID_CACHE'
 1816 |     }
      |     ^
/Users/serenachang/.rbenv/versions/2.6.10/include/ruby-2.6.0/ruby/ruby.h:2602:20: note: expanded from macro 'rb_funcall'
 2602 |         rb_funcallv(recv, mid, \
      |                           ^~~
/Users/serenachang/.rbenv/versions/2.6.10/include/ruby-2.6.0/ruby/ruby.h:1005:14: note: expanded from macro 'RSTRING_PTR'
 1005 |      RSTRING(str)->as.heap.ptr)
      |              ^~~
/Users/serenachang/.rbenv/versions/2.6.10/include/ruby-2.6.0/ruby/ruby.h:1257:39: note: expanded from macro 'RSTRING'
 1257 | #define RSTRING(obj) (R_CAST(RString)(obj))
      |                                       ^~~
selector.c:239:95: note: ')' token is here
  239 |             rb_raise(rb_eArgError, "unsupported backend: %s", RSTRING_PTR(rb_funcall(backend, rb_intern("inspect"), 0)));
      |                                                                                               ^~~~~~~~~~~~~~~~~~~~
/Users/serenachang/.rbenv/versions/2.6.10/include/ruby-2.6.0/ruby/ruby.h:1826:56: note: expanded from macro 'rb_intern'
 1826 |         __extension__ (RUBY_CONST_ID_CACHE((ID), (str))) : \
      |                                                        ^
/Users/serenachang/.rbenv/versions/2.6.10/include/ruby-2.6.0/ruby/ruby.h:2602:20: note: expanded from macro 'rb_funcall'
 2602 |         rb_funcallv(recv, mid, \
      |                           ^~~
/Users/serenachang/.rbenv/versions/2.6.10/include/ruby-2.6.0/ruby/ruby.h:1005:14: note: expanded from macro 'RSTRING_PTR'
 1005 |      RSTRING(str)->as.heap.ptr)
      |              ^~~
/Users/serenachang/.rbenv/versions/2.6.10/include/ruby-2.6.0/ruby/ruby.h:1257:39: note: expanded from macro 'RSTRING'
 1257 | #define RSTRING(obj) (R_CAST(RString)(obj))
      |                                       ^~~
selector.c:244:27: warning: '(' and '{' tokens introducing statement expression appear in different macro expansion contexts [-Wcompound-token-split-by-macro]
  244 |         if (backend_id == rb_intern("epoll")) {
      |                           ^~~~~~~~~~~~~~~~~~
/Users/serenachang/.rbenv/versions/2.6.10/include/ruby-2.6.0/ruby/ruby.h:1826:23: note: expanded from macro 'rb_intern'
 1826 |         __extension__ (RUBY_CONST_ID_CACHE((ID), (str))) : \
      |                       ^
selector.c:244:27: note: '{' token is here
  244 |         if (backend_id == rb_intern("epoll")) {
      |                           ^~~~~~~~~~~~~~~~~~
/Users/serenachang/.rbenv/versions/2.6.10/include/ruby-2.6.0/ruby/ruby.h:1826:24: note: expanded from macro 'rb_intern'
 1826 |         __extension__ (RUBY_CONST_ID_CACHE((ID), (str))) : \
      |                        ^~~~~~~~~~~~~~~~~~~~~~~~~~~~~~~~
/Users/serenachang/.rbenv/versions/2.6.10/include/ruby-2.6.0/ruby/ruby.h:1811:5: note: expanded from macro 'RUBY_CONST_ID_CACHE'
 1811 |     {                                                   \
      |     ^
selector.c:244:27: warning: '}' and ')' tokens terminating statement expression appear in different macro expansion contexts [-Wcompound-token-split-by-macro]
  244 |         if (backend_id == rb_intern("epoll")) {
      |                           ^~~~~~~~~~~~~~~~~~
/Users/serenachang/.rbenv/versions/2.6.10/include/ruby-2.6.0/ruby/ruby.h:1826:24: note: expanded from macro 'rb_intern'
 1826 |         __extension__ (RUBY_CONST_ID_CACHE((ID), (str))) : \
      |                        ^~~~~~~~~~~~~~~~~~~~~~~~~~~~~~~~
/Users/serenachang/.rbenv/versions/2.6.10/include/ruby-2.6.0/ruby/ruby.h:1816:5: note: expanded from macro 'RUBY_CONST_ID_CACHE'
 1816 |     }
      |     ^
selector.c:244:27: note: ')' token is here
  244 |         if (backend_id == rb_intern("epoll")) {
      |                           ^~~~~~~~~~~~~~~~~~
/Users/serenachang/.rbenv/versions/2.6.10/include/ruby-2.6.0/ruby/ruby.h:1826:56: note: expanded from macro 'rb_intern'
 1826 |         __extension__ (RUBY_CONST_ID_CACHE((ID), (str))) : \
      |                                                        ^
selector.c:246:34: warning: '(' and '{' tokens introducing statement expression appear in different macro expansion contexts [-Wcompound-token-split-by-macro]
  246 |         } else if (backend_id == rb_intern("poll")) {
      |                                  ^~~~~~~~~~~~~~~~~
/Users/serenachang/.rbenv/versions/2.6.10/include/ruby-2.6.0/ruby/ruby.h:1826:23: note: expanded from macro 'rb_intern'
 1826 |         __extension__ (RUBY_CONST_ID_CACHE((ID), (str))) : \
      |                       ^
selector.c:246:34: note: '{' token is here
  246 |         } else if (backend_id == rb_intern("poll")) {
      |                                  ^~~~~~~~~~~~~~~~~
/Users/serenachang/.rbenv/versions/2.6.10/include/ruby-2.6.0/ruby/ruby.h:1826:24: note: expanded from macro 'rb_intern'
 1826 |         __extension__ (RUBY_CONST_ID_CACHE((ID), (str))) : \
      |                        ^~~~~~~~~~~~~~~~~~~~~~~~~~~~~~~~
/Users/serenachang/.rbenv/versions/2.6.10/include/ruby-2.6.0/ruby/ruby.h:1811:5: note: expanded from macro 'RUBY_CONST_ID_CACHE'
 1811 |     {                                                   \
      |     ^
selector.c:246:34: warning: '}' and ')' tokens terminating statement expression appear in different macro expansion contexts [-Wcompound-token-split-by-macro]
  246 |         } else if (backend_id == rb_intern("poll")) {
      |                                  ^~~~~~~~~~~~~~~~~
/Users/serenachang/.rbenv/versions/2.6.10/include/ruby-2.6.0/ruby/ruby.h:1826:24: note: expanded from macro 'rb_intern'
 1826 |         __extension__ (RUBY_CONST_ID_CACHE((ID), (str))) : \
      |                        ^~~~~~~~~~~~~~~~~~~~~~~~~~~~~~~~
/Users/serenachang/.rbenv/versions/2.6.10/include/ruby-2.6.0/ruby/ruby.h:1816:5: note: expanded from macro 'RUBY_CONST_ID_CACHE'
 1816 |     }
      |     ^
selector.c:246:34: note: ')' token is here
  246 |         } else if (backend_id == rb_intern("poll")) {
      |                                  ^~~~~~~~~~~~~~~~~
/Users/serenachang/.rbenv/versions/2.6.10/include/ruby-2.6.0/ruby/ruby.h:1826:56: note: expanded from macro 'rb_intern'
 1826 |         __extension__ (RUBY_CONST_ID_CACHE((ID), (str))) : \
      |                                                        ^
selector.c:248:34: warning: '(' and '{' tokens introducing statement expression appear in different macro expansion contexts [-Wcompound-token-split-by-macro]
  248 |         } else if (backend_id == rb_intern("kqueue")) {
      |                                  ^~~~~~~~~~~~~~~~~~~
/Users/serenachang/.rbenv/versions/2.6.10/include/ruby-2.6.0/ruby/ruby.h:1826:23: note: expanded from macro 'rb_intern'
 1826 |         __extension__ (RUBY_CONST_ID_CACHE((ID), (str))) : \
      |                       ^
selector.c:248:34: note: '{' token is here
  248 |         } else if (backend_id == rb_intern("kqueue")) {
      |                                  ^~~~~~~~~~~~~~~~~~~
/Users/serenachang/.rbenv/versions/2.6.10/include/ruby-2.6.0/ruby/ruby.h:1826:24: note: expanded from macro 'rb_intern'
 1826 |         __extension__ (RUBY_CONST_ID_CACHE((ID), (str))) : \
      |                        ^~~~~~~~~~~~~~~~~~~~~~~~~~~~~~~~
/Users/serenachang/.rbenv/versions/2.6.10/include/ruby-2.6.0/ruby/ruby.h:1811:5: note: expanded from macro 'RUBY_CONST_ID_CACHE'
 1811 |     {                                                   \
      |     ^
selector.c:248:34: warning: '}' and ')' tokens terminating statement expression appear in different macro expansion contexts [-Wcompound-token-split-by-macro]
  248 |         } else if (backend_id == rb_intern("kqueue")) {
      |                                  ^~~~~~~~~~~~~~~~~~~
/Users/serenachang/.rbenv/versions/2.6.10/include/ruby-2.6.0/ruby/ruby.h:1826:24: note: expanded from macro 'rb_intern'
 1826 |         __extension__ (RUBY_CONST_ID_CACHE((ID), (str))) : \
      |                        ^~~~~~~~~~~~~~~~~~~~~~~~~~~~~~~~
/Users/serenachang/.rbenv/versions/2.6.10/include/ruby-2.6.0/ruby/ruby.h:1816:5: note: expanded from macro 'RUBY_CONST_ID_CACHE'
 1816 |     }
      |     ^
selector.c:248:34: note: ')' token is here
  248 |         } else if (backend_id == rb_intern("kqueue")) {
      |                                  ^~~~~~~~~~~~~~~~~~~
/Users/serenachang/.rbenv/versions/2.6.10/include/ruby-2.6.0/ruby/ruby.h:1826:56: note: expanded from macro 'rb_intern'
 1826 |         __extension__ (RUBY_CONST_ID_CACHE((ID), (str))) : \
      |                                                        ^
selector.c:250:34: warning: '(' and '{' tokens introducing statement expression appear in different macro expansion contexts [-Wcompound-token-split-by-macro]
  250 |         } else if (backend_id == rb_intern("select")) {
      |                                  ^~~~~~~~~~~~~~~~~~~
/Users/serenachang/.rbenv/versions/2.6.10/include/ruby-2.6.0/ruby/ruby.h:1826:23: note: expanded from macro 'rb_intern'
 1826 |         __extension__ (RUBY_CONST_ID_CACHE((ID), (str))) : \
      |                       ^
selector.c:250:34: note: '{' token is here
  250 |         } else if (backend_id == rb_intern("select")) {
      |                                  ^~~~~~~~~~~~~~~~~~~
/Users/serenachang/.rbenv/versions/2.6.10/include/ruby-2.6.0/ruby/ruby.h:1826:24: note: expanded from macro 'rb_intern'
 1826 |         __extension__ (RUBY_CONST_ID_CACHE((ID), (str))) : \
      |                        ^~~~~~~~~~~~~~~~~~~~~~~~~~~~~~~~
/Users/serenachang/.rbenv/versions/2.6.10/include/ruby-2.6.0/ruby/ruby.h:1811:5: note: expanded from macro 'RUBY_CONST_ID_CACHE'
 1811 |     {                                                   \
      |     ^
selector.c:250:34: warning: '}' and ')' tokens terminating statement expression appear in different macro expansion contexts [-Wcompound-token-split-by-macro]
  250 |         } else if (backend_id == rb_intern("select")) {
      |                                  ^~~~~~~~~~~~~~~~~~~
/Users/serenachang/.rbenv/versions/2.6.10/include/ruby-2.6.0/ruby/ruby.h:1826:24: note: expanded from macro 'rb_intern'
 1826 |         __extension__ (RUBY_CONST_ID_CACHE((ID), (str))) : \
      |                        ^~~~~~~~~~~~~~~~~~~~~~~~~~~~~~~~
/Users/serenachang/.rbenv/versions/2.6.10/include/ruby-2.6.0/ruby/ruby.h:1816:5: note: expanded from macro 'RUBY_CONST_ID_CACHE'
 1816 |     }
      |     ^
selector.c:250:34: note: ')' token is here
  250 |         } else if (backend_id == rb_intern("select")) {
      |                                  ^~~~~~~~~~~~~~~~~~~
/Users/serenachang/.rbenv/versions/2.6.10/include/ruby-2.6.0/ruby/ruby.h:1826:56: note: expanded from macro 'rb_intern'
 1826 |         __extension__ (RUBY_CONST_ID_CACHE((ID), (str))) : \
      |                                                        ^
selector.c:252:34: warning: '(' and '{' tokens introducing statement expression appear in different macro expansion contexts [-Wcompound-token-split-by-macro]
  252 |         } else if (backend_id == rb_intern("port")) {
      |                                  ^~~~~~~~~~~~~~~~~
/Users/serenachang/.rbenv/versions/2.6.10/include/ruby-2.6.0/ruby/ruby.h:1826:23: note: expanded from macro 'rb_intern'
 1826 |         __extension__ (RUBY_CONST_ID_CACHE((ID), (str))) : \
      |                       ^
selector.c:252:34: note: '{' token is here
  252 |         } else if (backend_id == rb_intern("port")) {
      |                                  ^~~~~~~~~~~~~~~~~
/Users/serenachang/.rbenv/versions/2.6.10/include/ruby-2.6.0/ruby/ruby.h:1826:24: note: expanded from macro 'rb_intern'
 1826 |         __extension__ (RUBY_CONST_ID_CACHE((ID), (str))) : \
      |                        ^~~~~~~~~~~~~~~~~~~~~~~~~~~~~~~~
/Users/serenachang/.rbenv/versions/2.6.10/include/ruby-2.6.0/ruby/ruby.h:1811:5: note: expanded from macro 'RUBY_CONST_ID_CACHE'
 1811 |     {                                                   \
      |     ^
selector.c:252:34: warning: '}' and ')' tokens terminating statement expression appear in different macro expansion contexts [-Wcompound-token-split-by-macro]
  252 |         } else if (backend_id == rb_intern("port")) {
      |                                  ^~~~~~~~~~~~~~~~~
/Users/serenachang/.rbenv/versions/2.6.10/include/ruby-2.6.0/ruby/ruby.h:1826:24: note: expanded from macro 'rb_intern'
 1826 |         __extension__ (RUBY_CONST_ID_CACHE((ID), (str))) : \
      |                        ^~~~~~~~~~~~~~~~~~~~~~~~~~~~~~~~
/Users/serenachang/.rbenv/versions/2.6.10/include/ruby-2.6.0/ruby/ruby.h:1816:5: note: expanded from macro 'RUBY_CONST_ID_CACHE'
 1816 |     }
      |     ^
selector.c:252:34: note: ')' token is here
  252 |         } else if (backend_id == rb_intern("port")) {
      |                                  ^~~~~~~~~~~~~~~~~
/Users/serenachang/.rbenv/versions/2.6.10/include/ruby-2.6.0/ruby/ruby.h:1826:56: note: expanded from macro 'rb_intern'
 1826 |         __extension__ (RUBY_CONST_ID_CACHE((ID), (str))) : \
      |                                                        ^
selector.c:254:34: warning: '(' and '{' tokens introducing statement expression appear in different macro expansion contexts [-Wcompound-token-split-by-macro]
  254 |         } else if (backend_id == rb_intern("linuxaio")) {
      |                                  ^~~~~~~~~~~~~~~~~~~~~
/Users/serenachang/.rbenv/versions/2.6.10/include/ruby-2.6.0/ruby/ruby.h:1826:23: note: expanded from macro 'rb_intern'
 1826 |         __extension__ (RUBY_CONST_ID_CACHE((ID), (str))) : \
      |                       ^
selector.c:254:34: note: '{' token is here
  254 |         } else if (backend_id == rb_intern("linuxaio")) {
      |                                  ^~~~~~~~~~~~~~~~~~~~~
/Users/serenachang/.rbenv/versions/2.6.10/include/ruby-2.6.0/ruby/ruby.h:1826:24: note: expanded from macro 'rb_intern'
 1826 |         __extension__ (RUBY_CONST_ID_CACHE((ID), (str))) : \
      |                        ^~~~~~~~~~~~~~~~~~~~~~~~~~~~~~~~
/Users/serenachang/.rbenv/versions/2.6.10/include/ruby-2.6.0/ruby/ruby.h:1811:5: note: expanded from macro 'RUBY_CONST_ID_CACHE'
 1811 |     {                                                   \
      |     ^
selector.c:254:34: warning: '}' and ')' tokens terminating statement expression appear in different macro expansion contexts [-Wcompound-token-split-by-macro]
  254 |         } else if (backend_id == rb_intern("linuxaio")) {
      |                                  ^~~~~~~~~~~~~~~~~~~~~
/Users/serenachang/.rbenv/versions/2.6.10/include/ruby-2.6.0/ruby/ruby.h:1826:24: note: expanded from macro 'rb_intern'
 1826 |         __extension__ (RUBY_CONST_ID_CACHE((ID), (str))) : \
      |                        ^~~~~~~~~~~~~~~~~~~~~~~~~~~~~~~~
/Users/serenachang/.rbenv/versions/2.6.10/include/ruby-2.6.0/ruby/ruby.h:1816:5: note: expanded from macro 'RUBY_CONST_ID_CACHE'
 1816 |     }
      |     ^
selector.c:254:34: note: ')' token is here
  254 |         } else if (backend_id == rb_intern("linuxaio")) {
      |                                  ^~~~~~~~~~~~~~~~~~~~~
/Users/serenachang/.rbenv/versions/2.6.10/include/ruby-2.6.0/ruby/ruby.h:1826:56: note: expanded from macro 'rb_intern'
 1826 |         __extension__ (RUBY_CONST_ID_CACHE((ID), (str))) : \
      |                                                        ^
selector.c:256:34: warning: '(' and '{' tokens introducing statement expression appear in different macro expansion contexts [-Wcompound-token-split-by-macro]
  256 |         } else if (backend_id == rb_intern("io_uring")) {
      |                                  ^~~~~~~~~~~~~~~~~~~~~
/Users/serenachang/.rbenv/versions/2.6.10/include/ruby-2.6.0/ruby/ruby.h:1826:23: note: expanded from macro 'rb_intern'
 1826 |         __extension__ (RUBY_CONST_ID_CACHE((ID), (str))) : \
      |                       ^
selector.c:256:34: note: '{' token is here
  256 |         } else if (backend_id == rb_intern("io_uring")) {
      |                                  ^~~~~~~~~~~~~~~~~~~~~
/Users/serenachang/.rbenv/versions/2.6.10/include/ruby-2.6.0/ruby/ruby.h:1826:24: note: expanded from macro 'rb_intern'
 1826 |         __extension__ (RUBY_CONST_ID_CACHE((ID), (str))) : \
      |                        ^~~~~~~~~~~~~~~~~~~~~~~~~~~~~~~~
/Users/serenachang/.rbenv/versions/2.6.10/include/ruby-2.6.0/ruby/ruby.h:1811:5: note: expanded from macro 'RUBY_CONST_ID_CACHE'
 1811 |     {                                                   \
      |     ^
selector.c:256:34: warning: '}' and ')' tokens terminating statement expression appear in different macro expansion contexts [-Wcompound-token-split-by-macro]
  256 |         } else if (backend_id == rb_intern("io_uring")) {
      |                                  ^~~~~~~~~~~~~~~~~~~~~
/Users/serenachang/.rbenv/versions/2.6.10/include/ruby-2.6.0/ruby/ruby.h:1826:24: note: expanded from macro 'rb_intern'
 1826 |         __extension__ (RUBY_CONST_ID_CACHE((ID), (str))) : \
      |                        ^~~~~~~~~~~~~~~~~~~~~~~~~~~~~~~~
/Users/serenachang/.rbenv/versions/2.6.10/include/ruby-2.6.0/ruby/ruby.h:1816:5: note: expanded from macro 'RUBY_CONST_ID_CACHE'
 1816 |     }
      |     ^
selector.c:256:34: note: ')' token is here
  256 |         } else if (backend_id == rb_intern("io_uring")) {
      |                                  ^~~~~~~~~~~~~~~~~~~~~
/Users/serenachang/.rbenv/versions/2.6.10/include/ruby-2.6.0/ruby/ruby.h:1826:56: note: expanded from macro 'rb_intern'
 1826 |         __extension__ (RUBY_CONST_ID_CACHE((ID), (str))) : \
      |                                                        ^
selector.c:259:95: warning: '(' and '{' tokens introducing statement expression appear in different macro expansion contexts [-Wcompound-token-split-by-macro]
  259 |             rb_raise(rb_eArgError, "unsupported backend: %s", RSTRING_PTR(rb_funcall(backend, rb_intern("inspect"), 0)));
      |                                                                                               ^~~~~~~~~~~~~~~~~~~~
/Users/serenachang/.rbenv/versions/2.6.10/include/ruby-2.6.0/ruby/ruby.h:1826:23: note: expanded from macro 'rb_intern'
 1826 |         __extension__ (RUBY_CONST_ID_CACHE((ID), (str))) : \
      |                       ^
/Users/serenachang/.rbenv/versions/2.6.10/include/ruby-2.6.0/ruby/ruby.h:2602:20: note: expanded from macro 'rb_funcall'
 2602 |         rb_funcallv(recv, mid, \
      |                           ^~~
/Users/serenachang/.rbenv/versions/2.6.10/include/ruby-2.6.0/ruby/ruby.h:1003:15: note: expanded from macro 'RSTRING_PTR'
 1003 |     (!(RBASIC(str)->flags & RSTRING_NOEMBED) ? \
      |               ^~~
/Users/serenachang/.rbenv/versions/2.6.10/include/ruby-2.6.0/ruby/ruby.h:1253:38: note: expanded from macro 'RBASIC'
 1253 | #define RBASIC(obj)  (R_CAST(RBasic)(obj))
      |                                      ^~~
selector.c:259:95: note: '{' token is here
  259 |             rb_raise(rb_eArgError, "unsupported backend: %s", RSTRING_PTR(rb_funcall(backend, rb_intern("inspect"), 0)));
      |                                                                                               ^~~~~~~~~~~~~~~~~~~~
/Users/serenachang/.rbenv/versions/2.6.10/include/ruby-2.6.0/ruby/ruby.h:1826:24: note: expanded from macro 'rb_intern'
 1826 |         __extension__ (RUBY_CONST_ID_CACHE((ID), (str))) : \
      |                        ^~~~~~~~~~~~~~~~~~~~~~~~~~~~~~~~
/Users/serenachang/.rbenv/versions/2.6.10/include/ruby-2.6.0/ruby/ruby.h:1811:5: note: expanded from macro 'RUBY_CONST_ID_CACHE'
 1811 |     {                                                   \
      |     ^
/Users/serenachang/.rbenv/versions/2.6.10/include/ruby-2.6.0/ruby/ruby.h:2602:20: note: expanded from macro 'rb_funcall'
 2602 |         rb_funcallv(recv, mid, \
      |                           ^~~
/Users/serenachang/.rbenv/versions/2.6.10/include/ruby-2.6.0/ruby/ruby.h:1003:15: note: expanded from macro 'RSTRING_PTR'
 1003 |     (!(RBASIC(str)->flags & RSTRING_NOEMBED) ? \
      |               ^~~
/Users/serenachang/.rbenv/versions/2.6.10/include/ruby-2.6.0/ruby/ruby.h:1253:38: note: expanded from macro 'RBASIC'
 1253 | #define RBASIC(obj)  (R_CAST(RBasic)(obj))
      |                                      ^~~
selector.c:259:95: warning: '}' and ')' tokens terminating statement expression appear in different macro expansion contexts [-Wcompound-token-split-by-macro]
  259 |             rb_raise(rb_eArgError, "unsupported backend: %s", RSTRING_PTR(rb_funcall(backend, rb_intern("inspect"), 0)));
      |                                                                                               ^~~~~~~~~~~~~~~~~~~~
/Users/serenachang/.rbenv/versions/2.6.10/include/ruby-2.6.0/ruby/ruby.h:1826:24: note: expanded from macro 'rb_intern'
 1826 |         __extension__ (RUBY_CONST_ID_CACHE((ID), (str))) : \
      |                        ^~~~~~~~~~~~~~~~~~~~~~~~~~~~~~~~
/Users/serenachang/.rbenv/versions/2.6.10/include/ruby-2.6.0/ruby/ruby.h:1816:5: note: expanded from macro 'RUBY_CONST_ID_CACHE'
 1816 |     }
      |     ^
/Users/serenachang/.rbenv/versions/2.6.10/include/ruby-2.6.0/ruby/ruby.h:2602:20: note: expanded from macro 'rb_funcall'
 2602 |         rb_funcallv(recv, mid, \
      |                           ^~~
/Users/serenachang/.rbenv/versions/2.6.10/include/ruby-2.6.0/ruby/ruby.h:1003:15: note: expanded from macro 'RSTRING_PTR'
 1003 |     (!(RBASIC(str)->flags & RSTRING_NOEMBED) ? \
      |               ^~~
/Users/serenachang/.rbenv/versions/2.6.10/include/ruby-2.6.0/ruby/ruby.h:1253:38: note: expanded from macro 'RBASIC'
 1253 | #define RBASIC(obj)  (R_CAST(RBasic)(obj))
      |                                      ^~~
selector.c:259:95: note: ')' token is here
  259 |             rb_raise(rb_eArgError, "unsupported backend: %s", RSTRING_PTR(rb_funcall(backend, rb_intern("inspect"), 0)));
      |                                                                                               ^~~~~~~~~~~~~~~~~~~~
/Users/serenachang/.rbenv/versions/2.6.10/include/ruby-2.6.0/ruby/ruby.h:1826:56: note: expanded from macro 'rb_intern'
 1826 |         __extension__ (RUBY_CONST_ID_CACHE((ID), (str))) : \
      |                                                        ^
/Users/serenachang/.rbenv/versions/2.6.10/include/ruby-2.6.0/ruby/ruby.h:2602:20: note: expanded from macro 'rb_funcall'
 2602 |         rb_funcallv(recv, mid, \
      |                           ^~~
/Users/serenachang/.rbenv/versions/2.6.10/include/ruby-2.6.0/ruby/ruby.h:1003:15: note: expanded from macro 'RSTRING_PTR'
 1003 |     (!(RBASIC(str)->flags & RSTRING_NOEMBED) ? \
      |               ^~~
/Users/serenachang/.rbenv/versions/2.6.10/include/ruby-2.6.0/ruby/ruby.h:1253:38: note: expanded from macro 'RBASIC'
 1253 | #define RBASIC(obj)  (R_CAST(RBasic)(obj))
      |                                      ^~~
selector.c:259:95: warning: '(' and '{' tokens introducing statement expression appear in different macro expansion contexts [-Wcompound-token-split-by-macro]
  259 |             rb_raise(rb_eArgError, "unsupported backend: %s", RSTRING_PTR(rb_funcall(backend, rb_intern("inspect"), 0)));
      |                                                                                               ^~~~~~~~~~~~~~~~~~~~
/Users/serenachang/.rbenv/versions/2.6.10/include/ruby-2.6.0/ruby/ruby.h:1826:23: note: expanded from macro 'rb_intern'
 1826 |         __extension__ (RUBY_CONST_ID_CACHE((ID), (str))) : \
      |                       ^
/Users/serenachang/.rbenv/versions/2.6.10/include/ruby-2.6.0/ruby/ruby.h:2602:20: note: expanded from macro 'rb_funcall'
 2602 |         rb_funcallv(recv, mid, \
      |                           ^~~
/Users/serenachang/.rbenv/versions/2.6.10/include/ruby-2.6.0/ruby/ruby.h:1004:14: note: expanded from macro 'RSTRING_PTR'
 1004 |      RSTRING(str)->as.ary : \
      |              ^~~
/Users/serenachang/.rbenv/versions/2.6.10/include/ruby-2.6.0/ruby/ruby.h:1257:39: note: expanded from macro 'RSTRING'
 1257 | #define RSTRING(obj) (R_CAST(RString)(obj))
      |                                       ^~~
selector.c:259:95: note: '{' token is here
  259 |             rb_raise(rb_eArgError, "unsupported backend: %s", RSTRING_PTR(rb_funcall(backend, rb_intern("inspect"), 0)));
      |                                                                                               ^~~~~~~~~~~~~~~~~~~~
/Users/serenachang/.rbenv/versions/2.6.10/include/ruby-2.6.0/ruby/ruby.h:1826:24: note: expanded from macro 'rb_intern'
 1826 |         __extension__ (RUBY_CONST_ID_CACHE((ID), (str))) : \
      |                        ^~~~~~~~~~~~~~~~~~~~~~~~~~~~~~~~
/Users/serenachang/.rbenv/versions/2.6.10/include/ruby-2.6.0/ruby/ruby.h:1811:5: note: expanded from macro 'RUBY_CONST_ID_CACHE'
 1811 |     {                                                   \
      |     ^
/Users/serenachang/.rbenv/versions/2.6.10/include/ruby-2.6.0/ruby/ruby.h:2602:20: note: expanded from macro 'rb_funcall'
 2602 |         rb_funcallv(recv, mid, \
      |                           ^~~
/Users/serenachang/.rbenv/versions/2.6.10/include/ruby-2.6.0/ruby/ruby.h:1004:14: note: expanded from macro 'RSTRING_PTR'
 1004 |      RSTRING(str)->as.ary : \
      |              ^~~
/Users/serenachang/.rbenv/versions/2.6.10/include/ruby-2.6.0/ruby/ruby.h:1257:39: note: expanded from macro 'RSTRING'
 1257 | #define RSTRING(obj) (R_CAST(RString)(obj))
      |                                       ^~~
selector.c:259:95: warning: '}' and ')' tokens terminating statement expression appear in different macro expansion contexts [-Wcompound-token-split-by-macro]
  259 |             rb_raise(rb_eArgError, "unsupported backend: %s", RSTRING_PTR(rb_funcall(backend, rb_intern("inspect"), 0)));
      |                                                                                               ^~~~~~~~~~~~~~~~~~~~
/Users/serenachang/.rbenv/versions/2.6.10/include/ruby-2.6.0/ruby/ruby.h:1826:24: note: expanded from macro 'rb_intern'
 1826 |         __extension__ (RUBY_CONST_ID_CACHE((ID), (str))) : \
      |                        ^~~~~~~~~~~~~~~~~~~~~~~~~~~~~~~~
/Users/serenachang/.rbenv/versions/2.6.10/include/ruby-2.6.0/ruby/ruby.h:1816:5: note: expanded from macro 'RUBY_CONST_ID_CACHE'
 1816 |     }
      |     ^
/Users/serenachang/.rbenv/versions/2.6.10/include/ruby-2.6.0/ruby/ruby.h:2602:20: note: expanded from macro 'rb_funcall'
 2602 |         rb_funcallv(recv, mid, \
      |                           ^~~
/Users/serenachang/.rbenv/versions/2.6.10/include/ruby-2.6.0/ruby/ruby.h:1004:14: note: expanded from macro 'RSTRING_PTR'
 1004 |      RSTRING(str)->as.ary : \
      |              ^~~
/Users/serenachang/.rbenv/versions/2.6.10/include/ruby-2.6.0/ruby/ruby.h:1257:39: note: expanded from macro 'RSTRING'
 1257 | #define RSTRING(obj) (R_CAST(RString)(obj))
      |                                       ^~~
selector.c:259:95: note: ')' token is here
  259 |             rb_raise(rb_eArgError, "unsupported backend: %s", RSTRING_PTR(rb_funcall(backend, rb_intern("inspect"), 0)));
      |                                                                                               ^~~~~~~~~~~~~~~~~~~~
/Users/serenachang/.rbenv/versions/2.6.10/include/ruby-2.6.0/ruby/ruby.h:1826:56: note: expanded from macro 'rb_intern'
 1826 |         __extension__ (RUBY_CONST_ID_CACHE((ID), (str))) : \
      |                                                        ^
/Users/serenachang/.rbenv/versions/2.6.10/include/ruby-2.6.0/ruby/ruby.h:2602:20: note: expanded from macro 'rb_funcall'
 2602 |         rb_funcallv(recv, mid, \
      |                           ^~~
/Users/serenachang/.rbenv/versions/2.6.10/include/ruby-2.6.0/ruby/ruby.h:1004:14: note: expanded from macro 'RSTRING_PTR'
 1004 |      RSTRING(str)->as.ary : \
      |              ^~~
/Users/serenachang/.rbenv/versions/2.6.10/include/ruby-2.6.0/ruby/ruby.h:1257:39: note: expanded from macro 'RSTRING'
 1257 | #define RSTRING(obj) (R_CAST(RString)(obj))
      |                                       ^~~
selector.c:259:95: warning: '(' and '{' tokens introducing statement expression appear in different macro expansion contexts [-Wcompound-token-split-by-macro]
  259 |             rb_raise(rb_eArgError, "unsupported backend: %s", RSTRING_PTR(rb_funcall(backend, rb_intern("inspect"), 0)));
      |                                                                                               ^~~~~~~~~~~~~~~~~~~~
/Users/serenachang/.rbenv/versions/2.6.10/include/ruby-2.6.0/ruby/ruby.h:1826:23: note: expanded from macro 'rb_intern'
 1826 |         __extension__ (RUBY_CONST_ID_CACHE((ID), (str))) : \
      |                       ^
/Users/serenachang/.rbenv/versions/2.6.10/include/ruby-2.6.0/ruby/ruby.h:2602:20: note: expanded from macro 'rb_funcall'
 2602 |         rb_funcallv(recv, mid, \
      |                           ^~~
/Users/serenachang/.rbenv/versions/2.6.10/include/ruby-2.6.0/ruby/ruby.h:1005:14: note: expanded from macro 'RSTRING_PTR'
 1005 |      RSTRING(str)->as.heap.ptr)
      |              ^~~
/Users/serenachang/.rbenv/versions/2.6.10/include/ruby-2.6.0/ruby/ruby.h:1257:39: note: expanded from macro 'RSTRING'
 1257 | #define RSTRING(obj) (R_CAST(RString)(obj))
      |                                       ^~~
selector.c:259:95: note: '{' token is here
  259 |             rb_raise(rb_eArgError, "unsupported backend: %s", RSTRING_PTR(rb_funcall(backend, rb_intern("inspect"), 0)));
      |                                                                                               ^~~~~~~~~~~~~~~~~~~~
/Users/serenachang/.rbenv/versions/2.6.10/include/ruby-2.6.0/ruby/ruby.h:1826:24: note: expanded from macro 'rb_intern'
 1826 |         __extension__ (RUBY_CONST_ID_CACHE((ID), (str))) : \
      |                        ^~~~~~~~~~~~~~~~~~~~~~~~~~~~~~~~
/Users/serenachang/.rbenv/versions/2.6.10/include/ruby-2.6.0/ruby/ruby.h:1811:5: note: expanded from macro 'RUBY_CONST_ID_CACHE'
 1811 |     {                                                   \
      |     ^
/Users/serenachang/.rbenv/versions/2.6.10/include/ruby-2.6.0/ruby/ruby.h:2602:20: note: expanded from macro 'rb_funcall'
 2602 |         rb_funcallv(recv, mid, \
      |                           ^~~
/Users/serenachang/.rbenv/versions/2.6.10/include/ruby-2.6.0/ruby/ruby.h:1005:14: note: expanded from macro 'RSTRING_PTR'
 1005 |      RSTRING(str)->as.heap.ptr)
      |              ^~~
/Users/serenachang/.rbenv/versions/2.6.10/include/ruby-2.6.0/ruby/ruby.h:1257:39: note: expanded from macro 'RSTRING'
 1257 | #define RSTRING(obj) (R_CAST(RString)(obj))
      |                                       ^~~
selector.c:259:95: warning: '}' and ')' tokens terminating statement expression appear in different macro expansion contexts [-Wcompound-token-split-by-macro]
  259 |             rb_raise(rb_eArgError, "unsupported backend: %s", RSTRING_PTR(rb_funcall(backend, rb_intern("inspect"), 0)));
      |                                                                                               ^~~~~~~~~~~~~~~~~~~~
/Users/serenachang/.rbenv/versions/2.6.10/include/ruby-2.6.0/ruby/ruby.h:1826:24: note: expanded from macro 'rb_intern'
 1826 |         __extension__ (RUBY_CONST_ID_CACHE((ID), (str))) : \
      |                        ^~~~~~~~~~~~~~~~~~~~~~~~~~~~~~~~
/Users/serenachang/.rbenv/versions/2.6.10/include/ruby-2.6.0/ruby/ruby.h:1816:5: note: expanded from macro 'RUBY_CONST_ID_CACHE'
 1816 |     }
      |     ^
/Users/serenachang/.rbenv/versions/2.6.10/include/ruby-2.6.0/ruby/ruby.h:2602:20: note: expanded from macro 'rb_funcall'
 2602 |         rb_funcallv(recv, mid, \
      |                           ^~~
/Users/serenachang/.rbenv/versions/2.6.10/include/ruby-2.6.0/ruby/ruby.h:1005:14: note: expanded from macro 'RSTRING_PTR'
 1005 |      RSTRING(str)->as.heap.ptr)
      |              ^~~
/Users/serenachang/.rbenv/versions/2.6.10/include/ruby-2.6.0/ruby/ruby.h:1257:39: note: expanded from macro 'RSTRING'
 1257 | #define RSTRING(obj) (R_CAST(RString)(obj))
      |                                       ^~~
selector.c:259:95: note: ')' token is here
  259 |             rb_raise(rb_eArgError, "unsupported backend: %s", RSTRING_PTR(rb_funcall(backend, rb_intern("inspect"), 0)));
      |                                                                                               ^~~~~~~~~~~~~~~~~~~~
/Users/serenachang/.rbenv/versions/2.6.10/include/ruby-2.6.0/ruby/ruby.h:1826:56: note: expanded from macro 'rb_intern'
 1826 |         __extension__ (RUBY_CONST_ID_CACHE((ID), (str))) : \
      |                                                        ^
/Users/serenachang/.rbenv/versions/2.6.10/include/ruby-2.6.0/ruby/ruby.h:2602:20: note: expanded from macro 'rb_funcall'
 2602 |         rb_funcallv(recv, mid, \
      |                           ^~~
/Users/serenachang/.rbenv/versions/2.6.10/include/ruby-2.6.0/ruby/ruby.h:1005:14: note: expanded from macro 'RSTRING_PTR'
 1005 |      RSTRING(str)->as.heap.ptr)
      |              ^~~
/Users/serenachang/.rbenv/versions/2.6.10/include/ruby-2.6.0/ruby/ruby.h:1257:39: note: expanded from macro 'RSTRING'
 1257 | #define RSTRING(obj) (R_CAST(RString)(obj))
      |                                       ^~~
selector.c:273:23: warning: '(' and '{' tokens introducing statement expression appear in different macro expansion contexts [-Wcompound-token-split-by-macro]
  273 |     rb_ivar_set(self, rb_intern("selectables"), rb_hash_new());
      |                       ^~~~~~~~~~~~~~~~~~~~~~~~
/Users/serenachang/.rbenv/versions/2.6.10/include/ruby-2.6.0/ruby/ruby.h:1826:23: note: expanded from macro 'rb_intern'
 1826 |         __extension__ (RUBY_CONST_ID_CACHE((ID), (str))) : \
      |                       ^
selector.c:273:23: note: '{' token is here
  273 |     rb_ivar_set(self, rb_intern("selectables"), rb_hash_new());
      |                       ^~~~~~~~~~~~~~~~~~~~~~~~
/Users/serenachang/.rbenv/versions/2.6.10/include/ruby-2.6.0/ruby/ruby.h:1826:24: note: expanded from macro 'rb_intern'
 1826 |         __extension__ (RUBY_CONST_ID_CACHE((ID), (str))) : \
      |                        ^~~~~~~~~~~~~~~~~~~~~~~~~~~~~~~~
/Users/serenachang/.rbenv/versions/2.6.10/include/ruby-2.6.0/ruby/ruby.h:1811:5: note: expanded from macro 'RUBY_CONST_ID_CACHE'
 1811 |     {                                                   \
      |     ^
selector.c:273:23: warning: '}' and ')' tokens terminating statement expression appear in different macro expansion contexts [-Wcompound-token-split-by-macro]
  273 |     rb_ivar_set(self, rb_intern("selectables"), rb_hash_new());
      |                       ^~~~~~~~~~~~~~~~~~~~~~~~
/Users/serenachang/.rbenv/versions/2.6.10/include/ruby-2.6.0/ruby/ruby.h:1826:24: note: expanded from macro 'rb_intern'
 1826 |         __extension__ (RUBY_CONST_ID_CACHE((ID), (str))) : \
      |                        ^~~~~~~~~~~~~~~~~~~~~~~~~~~~~~~~
/Users/serenachang/.rbenv/versions/2.6.10/include/ruby-2.6.0/ruby/ruby.h:1816:5: note: expanded from macro 'RUBY_CONST_ID_CACHE'
 1816 |     }
      |     ^
selector.c:273:23: note: ')' token is here
  273 |     rb_ivar_set(self, rb_intern("selectables"), rb_hash_new());
      |                       ^~~~~~~~~~~~~~~~~~~~~~~~
/Users/serenachang/.rbenv/versions/2.6.10/include/ruby-2.6.0/ruby/ruby.h:1826:56: note: expanded from macro 'rb_intern'
 1826 |         __extension__ (RUBY_CONST_ID_CACHE((ID), (str))) : \
      |                                                        ^
selector.c:274:23: warning: '(' and '{' tokens introducing statement expression appear in different macro expansion contexts [-Wcompound-token-split-by-macro]
  274 |     rb_ivar_set(self, rb_intern("lock_holder"), Qnil);
      |                       ^~~~~~~~~~~~~~~~~~~~~~~~
/Users/serenachang/.rbenv/versions/2.6.10/include/ruby-2.6.0/ruby/ruby.h:1826:23: note: expanded from macro 'rb_intern'
 1826 |         __extension__ (RUBY_CONST_ID_CACHE((ID), (str))) : \
      |                       ^
selector.c:274:23: note: '{' token is here
  274 |     rb_ivar_set(self, rb_intern("lock_holder"), Qnil);
      |                       ^~~~~~~~~~~~~~~~~~~~~~~~
/Users/serenachang/.rbenv/versions/2.6.10/include/ruby-2.6.0/ruby/ruby.h:1826:24: note: expanded from macro 'rb_intern'
 1826 |         __extension__ (RUBY_CONST_ID_CACHE((ID), (str))) : \
      |                        ^~~~~~~~~~~~~~~~~~~~~~~~~~~~~~~~
/Users/serenachang/.rbenv/versions/2.6.10/include/ruby-2.6.0/ruby/ruby.h:1811:5: note: expanded from macro 'RUBY_CONST_ID_CACHE'
 1811 |     {                                                   \
      |     ^
selector.c:274:23: warning: '}' and ')' tokens terminating statement expression appear in different macro expansion contexts [-Wcompound-token-split-by-macro]
  274 |     rb_ivar_set(self, rb_intern("lock_holder"), Qnil);
      |                       ^~~~~~~~~~~~~~~~~~~~~~~~
/Users/serenachang/.rbenv/versions/2.6.10/include/ruby-2.6.0/ruby/ruby.h:1826:24: note: expanded from macro 'rb_intern'
 1826 |         __extension__ (RUBY_CONST_ID_CACHE((ID), (str))) : \
      |                        ^~~~~~~~~~~~~~~~~~~~~~~~~~~~~~~~
/Users/serenachang/.rbenv/versions/2.6.10/include/ruby-2.6.0/ruby/ruby.h:1816:5: note: expanded from macro 'RUBY_CONST_ID_CACHE'
 1816 |     }
      |     ^
selector.c:274:23: note: ')' token is here
  274 |     rb_ivar_set(self, rb_intern("lock_holder"), Qnil);
      |                       ^~~~~~~~~~~~~~~~~~~~~~~~
/Users/serenachang/.rbenv/versions/2.6.10/include/ruby-2.6.0/ruby/ruby.h:1826:56: note: expanded from macro 'rb_intern'
 1826 |         __extension__ (RUBY_CONST_ID_CACHE((ID), (str))) : \
      |                                                        ^
selector.c:276:65: warning: '(' and '{' tokens introducing statement expression appear in different macro expansion contexts [-Wcompound-token-split-by-macro]
  276 |     lock = rb_class_new_instance(0, 0, rb_const_get(rb_cObject, rb_intern("Mutex")));
      |                                                                 ^~~~~~~~~~~~~~~~~~
/Users/serenachang/.rbenv/versions/2.6.10/include/ruby-2.6.0/ruby/ruby.h:1826:23: note: expanded from macro 'rb_intern'
 1826 |         __extension__ (RUBY_CONST_ID_CACHE((ID), (str))) : \
      |                       ^
selector.c:276:65: note: '{' token is here
  276 |     lock = rb_class_new_instance(0, 0, rb_const_get(rb_cObject, rb_intern("Mutex")));
      |                                                                 ^~~~~~~~~~~~~~~~~~
/Users/serenachang/.rbenv/versions/2.6.10/include/ruby-2.6.0/ruby/ruby.h:1826:24: note: expanded from macro 'rb_intern'
 1826 |         __extension__ (RUBY_CONST_ID_CACHE((ID), (str))) : \
      |                        ^~~~~~~~~~~~~~~~~~~~~~~~~~~~~~~~
/Users/serenachang/.rbenv/versions/2.6.10/include/ruby-2.6.0/ruby/ruby.h:1811:5: note: expanded from macro 'RUBY_CONST_ID_CACHE'
 1811 |     {                                                   \
      |     ^
selector.c:276:65: warning: '}' and ')' tokens terminating statement expression appear in different macro expansion contexts [-Wcompound-token-split-by-macro]
  276 |     lock = rb_class_new_instance(0, 0, rb_const_get(rb_cObject, rb_intern("Mutex")));
      |                                                                 ^~~~~~~~~~~~~~~~~~
/Users/serenachang/.rbenv/versions/2.6.10/include/ruby-2.6.0/ruby/ruby.h:1826:24: note: expanded from macro 'rb_intern'
 1826 |         __extension__ (RUBY_CONST_ID_CACHE((ID), (str))) : \
      |                        ^~~~~~~~~~~~~~~~~~~~~~~~~~~~~~~~
/Users/serenachang/.rbenv/versions/2.6.10/include/ruby-2.6.0/ruby/ruby.h:1816:5: note: expanded from macro 'RUBY_CONST_ID_CACHE'
 1816 |     }
      |     ^
selector.c:276:65: note: ')' token is here
  276 |     lock = rb_class_new_instance(0, 0, rb_const_get(rb_cObject, rb_intern("Mutex")));
      |                                                                 ^~~~~~~~~~~~~~~~~~
/Users/serenachang/.rbenv/versions/2.6.10/include/ruby-2.6.0/ruby/ruby.h:1826:56: note: expanded from macro 'rb_intern'
 1826 |         __extension__ (RUBY_CONST_ID_CACHE((ID), (str))) : \
      |                                                        ^
selector.c:277:23: warning: '(' and '{' tokens introducing statement expression appear in different macro expansion contexts [-Wcompound-token-split-by-macro]
  277 |     rb_ivar_set(self, rb_intern("lock"), lock);
      |                       ^~~~~~~~~~~~~~~~~
/Users/serenachang/.rbenv/versions/2.6.10/include/ruby-2.6.0/ruby/ruby.h:1826:23: note: expanded from macro 'rb_intern'
 1826 |         __extension__ (RUBY_CONST_ID_CACHE((ID), (str))) : \
      |                       ^
selector.c:277:23: note: '{' token is here
  277 |     rb_ivar_set(self, rb_intern("lock"), lock);
      |                       ^~~~~~~~~~~~~~~~~
/Users/serenachang/.rbenv/versions/2.6.10/include/ruby-2.6.0/ruby/ruby.h:1826:24: note: expanded from macro 'rb_intern'
 1826 |         __extension__ (RUBY_CONST_ID_CACHE((ID), (str))) : \
      |                        ^~~~~~~~~~~~~~~~~~~~~~~~~~~~~~~~
/Users/serenachang/.rbenv/versions/2.6.10/include/ruby-2.6.0/ruby/ruby.h:1811:5: note: expanded from macro 'RUBY_CONST_ID_CACHE'
 1811 |     {                                                   \
      |     ^
selector.c:277:23: warning: '}' and ')' tokens terminating statement expression appear in different macro expansion contexts [-Wcompound-token-split-by-macro]
  277 |     rb_ivar_set(self, rb_intern("lock"), lock);
      |                       ^~~~~~~~~~~~~~~~~
/Users/serenachang/.rbenv/versions/2.6.10/include/ruby-2.6.0/ruby/ruby.h:1826:24: note: expanded from macro 'rb_intern'
 1826 |         __extension__ (RUBY_CONST_ID_CACHE((ID), (str))) : \
      |                        ^~~~~~~~~~~~~~~~~~~~~~~~~~~~~~~~
/Users/serenachang/.rbenv/versions/2.6.10/include/ruby-2.6.0/ruby/ruby.h:1816:5: note: expanded from macro 'RUBY_CONST_ID_CACHE'
 1816 |     }
      |     ^
selector.c:277:23: note: ')' token is here
  277 |     rb_ivar_set(self, rb_intern("lock"), lock);
      |                       ^~~~~~~~~~~~~~~~~
/Users/serenachang/.rbenv/versions/2.6.10/include/ruby-2.6.0/ruby/ruby.h:1826:56: note: expanded from macro 'rb_intern'
 1826 |         __extension__ (RUBY_CONST_ID_CACHE((ID), (str))) : \
      |                                                        ^
selector.c:278:23: warning: '(' and '{' tokens introducing statement expression appear in different macro expansion contexts [-Wcompound-token-split-by-macro]
  278 |     rb_ivar_set(self, rb_intern("lock_holder"), Qnil);
      |                       ^~~~~~~~~~~~~~~~~~~~~~~~
/Users/serenachang/.rbenv/versions/2.6.10/include/ruby-2.6.0/ruby/ruby.h:1826:23: note: expanded from macro 'rb_intern'
 1826 |         __extension__ (RUBY_CONST_ID_CACHE((ID), (str))) : \
      |                       ^
selector.c:278:23: note: '{' token is here
  278 |     rb_ivar_set(self, rb_intern("lock_holder"), Qnil);
      |                       ^~~~~~~~~~~~~~~~~~~~~~~~
/Users/serenachang/.rbenv/versions/2.6.10/include/ruby-2.6.0/ruby/ruby.h:1826:24: note: expanded from macro 'rb_intern'
 1826 |         __extension__ (RUBY_CONST_ID_CACHE((ID), (str))) : \
      |                        ^~~~~~~~~~~~~~~~~~~~~~~~~~~~~~~~
/Users/serenachang/.rbenv/versions/2.6.10/include/ruby-2.6.0/ruby/ruby.h:1811:5: note: expanded from macro 'RUBY_CONST_ID_CACHE'
 1811 |     {                                                   \
      |     ^
selector.c:278:23: warning: '}' and ')' tokens terminating statement expression appear in different macro expansion contexts [-Wcompound-token-split-by-macro]
  278 |     rb_ivar_set(self, rb_intern("lock_holder"), Qnil);
      |                       ^~~~~~~~~~~~~~~~~~~~~~~~
/Users/serenachang/.rbenv/versions/2.6.10/include/ruby-2.6.0/ruby/ruby.h:1826:24: note: expanded from macro 'rb_intern'
 1826 |         __extension__ (RUBY_CONST_ID_CACHE((ID), (str))) : \
      |                        ^~~~~~~~~~~~~~~~~~~~~~~~~~~~~~~~
/Users/serenachang/.rbenv/versions/2.6.10/include/ruby-2.6.0/ruby/ruby.h:1816:5: note: expanded from macro 'RUBY_CONST_ID_CACHE'
 1816 |     }
      |     ^
selector.c:278:23: note: ')' token is here
  278 |     rb_ivar_set(self, rb_intern("lock_holder"), Qnil);
      |                       ^~~~~~~~~~~~~~~~~~~~~~~~
/Users/serenachang/.rbenv/versions/2.6.10/include/ruby-2.6.0/ruby/ruby.h:1826:56: note: expanded from macro 'rb_intern'
 1826 |         __extension__ (RUBY_CONST_ID_CACHE((ID), (str))) : \
      |                                                        ^
selector.c:294:27: warning: '(' and '{' tokens introducing statement expression appear in different macro expansion contexts [-Wcompound-token-split-by-macro]
  294 |             return ID2SYM(rb_intern("epoll"));
      |                           ^~~~~~~~~~~~~~~~~~
/Users/serenachang/.rbenv/versions/2.6.10/include/ruby-2.6.0/ruby/ruby.h:1826:23: note: expanded from macro 'rb_intern'
 1826 |         __extension__ (RUBY_CONST_ID_CACHE((ID), (str))) : \
      |                       ^
/Users/serenachang/.rbenv/versions/2.6.10/include/ruby-2.6.0/ruby/ruby.h:413:29: note: expanded from macro 'ID2SYM'
  413 | #define ID2SYM(x) RB_ID2SYM(x)
      |                             ^
/Users/serenachang/.rbenv/versions/2.6.10/include/ruby-2.6.0/ruby/ruby.h:408:33: note: expanded from macro 'RB_ID2SYM'
  408 | #define RB_ID2SYM(x) (rb_id2sym(x))
      |                                 ^
selector.c:294:27: note: '{' token is here
  294 |             return ID2SYM(rb_intern("epoll"));
      |                           ^~~~~~~~~~~~~~~~~~
/Users/serenachang/.rbenv/versions/2.6.10/include/ruby-2.6.0/ruby/ruby.h:1826:24: note: expanded from macro 'rb_intern'
 1826 |         __extension__ (RUBY_CONST_ID_CACHE((ID), (str))) : \
      |                        ^~~~~~~~~~~~~~~~~~~~~~~~~~~~~~~~
/Users/serenachang/.rbenv/versions/2.6.10/include/ruby-2.6.0/ruby/ruby.h:1811:5: note: expanded from macro 'RUBY_CONST_ID_CACHE'
 1811 |     {                                                   \
      |     ^
/Users/serenachang/.rbenv/versions/2.6.10/include/ruby-2.6.0/ruby/ruby.h:413:29: note: expanded from macro 'ID2SYM'
  413 | #define ID2SYM(x) RB_ID2SYM(x)
      |                             ^
/Users/serenachang/.rbenv/versions/2.6.10/include/ruby-2.6.0/ruby/ruby.h:408:33: note: expanded from macro 'RB_ID2SYM'
  408 | #define RB_ID2SYM(x) (rb_id2sym(x))
      |                                 ^
selector.c:294:27: warning: '}' and ')' tokens terminating statement expression appear in different macro expansion contexts [-Wcompound-token-split-by-macro]
  294 |             return ID2SYM(rb_intern("epoll"));
      |                           ^~~~~~~~~~~~~~~~~~
/Users/serenachang/.rbenv/versions/2.6.10/include/ruby-2.6.0/ruby/ruby.h:1826:24: note: expanded from macro 'rb_intern'
 1826 |         __extension__ (RUBY_CONST_ID_CACHE((ID), (str))) : \
      |                        ^~~~~~~~~~~~~~~~~~~~~~~~~~~~~~~~
/Users/serenachang/.rbenv/versions/2.6.10/include/ruby-2.6.0/ruby/ruby.h:1816:5: note: expanded from macro 'RUBY_CONST_ID_CACHE'
 1816 |     }
      |     ^
/Users/serenachang/.rbenv/versions/2.6.10/include/ruby-2.6.0/ruby/ruby.h:413:29: note: expanded from macro 'ID2SYM'
  413 | #define ID2SYM(x) RB_ID2SYM(x)
      |                             ^
/Users/serenachang/.rbenv/versions/2.6.10/include/ruby-2.6.0/ruby/ruby.h:408:33: note: expanded from macro 'RB_ID2SYM'
  408 | #define RB_ID2SYM(x) (rb_id2sym(x))
      |                                 ^
selector.c:294:27: note: ')' token is here
  294 |             return ID2SYM(rb_intern("epoll"));
      |                           ^~~~~~~~~~~~~~~~~~
/Users/serenachang/.rbenv/versions/2.6.10/include/ruby-2.6.0/ruby/ruby.h:1826:56: note: expanded from macro 'rb_intern'
 1826 |         __extension__ (RUBY_CONST_ID_CACHE((ID), (str))) : \
      |                                                        ^
/Users/serenachang/.rbenv/versions/2.6.10/include/ruby-2.6.0/ruby/ruby.h:413:29: note: expanded from macro 'ID2SYM'
  413 | #define ID2SYM(x) RB_ID2SYM(x)
      |                             ^
/Users/serenachang/.rbenv/versions/2.6.10/include/ruby-2.6.0/ruby/ruby.h:408:33: note: expanded from macro 'RB_ID2SYM'
  408 | #define RB_ID2SYM(x) (rb_id2sym(x))
      |                                 ^
selector.c:296:27: warning: '(' and '{' tokens introducing statement expression appear in different macro expansion contexts [-Wcompound-token-split-by-macro]
  296 |             return ID2SYM(rb_intern("poll"));
      |                           ^~~~~~~~~~~~~~~~~
/Users/serenachang/.rbenv/versions/2.6.10/include/ruby-2.6.0/ruby/ruby.h:1826:23: note: expanded from macro 'rb_intern'
 1826 |         __extension__ (RUBY_CONST_ID_CACHE((ID), (str))) : \
      |                       ^
/Users/serenachang/.rbenv/versions/2.6.10/include/ruby-2.6.0/ruby/ruby.h:413:29: note: expanded from macro 'ID2SYM'
  413 | #define ID2SYM(x) RB_ID2SYM(x)
      |                             ^
/Users/serenachang/.rbenv/versions/2.6.10/include/ruby-2.6.0/ruby/ruby.h:408:33: note: expanded from macro 'RB_ID2SYM'
  408 | #define RB_ID2SYM(x) (rb_id2sym(x))
      |                                 ^
selector.c:296:27: note: '{' token is here
  296 |             return ID2SYM(rb_intern("poll"));
      |                           ^~~~~~~~~~~~~~~~~
/Users/serenachang/.rbenv/versions/2.6.10/include/ruby-2.6.0/ruby/ruby.h:1826:24: note: expanded from macro 'rb_intern'
 1826 |         __extension__ (RUBY_CONST_ID_CACHE((ID), (str))) : \
      |                        ^~~~~~~~~~~~~~~~~~~~~~~~~~~~~~~~
/Users/serenachang/.rbenv/versions/2.6.10/include/ruby-2.6.0/ruby/ruby.h:1811:5: note: expanded from macro 'RUBY_CONST_ID_CACHE'
 1811 |     {                                                   \
      |     ^
/Users/serenachang/.rbenv/versions/2.6.10/include/ruby-2.6.0/ruby/ruby.h:413:29: note: expanded from macro 'ID2SYM'
  413 | #define ID2SYM(x) RB_ID2SYM(x)
      |                             ^
/Users/serenachang/.rbenv/versions/2.6.10/include/ruby-2.6.0/ruby/ruby.h:408:33: note: expanded from macro 'RB_ID2SYM'
  408 | #define RB_ID2SYM(x) (rb_id2sym(x))
      |                                 ^
selector.c:296:27: warning: '}' and ')' tokens terminating statement expression appear in different macro expansion contexts [-Wcompound-token-split-by-macro]
  296 |             return ID2SYM(rb_intern("poll"));
      |                           ^~~~~~~~~~~~~~~~~
/Users/serenachang/.rbenv/versions/2.6.10/include/ruby-2.6.0/ruby/ruby.h:1826:24: note: expanded from macro 'rb_intern'
 1826 |         __extension__ (RUBY_CONST_ID_CACHE((ID), (str))) : \
      |                        ^~~~~~~~~~~~~~~~~~~~~~~~~~~~~~~~
/Users/serenachang/.rbenv/versions/2.6.10/include/ruby-2.6.0/ruby/ruby.h:1816:5: note: expanded from macro 'RUBY_CONST_ID_CACHE'
 1816 |     }
      |     ^
/Users/serenachang/.rbenv/versions/2.6.10/include/ruby-2.6.0/ruby/ruby.h:413:29: note: expanded from macro 'ID2SYM'
  413 | #define ID2SYM(x) RB_ID2SYM(x)
      |                             ^
/Users/serenachang/.rbenv/versions/2.6.10/include/ruby-2.6.0/ruby/ruby.h:408:33: note: expanded from macro 'RB_ID2SYM'
  408 | #define RB_ID2SYM(x) (rb_id2sym(x))
      |                                 ^
selector.c:296:27: note: ')' token is here
  296 |             return ID2SYM(rb_intern("poll"));
      |                           ^~~~~~~~~~~~~~~~~
/Users/serenachang/.rbenv/versions/2.6.10/include/ruby-2.6.0/ruby/ruby.h:1826:56: note: expanded from macro 'rb_intern'
 1826 |         __extension__ (RUBY_CONST_ID_CACHE((ID), (str))) : \
      |                                                        ^
/Users/serenachang/.rbenv/versions/2.6.10/include/ruby-2.6.0/ruby/ruby.h:413:29: note: expanded from macro 'ID2SYM'
  413 | #define ID2SYM(x) RB_ID2SYM(x)
      |                             ^
/Users/serenachang/.rbenv/versions/2.6.10/include/ruby-2.6.0/ruby/ruby.h:408:33: note: expanded from macro 'RB_ID2SYM'
  408 | #define RB_ID2SYM(x) (rb_id2sym(x))
      |                                 ^
selector.c:298:27: warning: '(' and '{' tokens introducing statement expression appear in different macro expansion contexts [-Wcompound-token-split-by-macro]
  298 |             return ID2SYM(rb_intern("kqueue"));
      |                           ^~~~~~~~~~~~~~~~~~~
/Users/serenachang/.rbenv/versions/2.6.10/include/ruby-2.6.0/ruby/ruby.h:1826:23: note: expanded from macro 'rb_intern'
 1826 |         __extension__ (RUBY_CONST_ID_CACHE((ID), (str))) : \
      |                       ^
/Users/serenachang/.rbenv/versions/2.6.10/include/ruby-2.6.0/ruby/ruby.h:413:29: note: expanded from macro 'ID2SYM'
  413 | #define ID2SYM(x) RB_ID2SYM(x)
      |                             ^
/Users/serenachang/.rbenv/versions/2.6.10/include/ruby-2.6.0/ruby/ruby.h:408:33: note: expanded from macro 'RB_ID2SYM'
  408 | #define RB_ID2SYM(x) (rb_id2sym(x))
      |                                 ^
selector.c:298:27: note: '{' token is here
  298 |             return ID2SYM(rb_intern("kqueue"));
      |                           ^~~~~~~~~~~~~~~~~~~
/Users/serenachang/.rbenv/versions/2.6.10/include/ruby-2.6.0/ruby/ruby.h:1826:24: note: expanded from macro 'rb_intern'
 1826 |         __extension__ (RUBY_CONST_ID_CACHE((ID), (str))) : \
      |                        ^~~~~~~~~~~~~~~~~~~~~~~~~~~~~~~~
/Users/serenachang/.rbenv/versions/2.6.10/include/ruby-2.6.0/ruby/ruby.h:1811:5: note: expanded from macro 'RUBY_CONST_ID_CACHE'
 1811 |     {                                                   \
      |     ^
/Users/serenachang/.rbenv/versions/2.6.10/include/ruby-2.6.0/ruby/ruby.h:413:29: note: expanded from macro 'ID2SYM'
  413 | #define ID2SYM(x) RB_ID2SYM(x)
      |                             ^
/Users/serenachang/.rbenv/versions/2.6.10/include/ruby-2.6.0/ruby/ruby.h:408:33: note: expanded from macro 'RB_ID2SYM'
  408 | #define RB_ID2SYM(x) (rb_id2sym(x))
      |                                 ^
selector.c:298:27: warning: '}' and ')' tokens terminating statement expression appear in different macro expansion contexts [-Wcompound-token-split-by-macro]
  298 |             return ID2SYM(rb_intern("kqueue"));
      |                           ^~~~~~~~~~~~~~~~~~~
/Users/serenachang/.rbenv/versions/2.6.10/include/ruby-2.6.0/ruby/ruby.h:1826:24: note: expanded from macro 'rb_intern'
 1826 |         __extension__ (RUBY_CONST_ID_CACHE((ID), (str))) : \
      |                        ^~~~~~~~~~~~~~~~~~~~~~~~~~~~~~~~
/Users/serenachang/.rbenv/versions/2.6.10/include/ruby-2.6.0/ruby/ruby.h:1816:5: note: expanded from macro 'RUBY_CONST_ID_CACHE'
 1816 |     }
      |     ^
/Users/serenachang/.rbenv/versions/2.6.10/include/ruby-2.6.0/ruby/ruby.h:413:29: note: expanded from macro 'ID2SYM'
  413 | #define ID2SYM(x) RB_ID2SYM(x)
      |                             ^
/Users/serenachang/.rbenv/versions/2.6.10/include/ruby-2.6.0/ruby/ruby.h:408:33: note: expanded from macro 'RB_ID2SYM'
  408 | #define RB_ID2SYM(x) (rb_id2sym(x))
      |                                 ^
selector.c:298:27: note: ')' token is here
  298 |             return ID2SYM(rb_intern("kqueue"));
      |                           ^~~~~~~~~~~~~~~~~~~
/Users/serenachang/.rbenv/versions/2.6.10/include/ruby-2.6.0/ruby/ruby.h:1826:56: note: expanded from macro 'rb_intern'
 1826 |         __extension__ (RUBY_CONST_ID_CACHE((ID), (str))) : \
      |                                                        ^
/Users/serenachang/.rbenv/versions/2.6.10/include/ruby-2.6.0/ruby/ruby.h:413:29: note: expanded from macro 'ID2SYM'
  413 | #define ID2SYM(x) RB_ID2SYM(x)
      |                             ^
/Users/serenachang/.rbenv/versions/2.6.10/include/ruby-2.6.0/ruby/ruby.h:408:33: note: expanded from macro 'RB_ID2SYM'
  408 | #define RB_ID2SYM(x) (rb_id2sym(x))
      |                                 ^
selector.c:300:27: warning: '(' and '{' tokens introducing statement expression appear in different macro expansion contexts [-Wcompound-token-split-by-macro]
  300 |             return ID2SYM(rb_intern("select"));
      |                           ^~~~~~~~~~~~~~~~~~~
/Users/serenachang/.rbenv/versions/2.6.10/include/ruby-2.6.0/ruby/ruby.h:1826:23: note: expanded from macro 'rb_intern'
 1826 |         __extension__ (RUBY_CONST_ID_CACHE((ID), (str))) : \
      |                       ^
/Users/serenachang/.rbenv/versions/2.6.10/include/ruby-2.6.0/ruby/ruby.h:413:29: note: expanded from macro 'ID2SYM'
  413 | #define ID2SYM(x) RB_ID2SYM(x)
      |                             ^
/Users/serenachang/.rbenv/versions/2.6.10/include/ruby-2.6.0/ruby/ruby.h:408:33: note: expanded from macro 'RB_ID2SYM'
  408 | #define RB_ID2SYM(x) (rb_id2sym(x))
      |                                 ^
selector.c:300:27: note: '{' token is here
  300 |             return ID2SYM(rb_intern("select"));
      |                           ^~~~~~~~~~~~~~~~~~~
/Users/serenachang/.rbenv/versions/2.6.10/include/ruby-2.6.0/ruby/ruby.h:1826:24: note: expanded from macro 'rb_intern'
 1826 |         __extension__ (RUBY_CONST_ID_CACHE((ID), (str))) : \
      |                        ^~~~~~~~~~~~~~~~~~~~~~~~~~~~~~~~
/Users/serenachang/.rbenv/versions/2.6.10/include/ruby-2.6.0/ruby/ruby.h:1811:5: note: expanded from macro 'RUBY_CONST_ID_CACHE'
 1811 |     {                                                   \
      |     ^
/Users/serenachang/.rbenv/versions/2.6.10/include/ruby-2.6.0/ruby/ruby.h:413:29: note: expanded from macro 'ID2SYM'
  413 | #define ID2SYM(x) RB_ID2SYM(x)
      |                             ^
/Users/serenachang/.rbenv/versions/2.6.10/include/ruby-2.6.0/ruby/ruby.h:408:33: note: expanded from macro 'RB_ID2SYM'
  408 | #define RB_ID2SYM(x) (rb_id2sym(x))
      |                                 ^
selector.c:300:27: warning: '}' and ')' tokens terminating statement expression appear in different macro expansion contexts [-Wcompound-token-split-by-macro]
  300 |             return ID2SYM(rb_intern("select"));
      |                           ^~~~~~~~~~~~~~~~~~~
/Users/serenachang/.rbenv/versions/2.6.10/include/ruby-2.6.0/ruby/ruby.h:1826:24: note: expanded from macro 'rb_intern'
 1826 |         __extension__ (RUBY_CONST_ID_CACHE((ID), (str))) : \
      |                        ^~~~~~~~~~~~~~~~~~~~~~~~~~~~~~~~
/Users/serenachang/.rbenv/versions/2.6.10/include/ruby-2.6.0/ruby/ruby.h:1816:5: note: expanded from macro 'RUBY_CONST_ID_CACHE'
 1816 |     }
      |     ^
/Users/serenachang/.rbenv/versions/2.6.10/include/ruby-2.6.0/ruby/ruby.h:413:29: note: expanded from macro 'ID2SYM'
  413 | #define ID2SYM(x) RB_ID2SYM(x)
      |                             ^
/Users/serenachang/.rbenv/versions/2.6.10/include/ruby-2.6.0/ruby/ruby.h:408:33: note: expanded from macro 'RB_ID2SYM'
  408 | #define RB_ID2SYM(x) (rb_id2sym(x))
      |                                 ^
selector.c:300:27: note: ')' token is here
  300 |             return ID2SYM(rb_intern("select"));
      |                           ^~~~~~~~~~~~~~~~~~~
/Users/serenachang/.rbenv/versions/2.6.10/include/ruby-2.6.0/ruby/ruby.h:1826:56: note: expanded from macro 'rb_intern'
 1826 |         __extension__ (RUBY_CONST_ID_CACHE((ID), (str))) : \
      |                                                        ^
/Users/serenachang/.rbenv/versions/2.6.10/include/ruby-2.6.0/ruby/ruby.h:413:29: note: expanded from macro 'ID2SYM'
  413 | #define ID2SYM(x) RB_ID2SYM(x)
      |                             ^
/Users/serenachang/.rbenv/versions/2.6.10/include/ruby-2.6.0/ruby/ruby.h:408:33: note: expanded from macro 'RB_ID2SYM'
  408 | #define RB_ID2SYM(x) (rb_id2sym(x))
      |                                 ^
selector.c:302:27: warning: '(' and '{' tokens introducing statement expression appear in different macro expansion contexts [-Wcompound-token-split-by-macro]
  302 |             return ID2SYM(rb_intern("port"));
      |                           ^~~~~~~~~~~~~~~~~
/Users/serenachang/.rbenv/versions/2.6.10/include/ruby-2.6.0/ruby/ruby.h:1826:23: note: expanded from macro 'rb_intern'
 1826 |         __extension__ (RUBY_CONST_ID_CACHE((ID), (str))) : \
      |                       ^
/Users/serenachang/.rbenv/versions/2.6.10/include/ruby-2.6.0/ruby/ruby.h:413:29: note: expanded from macro 'ID2SYM'
  413 | #define ID2SYM(x) RB_ID2SYM(x)
      |                             ^
/Users/serenachang/.rbenv/versions/2.6.10/include/ruby-2.6.0/ruby/ruby.h:408:33: note: expanded from macro 'RB_ID2SYM'
  408 | #define RB_ID2SYM(x) (rb_id2sym(x))
      |                                 ^
selector.c:302:27: note: '{' token is here
  302 |             return ID2SYM(rb_intern("port"));
      |                           ^~~~~~~~~~~~~~~~~
/Users/serenachang/.rbenv/versions/2.6.10/include/ruby-2.6.0/ruby/ruby.h:1826:24: note: expanded from macro 'rb_intern'
 1826 |         __extension__ (RUBY_CONST_ID_CACHE((ID), (str))) : \
      |                        ^~~~~~~~~~~~~~~~~~~~~~~~~~~~~~~~
/Users/serenachang/.rbenv/versions/2.6.10/include/ruby-2.6.0/ruby/ruby.h:1811:5: note: expanded from macro 'RUBY_CONST_ID_CACHE'
 1811 |     {                                                   \
      |     ^
/Users/serenachang/.rbenv/versions/2.6.10/include/ruby-2.6.0/ruby/ruby.h:413:29: note: expanded from macro 'ID2SYM'
  413 | #define ID2SYM(x) RB_ID2SYM(x)
      |                             ^
/Users/serenachang/.rbenv/versions/2.6.10/include/ruby-2.6.0/ruby/ruby.h:408:33: note: expanded from macro 'RB_ID2SYM'
  408 | #define RB_ID2SYM(x) (rb_id2sym(x))
      |                                 ^
selector.c:302:27: warning: '}' and ')' tokens terminating statement expression appear in different macro expansion contexts [-Wcompound-token-split-by-macro]
  302 |             return ID2SYM(rb_intern("port"));
      |                           ^~~~~~~~~~~~~~~~~
/Users/serenachang/.rbenv/versions/2.6.10/include/ruby-2.6.0/ruby/ruby.h:1826:24: note: expanded from macro 'rb_intern'
 1826 |         __extension__ (RUBY_CONST_ID_CACHE((ID), (str))) : \
      |                        ^~~~~~~~~~~~~~~~~~~~~~~~~~~~~~~~
/Users/serenachang/.rbenv/versions/2.6.10/include/ruby-2.6.0/ruby/ruby.h:1816:5: note: expanded from macro 'RUBY_CONST_ID_CACHE'
 1816 |     }
      |     ^
/Users/serenachang/.rbenv/versions/2.6.10/include/ruby-2.6.0/ruby/ruby.h:413:29: note: expanded from macro 'ID2SYM'
  413 | #define ID2SYM(x) RB_ID2SYM(x)
      |                             ^
/Users/serenachang/.rbenv/versions/2.6.10/include/ruby-2.6.0/ruby/ruby.h:408:33: note: expanded from macro 'RB_ID2SYM'
  408 | #define RB_ID2SYM(x) (rb_id2sym(x))
      |                                 ^
selector.c:302:27: note: ')' token is here
  302 |             return ID2SYM(rb_intern("port"));
      |                           ^~~~~~~~~~~~~~~~~
/Users/serenachang/.rbenv/versions/2.6.10/include/ruby-2.6.0/ruby/ruby.h:1826:56: note: expanded from macro 'rb_intern'
 1826 |         __extension__ (RUBY_CONST_ID_CACHE((ID), (str))) : \
      |                                                        ^
/Users/serenachang/.rbenv/versions/2.6.10/include/ruby-2.6.0/ruby/ruby.h:413:29: note: expanded from macro 'ID2SYM'
  413 | #define ID2SYM(x) RB_ID2SYM(x)
      |                             ^
/Users/serenachang/.rbenv/versions/2.6.10/include/ruby-2.6.0/ruby/ruby.h:408:33: note: expanded from macro 'RB_ID2SYM'
  408 | #define RB_ID2SYM(x) (rb_id2sym(x))
      |                                 ^
selector.c:304:27: warning: '(' and '{' tokens introducing statement expression appear in different macro expansion contexts [-Wcompound-token-split-by-macro]
  304 |             return ID2SYM(rb_intern("linuxaio"));
      |                           ^~~~~~~~~~~~~~~~~~~~~
/Users/serenachang/.rbenv/versions/2.6.10/include/ruby-2.6.0/ruby/ruby.h:1826:23: note: expanded from macro 'rb_intern'
 1826 |         __extension__ (RUBY_CONST_ID_CACHE((ID), (str))) : \
      |                       ^
/Users/serenachang/.rbenv/versions/2.6.10/include/ruby-2.6.0/ruby/ruby.h:413:29: note: expanded from macro 'ID2SYM'
  413 | #define ID2SYM(x) RB_ID2SYM(x)
      |                             ^
/Users/serenachang/.rbenv/versions/2.6.10/include/ruby-2.6.0/ruby/ruby.h:408:33: note: expanded from macro 'RB_ID2SYM'
  408 | #define RB_ID2SYM(x) (rb_id2sym(x))
      |                                 ^
selector.c:304:27: note: '{' token is here
  304 |             return ID2SYM(rb_intern("linuxaio"));
      |                           ^~~~~~~~~~~~~~~~~~~~~
/Users/serenachang/.rbenv/versions/2.6.10/include/ruby-2.6.0/ruby/ruby.h:1826:24: note: expanded from macro 'rb_intern'
 1826 |         __extension__ (RUBY_CONST_ID_CACHE((ID), (str))) : \
      |                        ^~~~~~~~~~~~~~~~~~~~~~~~~~~~~~~~
/Users/serenachang/.rbenv/versions/2.6.10/include/ruby-2.6.0/ruby/ruby.h:1811:5: note: expanded from macro 'RUBY_CONST_ID_CACHE'
 1811 |     {                                                   \
      |     ^
/Users/serenachang/.rbenv/versions/2.6.10/include/ruby-2.6.0/ruby/ruby.h:413:29: note: expanded from macro 'ID2SYM'
  413 | #define ID2SYM(x) RB_ID2SYM(x)
      |                             ^
/Users/serenachang/.rbenv/versions/2.6.10/include/ruby-2.6.0/ruby/ruby.h:408:33: note: expanded from macro 'RB_ID2SYM'
  408 | #define RB_ID2SYM(x) (rb_id2sym(x))
      |                                 ^
selector.c:304:27: warning: '}' and ')' tokens terminating statement expression appear in different macro expansion contexts [-Wcompound-token-split-by-macro]
  304 |             return ID2SYM(rb_intern("linuxaio"));
      |                           ^~~~~~~~~~~~~~~~~~~~~
/Users/serenachang/.rbenv/versions/2.6.10/include/ruby-2.6.0/ruby/ruby.h:1826:24: note: expanded from macro 'rb_intern'
 1826 |         __extension__ (RUBY_CONST_ID_CACHE((ID), (str))) : \
      |                        ^~~~~~~~~~~~~~~~~~~~~~~~~~~~~~~~
/Users/serenachang/.rbenv/versions/2.6.10/include/ruby-2.6.0/ruby/ruby.h:1816:5: note: expanded from macro 'RUBY_CONST_ID_CACHE'
 1816 |     }
      |     ^
/Users/serenachang/.rbenv/versions/2.6.10/include/ruby-2.6.0/ruby/ruby.h:413:29: note: expanded from macro 'ID2SYM'
  413 | #define ID2SYM(x) RB_ID2SYM(x)
      |                             ^
/Users/serenachang/.rbenv/versions/2.6.10/include/ruby-2.6.0/ruby/ruby.h:408:33: note: expanded from macro 'RB_ID2SYM'
  408 | #define RB_ID2SYM(x) (rb_id2sym(x))
      |                                 ^
selector.c:304:27: note: ')' token is here
  304 |             return ID2SYM(rb_intern("linuxaio"));
      |                           ^~~~~~~~~~~~~~~~~~~~~
/Users/serenachang/.rbenv/versions/2.6.10/include/ruby-2.6.0/ruby/ruby.h:1826:56: note: expanded from macro 'rb_intern'
 1826 |         __extension__ (RUBY_CONST_ID_CACHE((ID), (str))) : \
      |                                                        ^
/Users/serenachang/.rbenv/versions/2.6.10/include/ruby-2.6.0/ruby/ruby.h:413:29: note: expanded from macro 'ID2SYM'
  413 | #define ID2SYM(x) RB_ID2SYM(x)
      |                             ^
/Users/serenachang/.rbenv/versions/2.6.10/include/ruby-2.6.0/ruby/ruby.h:408:33: note: expanded from macro 'RB_ID2SYM'
  408 | #define RB_ID2SYM(x) (rb_id2sym(x))
      |                                 ^
selector.c:306:27: warning: '(' and '{' tokens introducing statement expression appear in different macro expansion contexts [-Wcompound-token-split-by-macro]
  306 |             return ID2SYM(rb_intern("io_uring"));
      |                           ^~~~~~~~~~~~~~~~~~~~~
/Users/serenachang/.rbenv/versions/2.6.10/include/ruby-2.6.0/ruby/ruby.h:1826:23: note: expanded from macro 'rb_intern'
 1826 |         __extension__ (RUBY_CONST_ID_CACHE((ID), (str))) : \
      |                       ^
/Users/serenachang/.rbenv/versions/2.6.10/include/ruby-2.6.0/ruby/ruby.h:413:29: note: expanded from macro 'ID2SYM'
  413 | #define ID2SYM(x) RB_ID2SYM(x)
      |                             ^
/Users/serenachang/.rbenv/versions/2.6.10/include/ruby-2.6.0/ruby/ruby.h:408:33: note: expanded from macro 'RB_ID2SYM'
  408 | #define RB_ID2SYM(x) (rb_id2sym(x))
      |                                 ^
selector.c:306:27: note: '{' token is here
  306 |             return ID2SYM(rb_intern("io_uring"));
      |                           ^~~~~~~~~~~~~~~~~~~~~
/Users/serenachang/.rbenv/versions/2.6.10/include/ruby-2.6.0/ruby/ruby.h:1826:24: note: expanded from macro 'rb_intern'
 1826 |         __extension__ (RUBY_CONST_ID_CACHE((ID), (str))) : \
      |                        ^~~~~~~~~~~~~~~~~~~~~~~~~~~~~~~~
/Users/serenachang/.rbenv/versions/2.6.10/include/ruby-2.6.0/ruby/ruby.h:1811:5: note: expanded from macro 'RUBY_CONST_ID_CACHE'
 1811 |     {                                                   \
      |     ^
/Users/serenachang/.rbenv/versions/2.6.10/include/ruby-2.6.0/ruby/ruby.h:413:29: note: expanded from macro 'ID2SYM'
  413 | #define ID2SYM(x) RB_ID2SYM(x)
      |                             ^
/Users/serenachang/.rbenv/versions/2.6.10/include/ruby-2.6.0/ruby/ruby.h:408:33: note: expanded from macro 'RB_ID2SYM'
  408 | #define RB_ID2SYM(x) (rb_id2sym(x))
      |                                 ^
selector.c:306:27: warning: '}' and ')' tokens terminating statement expression appear in different macro expansion contexts [-Wcompound-token-split-by-macro]
  306 |             return ID2SYM(rb_intern("io_uring"));
      |                           ^~~~~~~~~~~~~~~~~~~~~
/Users/serenachang/.rbenv/versions/2.6.10/include/ruby-2.6.0/ruby/ruby.h:1826:24: note: expanded from macro 'rb_intern'
 1826 |         __extension__ (RUBY_CONST_ID_CACHE((ID), (str))) : \
      |                        ^~~~~~~~~~~~~~~~~~~~~~~~~~~~~~~~
/Users/serenachang/.rbenv/versions/2.6.10/include/ruby-2.6.0/ruby/ruby.h:1816:5: note: expanded from macro 'RUBY_CONST_ID_CACHE'
 1816 |     }
      |     ^
/Users/serenachang/.rbenv/versions/2.6.10/include/ruby-2.6.0/ruby/ruby.h:413:29: note: expanded from macro 'ID2SYM'
  413 | #define ID2SYM(x) RB_ID2SYM(x)
      |                             ^
/Users/serenachang/.rbenv/versions/2.6.10/include/ruby-2.6.0/ruby/ruby.h:408:33: note: expanded from macro 'RB_ID2SYM'
  408 | #define RB_ID2SYM(x) (rb_id2sym(x))
      |                                 ^
selector.c:306:27: note: ')' token is here
  306 |             return ID2SYM(rb_intern("io_uring"));
      |                           ^~~~~~~~~~~~~~~~~~~~~
/Users/serenachang/.rbenv/versions/2.6.10/include/ruby-2.6.0/ruby/ruby.h:1826:56: note: expanded from macro 'rb_intern'
 1826 |         __extension__ (RUBY_CONST_ID_CACHE((ID), (str))) : \
      |                                                        ^
/Users/serenachang/.rbenv/versions/2.6.10/include/ruby-2.6.0/ruby/ruby.h:413:29: note: expanded from macro 'ID2SYM'
  413 | #define ID2SYM(x) RB_ID2SYM(x)
      |                             ^
/Users/serenachang/.rbenv/versions/2.6.10/include/ruby-2.6.0/ruby/ruby.h:408:33: note: expanded from macro 'RB_ID2SYM'
  408 | #define RB_ID2SYM(x) (rb_id2sym(x))
      |                                 ^
selector.c:309:19: warning: '(' and '{' tokens introducing statement expression appear in different macro expansion contexts [-Wcompound-token-split-by-macro]
  309 |     return ID2SYM(rb_intern("unknown"));
      |                   ^~~~~~~~~~~~~~~~~~~~
/Users/serenachang/.rbenv/versions/2.6.10/include/ruby-2.6.0/ruby/ruby.h:1826:23: note: expanded from macro 'rb_intern'
 1826 |         __extension__ (RUBY_CONST_ID_CACHE((ID), (str))) : \
      |                       ^
/Users/serenachang/.rbenv/versions/2.6.10/include/ruby-2.6.0/ruby/ruby.h:413:29: note: expanded from macro 'ID2SYM'
  413 | #define ID2SYM(x) RB_ID2SYM(x)
      |                             ^
/Users/serenachang/.rbenv/versions/2.6.10/include/ruby-2.6.0/ruby/ruby.h:408:33: note: expanded from macro 'RB_ID2SYM'
  408 | #define RB_ID2SYM(x) (rb_id2sym(x))
      |                                 ^
selector.c:309:19: note: '{' token is here
  309 |     return ID2SYM(rb_intern("unknown"));
      |                   ^~~~~~~~~~~~~~~~~~~~
/Users/serenachang/.rbenv/versions/2.6.10/include/ruby-2.6.0/ruby/ruby.h:1826:24: note: expanded from macro 'rb_intern'
 1826 |         __extension__ (RUBY_CONST_ID_CACHE((ID), (str))) : \
      |                        ^~~~~~~~~~~~~~~~~~~~~~~~~~~~~~~~
/Users/serenachang/.rbenv/versions/2.6.10/include/ruby-2.6.0/ruby/ruby.h:1811:5: note: expanded from macro 'RUBY_CONST_ID_CACHE'
 1811 |     {                                                   \
      |     ^
/Users/serenachang/.rbenv/versions/2.6.10/include/ruby-2.6.0/ruby/ruby.h:413:29: note: expanded from macro 'ID2SYM'
  413 | #define ID2SYM(x) RB_ID2SYM(x)
      |                             ^
/Users/serenachang/.rbenv/versions/2.6.10/include/ruby-2.6.0/ruby/ruby.h:408:33: note: expanded from macro 'RB_ID2SYM'
  408 | #define RB_ID2SYM(x) (rb_id2sym(x))
      |                                 ^
selector.c:309:19: warning: '}' and ')' tokens terminating statement expression appear in different macro expansion contexts [-Wcompound-token-split-by-macro]
  309 |     return ID2SYM(rb_intern("unknown"));
      |                   ^~~~~~~~~~~~~~~~~~~~
/Users/serenachang/.rbenv/versions/2.6.10/include/ruby-2.6.0/ruby/ruby.h:1826:24: note: expanded from macro 'rb_intern'
 1826 |         __extension__ (RUBY_CONST_ID_CACHE((ID), (str))) : \
      |                        ^~~~~~~~~~~~~~~~~~~~~~~~~~~~~~~~
/Users/serenachang/.rbenv/versions/2.6.10/include/ruby-2.6.0/ruby/ruby.h:1816:5: note: expanded from macro 'RUBY_CONST_ID_CACHE'
 1816 |     }
      |     ^
/Users/serenachang/.rbenv/versions/2.6.10/include/ruby-2.6.0/ruby/ruby.h:413:29: note: expanded from macro 'ID2SYM'
  413 | #define ID2SYM(x) RB_ID2SYM(x)
      |                             ^
/Users/serenachang/.rbenv/versions/2.6.10/include/ruby-2.6.0/ruby/ruby.h:408:33: note: expanded from macro 'RB_ID2SYM'
  408 | #define RB_ID2SYM(x) (rb_id2sym(x))
      |                                 ^
selector.c:309:19: note: ')' token is here
  309 |     return ID2SYM(rb_intern("unknown"));
      |                   ^~~~~~~~~~~~~~~~~~~~
/Users/serenachang/.rbenv/versions/2.6.10/include/ruby-2.6.0/ruby/ruby.h:1826:56: note: expanded from macro 'rb_intern'
 1826 |         __extension__ (RUBY_CONST_ID_CACHE((ID), (str))) : \
      |                                                        ^
/Users/serenachang/.rbenv/versions/2.6.10/include/ruby-2.6.0/ruby/ruby.h:413:29: note: expanded from macro 'ID2SYM'
  413 | #define ID2SYM(x) RB_ID2SYM(x)
      |                             ^
/Users/serenachang/.rbenv/versions/2.6.10/include/ruby-2.6.0/ruby/ruby.h:408:33: note: expanded from macro 'RB_ID2SYM'
  408 | #define RB_ID2SYM(x) (rb_id2sym(x))
      |                                 ^
selector.c:318:37: warning: '(' and '{' tokens introducing statement expression appear in different macro expansion contexts [-Wcompound-token-split-by-macro]
  318 |     lock_holder = rb_ivar_get(self, rb_intern("lock_holder"));
      |                                     ^~~~~~~~~~~~~~~~~~~~~~~~
/Users/serenachang/.rbenv/versions/2.6.10/include/ruby-2.6.0/ruby/ruby.h:1826:23: note: expanded from macro 'rb_intern'
 1826 |         __extension__ (RUBY_CONST_ID_CACHE((ID), (str))) : \
      |                       ^
selector.c:318:37: note: '{' token is here
  318 |     lock_holder = rb_ivar_get(self, rb_intern("lock_holder"));
      |                                     ^~~~~~~~~~~~~~~~~~~~~~~~
/Users/serenachang/.rbenv/versions/2.6.10/include/ruby-2.6.0/ruby/ruby.h:1826:24: note: expanded from macro 'rb_intern'
 1826 |         __extension__ (RUBY_CONST_ID_CACHE((ID), (str))) : \
      |                        ^~~~~~~~~~~~~~~~~~~~~~~~~~~~~~~~
/Users/serenachang/.rbenv/versions/2.6.10/include/ruby-2.6.0/ruby/ruby.h:1811:5: note: expanded from macro 'RUBY_CONST_ID_CACHE'
 1811 |     {                                                   \
      |     ^
selector.c:318:37: warning: '}' and ')' tokens terminating statement expression appear in different macro expansion contexts [-Wcompound-token-split-by-macro]
  318 |     lock_holder = rb_ivar_get(self, rb_intern("lock_holder"));
      |                                     ^~~~~~~~~~~~~~~~~~~~~~~~
/Users/serenachang/.rbenv/versions/2.6.10/include/ruby-2.6.0/ruby/ruby.h:1826:24: note: expanded from macro 'rb_intern'
 1826 |         __extension__ (RUBY_CONST_ID_CACHE((ID), (str))) : \
      |                        ^~~~~~~~~~~~~~~~~~~~~~~~~~~~~~~~
/Users/serenachang/.rbenv/versions/2.6.10/include/ruby-2.6.0/ruby/ruby.h:1816:5: note: expanded from macro 'RUBY_CONST_ID_CACHE'
 1816 |     }
      |     ^
selector.c:318:37: note: ')' token is here
  318 |     lock_holder = rb_ivar_get(self, rb_intern("lock_holder"));
      |                                     ^~~~~~~~~~~~~~~~~~~~~~~~
/Users/serenachang/.rbenv/versions/2.6.10/include/ruby-2.6.0/ruby/ruby.h:1826:56: note: expanded from macro 'rb_intern'
 1826 |         __extension__ (RUBY_CONST_ID_CACHE((ID), (str))) : \
      |                                                        ^
selector.c:321:34: warning: '(' and '{' tokens introducing statement expression appear in different macro expansion contexts [-Wcompound-token-split-by-macro]
  321 |         lock = rb_ivar_get(self, rb_intern("lock"));
      |                                  ^~~~~~~~~~~~~~~~~
/Users/serenachang/.rbenv/versions/2.6.10/include/ruby-2.6.0/ruby/ruby.h:1826:23: note: expanded from macro 'rb_intern'
 1826 |         __extension__ (RUBY_CONST_ID_CACHE((ID), (str))) : \
      |                       ^
selector.c:321:34: note: '{' token is here
  321 |         lock = rb_ivar_get(self, rb_intern("lock"));
      |                                  ^~~~~~~~~~~~~~~~~
/Users/serenachang/.rbenv/versions/2.6.10/include/ruby-2.6.0/ruby/ruby.h:1826:24: note: expanded from macro 'rb_intern'
 1826 |         __extension__ (RUBY_CONST_ID_CACHE((ID), (str))) : \
      |                        ^~~~~~~~~~~~~~~~~~~~~~~~~~~~~~~~
/Users/serenachang/.rbenv/versions/2.6.10/include/ruby-2.6.0/ruby/ruby.h:1811:5: note: expanded from macro 'RUBY_CONST_ID_CACHE'
 1811 |     {                                                   \
      |     ^
selector.c:321:34: warning: '}' and ')' tokens terminating statement expression appear in different macro expansion contexts [-Wcompound-token-split-by-macro]
  321 |         lock = rb_ivar_get(self, rb_intern("lock"));
      |                                  ^~~~~~~~~~~~~~~~~
/Users/serenachang/.rbenv/versions/2.6.10/include/ruby-2.6.0/ruby/ruby.h:1826:24: note: expanded from macro 'rb_intern'
 1826 |         __extension__ (RUBY_CONST_ID_CACHE((ID), (str))) : \
      |                        ^~~~~~~~~~~~~~~~~~~~~~~~~~~~~~~~
/Users/serenachang/.rbenv/versions/2.6.10/include/ruby-2.6.0/ruby/ruby.h:1816:5: note: expanded from macro 'RUBY_CONST_ID_CACHE'
 1816 |     }
      |     ^
selector.c:321:34: note: ')' token is here
  321 |         lock = rb_ivar_get(self, rb_intern("lock"));
      |                                  ^~~~~~~~~~~~~~~~~
/Users/serenachang/.rbenv/versions/2.6.10/include/ruby-2.6.0/ruby/ruby.h:1826:56: note: expanded from macro 'rb_intern'
 1826 |         __extension__ (RUBY_CONST_ID_CACHE((ID), (str))) : \
      |                                                        ^
selector.c:322:26: warning: '(' and '{' tokens introducing statement expression appear in different macro expansion contexts [-Wcompound-token-split-by-macro]
  322 |         rb_funcall(lock, rb_intern("lock"), 0);
      |                          ^~~~~~~~~~~~~~~~~
/Users/serenachang/.rbenv/versions/2.6.10/include/ruby-2.6.0/ruby/ruby.h:1826:23: note: expanded from macro 'rb_intern'
 1826 |         __extension__ (RUBY_CONST_ID_CACHE((ID), (str))) : \
      |                       ^
/Users/serenachang/.rbenv/versions/2.6.10/include/ruby-2.6.0/ruby/ruby.h:2602:20: note: expanded from macro 'rb_funcall'
 2602 |         rb_funcallv(recv, mid, \
      |                           ^~~
selector.c:322:26: note: '{' token is here
  322 |         rb_funcall(lock, rb_intern("lock"), 0);
      |                          ^~~~~~~~~~~~~~~~~
/Users/serenachang/.rbenv/versions/2.6.10/include/ruby-2.6.0/ruby/ruby.h:1826:24: note: expanded from macro 'rb_intern'
 1826 |         __extension__ (RUBY_CONST_ID_CACHE((ID), (str))) : \
      |                        ^~~~~~~~~~~~~~~~~~~~~~~~~~~~~~~~
/Users/serenachang/.rbenv/versions/2.6.10/include/ruby-2.6.0/ruby/ruby.h:1811:5: note: expanded from macro 'RUBY_CONST_ID_CACHE'
 1811 |     {                                                   \
      |     ^
/Users/serenachang/.rbenv/versions/2.6.10/include/ruby-2.6.0/ruby/ruby.h:2602:20: note: expanded from macro 'rb_funcall'
 2602 |         rb_funcallv(recv, mid, \
      |                           ^~~
selector.c:322:26: warning: '}' and ')' tokens terminating statement expression appear in different macro expansion contexts [-Wcompound-token-split-by-macro]
  322 |         rb_funcall(lock, rb_intern("lock"), 0);
      |                          ^~~~~~~~~~~~~~~~~
/Users/serenachang/.rbenv/versions/2.6.10/include/ruby-2.6.0/ruby/ruby.h:1826:24: note: expanded from macro 'rb_intern'
 1826 |         __extension__ (RUBY_CONST_ID_CACHE((ID), (str))) : \
      |                        ^~~~~~~~~~~~~~~~~~~~~~~~~~~~~~~~
/Users/serenachang/.rbenv/versions/2.6.10/include/ruby-2.6.0/ruby/ruby.h:1816:5: note: expanded from macro 'RUBY_CONST_ID_CACHE'
 1816 |     }
      |     ^
/Users/serenachang/.rbenv/versions/2.6.10/include/ruby-2.6.0/ruby/ruby.h:2602:20: note: expanded from macro 'rb_funcall'
 2602 |         rb_funcallv(recv, mid, \
      |                           ^~~
selector.c:322:26: note: ')' token is here
  322 |         rb_funcall(lock, rb_intern("lock"), 0);
      |                          ^~~~~~~~~~~~~~~~~
/Users/serenachang/.rbenv/versions/2.6.10/include/ruby-2.6.0/ruby/ruby.h:1826:56: note: expanded from macro 'rb_intern'
 1826 |         __extension__ (RUBY_CONST_ID_CACHE((ID), (str))) : \
      |                                                        ^
/Users/serenachang/.rbenv/versions/2.6.10/include/ruby-2.6.0/ruby/ruby.h:2602:20: note: expanded from macro 'rb_funcall'
 2602 |         rb_funcallv(recv, mid, \
      |                           ^~~
selector.c:323:27: warning: '(' and '{' tokens introducing statement expression appear in different macro expansion contexts [-Wcompound-token-split-by-macro]
  323 |         rb_ivar_set(self, rb_intern("lock_holder"), current_thread);
      |                           ^~~~~~~~~~~~~~~~~~~~~~~~
/Users/serenachang/.rbenv/versions/2.6.10/include/ruby-2.6.0/ruby/ruby.h:1826:23: note: expanded from macro 'rb_intern'
 1826 |         __extension__ (RUBY_CONST_ID_CACHE((ID), (str))) : \
      |                       ^
selector.c:323:27: note: '{' token is here
  323 |         rb_ivar_set(self, rb_intern("lock_holder"), current_thread);
      |                           ^~~~~~~~~~~~~~~~~~~~~~~~
/Users/serenachang/.rbenv/versions/2.6.10/include/ruby-2.6.0/ruby/ruby.h:1826:24: note: expanded from macro 'rb_intern'
 1826 |         __extension__ (RUBY_CONST_ID_CACHE((ID), (str))) : \
      |                        ^~~~~~~~~~~~~~~~~~~~~~~~~~~~~~~~
/Users/serenachang/.rbenv/versions/2.6.10/include/ruby-2.6.0/ruby/ruby.h:1811:5: note: expanded from macro 'RUBY_CONST_ID_CACHE'
 1811 |     {                                                   \
      |     ^
selector.c:323:27: warning: '}' and ')' tokens terminating statement expression appear in different macro expansion contexts [-Wcompound-token-split-by-macro]
  323 |         rb_ivar_set(self, rb_intern("lock_holder"), current_thread);
      |                           ^~~~~~~~~~~~~~~~~~~~~~~~
/Users/serenachang/.rbenv/versions/2.6.10/include/ruby-2.6.0/ruby/ruby.h:1826:24: note: expanded from macro 'rb_intern'
 1826 |         __extension__ (RUBY_CONST_ID_CACHE((ID), (str))) : \
      |                        ^~~~~~~~~~~~~~~~~~~~~~~~~~~~~~~~
/Users/serenachang/.rbenv/versions/2.6.10/include/ruby-2.6.0/ruby/ruby.h:1816:5: note: expanded from macro 'RUBY_CONST_ID_CACHE'
 1816 |     }
      |     ^
selector.c:323:27: note: ')' token is here
  323 |         rb_ivar_set(self, rb_intern("lock_holder"), current_thread);
      |                           ^~~~~~~~~~~~~~~~~~~~~~~~
/Users/serenachang/.rbenv/versions/2.6.10/include/ruby-2.6.0/ruby/ruby.h:1826:56: note: expanded from macro 'rb_intern'
 1826 |         __extension__ (RUBY_CONST_ID_CACHE((ID), (str))) : \
      |                                                        ^
selector.c:338:23: warning: '(' and '{' tokens introducing statement expression appear in different macro expansion contexts [-Wcompound-token-split-by-macro]
  338 |     rb_ivar_set(self, rb_intern("lock_holder"), Qnil);
      |                       ^~~~~~~~~~~~~~~~~~~~~~~~
/Users/serenachang/.rbenv/versions/2.6.10/include/ruby-2.6.0/ruby/ruby.h:1826:23: note: expanded from macro 'rb_intern'
 1826 |         __extension__ (RUBY_CONST_ID_CACHE((ID), (str))) : \
      |                       ^
selector.c:338:23: note: '{' token is here
  338 |     rb_ivar_set(self, rb_intern("lock_holder"), Qnil);
      |                       ^~~~~~~~~~~~~~~~~~~~~~~~
/Users/serenachang/.rbenv/versions/2.6.10/include/ruby-2.6.0/ruby/ruby.h:1826:24: note: expanded from macro 'rb_intern'
 1826 |         __extension__ (RUBY_CONST_ID_CACHE((ID), (str))) : \
      |                        ^~~~~~~~~~~~~~~~~~~~~~~~~~~~~~~~
/Users/serenachang/.rbenv/versions/2.6.10/include/ruby-2.6.0/ruby/ruby.h:1811:5: note: expanded from macro 'RUBY_CONST_ID_CACHE'
 1811 |     {                                                   \
      |     ^
selector.c:338:23: warning: '}' and ')' tokens terminating statement expression appear in different macro expansion contexts [-Wcompound-token-split-by-macro]
  338 |     rb_ivar_set(self, rb_intern("lock_holder"), Qnil);
      |                       ^~~~~~~~~~~~~~~~~~~~~~~~
/Users/serenachang/.rbenv/versions/2.6.10/include/ruby-2.6.0/ruby/ruby.h:1826:24: note: expanded from macro 'rb_intern'
 1826 |         __extension__ (RUBY_CONST_ID_CACHE((ID), (str))) : \
      |                        ^~~~~~~~~~~~~~~~~~~~~~~~~~~~~~~~
/Users/serenachang/.rbenv/versions/2.6.10/include/ruby-2.6.0/ruby/ruby.h:1816:5: note: expanded from macro 'RUBY_CONST_ID_CACHE'
 1816 |     }
      |     ^
selector.c:338:23: note: ')' token is here
  338 |     rb_ivar_set(self, rb_intern("lock_holder"), Qnil);
      |                       ^~~~~~~~~~~~~~~~~~~~~~~~
/Users/serenachang/.rbenv/versions/2.6.10/include/ruby-2.6.0/ruby/ruby.h:1826:56: note: expanded from macro 'rb_intern'
 1826 |         __extension__ (RUBY_CONST_ID_CACHE((ID), (str))) : \
      |                                                        ^
selector.c:340:30: warning: '(' and '{' tokens introducing statement expression appear in different macro expansion contexts [-Wcompound-token-split-by-macro]
  340 |     lock = rb_ivar_get(self, rb_intern("lock"));
      |                              ^~~~~~~~~~~~~~~~~
/Users/serenachang/.rbenv/versions/2.6.10/include/ruby-2.6.0/ruby/ruby.h:1826:23: note: expanded from macro 'rb_intern'
 1826 |         __extension__ (RUBY_CONST_ID_CACHE((ID), (str))) : \
      |                       ^
selector.c:340:30: note: '{' token is here
  340 |     lock = rb_ivar_get(self, rb_intern("lock"));
      |                              ^~~~~~~~~~~~~~~~~
/Users/serenachang/.rbenv/versions/2.6.10/include/ruby-2.6.0/ruby/ruby.h:1826:24: note: expanded from macro 'rb_intern'
 1826 |         __extension__ (RUBY_CONST_ID_CACHE((ID), (str))) : \
      |                        ^~~~~~~~~~~~~~~~~~~~~~~~~~~~~~~~
/Users/serenachang/.rbenv/versions/2.6.10/include/ruby-2.6.0/ruby/ruby.h:1811:5: note: expanded from macro 'RUBY_CONST_ID_CACHE'
 1811 |     {                                                   \
      |     ^
selector.c:340:30: warning: '}' and ')' tokens terminating statement expression appear in different macro expansion contexts [-Wcompound-token-split-by-macro]
  340 |     lock = rb_ivar_get(self, rb_intern("lock"));
      |                              ^~~~~~~~~~~~~~~~~
/Users/serenachang/.rbenv/versions/2.6.10/include/ruby-2.6.0/ruby/ruby.h:1826:24: note: expanded from macro 'rb_intern'
 1826 |         __extension__ (RUBY_CONST_ID_CACHE((ID), (str))) : \
      |                        ^~~~~~~~~~~~~~~~~~~~~~~~~~~~~~~~
/Users/serenachang/.rbenv/versions/2.6.10/include/ruby-2.6.0/ruby/ruby.h:1816:5: note: expanded from macro 'RUBY_CONST_ID_CACHE'
 1816 |     }
      |     ^
selector.c:340:30: note: ')' token is here
  340 |     lock = rb_ivar_get(self, rb_intern("lock"));
      |                              ^~~~~~~~~~~~~~~~~
/Users/serenachang/.rbenv/versions/2.6.10/include/ruby-2.6.0/ruby/ruby.h:1826:56: note: expanded from macro 'rb_intern'
 1826 |         __extension__ (RUBY_CONST_ID_CACHE((ID), (str))) : \
      |                                                        ^
selector.c:341:22: warning: '(' and '{' tokens introducing statement expression appear in different macro expansion contexts [-Wcompound-token-split-by-macro]
  341 |     rb_funcall(lock, rb_intern("unlock"), 0);
      |                      ^~~~~~~~~~~~~~~~~~~
/Users/serenachang/.rbenv/versions/2.6.10/include/ruby-2.6.0/ruby/ruby.h:1826:23: note: expanded from macro 'rb_intern'
 1826 |         __extension__ (RUBY_CONST_ID_CACHE((ID), (str))) : \
      |                       ^
/Users/serenachang/.rbenv/versions/2.6.10/include/ruby-2.6.0/ruby/ruby.h:2602:20: note: expanded from macro 'rb_funcall'
 2602 |         rb_funcallv(recv, mid, \
      |                           ^~~
selector.c:341:22: note: '{' token is here
  341 |     rb_funcall(lock, rb_intern("unlock"), 0);
      |                      ^~~~~~~~~~~~~~~~~~~
/Users/serenachang/.rbenv/versions/2.6.10/include/ruby-2.6.0/ruby/ruby.h:1826:24: note: expanded from macro 'rb_intern'
 1826 |         __extension__ (RUBY_CONST_ID_CACHE((ID), (str))) : \
      |                        ^~~~~~~~~~~~~~~~~~~~~~~~~~~~~~~~
/Users/serenachang/.rbenv/versions/2.6.10/include/ruby-2.6.0/ruby/ruby.h:1811:5: note: expanded from macro 'RUBY_CONST_ID_CACHE'
 1811 |     {                                                   \
      |     ^
/Users/serenachang/.rbenv/versions/2.6.10/include/ruby-2.6.0/ruby/ruby.h:2602:20: note: expanded from macro 'rb_funcall'
 2602 |         rb_funcallv(recv, mid, \
      |                           ^~~
selector.c:341:22: warning: '}' and ')' tokens terminating statement expression appear in different macro expansion contexts [-Wcompound-token-split-by-macro]
  341 |     rb_funcall(lock, rb_intern("unlock"), 0);
      |                      ^~~~~~~~~~~~~~~~~~~
/Users/serenachang/.rbenv/versions/2.6.10/include/ruby-2.6.0/ruby/ruby.h:1826:24: note: expanded from macro 'rb_intern'
 1826 |         __extension__ (RUBY_CONST_ID_CACHE((ID), (str))) : \
      |                        ^~~~~~~~~~~~~~~~~~~~~~~~~~~~~~~~
/Users/serenachang/.rbenv/versions/2.6.10/include/ruby-2.6.0/ruby/ruby.h:1816:5: note: expanded from macro 'RUBY_CONST_ID_CACHE'
 1816 |     }
      |     ^
/Users/serenachang/.rbenv/versions/2.6.10/include/ruby-2.6.0/ruby/ruby.h:2602:20: note: expanded from macro 'rb_funcall'
 2602 |         rb_funcallv(recv, mid, \
      |                           ^~~
selector.c:341:22: note: ')' token is here
  341 |     rb_funcall(lock, rb_intern("unlock"), 0);
      |                      ^~~~~~~~~~~~~~~~~~~
/Users/serenachang/.rbenv/versions/2.6.10/include/ruby-2.6.0/ruby/ruby.h:1826:56: note: expanded from macro 'rb_intern'
 1826 |         __extension__ (RUBY_CONST_ID_CACHE((ID), (str))) : \
      |                                                        ^
/Users/serenachang/.rbenv/versions/2.6.10/include/ruby-2.6.0/ruby/ruby.h:2602:20: note: expanded from macro 'rb_funcall'
 2602 |         rb_funcallv(recv, mid, \
      |                           ^~~
selector.c:370:37: warning: '(' and '{' tokens introducing statement expression appear in different macro expansion contexts [-Wcompound-token-split-by-macro]
  370 |     selectables = rb_ivar_get(self, rb_intern("selectables"));
      |                                     ^~~~~~~~~~~~~~~~~~~~~~~~
/Users/serenachang/.rbenv/versions/2.6.10/include/ruby-2.6.0/ruby/ruby.h:1826:23: note: expanded from macro 'rb_intern'
 1826 |         __extension__ (RUBY_CONST_ID_CACHE((ID), (str))) : \
      |                       ^
selector.c:370:37: note: '{' token is here
  370 |     selectables = rb_ivar_get(self, rb_intern("selectables"));
      |                                     ^~~~~~~~~~~~~~~~~~~~~~~~
/Users/serenachang/.rbenv/versions/2.6.10/include/ruby-2.6.0/ruby/ruby.h:1826:24: note: expanded from macro 'rb_intern'
 1826 |         __extension__ (RUBY_CONST_ID_CACHE((ID), (str))) : \
      |                        ^~~~~~~~~~~~~~~~~~~~~~~~~~~~~~~~
/Users/serenachang/.rbenv/versions/2.6.10/include/ruby-2.6.0/ruby/ruby.h:1811:5: note: expanded from macro 'RUBY_CONST_ID_CACHE'
 1811 |     {                                                   \
      |     ^
selector.c:370:37: warning: '}' and ')' tokens terminating statement expression appear in different macro expansion contexts [-Wcompound-token-split-by-macro]
  370 |     selectables = rb_ivar_get(self, rb_intern("selectables"));
      |                                     ^~~~~~~~~~~~~~~~~~~~~~~~
/Users/serenachang/.rbenv/versions/2.6.10/include/ruby-2.6.0/ruby/ruby.h:1826:24: note: expanded from macro 'rb_intern'
 1826 |         __extension__ (RUBY_CONST_ID_CACHE((ID), (str))) : \
      |                        ^~~~~~~~~~~~~~~~~~~~~~~~~~~~~~~~
/Users/serenachang/.rbenv/versions/2.6.10/include/ruby-2.6.0/ruby/ruby.h:1816:5: note: expanded from macro 'RUBY_CONST_ID_CACHE'
 1816 |     }
      |     ^
selector.c:370:37: note: ')' token is here
  370 |     selectables = rb_ivar_get(self, rb_intern("selectables"));
      |                                     ^~~~~~~~~~~~~~~~~~~~~~~~
/Users/serenachang/.rbenv/versions/2.6.10/include/ruby-2.6.0/ruby/ruby.h:1826:56: note: expanded from macro 'rb_intern'
 1826 |         __extension__ (RUBY_CONST_ID_CACHE((ID), (str))) : \
      |                                                        ^
selector.c:382:51: warning: '(' and '{' tokens introducing statement expression appear in different macro expansion contexts [-Wcompound-token-split-by-macro]
  382 |     rb_hash_aset(selectables, rb_funcall(monitor, rb_intern("io"), 0), monitor);
      |                                                   ^~~~~~~~~~~~~~~
/Users/serenachang/.rbenv/versions/2.6.10/include/ruby-2.6.0/ruby/ruby.h:1826:23: note: expanded from macro 'rb_intern'
 1826 |         __extension__ (RUBY_CONST_ID_CACHE((ID), (str))) : \
      |                       ^
/Users/serenachang/.rbenv/versions/2.6.10/include/ruby-2.6.0/ruby/ruby.h:2602:20: note: expanded from macro 'rb_funcall'
 2602 |         rb_funcallv(recv, mid, \
      |                           ^~~
selector.c:382:51: note: '{' token is here
  382 |     rb_hash_aset(selectables, rb_funcall(monitor, rb_intern("io"), 0), monitor);
      |                                                   ^~~~~~~~~~~~~~~
/Users/serenachang/.rbenv/versions/2.6.10/include/ruby-2.6.0/ruby/ruby.h:1826:24: note: expanded from macro 'rb_intern'
 1826 |         __extension__ (RUBY_CONST_ID_CACHE((ID), (str))) : \
      |                        ^~~~~~~~~~~~~~~~~~~~~~~~~~~~~~~~
/Users/serenachang/.rbenv/versions/2.6.10/include/ruby-2.6.0/ruby/ruby.h:1811:5: note: expanded from macro 'RUBY_CONST_ID_CACHE'
 1811 |     {                                                   \
      |     ^
/Users/serenachang/.rbenv/versions/2.6.10/include/ruby-2.6.0/ruby/ruby.h:2602:20: note: expanded from macro 'rb_funcall'
 2602 |         rb_funcallv(recv, mid, \
      |                           ^~~
selector.c:382:51: warning: '}' and ')' tokens terminating statement expression appear in different macro expansion contexts [-Wcompound-token-split-by-macro]
  382 |     rb_hash_aset(selectables, rb_funcall(monitor, rb_intern("io"), 0), monitor);
      |                                                   ^~~~~~~~~~~~~~~
/Users/serenachang/.rbenv/versions/2.6.10/include/ruby-2.6.0/ruby/ruby.h:1826:24: note: expanded from macro 'rb_intern'
 1826 |         __extension__ (RUBY_CONST_ID_CACHE((ID), (str))) : \
      |                        ^~~~~~~~~~~~~~~~~~~~~~~~~~~~~~~~
/Users/serenachang/.rbenv/versions/2.6.10/include/ruby-2.6.0/ruby/ruby.h:1816:5: note: expanded from macro 'RUBY_CONST_ID_CACHE'
 1816 |     }
      |     ^
/Users/serenachang/.rbenv/versions/2.6.10/include/ruby-2.6.0/ruby/ruby.h:2602:20: note: expanded from macro 'rb_funcall'
 2602 |         rb_funcallv(recv, mid, \
      |                           ^~~
selector.c:382:51: note: ')' token is here
  382 |     rb_hash_aset(selectables, rb_funcall(monitor, rb_intern("io"), 0), monitor);
      |                                                   ^~~~~~~~~~~~~~~
/Users/serenachang/.rbenv/versions/2.6.10/include/ruby-2.6.0/ruby/ruby.h:1826:56: note: expanded from macro 'rb_intern'
 1826 |         __extension__ (RUBY_CONST_ID_CACHE((ID), (str))) : \
      |                                                        ^
/Users/serenachang/.rbenv/versions/2.6.10/include/ruby-2.6.0/ruby/ruby.h:2602:20: note: expanded from macro 'rb_funcall'
 2602 |         rb_funcallv(recv, mid, \
      |                           ^~~
selector.c:403:37: warning: '(' and '{' tokens introducing statement expression appear in different macro expansion contexts [-Wcompound-token-split-by-macro]
  403 |     selectables = rb_ivar_get(self, rb_intern("selectables"));
      |                                     ^~~~~~~~~~~~~~~~~~~~~~~~
/Users/serenachang/.rbenv/versions/2.6.10/include/ruby-2.6.0/ruby/ruby.h:1826:23: note: expanded from macro 'rb_intern'
 1826 |         __extension__ (RUBY_CONST_ID_CACHE((ID), (str))) : \
      |                       ^
selector.c:403:37: note: '{' token is here
  403 |     selectables = rb_ivar_get(self, rb_intern("selectables"));
      |                                     ^~~~~~~~~~~~~~~~~~~~~~~~
/Users/serenachang/.rbenv/versions/2.6.10/include/ruby-2.6.0/ruby/ruby.h:1826:24: note: expanded from macro 'rb_intern'
 1826 |         __extension__ (RUBY_CONST_ID_CACHE((ID), (str))) : \
      |                        ^~~~~~~~~~~~~~~~~~~~~~~~~~~~~~~~
/Users/serenachang/.rbenv/versions/2.6.10/include/ruby-2.6.0/ruby/ruby.h:1811:5: note: expanded from macro 'RUBY_CONST_ID_CACHE'
 1811 |     {                                                   \
      |     ^
selector.c:403:37: warning: '}' and ')' tokens terminating statement expression appear in different macro expansion contexts [-Wcompound-token-split-by-macro]
  403 |     selectables = rb_ivar_get(self, rb_intern("selectables"));
      |                                     ^~~~~~~~~~~~~~~~~~~~~~~~
/Users/serenachang/.rbenv/versions/2.6.10/include/ruby-2.6.0/ruby/ruby.h:1826:24: note: expanded from macro 'rb_intern'
 1826 |         __extension__ (RUBY_CONST_ID_CACHE((ID), (str))) : \
      |                        ^~~~~~~~~~~~~~~~~~~~~~~~~~~~~~~~
/Users/serenachang/.rbenv/versions/2.6.10/include/ruby-2.6.0/ruby/ruby.h:1816:5: note: expanded from macro 'RUBY_CONST_ID_CACHE'
 1816 |     }
      |     ^
selector.c:403:37: note: ')' token is here
  403 |     selectables = rb_ivar_get(self, rb_intern("selectables"));
      |                                     ^~~~~~~~~~~~~~~~~~~~~~~~
/Users/serenachang/.rbenv/versions/2.6.10/include/ruby-2.6.0/ruby/ruby.h:1826:56: note: expanded from macro 'rb_intern'
 1826 |         __extension__ (RUBY_CONST_ID_CACHE((ID), (str))) : \
      |                                                        ^
selector.c:407:29: warning: '(' and '{' tokens introducing statement expression appear in different macro expansion contexts [-Wcompound-token-split-by-macro]
  407 |         rb_funcall(monitor, rb_intern("close"), 1, Qfalse);
      |                             ^~~~~~~~~~~~~~~~~~
/Users/serenachang/.rbenv/versions/2.6.10/include/ruby-2.6.0/ruby/ruby.h:1826:23: note: expanded from macro 'rb_intern'
 1826 |         __extension__ (RUBY_CONST_ID_CACHE((ID), (str))) : \
      |                       ^
/Users/serenachang/.rbenv/versions/2.6.10/include/ruby-2.6.0/ruby/ruby.h:2602:20: note: expanded from macro 'rb_funcall'
 2602 |         rb_funcallv(recv, mid, \
      |                           ^~~
selector.c:407:29: note: '{' token is here
  407 |         rb_funcall(monitor, rb_intern("close"), 1, Qfalse);
      |                             ^~~~~~~~~~~~~~~~~~
/Users/serenachang/.rbenv/versions/2.6.10/include/ruby-2.6.0/ruby/ruby.h:1826:24: note: expanded from macro 'rb_intern'
 1826 |         __extension__ (RUBY_CONST_ID_CACHE((ID), (str))) : \
      |                        ^~~~~~~~~~~~~~~~~~~~~~~~~~~~~~~~
/Users/serenachang/.rbenv/versions/2.6.10/include/ruby-2.6.0/ruby/ruby.h:1811:5: note: expanded from macro 'RUBY_CONST_ID_CACHE'
 1811 |     {                                                   \
      |     ^
/Users/serenachang/.rbenv/versions/2.6.10/include/ruby-2.6.0/ruby/ruby.h:2602:20: note: expanded from macro 'rb_funcall'
 2602 |         rb_funcallv(recv, mid, \
      |                           ^~~
selector.c:407:29: warning: '}' and ')' tokens terminating statement expression appear in different macro expansion contexts [-Wcompound-token-split-by-macro]
  407 |         rb_funcall(monitor, rb_intern("close"), 1, Qfalse);
      |                             ^~~~~~~~~~~~~~~~~~
/Users/serenachang/.rbenv/versions/2.6.10/include/ruby-2.6.0/ruby/ruby.h:1826:24: note: expanded from macro 'rb_intern'
 1826 |         __extension__ (RUBY_CONST_ID_CACHE((ID), (str))) : \
      |                        ^~~~~~~~~~~~~~~~~~~~~~~~~~~~~~~~
/Users/serenachang/.rbenv/versions/2.6.10/include/ruby-2.6.0/ruby/ruby.h:1816:5: note: expanded from macro 'RUBY_CONST_ID_CACHE'
 1816 |     }
      |     ^
/Users/serenachang/.rbenv/versions/2.6.10/include/ruby-2.6.0/ruby/ruby.h:2602:20: note: expanded from macro 'rb_funcall'
 2602 |         rb_funcallv(recv, mid, \
      |                           ^~~
selector.c:407:29: note: ')' token is here
  407 |         rb_funcall(monitor, rb_intern("close"), 1, Qfalse);
      |                             ^~~~~~~~~~~~~~~~~~
/Users/serenachang/.rbenv/versions/2.6.10/include/ruby-2.6.0/ruby/ruby.h:1826:56: note: expanded from macro 'rb_intern'
 1826 |         __extension__ (RUBY_CONST_ID_CACHE((ID), (str))) : \
      |                                                        ^
/Users/serenachang/.rbenv/versions/2.6.10/include/ruby-2.6.0/ruby/ruby.h:2602:20: note: expanded from macro 'rb_funcall'
 2602 |         rb_funcallv(recv, mid, \
      |                           ^~~
selector.c:416:43: warning: '(' and '{' tokens introducing statement expression appear in different macro expansion contexts [-Wcompound-token-split-by-macro]
  416 |     VALUE selectables = rb_ivar_get(self, rb_intern("selectables"));
      |                                           ^~~~~~~~~~~~~~~~~~~~~~~~
/Users/serenachang/.rbenv/versions/2.6.10/include/ruby-2.6.0/ruby/ruby.h:1826:23: note: expanded from macro 'rb_intern'
 1826 |         __extension__ (RUBY_CONST_ID_CACHE((ID), (str))) : \
      |                       ^
selector.c:416:43: note: '{' token is here
  416 |     VALUE selectables = rb_ivar_get(self, rb_intern("selectables"));
      |                                           ^~~~~~~~~~~~~~~~~~~~~~~~
/Users/serenachang/.rbenv/versions/2.6.10/include/ruby-2.6.0/ruby/ruby.h:1826:24: note: expanded from macro 'rb_intern'
 1826 |         __extension__ (RUBY_CONST_ID_CACHE((ID), (str))) : \
      |                        ^~~~~~~~~~~~~~~~~~~~~~~~~~~~~~~~
/Users/serenachang/.rbenv/versions/2.6.10/include/ruby-2.6.0/ruby/ruby.h:1811:5: note: expanded from macro 'RUBY_CONST_ID_CACHE'
 1811 |     {                                                   \
      |     ^
selector.c:416:43: warning: '}' and ')' tokens terminating statement expression appear in different macro expansion contexts [-Wcompound-token-split-by-macro]
  416 |     VALUE selectables = rb_ivar_get(self, rb_intern("selectables"));
      |                                           ^~~~~~~~~~~~~~~~~~~~~~~~
/Users/serenachang/.rbenv/versions/2.6.10/include/ruby-2.6.0/ruby/ruby.h:1826:24: note: expanded from macro 'rb_intern'
 1826 |         __extension__ (RUBY_CONST_ID_CACHE((ID), (str))) : \
      |                        ^~~~~~~~~~~~~~~~~~~~~~~~~~~~~~~~
/Users/serenachang/.rbenv/versions/2.6.10/include/ruby-2.6.0/ruby/ruby.h:1816:5: note: expanded from macro 'RUBY_CONST_ID_CACHE'
 1816 |     }
      |     ^
selector.c:416:43: note: ')' token is here
  416 |     VALUE selectables = rb_ivar_get(self, rb_intern("selectables"));
      |                                           ^~~~~~~~~~~~~~~~~~~~~~~~
/Users/serenachang/.rbenv/versions/2.6.10/include/ruby-2.6.0/ruby/ruby.h:1826:56: note: expanded from macro 'rb_intern'
 1826 |         __extension__ (RUBY_CONST_ID_CACHE((ID), (str))) : \
      |                                                        ^
selector.c:419:36: warning: '(' and '{' tokens introducing statement expression appear in different macro expansion contexts [-Wcompound-token-split-by-macro]
  419 |     return rb_funcall(selectables, rb_intern("has_key?"), 1, io);
      |                                    ^~~~~~~~~~~~~~~~~~~~~
/Users/serenachang/.rbenv/versions/2.6.10/include/ruby-2.6.0/ruby/ruby.h:1826:23: note: expanded from macro 'rb_intern'
 1826 |         __extension__ (RUBY_CONST_ID_CACHE((ID), (str))) : \
      |                       ^
/Users/serenachang/.rbenv/versions/2.6.10/include/ruby-2.6.0/ruby/ruby.h:2602:20: note: expanded from macro 'rb_funcall'
 2602 |         rb_funcallv(recv, mid, \
      |                           ^~~
selector.c:419:36: note: '{' token is here
  419 |     return rb_funcall(selectables, rb_intern("has_key?"), 1, io);
      |                                    ^~~~~~~~~~~~~~~~~~~~~
/Users/serenachang/.rbenv/versions/2.6.10/include/ruby-2.6.0/ruby/ruby.h:1826:24: note: expanded from macro 'rb_intern'
 1826 |         __extension__ (RUBY_CONST_ID_CACHE((ID), (str))) : \
      |                        ^~~~~~~~~~~~~~~~~~~~~~~~~~~~~~~~
/Users/serenachang/.rbenv/versions/2.6.10/include/ruby-2.6.0/ruby/ruby.h:1811:5: note: expanded from macro 'RUBY_CONST_ID_CACHE'
 1811 |     {                                                   \
      |     ^
/Users/serenachang/.rbenv/versions/2.6.10/include/ruby-2.6.0/ruby/ruby.h:2602:20: note: expanded from macro 'rb_funcall'
 2602 |         rb_funcallv(recv, mid, \
      |                           ^~~
selector.c:419:36: warning: '}' and ')' tokens terminating statement expression appear in different macro expansion contexts [-Wcompound-token-split-by-macro]
  419 |     return rb_funcall(selectables, rb_intern("has_key?"), 1, io);
      |                                    ^~~~~~~~~~~~~~~~~~~~~
/Users/serenachang/.rbenv/versions/2.6.10/include/ruby-2.6.0/ruby/ruby.h:1826:24: note: expanded from macro 'rb_intern'
 1826 |         __extension__ (RUBY_CONST_ID_CACHE((ID), (str))) : \
      |                        ^~~~~~~~~~~~~~~~~~~~~~~~~~~~~~~~
/Users/serenachang/.rbenv/versions/2.6.10/include/ruby-2.6.0/ruby/ruby.h:1816:5: note: expanded from macro 'RUBY_CONST_ID_CACHE'
 1816 |     }
      |     ^
/Users/serenachang/.rbenv/versions/2.6.10/include/ruby-2.6.0/ruby/ruby.h:2602:20: note: expanded from macro 'rb_funcall'
 2602 |         rb_funcallv(recv, mid, \
      |                           ^~~
selector.c:419:36: note: ')' token is here
  419 |     return rb_funcall(selectables, rb_intern("has_key?"), 1, io);
      |                                    ^~~~~~~~~~~~~~~~~~~~~
/Users/serenachang/.rbenv/versions/2.6.10/include/ruby-2.6.0/ruby/ruby.h:1826:56: note: expanded from macro 'rb_intern'
 1826 |         __extension__ (RUBY_CONST_ID_CACHE((ID), (str))) : \
      |                                                        ^
/Users/serenachang/.rbenv/versions/2.6.10/include/ruby-2.6.0/ruby/ruby.h:2602:20: note: expanded from macro 'rb_funcall'
 2602 |         rb_funcallv(recv, mid, \
      |                           ^~~
selector.c:433:11: warning: mixing declarations and code is incompatible with standards before C99 [-Wdeclaration-after-statement]
  433 |     VALUE args[2] = {self, timeout};
      |           ^
selector.c:565:43: warning: '(' and '{' tokens introducing statement expression appear in different macro expansion contexts [-Wcompound-token-split-by-macro]
  565 |     VALUE selectables = rb_ivar_get(self, rb_intern("selectables"));
      |                                           ^~~~~~~~~~~~~~~~~~~~~~~~
/Users/serenachang/.rbenv/versions/2.6.10/include/ruby-2.6.0/ruby/ruby.h:1826:23: note: expanded from macro 'rb_intern'
 1826 |         __extension__ (RUBY_CONST_ID_CACHE((ID), (str))) : \
      |                       ^
selector.c:565:43: note: '{' token is here
  565 |     VALUE selectables = rb_ivar_get(self, rb_intern("selectables"));
      |                                           ^~~~~~~~~~~~~~~~~~~~~~~~
/Users/serenachang/.rbenv/versions/2.6.10/include/ruby-2.6.0/ruby/ruby.h:1826:24: note: expanded from macro 'rb_intern'
 1826 |         __extension__ (RUBY_CONST_ID_CACHE((ID), (str))) : \
      |                        ^~~~~~~~~~~~~~~~~~~~~~~~~~~~~~~~
/Users/serenachang/.rbenv/versions/2.6.10/include/ruby-2.6.0/ruby/ruby.h:1811:5: note: expanded from macro 'RUBY_CONST_ID_CACHE'
 1811 |     {                                                   \
      |     ^
selector.c:565:43: warning: '}' and ')' tokens terminating statement expression appear in different macro expansion contexts [-Wcompound-token-split-by-macro]
  565 |     VALUE selectables = rb_ivar_get(self, rb_intern("selectables"));
      |                                           ^~~~~~~~~~~~~~~~~~~~~~~~
/Users/serenachang/.rbenv/versions/2.6.10/include/ruby-2.6.0/ruby/ruby.h:1826:24: note: expanded from macro 'rb_intern'
 1826 |         __extension__ (RUBY_CONST_ID_CACHE((ID), (str))) : \
      |                        ^~~~~~~~~~~~~~~~~~~~~~~~~~~~~~~~
/Users/serenachang/.rbenv/versions/2.6.10/include/ruby-2.6.0/ruby/ruby.h:1816:5: note: expanded from macro 'RUBY_CONST_ID_CACHE'
 1816 |     }
      |     ^
selector.c:565:43: note: ')' token is here
  565 |     VALUE selectables = rb_ivar_get(self, rb_intern("selectables"));
      |                                           ^~~~~~~~~~~~~~~~~~~~~~~~
/Users/serenachang/.rbenv/versions/2.6.10/include/ruby-2.6.0/ruby/ruby.h:1826:56: note: expanded from macro 'rb_intern'
 1826 |         __extension__ (RUBY_CONST_ID_CACHE((ID), (str))) : \
      |                                                        ^
selector.c:567:36: warning: '(' and '{' tokens introducing statement expression appear in different macro expansion contexts [-Wcompound-token-split-by-macro]
  567 |     return rb_funcall(selectables, rb_intern("empty?"), 0) == Qtrue ? Qtrue : Qfalse;
      |                                    ^~~~~~~~~~~~~~~~~~~
/Users/serenachang/.rbenv/versions/2.6.10/include/ruby-2.6.0/ruby/ruby.h:1826:23: note: expanded from macro 'rb_intern'
 1826 |         __extension__ (RUBY_CONST_ID_CACHE((ID), (str))) : \
      |                       ^
/Users/serenachang/.rbenv/versions/2.6.10/include/ruby-2.6.0/ruby/ruby.h:2602:20: note: expanded from macro 'rb_funcall'
 2602 |         rb_funcallv(recv, mid, \
      |                           ^~~
selector.c:567:36: note: '{' token is here
  567 |     return rb_funcall(selectables, rb_intern("empty?"), 0) == Qtrue ? Qtrue : Qfalse;
      |                                    ^~~~~~~~~~~~~~~~~~~
/Users/serenachang/.rbenv/versions/2.6.10/include/ruby-2.6.0/ruby/ruby.h:1826:24: note: expanded from macro 'rb_intern'
 1826 |         __extension__ (RUBY_CONST_ID_CACHE((ID), (str))) : \
      |                        ^~~~~~~~~~~~~~~~~~~~~~~~~~~~~~~~
/Users/serenachang/.rbenv/versions/2.6.10/include/ruby-2.6.0/ruby/ruby.h:1811:5: note: expanded from macro 'RUBY_CONST_ID_CACHE'
 1811 |     {                                                   \
      |     ^
/Users/serenachang/.rbenv/versions/2.6.10/include/ruby-2.6.0/ruby/ruby.h:2602:20: note: expanded from macro 'rb_funcall'
 2602 |         rb_funcallv(recv, mid, \
      |                           ^~~
selector.c:567:36: warning: '}' and ')' tokens terminating statement expression appear in different macro expansion contexts [-Wcompound-token-split-by-macro]
  567 |     return rb_funcall(selectables, rb_intern("empty?"), 0) == Qtrue ? Qtrue : Qfalse;
      |                                    ^~~~~~~~~~~~~~~~~~~
/Users/serenachang/.rbenv/versions/2.6.10/include/ruby-2.6.0/ruby/ruby.h:1826:24: note: expanded from macro 'rb_intern'
 1826 |         __extension__ (RUBY_CONST_ID_CACHE((ID), (str))) : \
      |                        ^~~~~~~~~~~~~~~~~~~~~~~~~~~~~~~~
/Users/serenachang/.rbenv/versions/2.6.10/include/ruby-2.6.0/ruby/ruby.h:1816:5: note: expanded from macro 'RUBY_CONST_ID_CACHE'
 1816 |     }
      |     ^
/Users/serenachang/.rbenv/versions/2.6.10/include/ruby-2.6.0/ruby/ruby.h:2602:20: note: expanded from macro 'rb_funcall'
 2602 |         rb_funcallv(recv, mid, \
      |                           ^~~
selector.c:567:36: note: ')' token is here
  567 |     return rb_funcall(selectables, rb_intern("empty?"), 0) == Qtrue ? Qtrue : Qfalse;
      |                                    ^~~~~~~~~~~~~~~~~~~
/Users/serenachang/.rbenv/versions/2.6.10/include/ruby-2.6.0/ruby/ruby.h:1826:56: note: expanded from macro 'rb_intern'
 1826 |         __extension__ (RUBY_CONST_ID_CACHE((ID), (str))) : \
      |                                                        ^
/Users/serenachang/.rbenv/versions/2.6.10/include/ruby-2.6.0/ruby/ruby.h:2602:20: note: expanded from macro 'rb_funcall'
 2602 |         rb_funcallv(recv, mid, \
      |                           ^~~
98 warnings generated.
linking shared-object nio4r_ext.bundle

current directory: /Users/serenachang/Desktop/smartadmin-template/vendor/bundle/ruby/2.6.0/gems/nio4r-2.7.5/ext/nio4r
make "DESTDIR=" install
/usr/bin/install -c -m 0755 nio4r_ext.bundle ./.gem.20251216-8554-53bp54
