current directory: /Users/serenachang/Desktop/smartadmin-template/vendor/bundle/ruby/2.6.0/gems/pg-1.5.9/ext
/Users/serenachang/.rbenv/versions/2.6.10/bin/ruby -I /Users/serenachang/.rbenv/versions/2.6.10/lib/ruby/site_ruby/2.6.0 -r ./siteconf20251216-8554-1k506hh.rb extconf.rb --with-pg-config\=/opt/homebrew/opt/libpq/bin/pg_config
Calling libpq with GVL unlocked
Using config values from /opt/homebrew/opt/libpq/bin/pg_config
checking for whether -Wl,-rpath,/opt/homebrew/opt/libpq/lib is accepted as LDFLAGS... yes
Using libpq from /opt/homebrew/opt/libpq/lib
checking for libpq-fe.h... yes
checking for libpq/libpq-fs.h... yes
checking for pg_config_manual.h... yes
checking for PQconnectdb() in -lpq... yes
checking for PQconninfo() in libpq-fe.h... yes
checking for PQsslAttribute() in libpq-fe.h... yes
checking for PQresultVerboseErrorMessage() in libpq-fe.h... yes
checking for PQencryptPasswordConn() in libpq-fe.h... yes
checking for PQresultMemorySize() in libpq-fe.h... yes
checking for PQenterPipelineMode() in libpq-fe.h... yes
checking for timegm()... yes
checking for rb_gc_adjust_memory_usage()... yes
checking for rb_gc_mark_movable()... no
checking for rb_io_wait()... no
checking for rb_io_descriptor()... no
checking for unistd.h... yes
checking for inttypes.h... yes
checking for C99 variable length arrays... yes
creating extconf.h
creating Makefile

current directory: /Users/serenachang/Desktop/smartadmin-template/vendor/bundle/ruby/2.6.0/gems/pg-1.5.9/ext
make "DESTDIR=" clean

current directory: /Users/serenachang/Desktop/smartadmin-template/vendor/bundle/ruby/2.6.0/gems/pg-1.5.9/ext
make "DESTDIR="
compiling gvl_wrappers.c
compiling pg.c
compiling pg_binary_decoder.c
pg_binary_decoder.c:194:56: warning: '(' and '{' tokens introducing statement expression appear in different macro expansion contexts [-Wcompound-token-split-by-macro]
  194 |                                 t = rb_funcall(t, rb_intern("-"), 1, rb_funcall(t, rb_intern("utc_offset"), 0));
      |                                                                                    ^~~~~~~~~~~~~~~~~~~~~~~
/Users/serenachang/.rbenv/versions/2.6.10/include/ruby-2.6.0/ruby/ruby.h:1826:23: note: expanded from macro 'rb_intern'
 1826 |         __extension__ (RUBY_CONST_ID_CACHE((ID), (str))) : \
      |                       ^
/Users/serenachang/.rbenv/versions/2.6.10/include/ruby-2.6.0/ruby/ruby.h:2602:20: note: expanded from macro 'rb_funcall'
 2602 |         rb_funcallv(recv, mid, \
      |                           ^~~
/Users/serenachang/.rbenv/versions/2.6.10/include/ruby-2.6.0/ruby/ruby.h:2599:35: note: expanded from macro 'rb_funcall'
 2599 |         const VALUE rb_funcall_args[] = {__VA_ARGS__}; \
      |                                          ^~~~~~~~~~~
pg_binary_decoder.c:194:56: note: '{' token is here
  194 |                                 t = rb_funcall(t, rb_intern("-"), 1, rb_funcall(t, rb_intern("utc_offset"), 0));
      |                                                                                    ^~~~~~~~~~~~~~~~~~~~~~~
/Users/serenachang/.rbenv/versions/2.6.10/include/ruby-2.6.0/ruby/ruby.h:1826:24: note: expanded from macro 'rb_intern'
 1826 |         __extension__ (RUBY_CONST_ID_CACHE((ID), (str))) : \
      |                        ^~~~~~~~~~~~~~~~~~~~~~~~~~~~~~~~
/Users/serenachang/.rbenv/versions/2.6.10/include/ruby-2.6.0/ruby/ruby.h:1811:5: note: expanded from macro 'RUBY_CONST_ID_CACHE'
 1811 |     {                                                   \
      |     ^
/Users/serenachang/.rbenv/versions/2.6.10/include/ruby-2.6.0/ruby/ruby.h:2602:20: note: expanded from macro 'rb_funcall'
 2602 |         rb_funcallv(recv, mid, \
      |                           ^~~
/Users/serenachang/.rbenv/versions/2.6.10/include/ruby-2.6.0/ruby/ruby.h:2599:35: note: expanded from macro 'rb_funcall'
 2599 |         const VALUE rb_funcall_args[] = {__VA_ARGS__}; \
      |                                          ^~~~~~~~~~~
pg_binary_decoder.c:194:56: warning: '}' and ')' tokens terminating statement expression appear in different macro expansion contexts [-Wcompound-token-split-by-macro]
  194 |                                 t = rb_funcall(t, rb_intern("-"), 1, rb_funcall(t, rb_intern("utc_offset"), 0));
      |                                                                                    ^~~~~~~~~~~~~~~~~~~~~~~
/Users/serenachang/.rbenv/versions/2.6.10/include/ruby-2.6.0/ruby/ruby.h:1826:24: note: expanded from macro 'rb_intern'
 1826 |         __extension__ (RUBY_CONST_ID_CACHE((ID), (str))) : \
      |                        ^~~~~~~~~~~~~~~~~~~~~~~~~~~~~~~~
/Users/serenachang/.rbenv/versions/2.6.10/include/ruby-2.6.0/ruby/ruby.h:1816:5: note: expanded from macro 'RUBY_CONST_ID_CACHE'
 1816 |     }
      |     ^
/Users/serenachang/.rbenv/versions/2.6.10/include/ruby-2.6.0/ruby/ruby.h:2602:20: note: expanded from macro 'rb_funcall'
 2602 |         rb_funcallv(recv, mid, \
      |                           ^~~
/Users/serenachang/.rbenv/versions/2.6.10/include/ruby-2.6.0/ruby/ruby.h:2599:35: note: expanded from macro 'rb_funcall'
 2599 |         const VALUE rb_funcall_args[] = {__VA_ARGS__}; \
      |                                          ^~~~~~~~~~~
pg_binary_decoder.c:194:56: note: ')' token is here
  194 |                                 t = rb_funcall(t, rb_intern("-"), 1, rb_funcall(t, rb_intern("utc_offset"), 0));
      |                                                                                    ^~~~~~~~~~~~~~~~~~~~~~~
/Users/serenachang/.rbenv/versions/2.6.10/include/ruby-2.6.0/ruby/ruby.h:1826:56: note: expanded from macro 'rb_intern'
 1826 |         __extension__ (RUBY_CONST_ID_CACHE((ID), (str))) : \
      |                                                        ^
/Users/serenachang/.rbenv/versions/2.6.10/include/ruby-2.6.0/ruby/ruby.h:2602:20: note: expanded from macro 'rb_funcall'
 2602 |         rb_funcallv(recv, mid, \
      |                           ^~~
/Users/serenachang/.rbenv/versions/2.6.10/include/ruby-2.6.0/ruby/ruby.h:2599:35: note: expanded from macro 'rb_funcall'
 2599 |         const VALUE rb_funcall_args[] = {__VA_ARGS__}; \
      |                                          ^~~~~~~~~~~
pg_binary_decoder.c:194:23: warning: '(' and '{' tokens introducing statement expression appear in different macro expansion contexts [-Wcompound-token-split-by-macro]
  194 |                                 t = rb_funcall(t, rb_intern("-"), 1, rb_funcall(t, rb_intern("utc_offset"), 0));
      |                                                   ^~~~~~~~~~~~~~
/Users/serenachang/.rbenv/versions/2.6.10/include/ruby-2.6.0/ruby/ruby.h:1826:23: note: expanded from macro 'rb_intern'
 1826 |         __extension__ (RUBY_CONST_ID_CACHE((ID), (str))) : \
      |                       ^
/Users/serenachang/.rbenv/versions/2.6.10/include/ruby-2.6.0/ruby/ruby.h:2602:20: note: expanded from macro 'rb_funcall'
 2602 |         rb_funcallv(recv, mid, \
      |                           ^~~
pg_binary_decoder.c:194:23: note: '{' token is here
  194 |                                 t = rb_funcall(t, rb_intern("-"), 1, rb_funcall(t, rb_intern("utc_offset"), 0));
      |                                                   ^~~~~~~~~~~~~~
/Users/serenachang/.rbenv/versions/2.6.10/include/ruby-2.6.0/ruby/ruby.h:1826:24: note: expanded from macro 'rb_intern'
 1826 |         __extension__ (RUBY_CONST_ID_CACHE((ID), (str))) : \
      |                        ^~~~~~~~~~~~~~~~~~~~~~~~~~~~~~~~
/Users/serenachang/.rbenv/versions/2.6.10/include/ruby-2.6.0/ruby/ruby.h:1811:5: note: expanded from macro 'RUBY_CONST_ID_CACHE'
 1811 |     {                                                   \
      |     ^
/Users/serenachang/.rbenv/versions/2.6.10/include/ruby-2.6.0/ruby/ruby.h:2602:20: note: expanded from macro 'rb_funcall'
 2602 |         rb_funcallv(recv, mid, \
      |                           ^~~
pg_binary_decoder.c:194:23: warning: '}' and ')' tokens terminating statement expression appear in different macro expansion contexts [-Wcompound-token-split-by-macro]
  194 |                                 t = rb_funcall(t, rb_intern("-"), 1, rb_funcall(t, rb_intern("utc_offset"), 0));
      |                                                   ^~~~~~~~~~~~~~
/Users/serenachang/.rbenv/versions/2.6.10/include/ruby-2.6.0/ruby/ruby.h:1826:24: note: expanded from macro 'rb_intern'
 1826 |         __extension__ (RUBY_CONST_ID_CACHE((ID), (str))) : \
      |                        ^~~~~~~~~~~~~~~~~~~~~~~~~~~~~~~~
/Users/serenachang/.rbenv/versions/2.6.10/include/ruby-2.6.0/ruby/ruby.h:1816:5: note: expanded from macro 'RUBY_CONST_ID_CACHE'
 1816 |     }
      |     ^
/Users/serenachang/.rbenv/versions/2.6.10/include/ruby-2.6.0/ruby/ruby.h:2602:20: note: expanded from macro 'rb_funcall'
 2602 |         rb_funcallv(recv, mid, \
      |                           ^~~
pg_binary_decoder.c:194:23: note: ')' token is here
  194 |                                 t = rb_funcall(t, rb_intern("-"), 1, rb_funcall(t, rb_intern("utc_offset"), 0));
      |                                                   ^~~~~~~~~~~~~~
/Users/serenachang/.rbenv/versions/2.6.10/include/ruby-2.6.0/ruby/ruby.h:1826:56: note: expanded from macro 'rb_intern'
 1826 |         __extension__ (RUBY_CONST_ID_CACHE((ID), (str))) : \
      |                                                        ^
/Users/serenachang/.rbenv/versions/2.6.10/include/ruby-2.6.0/ruby/ruby.h:2602:20: note: expanded from macro 'rb_funcall'
 2602 |         rb_funcallv(recv, mid, \
      |                           ^~~
pg_binary_decoder.c:267:36: warning: '(' and '{' tokens introducing statement expression appear in different macro expansion contexts [-Wcompound-token-split-by-macro]
  267 |         s_Date = rb_const_get(rb_cObject, rb_intern("Date"));
      |                                           ^~~~~~~~~~~~~~~~~
/Users/serenachang/.rbenv/versions/2.6.10/include/ruby-2.6.0/ruby/ruby.h:1826:23: note: expanded from macro 'rb_intern'
 1826 |         __extension__ (RUBY_CONST_ID_CACHE((ID), (str))) : \
      |                       ^
pg_binary_decoder.c:267:36: note: '{' token is here
  267 |         s_Date = rb_const_get(rb_cObject, rb_intern("Date"));
      |                                           ^~~~~~~~~~~~~~~~~
/Users/serenachang/.rbenv/versions/2.6.10/include/ruby-2.6.0/ruby/ruby.h:1826:24: note: expanded from macro 'rb_intern'
 1826 |         __extension__ (RUBY_CONST_ID_CACHE((ID), (str))) : \
      |                        ^~~~~~~~~~~~~~~~~~~~~~~~~~~~~~~~
/Users/serenachang/.rbenv/versions/2.6.10/include/ruby-2.6.0/ruby/ruby.h:1811:5: note: expanded from macro 'RUBY_CONST_ID_CACHE'
 1811 |     {                                                   \
      |     ^
pg_binary_decoder.c:267:36: warning: '}' and ')' tokens terminating statement expression appear in different macro expansion contexts [-Wcompound-token-split-by-macro]
  267 |         s_Date = rb_const_get(rb_cObject, rb_intern("Date"));
      |                                           ^~~~~~~~~~~~~~~~~
/Users/serenachang/.rbenv/versions/2.6.10/include/ruby-2.6.0/ruby/ruby.h:1826:24: note: expanded from macro 'rb_intern'
 1826 |         __extension__ (RUBY_CONST_ID_CACHE((ID), (str))) : \
      |                        ^~~~~~~~~~~~~~~~~~~~~~~~~~~~~~~~
/Users/serenachang/.rbenv/versions/2.6.10/include/ruby-2.6.0/ruby/ruby.h:1816:5: note: expanded from macro 'RUBY_CONST_ID_CACHE'
 1816 |     }
      |     ^
pg_binary_decoder.c:267:36: note: ')' token is here
  267 |         s_Date = rb_const_get(rb_cObject, rb_intern("Date"));
      |                                           ^~~~~~~~~~~~~~~~~
/Users/serenachang/.rbenv/versions/2.6.10/include/ruby-2.6.0/ruby/ruby.h:1826:56: note: expanded from macro 'rb_intern'
 1826 |         __extension__ (RUBY_CONST_ID_CACHE((ID), (str))) : \
      |                                                        ^
pg_binary_decoder.c:269:13: warning: '(' and '{' tokens introducing statement expression appear in different macro expansion contexts [-Wcompound-token-split-by-macro]
  269 |         s_id_new = rb_intern("new");
      |                    ^~~~~~~~~~~~~~~~
/Users/serenachang/.rbenv/versions/2.6.10/include/ruby-2.6.0/ruby/ruby.h:1826:23: note: expanded from macro 'rb_intern'
 1826 |         __extension__ (RUBY_CONST_ID_CACHE((ID), (str))) : \
      |                       ^
pg_binary_decoder.c:269:13: note: '{' token is here
  269 |         s_id_new = rb_intern("new");
      |                    ^~~~~~~~~~~~~~~~
/Users/serenachang/.rbenv/versions/2.6.10/include/ruby-2.6.0/ruby/ruby.h:1826:24: note: expanded from macro 'rb_intern'
 1826 |         __extension__ (RUBY_CONST_ID_CACHE((ID), (str))) : \
      |                        ^~~~~~~~~~~~~~~~~~~~~~~~~~~~~~~~
/Users/serenachang/.rbenv/versions/2.6.10/include/ruby-2.6.0/ruby/ruby.h:1811:5: note: expanded from macro 'RUBY_CONST_ID_CACHE'
 1811 |     {                                                   \
      |     ^
pg_binary_decoder.c:269:13: warning: '}' and ')' tokens terminating statement expression appear in different macro expansion contexts [-Wcompound-token-split-by-macro]
  269 |         s_id_new = rb_intern("new");
      |                    ^~~~~~~~~~~~~~~~
/Users/serenachang/.rbenv/versions/2.6.10/include/ruby-2.6.0/ruby/ruby.h:1826:24: note: expanded from macro 'rb_intern'
 1826 |         __extension__ (RUBY_CONST_ID_CACHE((ID), (str))) : \
      |                        ^~~~~~~~~~~~~~~~~~~~~~~~~~~~~~~~
/Users/serenachang/.rbenv/versions/2.6.10/include/ruby-2.6.0/ruby/ruby.h:1816:5: note: expanded from macro 'RUBY_CONST_ID_CACHE'
 1816 |     }
      |     ^
pg_binary_decoder.c:269:13: note: ')' token is here
  269 |         s_id_new = rb_intern("new");
      |                    ^~~~~~~~~~~~~~~~
/Users/serenachang/.rbenv/versions/2.6.10/include/ruby-2.6.0/ruby/ruby.h:1826:56: note: expanded from macro 'rb_intern'
 1826 |         __extension__ (RUBY_CONST_ID_CACHE((ID), (str))) : \
      |                                                        ^
8 warnings generated.
compiling pg_binary_encoder.c
pg_binary_encoder.c:192:50: warning: '(' and '{' tokens introducing statement expression appear in different macro expansion contexts [-Wcompound-token-split-by-macro]
  192 |                         timestamp += NUM2LL(rb_funcall(*intermediate, rb_intern("utc_offset"), 0)) * 1000000;
      |                                                                       ^~~~~~~~~~~~~~~~~~~~~~~
/Users/serenachang/.rbenv/versions/2.6.10/include/ruby-2.6.0/ruby/ruby.h:1826:23: note: expanded from macro 'rb_intern'
 1826 |         __extension__ (RUBY_CONST_ID_CACHE((ID), (str))) : \
      |                       ^
/Users/serenachang/.rbenv/versions/2.6.10/include/ruby-2.6.0/ruby/ruby.h:2602:20: note: expanded from macro 'rb_funcall'
 2602 |         rb_funcallv(recv, mid, \
      |                           ^~~
/Users/serenachang/.rbenv/versions/2.6.10/include/ruby-2.6.0/ruby/ruby.h:752:30: note: expanded from macro 'NUM2LL'
  752 | # define NUM2LL(x) RB_NUM2LL(x)
      |                              ^
/Users/serenachang/.rbenv/versions/2.6.10/include/ruby-2.6.0/ruby/ruby.h:750:40: note: expanded from macro 'RB_NUM2LL'
  750 | # define RB_NUM2LL(x) rb_num2ll_inline(x)
      |                                        ^
pg_binary_encoder.c:192:50: note: '{' token is here
  192 |                         timestamp += NUM2LL(rb_funcall(*intermediate, rb_intern("utc_offset"), 0)) * 1000000;
      |                                                                       ^~~~~~~~~~~~~~~~~~~~~~~
/Users/serenachang/.rbenv/versions/2.6.10/include/ruby-2.6.0/ruby/ruby.h:1826:24: note: expanded from macro 'rb_intern'
 1826 |         __extension__ (RUBY_CONST_ID_CACHE((ID), (str))) : \
      |                        ^~~~~~~~~~~~~~~~~~~~~~~~~~~~~~~~
/Users/serenachang/.rbenv/versions/2.6.10/include/ruby-2.6.0/ruby/ruby.h:1811:5: note: expanded from macro 'RUBY_CONST_ID_CACHE'
 1811 |     {                                                   \
      |     ^
/Users/serenachang/.rbenv/versions/2.6.10/include/ruby-2.6.0/ruby/ruby.h:2602:20: note: expanded from macro 'rb_funcall'
 2602 |         rb_funcallv(recv, mid, \
      |                           ^~~
/Users/serenachang/.rbenv/versions/2.6.10/include/ruby-2.6.0/ruby/ruby.h:752:30: note: expanded from macro 'NUM2LL'
  752 | # define NUM2LL(x) RB_NUM2LL(x)
      |                              ^
/Users/serenachang/.rbenv/versions/2.6.10/include/ruby-2.6.0/ruby/ruby.h:750:40: note: expanded from macro 'RB_NUM2LL'
  750 | # define RB_NUM2LL(x) rb_num2ll_inline(x)
      |                                        ^
pg_binary_encoder.c:192:50: warning: '}' and ')' tokens terminating statement expression appear in different macro expansion contexts [-Wcompound-token-split-by-macro]
  192 |                         timestamp += NUM2LL(rb_funcall(*intermediate, rb_intern("utc_offset"), 0)) * 1000000;
      |                                                                       ^~~~~~~~~~~~~~~~~~~~~~~
/Users/serenachang/.rbenv/versions/2.6.10/include/ruby-2.6.0/ruby/ruby.h:1826:24: note: expanded from macro 'rb_intern'
 1826 |         __extension__ (RUBY_CONST_ID_CACHE((ID), (str))) : \
      |                        ^~~~~~~~~~~~~~~~~~~~~~~~~~~~~~~~
/Users/serenachang/.rbenv/versions/2.6.10/include/ruby-2.6.0/ruby/ruby.h:1816:5: note: expanded from macro 'RUBY_CONST_ID_CACHE'
 1816 |     }
      |     ^
/Users/serenachang/.rbenv/versions/2.6.10/include/ruby-2.6.0/ruby/ruby.h:2602:20: note: expanded from macro 'rb_funcall'
 2602 |         rb_funcallv(recv, mid, \
      |                           ^~~
/Users/serenachang/.rbenv/versions/2.6.10/include/ruby-2.6.0/ruby/ruby.h:752:30: note: expanded from macro 'NUM2LL'
  752 | # define NUM2LL(x) RB_NUM2LL(x)
      |                              ^
/Users/serenachang/.rbenv/versions/2.6.10/include/ruby-2.6.0/ruby/ruby.h:750:40: note: expanded from macro 'RB_NUM2LL'
  750 | # define RB_NUM2LL(x) rb_num2ll_inline(x)
      |                                        ^
pg_binary_encoder.c:192:50: note: ')' token is here
  192 |                         timestamp += NUM2LL(rb_funcall(*intermediate, rb_intern("utc_offset"), 0)) * 1000000;
      |                                                                       ^~~~~~~~~~~~~~~~~~~~~~~
/Users/serenachang/.rbenv/versions/2.6.10/include/ruby-2.6.0/ruby/ruby.h:1826:56: note: expanded from macro 'rb_intern'
 1826 |         __extension__ (RUBY_CONST_ID_CACHE((ID), (str))) : \
      |                                                        ^
/Users/serenachang/.rbenv/versions/2.6.10/include/ruby-2.6.0/ruby/ruby.h:2602:20: note: expanded from macro 'rb_funcall'
 2602 |         rb_funcallv(recv, mid, \
      |                           ^~~
/Users/serenachang/.rbenv/versions/2.6.10/include/ruby-2.6.0/ruby/ruby.h:752:30: note: expanded from macro 'NUM2LL'
  752 | # define NUM2LL(x) RB_NUM2LL(x)
      |                              ^
/Users/serenachang/.rbenv/versions/2.6.10/include/ruby-2.6.0/ruby/ruby.h:750:40: note: expanded from macro 'RB_NUM2LL'
  750 | # define RB_NUM2LL(x) rb_num2ll_inline(x)
      |                                        ^
pg_binary_encoder.c:219:30: warning: '(' and '{' tokens introducing statement expression appear in different macro expansion contexts [-Wcompound-token-split-by-macro]
  219 |                         value = rb_funcall(value, rb_intern("getlocal"), 0);
      |                                                   ^~~~~~~~~~~~~~~~~~~~~
/Users/serenachang/.rbenv/versions/2.6.10/include/ruby-2.6.0/ruby/ruby.h:1826:23: note: expanded from macro 'rb_intern'
 1826 |         __extension__ (RUBY_CONST_ID_CACHE((ID), (str))) : \
      |                       ^
/Users/serenachang/.rbenv/versions/2.6.10/include/ruby-2.6.0/ruby/ruby.h:2602:20: note: expanded from macro 'rb_funcall'
 2602 |         rb_funcallv(recv, mid, \
      |                           ^~~
pg_binary_encoder.c:219:30: note: '{' token is here
  219 |                         value = rb_funcall(value, rb_intern("getlocal"), 0);
      |                                                   ^~~~~~~~~~~~~~~~~~~~~
/Users/serenachang/.rbenv/versions/2.6.10/include/ruby-2.6.0/ruby/ruby.h:1826:24: note: expanded from macro 'rb_intern'
 1826 |         __extension__ (RUBY_CONST_ID_CACHE((ID), (str))) : \
      |                        ^~~~~~~~~~~~~~~~~~~~~~~~~~~~~~~~
/Users/serenachang/.rbenv/versions/2.6.10/include/ruby-2.6.0/ruby/ruby.h:1811:5: note: expanded from macro 'RUBY_CONST_ID_CACHE'
 1811 |     {                                                   \
      |     ^
/Users/serenachang/.rbenv/versions/2.6.10/include/ruby-2.6.0/ruby/ruby.h:2602:20: note: expanded from macro 'rb_funcall'
 2602 |         rb_funcallv(recv, mid, \
      |                           ^~~
pg_binary_encoder.c:219:30: warning: '}' and ')' tokens terminating statement expression appear in different macro expansion contexts [-Wcompound-token-split-by-macro]
  219 |                         value = rb_funcall(value, rb_intern("getlocal"), 0);
      |                                                   ^~~~~~~~~~~~~~~~~~~~~
/Users/serenachang/.rbenv/versions/2.6.10/include/ruby-2.6.0/ruby/ruby.h:1826:24: note: expanded from macro 'rb_intern'
 1826 |         __extension__ (RUBY_CONST_ID_CACHE((ID), (str))) : \
      |                        ^~~~~~~~~~~~~~~~~~~~~~~~~~~~~~~~
/Users/serenachang/.rbenv/versions/2.6.10/include/ruby-2.6.0/ruby/ruby.h:1816:5: note: expanded from macro 'RUBY_CONST_ID_CACHE'
 1816 |     }
      |     ^
/Users/serenachang/.rbenv/versions/2.6.10/include/ruby-2.6.0/ruby/ruby.h:2602:20: note: expanded from macro 'rb_funcall'
 2602 |         rb_funcallv(recv, mid, \
      |                           ^~~
pg_binary_encoder.c:219:30: note: ')' token is here
  219 |                         value = rb_funcall(value, rb_intern("getlocal"), 0);
      |                                                   ^~~~~~~~~~~~~~~~~~~~~
/Users/serenachang/.rbenv/versions/2.6.10/include/ruby-2.6.0/ruby/ruby.h:1826:56: note: expanded from macro 'rb_intern'
 1826 |         __extension__ (RUBY_CONST_ID_CACHE((ID), (str))) : \
      |                                                        ^
/Users/serenachang/.rbenv/versions/2.6.10/include/ruby-2.6.0/ruby/ruby.h:2602:20: note: expanded from macro 'rb_funcall'
 2602 |         rb_funcallv(recv, mid, \
      |                           ^~~
pg_binary_encoder.c:276:9: warning: mixing declarations and code is incompatible with standards before C99 [-Wdeclaration-after-statement]
  276 |                 VALUE year = rb_funcall(value, s_id_year, 0);
      |                       ^
pg_binary_encoder.c:356:14: warning: '(' and '{' tokens introducing statement expression appear in different macro expansion contexts [-Wcompound-token-split-by-macro]
  356 |         s_id_year = rb_intern("year");
      |                     ^~~~~~~~~~~~~~~~~
/Users/serenachang/.rbenv/versions/2.6.10/include/ruby-2.6.0/ruby/ruby.h:1826:23: note: expanded from macro 'rb_intern'
 1826 |         __extension__ (RUBY_CONST_ID_CACHE((ID), (str))) : \
      |                       ^
pg_binary_encoder.c:356:14: note: '{' token is here
  356 |         s_id_year = rb_intern("year");
      |                     ^~~~~~~~~~~~~~~~~
/Users/serenachang/.rbenv/versions/2.6.10/include/ruby-2.6.0/ruby/ruby.h:1826:24: note: expanded from macro 'rb_intern'
 1826 |         __extension__ (RUBY_CONST_ID_CACHE((ID), (str))) : \
      |                        ^~~~~~~~~~~~~~~~~~~~~~~~~~~~~~~~
/Users/serenachang/.rbenv/versions/2.6.10/include/ruby-2.6.0/ruby/ruby.h:1811:5: note: expanded from macro 'RUBY_CONST_ID_CACHE'
 1811 |     {                                                   \
      |     ^
pg_binary_encoder.c:356:14: warning: '}' and ')' tokens terminating statement expression appear in different macro expansion contexts [-Wcompound-token-split-by-macro]
  356 |         s_id_year = rb_intern("year");
      |                     ^~~~~~~~~~~~~~~~~
/Users/serenachang/.rbenv/versions/2.6.10/include/ruby-2.6.0/ruby/ruby.h:1826:24: note: expanded from macro 'rb_intern'
 1826 |         __extension__ (RUBY_CONST_ID_CACHE((ID), (str))) : \
      |                        ^~~~~~~~~~~~~~~~~~~~~~~~~~~~~~~~
/Users/serenachang/.rbenv/versions/2.6.10/include/ruby-2.6.0/ruby/ruby.h:1816:5: note: expanded from macro 'RUBY_CONST_ID_CACHE'
 1816 |     }
      |     ^
pg_binary_encoder.c:356:14: note: ')' token is here
  356 |         s_id_year = rb_intern("year");
      |                     ^~~~~~~~~~~~~~~~~
/Users/serenachang/.rbenv/versions/2.6.10/include/ruby-2.6.0/ruby/ruby.h:1826:56: note: expanded from macro 'rb_intern'
 1826 |         __extension__ (RUBY_CONST_ID_CACHE((ID), (str))) : \
      |                                                        ^
pg_binary_encoder.c:357:15: warning: '(' and '{' tokens introducing statement expression appear in different macro expansion contexts [-Wcompound-token-split-by-macro]
  357 |         s_id_month = rb_intern("month");
      |                      ^~~~~~~~~~~~~~~~~~
/Users/serenachang/.rbenv/versions/2.6.10/include/ruby-2.6.0/ruby/ruby.h:1826:23: note: expanded from macro 'rb_intern'
 1826 |         __extension__ (RUBY_CONST_ID_CACHE((ID), (str))) : \
      |                       ^
pg_binary_encoder.c:357:15: note: '{' token is here
  357 |         s_id_month = rb_intern("month");
      |                      ^~~~~~~~~~~~~~~~~~
/Users/serenachang/.rbenv/versions/2.6.10/include/ruby-2.6.0/ruby/ruby.h:1826:24: note: expanded from macro 'rb_intern'
 1826 |         __extension__ (RUBY_CONST_ID_CACHE((ID), (str))) : \
      |                        ^~~~~~~~~~~~~~~~~~~~~~~~~~~~~~~~
/Users/serenachang/.rbenv/versions/2.6.10/include/ruby-2.6.0/ruby/ruby.h:1811:5: note: expanded from macro 'RUBY_CONST_ID_CACHE'
 1811 |     {                                                   \
      |     ^
pg_binary_encoder.c:357:15: warning: '}' and ')' tokens terminating statement expression appear in different macro expansion contexts [-Wcompound-token-split-by-macro]
  357 |         s_id_month = rb_intern("month");
      |                      ^~~~~~~~~~~~~~~~~~
/Users/serenachang/.rbenv/versions/2.6.10/include/ruby-2.6.0/ruby/ruby.h:1826:24: note: expanded from macro 'rb_intern'
 1826 |         __extension__ (RUBY_CONST_ID_CACHE((ID), (str))) : \
      |                        ^~~~~~~~~~~~~~~~~~~~~~~~~~~~~~~~
/Users/serenachang/.rbenv/versions/2.6.10/include/ruby-2.6.0/ruby/ruby.h:1816:5: note: expanded from macro 'RUBY_CONST_ID_CACHE'
 1816 |     }
      |     ^
pg_binary_encoder.c:357:15: note: ')' token is here
  357 |         s_id_month = rb_intern("month");
      |                      ^~~~~~~~~~~~~~~~~~
/Users/serenachang/.rbenv/versions/2.6.10/include/ruby-2.6.0/ruby/ruby.h:1826:56: note: expanded from macro 'rb_intern'
 1826 |         __extension__ (RUBY_CONST_ID_CACHE((ID), (str))) : \
      |                                                        ^
pg_binary_encoder.c:358:13: warning: '(' and '{' tokens introducing statement expression appear in different macro expansion contexts [-Wcompound-token-split-by-macro]
  358 |         s_id_day = rb_intern("day");
      |                    ^~~~~~~~~~~~~~~~
/Users/serenachang/.rbenv/versions/2.6.10/include/ruby-2.6.0/ruby/ruby.h:1826:23: note: expanded from macro 'rb_intern'
 1826 |         __extension__ (RUBY_CONST_ID_CACHE((ID), (str))) : \
      |                       ^
pg_binary_encoder.c:358:13: note: '{' token is here
  358 |         s_id_day = rb_intern("day");
      |                    ^~~~~~~~~~~~~~~~
/Users/serenachang/.rbenv/versions/2.6.10/include/ruby-2.6.0/ruby/ruby.h:1826:24: note: expanded from macro 'rb_intern'
 1826 |         __extension__ (RUBY_CONST_ID_CACHE((ID), (str))) : \
      |                        ^~~~~~~~~~~~~~~~~~~~~~~~~~~~~~~~
/Users/serenachang/.rbenv/versions/2.6.10/include/ruby-2.6.0/ruby/ruby.h:1811:5: note: expanded from macro 'RUBY_CONST_ID_CACHE'
 1811 |     {                                                   \
      |     ^
pg_binary_encoder.c:358:13: warning: '}' and ')' tokens terminating statement expression appear in different macro expansion contexts [-Wcompound-token-split-by-macro]
  358 |         s_id_day = rb_intern("day");
      |                    ^~~~~~~~~~~~~~~~
/Users/serenachang/.rbenv/versions/2.6.10/include/ruby-2.6.0/ruby/ruby.h:1826:24: note: expanded from macro 'rb_intern'
 1826 |         __extension__ (RUBY_CONST_ID_CACHE((ID), (str))) : \
      |                        ^~~~~~~~~~~~~~~~~~~~~~~~~~~~~~~~
/Users/serenachang/.rbenv/versions/2.6.10/include/ruby-2.6.0/ruby/ruby.h:1816:5: note: expanded from macro 'RUBY_CONST_ID_CACHE'
 1816 |     }
      |     ^
pg_binary_encoder.c:358:13: note: ')' token is here
  358 |         s_id_day = rb_intern("day");
      |                    ^~~~~~~~~~~~~~~~
/Users/serenachang/.rbenv/versions/2.6.10/include/ruby-2.6.0/ruby/ruby.h:1826:56: note: expanded from macro 'rb_intern'
 1826 |         __extension__ (RUBY_CONST_ID_CACHE((ID), (str))) : \
      |                                                        ^
11 warnings generated.
compiling pg_coder.c
pg_coder.c:551:16: warning: '(' and '{' tokens introducing statement expression appear in different macro expansion contexts [-Wcompound-token-split-by-macro]
  551 |         s_id_encode = rb_intern("encode");
      |                       ^~~~~~~~~~~~~~~~~~~
/Users/serenachang/.rbenv/versions/2.6.10/include/ruby-2.6.0/ruby/ruby.h:1826:23: note: expanded from macro 'rb_intern'
 1826 |         __extension__ (RUBY_CONST_ID_CACHE((ID), (str))) : \
      |                       ^
pg_coder.c:551:16: note: '{' token is here
  551 |         s_id_encode = rb_intern("encode");
      |                       ^~~~~~~~~~~~~~~~~~~
/Users/serenachang/.rbenv/versions/2.6.10/include/ruby-2.6.0/ruby/ruby.h:1826:24: note: expanded from macro 'rb_intern'
 1826 |         __extension__ (RUBY_CONST_ID_CACHE((ID), (str))) : \
      |                        ^~~~~~~~~~~~~~~~~~~~~~~~~~~~~~~~
/Users/serenachang/.rbenv/versions/2.6.10/include/ruby-2.6.0/ruby/ruby.h:1811:5: note: expanded from macro 'RUBY_CONST_ID_CACHE'
 1811 |     {                                                   \
      |     ^
pg_coder.c:551:16: warning: '}' and ')' tokens terminating statement expression appear in different macro expansion contexts [-Wcompound-token-split-by-macro]
  551 |         s_id_encode = rb_intern("encode");
      |                       ^~~~~~~~~~~~~~~~~~~
/Users/serenachang/.rbenv/versions/2.6.10/include/ruby-2.6.0/ruby/ruby.h:1826:24: note: expanded from macro 'rb_intern'
 1826 |         __extension__ (RUBY_CONST_ID_CACHE((ID), (str))) : \
      |                        ^~~~~~~~~~~~~~~~~~~~~~~~~~~~~~~~
/Users/serenachang/.rbenv/versions/2.6.10/include/ruby-2.6.0/ruby/ruby.h:1816:5: note: expanded from macro 'RUBY_CONST_ID_CACHE'
 1816 |     }
      |     ^
pg_coder.c:551:16: note: ')' token is here
  551 |         s_id_encode = rb_intern("encode");
      |                       ^~~~~~~~~~~~~~~~~~~
/Users/serenachang/.rbenv/versions/2.6.10/include/ruby-2.6.0/ruby/ruby.h:1826:56: note: expanded from macro 'rb_intern'
 1826 |         __extension__ (RUBY_CONST_ID_CACHE((ID), (str))) : \
      |                                                        ^
pg_coder.c:552:16: warning: '(' and '{' tokens introducing statement expression appear in different macro expansion contexts [-Wcompound-token-split-by-macro]
  552 |         s_id_decode = rb_intern("decode");
      |                       ^~~~~~~~~~~~~~~~~~~
/Users/serenachang/.rbenv/versions/2.6.10/include/ruby-2.6.0/ruby/ruby.h:1826:23: note: expanded from macro 'rb_intern'
 1826 |         __extension__ (RUBY_CONST_ID_CACHE((ID), (str))) : \
      |                       ^
pg_coder.c:552:16: note: '{' token is here
  552 |         s_id_decode = rb_intern("decode");
      |                       ^~~~~~~~~~~~~~~~~~~
/Users/serenachang/.rbenv/versions/2.6.10/include/ruby-2.6.0/ruby/ruby.h:1826:24: note: expanded from macro 'rb_intern'
 1826 |         __extension__ (RUBY_CONST_ID_CACHE((ID), (str))) : \
      |                        ^~~~~~~~~~~~~~~~~~~~~~~~~~~~~~~~
/Users/serenachang/.rbenv/versions/2.6.10/include/ruby-2.6.0/ruby/ruby.h:1811:5: note: expanded from macro 'RUBY_CONST_ID_CACHE'
 1811 |     {                                                   \
      |     ^
pg_coder.c:552:16: warning: '}' and ')' tokens terminating statement expression appear in different macro expansion contexts [-Wcompound-token-split-by-macro]
  552 |         s_id_decode = rb_intern("decode");
      |                       ^~~~~~~~~~~~~~~~~~~
/Users/serenachang/.rbenv/versions/2.6.10/include/ruby-2.6.0/ruby/ruby.h:1826:24: note: expanded from macro 'rb_intern'
 1826 |         __extension__ (RUBY_CONST_ID_CACHE((ID), (str))) : \
      |                        ^~~~~~~~~~~~~~~~~~~~~~~~~~~~~~~~
/Users/serenachang/.rbenv/versions/2.6.10/include/ruby-2.6.0/ruby/ruby.h:1816:5: note: expanded from macro 'RUBY_CONST_ID_CACHE'
 1816 |     }
      |     ^
pg_coder.c:552:16: note: ')' token is here
  552 |         s_id_decode = rb_intern("decode");
      |                       ^~~~~~~~~~~~~~~~~~~
/Users/serenachang/.rbenv/versions/2.6.10/include/ruby-2.6.0/ruby/ruby.h:1826:56: note: expanded from macro 'rb_intern'
 1826 |         __extension__ (RUBY_CONST_ID_CACHE((ID), (str))) : \
      |                                                        ^
pg_coder.c:553:15: warning: '(' and '{' tokens introducing statement expression appear in different macro expansion contexts [-Wcompound-token-split-by-macro]
  553 |         s_id_CFUNC = rb_intern("CFUNC");
      |                      ^~~~~~~~~~~~~~~~~~
/Users/serenachang/.rbenv/versions/2.6.10/include/ruby-2.6.0/ruby/ruby.h:1826:23: note: expanded from macro 'rb_intern'
 1826 |         __extension__ (RUBY_CONST_ID_CACHE((ID), (str))) : \
      |                       ^
pg_coder.c:553:15: note: '{' token is here
  553 |         s_id_CFUNC = rb_intern("CFUNC");
      |                      ^~~~~~~~~~~~~~~~~~
/Users/serenachang/.rbenv/versions/2.6.10/include/ruby-2.6.0/ruby/ruby.h:1826:24: note: expanded from macro 'rb_intern'
 1826 |         __extension__ (RUBY_CONST_ID_CACHE((ID), (str))) : \
      |                        ^~~~~~~~~~~~~~~~~~~~~~~~~~~~~~~~
/Users/serenachang/.rbenv/versions/2.6.10/include/ruby-2.6.0/ruby/ruby.h:1811:5: note: expanded from macro 'RUBY_CONST_ID_CACHE'
 1811 |     {                                                   \
      |     ^
pg_coder.c:553:15: warning: '}' and ')' tokens terminating statement expression appear in different macro expansion contexts [-Wcompound-token-split-by-macro]
  553 |         s_id_CFUNC = rb_intern("CFUNC");
      |                      ^~~~~~~~~~~~~~~~~~
/Users/serenachang/.rbenv/versions/2.6.10/include/ruby-2.6.0/ruby/ruby.h:1826:24: note: expanded from macro 'rb_intern'
 1826 |         __extension__ (RUBY_CONST_ID_CACHE((ID), (str))) : \
      |                        ^~~~~~~~~~~~~~~~~~~~~~~~~~~~~~~~
/Users/serenachang/.rbenv/versions/2.6.10/include/ruby-2.6.0/ruby/ruby.h:1816:5: note: expanded from macro 'RUBY_CONST_ID_CACHE'
 1816 |     }
      |     ^
pg_coder.c:553:15: note: ')' token is here
  553 |         s_id_CFUNC = rb_intern("CFUNC");
      |                      ^~~~~~~~~~~~~~~~~~
/Users/serenachang/.rbenv/versions/2.6.10/include/ruby-2.6.0/ruby/ruby.h:1826:56: note: expanded from macro 'rb_intern'
 1826 |         __extension__ (RUBY_CONST_ID_CACHE((ID), (str))) : \
      |                                                        ^
6 warnings generated.
compiling pg_connection.c
pg_connection.c:114:26: warning: '(' and '{' tokens introducing statement expression appear in different macro expansion contexts [-Wcompound-token-split-by-macro]
  114 |                 rb_funcall( socket_io, rb_intern("close"), 0 );
      |                                        ^~~~~~~~~~~~~~~~~~
/Users/serenachang/.rbenv/versions/2.6.10/include/ruby-2.6.0/ruby/ruby.h:1826:23: note: expanded from macro 'rb_intern'
 1826 |         __extension__ (RUBY_CONST_ID_CACHE((ID), (str))) : \
      |                       ^
/Users/serenachang/.rbenv/versions/2.6.10/include/ruby-2.6.0/ruby/ruby.h:2602:20: note: expanded from macro 'rb_funcall'
 2602 |         rb_funcallv(recv, mid, \
      |                           ^~~
pg_connection.c:114:26: note: '{' token is here
  114 |                 rb_funcall( socket_io, rb_intern("close"), 0 );
      |                                        ^~~~~~~~~~~~~~~~~~
/Users/serenachang/.rbenv/versions/2.6.10/include/ruby-2.6.0/ruby/ruby.h:1826:24: note: expanded from macro 'rb_intern'
 1826 |         __extension__ (RUBY_CONST_ID_CACHE((ID), (str))) : \
      |                        ^~~~~~~~~~~~~~~~~~~~~~~~~~~~~~~~
/Users/serenachang/.rbenv/versions/2.6.10/include/ruby-2.6.0/ruby/ruby.h:1811:5: note: expanded from macro 'RUBY_CONST_ID_CACHE'
 1811 |     {                                                   \
      |     ^
/Users/serenachang/.rbenv/versions/2.6.10/include/ruby-2.6.0/ruby/ruby.h:2602:20: note: expanded from macro 'rb_funcall'
 2602 |         rb_funcallv(recv, mid, \
      |                           ^~~
pg_connection.c:114:26: warning: '}' and ')' tokens terminating statement expression appear in different macro expansion contexts [-Wcompound-token-split-by-macro]
  114 |                 rb_funcall( socket_io, rb_intern("close"), 0 );
      |                                        ^~~~~~~~~~~~~~~~~~
/Users/serenachang/.rbenv/versions/2.6.10/include/ruby-2.6.0/ruby/ruby.h:1826:24: note: expanded from macro 'rb_intern'
 1826 |         __extension__ (RUBY_CONST_ID_CACHE((ID), (str))) : \
      |                        ^~~~~~~~~~~~~~~~~~~~~~~~~~~~~~~~
/Users/serenachang/.rbenv/versions/2.6.10/include/ruby-2.6.0/ruby/ruby.h:1816:5: note: expanded from macro 'RUBY_CONST_ID_CACHE'
 1816 |     }
      |     ^
/Users/serenachang/.rbenv/versions/2.6.10/include/ruby-2.6.0/ruby/ruby.h:2602:20: note: expanded from macro 'rb_funcall'
 2602 |         rb_funcallv(recv, mid, \
      |                           ^~~
pg_connection.c:114:26: note: ')' token is here
  114 |                 rb_funcall( socket_io, rb_intern("close"), 0 );
      |                                        ^~~~~~~~~~~~~~~~~~
/Users/serenachang/.rbenv/versions/2.6.10/include/ruby-2.6.0/ruby/ruby.h:1826:56: note: expanded from macro 'rb_intern'
 1826 |         __extension__ (RUBY_CONST_ID_CACHE((ID), (str))) : \
      |                                                        ^
/Users/serenachang/.rbenv/versions/2.6.10/include/ruby-2.6.0/ruby/ruby.h:2602:20: note: expanded from macro 'rb_funcall'
 2602 |         rb_funcallv(recv, mid, \
      |                           ^~~
pg_connection.c:136:30: warning: '(' and '{' tokens introducing statement expression appear in different macro expansion contexts [-Wcompound-token-split-by-macro]
  136 |                         rb_hash_aset(hash, ID2SYM(rb_intern("keyword")), rb_str_new2(options[i].keyword));
      |                                                   ^~~~~~~~~~~~~~~~~~~~
/Users/serenachang/.rbenv/versions/2.6.10/include/ruby-2.6.0/ruby/ruby.h:1826:23: note: expanded from macro 'rb_intern'
 1826 |         __extension__ (RUBY_CONST_ID_CACHE((ID), (str))) : \
      |                       ^
/Users/serenachang/.rbenv/versions/2.6.10/include/ruby-2.6.0/ruby/ruby.h:413:29: note: expanded from macro 'ID2SYM'
  413 | #define ID2SYM(x) RB_ID2SYM(x)
      |                             ^
/Users/serenachang/.rbenv/versions/2.6.10/include/ruby-2.6.0/ruby/ruby.h:408:33: note: expanded from macro 'RB_ID2SYM'
  408 | #define RB_ID2SYM(x) (rb_id2sym(x))
      |                                 ^
pg_connection.c:136:30: note: '{' token is here
  136 |                         rb_hash_aset(hash, ID2SYM(rb_intern("keyword")), rb_str_new2(options[i].keyword));
      |                                                   ^~~~~~~~~~~~~~~~~~~~
/Users/serenachang/.rbenv/versions/2.6.10/include/ruby-2.6.0/ruby/ruby.h:1826:24: note: expanded from macro 'rb_intern'
 1826 |         __extension__ (RUBY_CONST_ID_CACHE((ID), (str))) : \
      |                        ^~~~~~~~~~~~~~~~~~~~~~~~~~~~~~~~
/Users/serenachang/.rbenv/versions/2.6.10/include/ruby-2.6.0/ruby/ruby.h:1811:5: note: expanded from macro 'RUBY_CONST_ID_CACHE'
 1811 |     {                                                   \
      |     ^
/Users/serenachang/.rbenv/versions/2.6.10/include/ruby-2.6.0/ruby/ruby.h:413:29: note: expanded from macro 'ID2SYM'
  413 | #define ID2SYM(x) RB_ID2SYM(x)
      |                             ^
/Users/serenachang/.rbenv/versions/2.6.10/include/ruby-2.6.0/ruby/ruby.h:408:33: note: expanded from macro 'RB_ID2SYM'
  408 | #define RB_ID2SYM(x) (rb_id2sym(x))
      |                                 ^
pg_connection.c:136:30: warning: '}' and ')' tokens terminating statement expression appear in different macro expansion contexts [-Wcompound-token-split-by-macro]
  136 |                         rb_hash_aset(hash, ID2SYM(rb_intern("keyword")), rb_str_new2(options[i].keyword));
      |                                                   ^~~~~~~~~~~~~~~~~~~~
/Users/serenachang/.rbenv/versions/2.6.10/include/ruby-2.6.0/ruby/ruby.h:1826:24: note: expanded from macro 'rb_intern'
 1826 |         __extension__ (RUBY_CONST_ID_CACHE((ID), (str))) : \
      |                        ^~~~~~~~~~~~~~~~~~~~~~~~~~~~~~~~
/Users/serenachang/.rbenv/versions/2.6.10/include/ruby-2.6.0/ruby/ruby.h:1816:5: note: expanded from macro 'RUBY_CONST_ID_CACHE'
 1816 |     }
      |     ^
/Users/serenachang/.rbenv/versions/2.6.10/include/ruby-2.6.0/ruby/ruby.h:413:29: note: expanded from macro 'ID2SYM'
  413 | #define ID2SYM(x) RB_ID2SYM(x)
      |                             ^
/Users/serenachang/.rbenv/versions/2.6.10/include/ruby-2.6.0/ruby/ruby.h:408:33: note: expanded from macro 'RB_ID2SYM'
  408 | #define RB_ID2SYM(x) (rb_id2sym(x))
      |                                 ^
pg_connection.c:136:30: note: ')' token is here
  136 |                         rb_hash_aset(hash, ID2SYM(rb_intern("keyword")), rb_str_new2(options[i].keyword));
      |                                                   ^~~~~~~~~~~~~~~~~~~~
/Users/serenachang/.rbenv/versions/2.6.10/include/ruby-2.6.0/ruby/ruby.h:1826:56: note: expanded from macro 'rb_intern'
 1826 |         __extension__ (RUBY_CONST_ID_CACHE((ID), (str))) : \
      |                                                        ^
/Users/serenachang/.rbenv/versions/2.6.10/include/ruby-2.6.0/ruby/ruby.h:413:29: note: expanded from macro 'ID2SYM'
  413 | #define ID2SYM(x) RB_ID2SYM(x)
      |                             ^
/Users/serenachang/.rbenv/versions/2.6.10/include/ruby-2.6.0/ruby/ruby.h:408:33: note: expanded from macro 'RB_ID2SYM'
  408 | #define RB_ID2SYM(x) (rb_id2sym(x))
      |                                 ^
pg_connection.c:138:30: warning: '(' and '{' tokens introducing statement expression appear in different macro expansion contexts [-Wcompound-token-split-by-macro]
  138 |                         rb_hash_aset(hash, ID2SYM(rb_intern("envvar")), rb_str_new2(options[i].envvar));
      |                                                   ^~~~~~~~~~~~~~~~~~~
/Users/serenachang/.rbenv/versions/2.6.10/include/ruby-2.6.0/ruby/ruby.h:1826:23: note: expanded from macro 'rb_intern'
 1826 |         __extension__ (RUBY_CONST_ID_CACHE((ID), (str))) : \
      |                       ^
/Users/serenachang/.rbenv/versions/2.6.10/include/ruby-2.6.0/ruby/ruby.h:413:29: note: expanded from macro 'ID2SYM'
  413 | #define ID2SYM(x) RB_ID2SYM(x)
      |                             ^
/Users/serenachang/.rbenv/versions/2.6.10/include/ruby-2.6.0/ruby/ruby.h:408:33: note: expanded from macro 'RB_ID2SYM'
  408 | #define RB_ID2SYM(x) (rb_id2sym(x))
      |                                 ^
pg_connection.c:138:30: note: '{' token is here
  138 |                         rb_hash_aset(hash, ID2SYM(rb_intern("envvar")), rb_str_new2(options[i].envvar));
      |                                                   ^~~~~~~~~~~~~~~~~~~
/Users/serenachang/.rbenv/versions/2.6.10/include/ruby-2.6.0/ruby/ruby.h:1826:24: note: expanded from macro 'rb_intern'
 1826 |         __extension__ (RUBY_CONST_ID_CACHE((ID), (str))) : \
      |                        ^~~~~~~~~~~~~~~~~~~~~~~~~~~~~~~~
/Users/serenachang/.rbenv/versions/2.6.10/include/ruby-2.6.0/ruby/ruby.h:1811:5: note: expanded from macro 'RUBY_CONST_ID_CACHE'
 1811 |     {                                                   \
      |     ^
/Users/serenachang/.rbenv/versions/2.6.10/include/ruby-2.6.0/ruby/ruby.h:413:29: note: expanded from macro 'ID2SYM'
  413 | #define ID2SYM(x) RB_ID2SYM(x)
      |                             ^
/Users/serenachang/.rbenv/versions/2.6.10/include/ruby-2.6.0/ruby/ruby.h:408:33: note: expanded from macro 'RB_ID2SYM'
  408 | #define RB_ID2SYM(x) (rb_id2sym(x))
      |                                 ^
pg_connection.c:138:30: warning: '}' and ')' tokens terminating statement expression appear in different macro expansion contexts [-Wcompound-token-split-by-macro]
  138 |                         rb_hash_aset(hash, ID2SYM(rb_intern("envvar")), rb_str_new2(options[i].envvar));
      |                                                   ^~~~~~~~~~~~~~~~~~~
/Users/serenachang/.rbenv/versions/2.6.10/include/ruby-2.6.0/ruby/ruby.h:1826:24: note: expanded from macro 'rb_intern'
 1826 |         __extension__ (RUBY_CONST_ID_CACHE((ID), (str))) : \
      |                        ^~~~~~~~~~~~~~~~~~~~~~~~~~~~~~~~
/Users/serenachang/.rbenv/versions/2.6.10/include/ruby-2.6.0/ruby/ruby.h:1816:5: note: expanded from macro 'RUBY_CONST_ID_CACHE'
 1816 |     }
      |     ^
/Users/serenachang/.rbenv/versions/2.6.10/include/ruby-2.6.0/ruby/ruby.h:413:29: note: expanded from macro 'ID2SYM'
  413 | #define ID2SYM(x) RB_ID2SYM(x)
      |                             ^
/Users/serenachang/.rbenv/versions/2.6.10/include/ruby-2.6.0/ruby/ruby.h:408:33: note: expanded from macro 'RB_ID2SYM'
  408 | #define RB_ID2SYM(x) (rb_id2sym(x))
      |                                 ^
pg_connection.c:138:30: note: ')' token is here
  138 |                         rb_hash_aset(hash, ID2SYM(rb_intern("envvar")), rb_str_new2(options[i].envvar));
      |                                                   ^~~~~~~~~~~~~~~~~~~
/Users/serenachang/.rbenv/versions/2.6.10/include/ruby-2.6.0/ruby/ruby.h:1826:56: note: expanded from macro 'rb_intern'
 1826 |         __extension__ (RUBY_CONST_ID_CACHE((ID), (str))) : \
      |                                                        ^
/Users/serenachang/.rbenv/versions/2.6.10/include/ruby-2.6.0/ruby/ruby.h:413:29: note: expanded from macro 'ID2SYM'
  413 | #define ID2SYM(x) RB_ID2SYM(x)
      |                             ^
/Users/serenachang/.rbenv/versions/2.6.10/include/ruby-2.6.0/ruby/ruby.h:408:33: note: expanded from macro 'RB_ID2SYM'
  408 | #define RB_ID2SYM(x) (rb_id2sym(x))
      |                                 ^
pg_connection.c:140:30: warning: '(' and '{' tokens introducing statement expression appear in different macro expansion contexts [-Wcompound-token-split-by-macro]
  140 |                         rb_hash_aset(hash, ID2SYM(rb_intern("compiled")), rb_str_new2(options[i].compiled));
      |                                                   ^~~~~~~~~~~~~~~~~~~~~
/Users/serenachang/.rbenv/versions/2.6.10/include/ruby-2.6.0/ruby/ruby.h:1826:23: note: expanded from macro 'rb_intern'
 1826 |         __extension__ (RUBY_CONST_ID_CACHE((ID), (str))) : \
      |                       ^
/Users/serenachang/.rbenv/versions/2.6.10/include/ruby-2.6.0/ruby/ruby.h:413:29: note: expanded from macro 'ID2SYM'
  413 | #define ID2SYM(x) RB_ID2SYM(x)
      |                             ^
/Users/serenachang/.rbenv/versions/2.6.10/include/ruby-2.6.0/ruby/ruby.h:408:33: note: expanded from macro 'RB_ID2SYM'
  408 | #define RB_ID2SYM(x) (rb_id2sym(x))
      |                                 ^
pg_connection.c:140:30: note: '{' token is here
  140 |                         rb_hash_aset(hash, ID2SYM(rb_intern("compiled")), rb_str_new2(options[i].compiled));
      |                                                   ^~~~~~~~~~~~~~~~~~~~~
/Users/serenachang/.rbenv/versions/2.6.10/include/ruby-2.6.0/ruby/ruby.h:1826:24: note: expanded from macro 'rb_intern'
 1826 |         __extension__ (RUBY_CONST_ID_CACHE((ID), (str))) : \
      |                        ^~~~~~~~~~~~~~~~~~~~~~~~~~~~~~~~
/Users/serenachang/.rbenv/versions/2.6.10/include/ruby-2.6.0/ruby/ruby.h:1811:5: note: expanded from macro 'RUBY_CONST_ID_CACHE'
 1811 |     {                                                   \
      |     ^
/Users/serenachang/.rbenv/versions/2.6.10/include/ruby-2.6.0/ruby/ruby.h:413:29: note: expanded from macro 'ID2SYM'
  413 | #define ID2SYM(x) RB_ID2SYM(x)
      |                             ^
/Users/serenachang/.rbenv/versions/2.6.10/include/ruby-2.6.0/ruby/ruby.h:408:33: note: expanded from macro 'RB_ID2SYM'
  408 | #define RB_ID2SYM(x) (rb_id2sym(x))
      |                                 ^
pg_connection.c:140:30: warning: '}' and ')' tokens terminating statement expression appear in different macro expansion contexts [-Wcompound-token-split-by-macro]
  140 |                         rb_hash_aset(hash, ID2SYM(rb_intern("compiled")), rb_str_new2(options[i].compiled));
      |                                                   ^~~~~~~~~~~~~~~~~~~~~
/Users/serenachang/.rbenv/versions/2.6.10/include/ruby-2.6.0/ruby/ruby.h:1826:24: note: expanded from macro 'rb_intern'
 1826 |         __extension__ (RUBY_CONST_ID_CACHE((ID), (str))) : \
      |                        ^~~~~~~~~~~~~~~~~~~~~~~~~~~~~~~~
/Users/serenachang/.rbenv/versions/2.6.10/include/ruby-2.6.0/ruby/ruby.h:1816:5: note: expanded from macro 'RUBY_CONST_ID_CACHE'
 1816 |     }
      |     ^
/Users/serenachang/.rbenv/versions/2.6.10/include/ruby-2.6.0/ruby/ruby.h:413:29: note: expanded from macro 'ID2SYM'
  413 | #define ID2SYM(x) RB_ID2SYM(x)
      |                             ^
/Users/serenachang/.rbenv/versions/2.6.10/include/ruby-2.6.0/ruby/ruby.h:408:33: note: expanded from macro 'RB_ID2SYM'
  408 | #define RB_ID2SYM(x) (rb_id2sym(x))
      |                                 ^
pg_connection.c:140:30: note: ')' token is here
  140 |                         rb_hash_aset(hash, ID2SYM(rb_intern("compiled")), rb_str_new2(options[i].compiled));
      |                                                   ^~~~~~~~~~~~~~~~~~~~~
/Users/serenachang/.rbenv/versions/2.6.10/include/ruby-2.6.0/ruby/ruby.h:1826:56: note: expanded from macro 'rb_intern'
 1826 |         __extension__ (RUBY_CONST_ID_CACHE((ID), (str))) : \
      |                                                        ^
/Users/serenachang/.rbenv/versions/2.6.10/include/ruby-2.6.0/ruby/ruby.h:413:29: note: expanded from macro 'ID2SYM'
  413 | #define ID2SYM(x) RB_ID2SYM(x)
      |                             ^
/Users/serenachang/.rbenv/versions/2.6.10/include/ruby-2.6.0/ruby/ruby.h:408:33: note: expanded from macro 'RB_ID2SYM'
  408 | #define RB_ID2SYM(x) (rb_id2sym(x))
      |                                 ^
pg_connection.c:142:30: warning: '(' and '{' tokens introducing statement expression appear in different macro expansion contexts [-Wcompound-token-split-by-macro]
  142 |                         rb_hash_aset(hash, ID2SYM(rb_intern("val")), rb_str_new2(options[i].val));
      |                                                   ^~~~~~~~~~~~~~~~
/Users/serenachang/.rbenv/versions/2.6.10/include/ruby-2.6.0/ruby/ruby.h:1826:23: note: expanded from macro 'rb_intern'
 1826 |         __extension__ (RUBY_CONST_ID_CACHE((ID), (str))) : \
      |                       ^
/Users/serenachang/.rbenv/versions/2.6.10/include/ruby-2.6.0/ruby/ruby.h:413:29: note: expanded from macro 'ID2SYM'
  413 | #define ID2SYM(x) RB_ID2SYM(x)
      |                             ^
/Users/serenachang/.rbenv/versions/2.6.10/include/ruby-2.6.0/ruby/ruby.h:408:33: note: expanded from macro 'RB_ID2SYM'
  408 | #define RB_ID2SYM(x) (rb_id2sym(x))
      |                                 ^
pg_connection.c:142:30: note: '{' token is here
  142 |                         rb_hash_aset(hash, ID2SYM(rb_intern("val")), rb_str_new2(options[i].val));
      |                                                   ^~~~~~~~~~~~~~~~
/Users/serenachang/.rbenv/versions/2.6.10/include/ruby-2.6.0/ruby/ruby.h:1826:24: note: expanded from macro 'rb_intern'
 1826 |         __extension__ (RUBY_CONST_ID_CACHE((ID), (str))) : \
      |                        ^~~~~~~~~~~~~~~~~~~~~~~~~~~~~~~~
/Users/serenachang/.rbenv/versions/2.6.10/include/ruby-2.6.0/ruby/ruby.h:1811:5: note: expanded from macro 'RUBY_CONST_ID_CACHE'
 1811 |     {                                                   \
      |     ^
/Users/serenachang/.rbenv/versions/2.6.10/include/ruby-2.6.0/ruby/ruby.h:413:29: note: expanded from macro 'ID2SYM'
  413 | #define ID2SYM(x) RB_ID2SYM(x)
      |                             ^
/Users/serenachang/.rbenv/versions/2.6.10/include/ruby-2.6.0/ruby/ruby.h:408:33: note: expanded from macro 'RB_ID2SYM'
  408 | #define RB_ID2SYM(x) (rb_id2sym(x))
      |                                 ^
pg_connection.c:142:30: warning: '}' and ')' tokens terminating statement expression appear in different macro expansion contexts [-Wcompound-token-split-by-macro]
  142 |                         rb_hash_aset(hash, ID2SYM(rb_intern("val")), rb_str_new2(options[i].val));
      |                                                   ^~~~~~~~~~~~~~~~
/Users/serenachang/.rbenv/versions/2.6.10/include/ruby-2.6.0/ruby/ruby.h:1826:24: note: expanded from macro 'rb_intern'
 1826 |         __extension__ (RUBY_CONST_ID_CACHE((ID), (str))) : \
      |                        ^~~~~~~~~~~~~~~~~~~~~~~~~~~~~~~~
/Users/serenachang/.rbenv/versions/2.6.10/include/ruby-2.6.0/ruby/ruby.h:1816:5: note: expanded from macro 'RUBY_CONST_ID_CACHE'
 1816 |     }
      |     ^
/Users/serenachang/.rbenv/versions/2.6.10/include/ruby-2.6.0/ruby/ruby.h:413:29: note: expanded from macro 'ID2SYM'
  413 | #define ID2SYM(x) RB_ID2SYM(x)
      |                             ^
/Users/serenachang/.rbenv/versions/2.6.10/include/ruby-2.6.0/ruby/ruby.h:408:33: note: expanded from macro 'RB_ID2SYM'
  408 | #define RB_ID2SYM(x) (rb_id2sym(x))
      |                                 ^
pg_connection.c:142:30: note: ')' token is here
  142 |                         rb_hash_aset(hash, ID2SYM(rb_intern("val")), rb_str_new2(options[i].val));
      |                                                   ^~~~~~~~~~~~~~~~
/Users/serenachang/.rbenv/versions/2.6.10/include/ruby-2.6.0/ruby/ruby.h:1826:56: note: expanded from macro 'rb_intern'
 1826 |         __extension__ (RUBY_CONST_ID_CACHE((ID), (str))) : \
      |                                                        ^
/Users/serenachang/.rbenv/versions/2.6.10/include/ruby-2.6.0/ruby/ruby.h:413:29: note: expanded from macro 'ID2SYM'
  413 | #define ID2SYM(x) RB_ID2SYM(x)
      |                             ^
/Users/serenachang/.rbenv/versions/2.6.10/include/ruby-2.6.0/ruby/ruby.h:408:33: note: expanded from macro 'RB_ID2SYM'
  408 | #define RB_ID2SYM(x) (rb_id2sym(x))
      |                                 ^
pg_connection.c:144:30: warning: '(' and '{' tokens introducing statement expression appear in different macro expansion contexts [-Wcompound-token-split-by-macro]
  144 |                         rb_hash_aset(hash, ID2SYM(rb_intern("label")), rb_str_new2(options[i].label));
      |                                                   ^~~~~~~~~~~~~~~~~~
/Users/serenachang/.rbenv/versions/2.6.10/include/ruby-2.6.0/ruby/ruby.h:1826:23: note: expanded from macro 'rb_intern'
 1826 |         __extension__ (RUBY_CONST_ID_CACHE((ID), (str))) : \
      |                       ^
/Users/serenachang/.rbenv/versions/2.6.10/include/ruby-2.6.0/ruby/ruby.h:413:29: note: expanded from macro 'ID2SYM'
  413 | #define ID2SYM(x) RB_ID2SYM(x)
      |                             ^
/Users/serenachang/.rbenv/versions/2.6.10/include/ruby-2.6.0/ruby/ruby.h:408:33: note: expanded from macro 'RB_ID2SYM'
  408 | #define RB_ID2SYM(x) (rb_id2sym(x))
      |                                 ^
pg_connection.c:144:30: note: '{' token is here
  144 |                         rb_hash_aset(hash, ID2SYM(rb_intern("label")), rb_str_new2(options[i].label));
      |                                                   ^~~~~~~~~~~~~~~~~~
/Users/serenachang/.rbenv/versions/2.6.10/include/ruby-2.6.0/ruby/ruby.h:1826:24: note: expanded from macro 'rb_intern'
 1826 |         __extension__ (RUBY_CONST_ID_CACHE((ID), (str))) : \
      |                        ^~~~~~~~~~~~~~~~~~~~~~~~~~~~~~~~
/Users/serenachang/.rbenv/versions/2.6.10/include/ruby-2.6.0/ruby/ruby.h:1811:5: note: expanded from macro 'RUBY_CONST_ID_CACHE'
 1811 |     {                                                   \
      |     ^
/Users/serenachang/.rbenv/versions/2.6.10/include/ruby-2.6.0/ruby/ruby.h:413:29: note: expanded from macro 'ID2SYM'
  413 | #define ID2SYM(x) RB_ID2SYM(x)
      |                             ^
/Users/serenachang/.rbenv/versions/2.6.10/include/ruby-2.6.0/ruby/ruby.h:408:33: note: expanded from macro 'RB_ID2SYM'
  408 | #define RB_ID2SYM(x) (rb_id2sym(x))
      |                                 ^
pg_connection.c:144:30: warning: '}' and ')' tokens terminating statement expression appear in different macro expansion contexts [-Wcompound-token-split-by-macro]
  144 |                         rb_hash_aset(hash, ID2SYM(rb_intern("label")), rb_str_new2(options[i].label));
      |                                                   ^~~~~~~~~~~~~~~~~~
/Users/serenachang/.rbenv/versions/2.6.10/include/ruby-2.6.0/ruby/ruby.h:1826:24: note: expanded from macro 'rb_intern'
 1826 |         __extension__ (RUBY_CONST_ID_CACHE((ID), (str))) : \
      |                        ^~~~~~~~~~~~~~~~~~~~~~~~~~~~~~~~
/Users/serenachang/.rbenv/versions/2.6.10/include/ruby-2.6.0/ruby/ruby.h:1816:5: note: expanded from macro 'RUBY_CONST_ID_CACHE'
 1816 |     }
      |     ^
/Users/serenachang/.rbenv/versions/2.6.10/include/ruby-2.6.0/ruby/ruby.h:413:29: note: expanded from macro 'ID2SYM'
  413 | #define ID2SYM(x) RB_ID2SYM(x)
      |                             ^
/Users/serenachang/.rbenv/versions/2.6.10/include/ruby-2.6.0/ruby/ruby.h:408:33: note: expanded from macro 'RB_ID2SYM'
  408 | #define RB_ID2SYM(x) (rb_id2sym(x))
      |                                 ^
pg_connection.c:144:30: note: ')' token is here
  144 |                         rb_hash_aset(hash, ID2SYM(rb_intern("label")), rb_str_new2(options[i].label));
      |                                                   ^~~~~~~~~~~~~~~~~~
/Users/serenachang/.rbenv/versions/2.6.10/include/ruby-2.6.0/ruby/ruby.h:1826:56: note: expanded from macro 'rb_intern'
 1826 |         __extension__ (RUBY_CONST_ID_CACHE((ID), (str))) : \
      |                                                        ^
/Users/serenachang/.rbenv/versions/2.6.10/include/ruby-2.6.0/ruby/ruby.h:413:29: note: expanded from macro 'ID2SYM'
  413 | #define ID2SYM(x) RB_ID2SYM(x)
      |                             ^
/Users/serenachang/.rbenv/versions/2.6.10/include/ruby-2.6.0/ruby/ruby.h:408:33: note: expanded from macro 'RB_ID2SYM'
  408 | #define RB_ID2SYM(x) (rb_id2sym(x))
      |                                 ^
pg_connection.c:146:30: warning: '(' and '{' tokens introducing statement expression appear in different macro expansion contexts [-Wcompound-token-split-by-macro]
  146 |                         rb_hash_aset(hash, ID2SYM(rb_intern("dispchar")), rb_str_new2(options[i].dispchar));
      |                                                   ^~~~~~~~~~~~~~~~~~~~~
/Users/serenachang/.rbenv/versions/2.6.10/include/ruby-2.6.0/ruby/ruby.h:1826:23: note: expanded from macro 'rb_intern'
 1826 |         __extension__ (RUBY_CONST_ID_CACHE((ID), (str))) : \
      |                       ^
/Users/serenachang/.rbenv/versions/2.6.10/include/ruby-2.6.0/ruby/ruby.h:413:29: note: expanded from macro 'ID2SYM'
  413 | #define ID2SYM(x) RB_ID2SYM(x)
      |                             ^
/Users/serenachang/.rbenv/versions/2.6.10/include/ruby-2.6.0/ruby/ruby.h:408:33: note: expanded from macro 'RB_ID2SYM'
  408 | #define RB_ID2SYM(x) (rb_id2sym(x))
      |                                 ^
pg_connection.c:146:30: note: '{' token is here
  146 |                         rb_hash_aset(hash, ID2SYM(rb_intern("dispchar")), rb_str_new2(options[i].dispchar));
      |                                                   ^~~~~~~~~~~~~~~~~~~~~
/Users/serenachang/.rbenv/versions/2.6.10/include/ruby-2.6.0/ruby/ruby.h:1826:24: note: expanded from macro 'rb_intern'
 1826 |         __extension__ (RUBY_CONST_ID_CACHE((ID), (str))) : \
      |                        ^~~~~~~~~~~~~~~~~~~~~~~~~~~~~~~~
/Users/serenachang/.rbenv/versions/2.6.10/include/ruby-2.6.0/ruby/ruby.h:1811:5: note: expanded from macro 'RUBY_CONST_ID_CACHE'
 1811 |     {                                                   \
      |     ^
/Users/serenachang/.rbenv/versions/2.6.10/include/ruby-2.6.0/ruby/ruby.h:413:29: note: expanded from macro 'ID2SYM'
  413 | #define ID2SYM(x) RB_ID2SYM(x)
      |                             ^
/Users/serenachang/.rbenv/versions/2.6.10/include/ruby-2.6.0/ruby/ruby.h:408:33: note: expanded from macro 'RB_ID2SYM'
  408 | #define RB_ID2SYM(x) (rb_id2sym(x))
      |                                 ^
pg_connection.c:146:30: warning: '}' and ')' tokens terminating statement expression appear in different macro expansion contexts [-Wcompound-token-split-by-macro]
  146 |                         rb_hash_aset(hash, ID2SYM(rb_intern("dispchar")), rb_str_new2(options[i].dispchar));
      |                                                   ^~~~~~~~~~~~~~~~~~~~~
/Users/serenachang/.rbenv/versions/2.6.10/include/ruby-2.6.0/ruby/ruby.h:1826:24: note: expanded from macro 'rb_intern'
 1826 |         __extension__ (RUBY_CONST_ID_CACHE((ID), (str))) : \
      |                        ^~~~~~~~~~~~~~~~~~~~~~~~~~~~~~~~
/Users/serenachang/.rbenv/versions/2.6.10/include/ruby-2.6.0/ruby/ruby.h:1816:5: note: expanded from macro 'RUBY_CONST_ID_CACHE'
 1816 |     }
      |     ^
/Users/serenachang/.rbenv/versions/2.6.10/include/ruby-2.6.0/ruby/ruby.h:413:29: note: expanded from macro 'ID2SYM'
  413 | #define ID2SYM(x) RB_ID2SYM(x)
      |                             ^
/Users/serenachang/.rbenv/versions/2.6.10/include/ruby-2.6.0/ruby/ruby.h:408:33: note: expanded from macro 'RB_ID2SYM'
  408 | #define RB_ID2SYM(x) (rb_id2sym(x))
      |                                 ^
pg_connection.c:146:30: note: ')' token is here
  146 |                         rb_hash_aset(hash, ID2SYM(rb_intern("dispchar")), rb_str_new2(options[i].dispchar));
      |                                                   ^~~~~~~~~~~~~~~~~~~~~
/Users/serenachang/.rbenv/versions/2.6.10/include/ruby-2.6.0/ruby/ruby.h:1826:56: note: expanded from macro 'rb_intern'
 1826 |         __extension__ (RUBY_CONST_ID_CACHE((ID), (str))) : \
      |                                                        ^
/Users/serenachang/.rbenv/versions/2.6.10/include/ruby-2.6.0/ruby/ruby.h:413:29: note: expanded from macro 'ID2SYM'
  413 | #define ID2SYM(x) RB_ID2SYM(x)
      |                             ^
/Users/serenachang/.rbenv/versions/2.6.10/include/ruby-2.6.0/ruby/ruby.h:408:33: note: expanded from macro 'RB_ID2SYM'
  408 | #define RB_ID2SYM(x) (rb_id2sym(x))
      |                                 ^
pg_connection.c:147:29: warning: '(' and '{' tokens introducing statement expression appear in different macro expansion contexts [-Wcompound-token-split-by-macro]
  147 |                 rb_hash_aset(hash, ID2SYM(rb_intern("dispsize")), INT2NUM(options[i].dispsize));
      |                                           ^~~~~~~~~~~~~~~~~~~~~
/Users/serenachang/.rbenv/versions/2.6.10/include/ruby-2.6.0/ruby/ruby.h:1826:23: note: expanded from macro 'rb_intern'
 1826 |         __extension__ (RUBY_CONST_ID_CACHE((ID), (str))) : \
      |                       ^
/Users/serenachang/.rbenv/versions/2.6.10/include/ruby-2.6.0/ruby/ruby.h:413:29: note: expanded from macro 'ID2SYM'
  413 | #define ID2SYM(x) RB_ID2SYM(x)
      |                             ^
/Users/serenachang/.rbenv/versions/2.6.10/include/ruby-2.6.0/ruby/ruby.h:408:33: note: expanded from macro 'RB_ID2SYM'
  408 | #define RB_ID2SYM(x) (rb_id2sym(x))
      |                                 ^
pg_connection.c:147:29: note: '{' token is here
  147 |                 rb_hash_aset(hash, ID2SYM(rb_intern("dispsize")), INT2NUM(options[i].dispsize));
      |                                           ^~~~~~~~~~~~~~~~~~~~~
/Users/serenachang/.rbenv/versions/2.6.10/include/ruby-2.6.0/ruby/ruby.h:1826:24: note: expanded from macro 'rb_intern'
 1826 |         __extension__ (RUBY_CONST_ID_CACHE((ID), (str))) : \
      |                        ^~~~~~~~~~~~~~~~~~~~~~~~~~~~~~~~
/Users/serenachang/.rbenv/versions/2.6.10/include/ruby-2.6.0/ruby/ruby.h:1811:5: note: expanded from macro 'RUBY_CONST_ID_CACHE'
 1811 |     {                                                   \
      |     ^
/Users/serenachang/.rbenv/versions/2.6.10/include/ruby-2.6.0/ruby/ruby.h:413:29: note: expanded from macro 'ID2SYM'
  413 | #define ID2SYM(x) RB_ID2SYM(x)
      |                             ^
/Users/serenachang/.rbenv/versions/2.6.10/include/ruby-2.6.0/ruby/ruby.h:408:33: note: expanded from macro 'RB_ID2SYM'
  408 | #define RB_ID2SYM(x) (rb_id2sym(x))
      |                                 ^
pg_connection.c:147:29: warning: '}' and ')' tokens terminating statement expression appear in different macro expansion contexts [-Wcompound-token-split-by-macro]
  147 |                 rb_hash_aset(hash, ID2SYM(rb_intern("dispsize")), INT2NUM(options[i].dispsize));
      |                                           ^~~~~~~~~~~~~~~~~~~~~
/Users/serenachang/.rbenv/versions/2.6.10/include/ruby-2.6.0/ruby/ruby.h:1826:24: note: expanded from macro 'rb_intern'
 1826 |         __extension__ (RUBY_CONST_ID_CACHE((ID), (str))) : \
      |                        ^~~~~~~~~~~~~~~~~~~~~~~~~~~~~~~~
/Users/serenachang/.rbenv/versions/2.6.10/include/ruby-2.6.0/ruby/ruby.h:1816:5: note: expanded from macro 'RUBY_CONST_ID_CACHE'
 1816 |     }
      |     ^
/Users/serenachang/.rbenv/versions/2.6.10/include/ruby-2.6.0/ruby/ruby.h:413:29: note: expanded from macro 'ID2SYM'
  413 | #define ID2SYM(x) RB_ID2SYM(x)
      |                             ^
/Users/serenachang/.rbenv/versions/2.6.10/include/ruby-2.6.0/ruby/ruby.h:408:33: note: expanded from macro 'RB_ID2SYM'
  408 | #define RB_ID2SYM(x) (rb_id2sym(x))
      |                                 ^
pg_connection.c:147:29: note: ')' token is here
  147 |                 rb_hash_aset(hash, ID2SYM(rb_intern("dispsize")), INT2NUM(options[i].dispsize));
      |                                           ^~~~~~~~~~~~~~~~~~~~~
/Users/serenachang/.rbenv/versions/2.6.10/include/ruby-2.6.0/ruby/ruby.h:1826:56: note: expanded from macro 'rb_intern'
 1826 |         __extension__ (RUBY_CONST_ID_CACHE((ID), (str))) : \
      |                                                        ^
/Users/serenachang/.rbenv/versions/2.6.10/include/ruby-2.6.0/ruby/ruby.h:413:29: note: expanded from macro 'ID2SYM'
  413 | #define ID2SYM(x) RB_ID2SYM(x)
      |                             ^
/Users/serenachang/.rbenv/versions/2.6.10/include/ruby-2.6.0/ruby/ruby.h:408:33: note: expanded from macro 'RB_ID2SYM'
  408 | #define RB_ID2SYM(x) (rb_id2sym(x))
      |                                 ^
pg_connection.c:266:20: warning: '(' and '{' tokens introducing statement expression appear in different macro expansion contexts [-Wcompound-token-split-by-macro]
  266 |         rb_ivar_set(self, rb_intern("@calls_to_put_copy_data"), INT2FIX(0));
      |                           ^~~~~~~~~~~~~~~~~~~~~~~~~~~~~~~~~~~~
/Users/serenachang/.rbenv/versions/2.6.10/include/ruby-2.6.0/ruby/ruby.h:1826:23: note: expanded from macro 'rb_intern'
 1826 |         __extension__ (RUBY_CONST_ID_CACHE((ID), (str))) : \
      |                       ^
pg_connection.c:266:20: note: '{' token is here
  266 |         rb_ivar_set(self, rb_intern("@calls_to_put_copy_data"), INT2FIX(0));
      |                           ^~~~~~~~~~~~~~~~~~~~~~~~~~~~~~~~~~~~
/Users/serenachang/.rbenv/versions/2.6.10/include/ruby-2.6.0/ruby/ruby.h:1826:24: note: expanded from macro 'rb_intern'
 1826 |         __extension__ (RUBY_CONST_ID_CACHE((ID), (str))) : \
      |                        ^~~~~~~~~~~~~~~~~~~~~~~~~~~~~~~~
/Users/serenachang/.rbenv/versions/2.6.10/include/ruby-2.6.0/ruby/ruby.h:1811:5: note: expanded from macro 'RUBY_CONST_ID_CACHE'
 1811 |     {                                                   \
      |     ^
pg_connection.c:266:20: warning: '}' and ')' tokens terminating statement expression appear in different macro expansion contexts [-Wcompound-token-split-by-macro]
  266 |         rb_ivar_set(self, rb_intern("@calls_to_put_copy_data"), INT2FIX(0));
      |                           ^~~~~~~~~~~~~~~~~~~~~~~~~~~~~~~~~~~~
/Users/serenachang/.rbenv/versions/2.6.10/include/ruby-2.6.0/ruby/ruby.h:1826:24: note: expanded from macro 'rb_intern'
 1826 |         __extension__ (RUBY_CONST_ID_CACHE((ID), (str))) : \
      |                        ^~~~~~~~~~~~~~~~~~~~~~~~~~~~~~~~
/Users/serenachang/.rbenv/versions/2.6.10/include/ruby-2.6.0/ruby/ruby.h:1816:5: note: expanded from macro 'RUBY_CONST_ID_CACHE'
 1816 |     }
      |     ^
pg_connection.c:266:20: note: ')' token is here
  266 |         rb_ivar_set(self, rb_intern("@calls_to_put_copy_data"), INT2FIX(0));
      |                           ^~~~~~~~~~~~~~~~~~~~~~~~~~~~~~~~~~~~
/Users/serenachang/.rbenv/versions/2.6.10/include/ruby-2.6.0/ruby/ruby.h:1826:56: note: expanded from macro 'rb_intern'
 1826 |         __extension__ (RUBY_CONST_ID_CACHE((ID), (str))) : \
      |                                                        ^
pg_connection.c:267:20: warning: '(' and '{' tokens introducing statement expression appear in different macro expansion contexts [-Wcompound-token-split-by-macro]
  267 |         rb_ivar_set(self, rb_intern("@iopts_for_reset"), Qnil);
      |                           ^~~~~~~~~~~~~~~~~~~~~~~~~~~~~
/Users/serenachang/.rbenv/versions/2.6.10/include/ruby-2.6.0/ruby/ruby.h:1826:23: note: expanded from macro 'rb_intern'
 1826 |         __extension__ (RUBY_CONST_ID_CACHE((ID), (str))) : \
      |                       ^
pg_connection.c:267:20: note: '{' token is here
  267 |         rb_ivar_set(self, rb_intern("@iopts_for_reset"), Qnil);
      |                           ^~~~~~~~~~~~~~~~~~~~~~~~~~~~~
/Users/serenachang/.rbenv/versions/2.6.10/include/ruby-2.6.0/ruby/ruby.h:1826:24: note: expanded from macro 'rb_intern'
 1826 |         __extension__ (RUBY_CONST_ID_CACHE((ID), (str))) : \
      |                        ^~~~~~~~~~~~~~~~~~~~~~~~~~~~~~~~
/Users/serenachang/.rbenv/versions/2.6.10/include/ruby-2.6.0/ruby/ruby.h:1811:5: note: expanded from macro 'RUBY_CONST_ID_CACHE'
 1811 |     {                                                   \
      |     ^
pg_connection.c:267:20: warning: '}' and ')' tokens terminating statement expression appear in different macro expansion contexts [-Wcompound-token-split-by-macro]
  267 |         rb_ivar_set(self, rb_intern("@iopts_for_reset"), Qnil);
      |                           ^~~~~~~~~~~~~~~~~~~~~~~~~~~~~
/Users/serenachang/.rbenv/versions/2.6.10/include/ruby-2.6.0/ruby/ruby.h:1826:24: note: expanded from macro 'rb_intern'
 1826 |         __extension__ (RUBY_CONST_ID_CACHE((ID), (str))) : \
      |                        ^~~~~~~~~~~~~~~~~~~~~~~~~~~~~~~~
/Users/serenachang/.rbenv/versions/2.6.10/include/ruby-2.6.0/ruby/ruby.h:1816:5: note: expanded from macro 'RUBY_CONST_ID_CACHE'
 1816 |     }
      |     ^
pg_connection.c:267:20: note: ')' token is here
  267 |         rb_ivar_set(self, rb_intern("@iopts_for_reset"), Qnil);
      |                           ^~~~~~~~~~~~~~~~~~~~~~~~~~~~~
/Users/serenachang/.rbenv/versions/2.6.10/include/ruby-2.6.0/ruby/ruby.h:1826:56: note: expanded from macro 'rb_intern'
 1826 |         __extension__ (RUBY_CONST_ID_CACHE((ID), (str))) : \
      |                                                        ^
pg_connection.c:280:38: warning: '(' and '{' tokens introducing statement expression appear in different macro expansion contexts [-Wcompound-token-split-by-macro]
  280 |         conninfo = rb_funcall2( rb_cPGconn, rb_intern("parse_connect_args"), argc, argv );
      |                                             ^~~~~~~~~~~~~~~~~~~~~~~~~~~~~~~
/Users/serenachang/.rbenv/versions/2.6.10/include/ruby-2.6.0/ruby/ruby.h:1826:23: note: expanded from macro 'rb_intern'
 1826 |         __extension__ (RUBY_CONST_ID_CACHE((ID), (str))) : \
      |                       ^
pg_connection.c:280:38: note: '{' token is here
  280 |         conninfo = rb_funcall2( rb_cPGconn, rb_intern("parse_connect_args"), argc, argv );
      |                                             ^~~~~~~~~~~~~~~~~~~~~~~~~~~~~~~
/Users/serenachang/.rbenv/versions/2.6.10/include/ruby-2.6.0/ruby/ruby.h:1826:24: note: expanded from macro 'rb_intern'
 1826 |         __extension__ (RUBY_CONST_ID_CACHE((ID), (str))) : \
      |                        ^~~~~~~~~~~~~~~~~~~~~~~~~~~~~~~~
/Users/serenachang/.rbenv/versions/2.6.10/include/ruby-2.6.0/ruby/ruby.h:1811:5: note: expanded from macro 'RUBY_CONST_ID_CACHE'
 1811 |     {                                                   \
      |     ^
pg_connection.c:280:38: warning: '}' and ')' tokens terminating statement expression appear in different macro expansion contexts [-Wcompound-token-split-by-macro]
  280 |         conninfo = rb_funcall2( rb_cPGconn, rb_intern("parse_connect_args"), argc, argv );
      |                                             ^~~~~~~~~~~~~~~~~~~~~~~~~~~~~~~
/Users/serenachang/.rbenv/versions/2.6.10/include/ruby-2.6.0/ruby/ruby.h:1826:24: note: expanded from macro 'rb_intern'
 1826 |         __extension__ (RUBY_CONST_ID_CACHE((ID), (str))) : \
      |                        ^~~~~~~~~~~~~~~~~~~~~~~~~~~~~~~~
/Users/serenachang/.rbenv/versions/2.6.10/include/ruby-2.6.0/ruby/ruby.h:1816:5: note: expanded from macro 'RUBY_CONST_ID_CACHE'
 1816 |     }
      |     ^
pg_connection.c:280:38: note: ')' token is here
  280 |         conninfo = rb_funcall2( rb_cPGconn, rb_intern("parse_connect_args"), argc, argv );
      |                                             ^~~~~~~~~~~~~~~~~~~~~~~~~~~~~~~
/Users/serenachang/.rbenv/versions/2.6.10/include/ruby-2.6.0/ruby/ruby.h:1826:56: note: expanded from macro 'rb_intern'
 1826 |         __extension__ (RUBY_CONST_ID_CACHE((ID), (str))) : \
      |                                                        ^
pg_connection.c:328:33: warning: '(' and '{' tokens introducing statement expression appear in different macro expansion contexts [-Wcompound-token-split-by-macro]
  328 |         conninfo = rb_funcall2( klass, rb_intern("parse_connect_args"), argc, argv );
      |                                        ^~~~~~~~~~~~~~~~~~~~~~~~~~~~~~~
/Users/serenachang/.rbenv/versions/2.6.10/include/ruby-2.6.0/ruby/ruby.h:1826:23: note: expanded from macro 'rb_intern'
 1826 |         __extension__ (RUBY_CONST_ID_CACHE((ID), (str))) : \
      |                       ^
pg_connection.c:328:33: note: '{' token is here
  328 |         conninfo = rb_funcall2( klass, rb_intern("parse_connect_args"), argc, argv );
      |                                        ^~~~~~~~~~~~~~~~~~~~~~~~~~~~~~~
/Users/serenachang/.rbenv/versions/2.6.10/include/ruby-2.6.0/ruby/ruby.h:1826:24: note: expanded from macro 'rb_intern'
 1826 |         __extension__ (RUBY_CONST_ID_CACHE((ID), (str))) : \
      |                        ^~~~~~~~~~~~~~~~~~~~~~~~~~~~~~~~
/Users/serenachang/.rbenv/versions/2.6.10/include/ruby-2.6.0/ruby/ruby.h:1811:5: note: expanded from macro 'RUBY_CONST_ID_CACHE'
 1811 |     {                                                   \
      |     ^
pg_connection.c:328:33: warning: '}' and ')' tokens terminating statement expression appear in different macro expansion contexts [-Wcompound-token-split-by-macro]
  328 |         conninfo = rb_funcall2( klass, rb_intern("parse_connect_args"), argc, argv );
      |                                        ^~~~~~~~~~~~~~~~~~~~~~~~~~~~~~~
/Users/serenachang/.rbenv/versions/2.6.10/include/ruby-2.6.0/ruby/ruby.h:1826:24: note: expanded from macro 'rb_intern'
 1826 |         __extension__ (RUBY_CONST_ID_CACHE((ID), (str))) : \
      |                        ^~~~~~~~~~~~~~~~~~~~~~~~~~~~~~~~
/Users/serenachang/.rbenv/versions/2.6.10/include/ruby-2.6.0/ruby/ruby.h:1816:5: note: expanded from macro 'RUBY_CONST_ID_CACHE'
 1816 |     }
      |     ^
pg_connection.c:328:33: note: ')' token is here
  328 |         conninfo = rb_funcall2( klass, rb_intern("parse_connect_args"), argc, argv );
      |                                        ^~~~~~~~~~~~~~~~~~~~~~~~~~~~~~~
/Users/serenachang/.rbenv/versions/2.6.10/include/ruby-2.6.0/ruby/ruby.h:1826:56: note: expanded from macro 'rb_intern'
 1826 |         __extension__ (RUBY_CONST_ID_CACHE((ID), (str))) : \
      |                                                        ^
pg_connection.c:349:33: warning: '(' and '{' tokens introducing statement expression appear in different macro expansion contexts [-Wcompound-token-split-by-macro]
  349 |         conninfo = rb_funcall2( klass, rb_intern("parse_connect_args"), argc, argv );
      |                                        ^~~~~~~~~~~~~~~~~~~~~~~~~~~~~~~
/Users/serenachang/.rbenv/versions/2.6.10/include/ruby-2.6.0/ruby/ruby.h:1826:23: note: expanded from macro 'rb_intern'
 1826 |         __extension__ (RUBY_CONST_ID_CACHE((ID), (str))) : \
      |                       ^
pg_connection.c:349:33: note: '{' token is here
  349 |         conninfo = rb_funcall2( klass, rb_intern("parse_connect_args"), argc, argv );
      |                                        ^~~~~~~~~~~~~~~~~~~~~~~~~~~~~~~
/Users/serenachang/.rbenv/versions/2.6.10/include/ruby-2.6.0/ruby/ruby.h:1826:24: note: expanded from macro 'rb_intern'
 1826 |         __extension__ (RUBY_CONST_ID_CACHE((ID), (str))) : \
      |                        ^~~~~~~~~~~~~~~~~~~~~~~~~~~~~~~~
/Users/serenachang/.rbenv/versions/2.6.10/include/ruby-2.6.0/ruby/ruby.h:1811:5: note: expanded from macro 'RUBY_CONST_ID_CACHE'
 1811 |     {                                                   \
      |     ^
pg_connection.c:349:33: warning: '}' and ')' tokens terminating statement expression appear in different macro expansion contexts [-Wcompound-token-split-by-macro]
  349 |         conninfo = rb_funcall2( klass, rb_intern("parse_connect_args"), argc, argv );
      |                                        ^~~~~~~~~~~~~~~~~~~~~~~~~~~~~~~
/Users/serenachang/.rbenv/versions/2.6.10/include/ruby-2.6.0/ruby/ruby.h:1826:24: note: expanded from macro 'rb_intern'
 1826 |         __extension__ (RUBY_CONST_ID_CACHE((ID), (str))) : \
      |                        ^~~~~~~~~~~~~~~~~~~~~~~~~~~~~~~~
/Users/serenachang/.rbenv/versions/2.6.10/include/ruby-2.6.0/ruby/ruby.h:1816:5: note: expanded from macro 'RUBY_CONST_ID_CACHE'
 1816 |     }
      |     ^
pg_connection.c:349:33: note: ')' token is here
  349 |         conninfo = rb_funcall2( klass, rb_intern("parse_connect_args"), argc, argv );
      |                                        ^~~~~~~~~~~~~~~~~~~~~~~~~~~~~~~
/Users/serenachang/.rbenv/versions/2.6.10/include/ruby-2.6.0/ruby/ruby.h:1826:56: note: expanded from macro 'rb_intern'
 1826 |         __extension__ (RUBY_CONST_ID_CACHE((ID), (str))) : \
      |                                                        ^
pg_connection.c:961:38: warning: '(' and '{' tokens introducing statement expression appear in different macro expansion contexts [-Wcompound-token-split-by-macro]
  961 |                 cSocket = rb_const_get(rb_cObject, rb_intern("BasicSocket"));
      |                                                    ^~~~~~~~~~~~~~~~~~~~~~~~
/Users/serenachang/.rbenv/versions/2.6.10/include/ruby-2.6.0/ruby/ruby.h:1826:23: note: expanded from macro 'rb_intern'
 1826 |         __extension__ (RUBY_CONST_ID_CACHE((ID), (str))) : \
      |                       ^
pg_connection.c:961:38: note: '{' token is here
  961 |                 cSocket = rb_const_get(rb_cObject, rb_intern("BasicSocket"));
      |                                                    ^~~~~~~~~~~~~~~~~~~~~~~~
/Users/serenachang/.rbenv/versions/2.6.10/include/ruby-2.6.0/ruby/ruby.h:1826:24: note: expanded from macro 'rb_intern'
 1826 |         __extension__ (RUBY_CONST_ID_CACHE((ID), (str))) : \
      |                        ^~~~~~~~~~~~~~~~~~~~~~~~~~~~~~~~
/Users/serenachang/.rbenv/versions/2.6.10/include/ruby-2.6.0/ruby/ruby.h:1811:5: note: expanded from macro 'RUBY_CONST_ID_CACHE'
 1811 |     {                                                   \
      |     ^
pg_connection.c:961:38: warning: '}' and ')' tokens terminating statement expression appear in different macro expansion contexts [-Wcompound-token-split-by-macro]
  961 |                 cSocket = rb_const_get(rb_cObject, rb_intern("BasicSocket"));
      |                                                    ^~~~~~~~~~~~~~~~~~~~~~~~
/Users/serenachang/.rbenv/versions/2.6.10/include/ruby-2.6.0/ruby/ruby.h:1826:24: note: expanded from macro 'rb_intern'
 1826 |         __extension__ (RUBY_CONST_ID_CACHE((ID), (str))) : \
      |                        ^~~~~~~~~~~~~~~~~~~~~~~~~~~~~~~~
/Users/serenachang/.rbenv/versions/2.6.10/include/ruby-2.6.0/ruby/ruby.h:1816:5: note: expanded from macro 'RUBY_CONST_ID_CACHE'
 1816 |     }
      |     ^
pg_connection.c:961:38: note: ')' token is here
  961 |                 cSocket = rb_const_get(rb_cObject, rb_intern("BasicSocket"));
      |                                                    ^~~~~~~~~~~~~~~~~~~~~~~~
/Users/serenachang/.rbenv/versions/2.6.10/include/ruby-2.6.0/ruby/ruby.h:1826:56: note: expanded from macro 'rb_intern'
 1826 |         __extension__ (RUBY_CONST_ID_CACHE((ID), (str))) : \
      |                                                        ^
pg_connection.c:962:36: warning: '(' and '{' tokens introducing statement expression appear in different macro expansion contexts [-Wcompound-token-split-by-macro]
  962 |                 socket_io = rb_funcall( cSocket, rb_intern("for_fd"), 1, INT2NUM(ruby_sd));
      |                                                  ^~~~~~~~~~~~~~~~~~~
/Users/serenachang/.rbenv/versions/2.6.10/include/ruby-2.6.0/ruby/ruby.h:1826:23: note: expanded from macro 'rb_intern'
 1826 |         __extension__ (RUBY_CONST_ID_CACHE((ID), (str))) : \
      |                       ^
/Users/serenachang/.rbenv/versions/2.6.10/include/ruby-2.6.0/ruby/ruby.h:2602:20: note: expanded from macro 'rb_funcall'
 2602 |         rb_funcallv(recv, mid, \
      |                           ^~~
pg_connection.c:962:36: note: '{' token is here
  962 |                 socket_io = rb_funcall( cSocket, rb_intern("for_fd"), 1, INT2NUM(ruby_sd));
      |                                                  ^~~~~~~~~~~~~~~~~~~
/Users/serenachang/.rbenv/versions/2.6.10/include/ruby-2.6.0/ruby/ruby.h:1826:24: note: expanded from macro 'rb_intern'
 1826 |         __extension__ (RUBY_CONST_ID_CACHE((ID), (str))) : \
      |                        ^~~~~~~~~~~~~~~~~~~~~~~~~~~~~~~~
/Users/serenachang/.rbenv/versions/2.6.10/include/ruby-2.6.0/ruby/ruby.h:1811:5: note: expanded from macro 'RUBY_CONST_ID_CACHE'
 1811 |     {                                                   \
      |     ^
/Users/serenachang/.rbenv/versions/2.6.10/include/ruby-2.6.0/ruby/ruby.h:2602:20: note: expanded from macro 'rb_funcall'
 2602 |         rb_funcallv(recv, mid, \
      |                           ^~~
pg_connection.c:962:36: warning: '}' and ')' tokens terminating statement expression appear in different macro expansion contexts [-Wcompound-token-split-by-macro]
  962 |                 socket_io = rb_funcall( cSocket, rb_intern("for_fd"), 1, INT2NUM(ruby_sd));
      |                                                  ^~~~~~~~~~~~~~~~~~~
/Users/serenachang/.rbenv/versions/2.6.10/include/ruby-2.6.0/ruby/ruby.h:1826:24: note: expanded from macro 'rb_intern'
 1826 |         __extension__ (RUBY_CONST_ID_CACHE((ID), (str))) : \
      |                        ^~~~~~~~~~~~~~~~~~~~~~~~~~~~~~~~
/Users/serenachang/.rbenv/versions/2.6.10/include/ruby-2.6.0/ruby/ruby.h:1816:5: note: expanded from macro 'RUBY_CONST_ID_CACHE'
 1816 |     }
      |     ^
/Users/serenachang/.rbenv/versions/2.6.10/include/ruby-2.6.0/ruby/ruby.h:2602:20: note: expanded from macro 'rb_funcall'
 2602 |         rb_funcallv(recv, mid, \
      |                           ^~~
pg_connection.c:962:36: note: ')' token is here
  962 |                 socket_io = rb_funcall( cSocket, rb_intern("for_fd"), 1, INT2NUM(ruby_sd));
      |                                                  ^~~~~~~~~~~~~~~~~~~
/Users/serenachang/.rbenv/versions/2.6.10/include/ruby-2.6.0/ruby/ruby.h:1826:56: note: expanded from macro 'rb_intern'
 1826 |         __extension__ (RUBY_CONST_ID_CACHE((ID), (str))) : \
      |                                                        ^
/Users/serenachang/.rbenv/versions/2.6.10/include/ruby-2.6.0/ruby/ruby.h:2602:20: note: expanded from macro 'rb_funcall'
 2602 |         rb_funcallv(recv, mid, \
      |                           ^~~
pg_connection.c:2246:23: warning: '(' and '{' tokens introducing statement expression appear in different macro expansion contexts [-Wcompound-token-split-by-macro]
 2246 |         sym_relname = ID2SYM(rb_intern("relname"));
      |                              ^~~~~~~~~~~~~~~~~~~~
/Users/serenachang/.rbenv/versions/2.6.10/include/ruby-2.6.0/ruby/ruby.h:1826:23: note: expanded from macro 'rb_intern'
 1826 |         __extension__ (RUBY_CONST_ID_CACHE((ID), (str))) : \
      |                       ^
/Users/serenachang/.rbenv/versions/2.6.10/include/ruby-2.6.0/ruby/ruby.h:413:29: note: expanded from macro 'ID2SYM'
  413 | #define ID2SYM(x) RB_ID2SYM(x)
      |                             ^
/Users/serenachang/.rbenv/versions/2.6.10/include/ruby-2.6.0/ruby/ruby.h:408:33: note: expanded from macro 'RB_ID2SYM'
  408 | #define RB_ID2SYM(x) (rb_id2sym(x))
      |                                 ^
pg_connection.c:2246:23: note: '{' token is here
 2246 |         sym_relname = ID2SYM(rb_intern("relname"));
      |                              ^~~~~~~~~~~~~~~~~~~~
/Users/serenachang/.rbenv/versions/2.6.10/include/ruby-2.6.0/ruby/ruby.h:1826:24: note: expanded from macro 'rb_intern'
 1826 |         __extension__ (RUBY_CONST_ID_CACHE((ID), (str))) : \
      |                        ^~~~~~~~~~~~~~~~~~~~~~~~~~~~~~~~
/Users/serenachang/.rbenv/versions/2.6.10/include/ruby-2.6.0/ruby/ruby.h:1811:5: note: expanded from macro 'RUBY_CONST_ID_CACHE'
 1811 |     {                                                   \
      |     ^
/Users/serenachang/.rbenv/versions/2.6.10/include/ruby-2.6.0/ruby/ruby.h:413:29: note: expanded from macro 'ID2SYM'
  413 | #define ID2SYM(x) RB_ID2SYM(x)
      |                             ^
/Users/serenachang/.rbenv/versions/2.6.10/include/ruby-2.6.0/ruby/ruby.h:408:33: note: expanded from macro 'RB_ID2SYM'
  408 | #define RB_ID2SYM(x) (rb_id2sym(x))
      |                                 ^
pg_connection.c:2246:23: warning: '}' and ')' tokens terminating statement expression appear in different macro expansion contexts [-Wcompound-token-split-by-macro]
 2246 |         sym_relname = ID2SYM(rb_intern("relname"));
      |                              ^~~~~~~~~~~~~~~~~~~~
/Users/serenachang/.rbenv/versions/2.6.10/include/ruby-2.6.0/ruby/ruby.h:1826:24: note: expanded from macro 'rb_intern'
 1826 |         __extension__ (RUBY_CONST_ID_CACHE((ID), (str))) : \
      |                        ^~~~~~~~~~~~~~~~~~~~~~~~~~~~~~~~
/Users/serenachang/.rbenv/versions/2.6.10/include/ruby-2.6.0/ruby/ruby.h:1816:5: note: expanded from macro 'RUBY_CONST_ID_CACHE'
 1816 |     }
      |     ^
/Users/serenachang/.rbenv/versions/2.6.10/include/ruby-2.6.0/ruby/ruby.h:413:29: note: expanded from macro 'ID2SYM'
  413 | #define ID2SYM(x) RB_ID2SYM(x)
      |                             ^
/Users/serenachang/.rbenv/versions/2.6.10/include/ruby-2.6.0/ruby/ruby.h:408:33: note: expanded from macro 'RB_ID2SYM'
  408 | #define RB_ID2SYM(x) (rb_id2sym(x))
      |                                 ^
pg_connection.c:2246:23: note: ')' token is here
 2246 |         sym_relname = ID2SYM(rb_intern("relname"));
      |                              ^~~~~~~~~~~~~~~~~~~~
/Users/serenachang/.rbenv/versions/2.6.10/include/ruby-2.6.0/ruby/ruby.h:1826:56: note: expanded from macro 'rb_intern'
 1826 |         __extension__ (RUBY_CONST_ID_CACHE((ID), (str))) : \
      |                                                        ^
/Users/serenachang/.rbenv/versions/2.6.10/include/ruby-2.6.0/ruby/ruby.h:413:29: note: expanded from macro 'ID2SYM'
  413 | #define ID2SYM(x) RB_ID2SYM(x)
      |                             ^
/Users/serenachang/.rbenv/versions/2.6.10/include/ruby-2.6.0/ruby/ruby.h:408:33: note: expanded from macro 'RB_ID2SYM'
  408 | #define RB_ID2SYM(x) (rb_id2sym(x))
      |                                 ^
pg_connection.c:2247:22: warning: '(' and '{' tokens introducing statement expression appear in different macro expansion contexts [-Wcompound-token-split-by-macro]
 2247 |         sym_be_pid = ID2SYM(rb_intern("be_pid"));
      |                             ^~~~~~~~~~~~~~~~~~~
/Users/serenachang/.rbenv/versions/2.6.10/include/ruby-2.6.0/ruby/ruby.h:1826:23: note: expanded from macro 'rb_intern'
 1826 |         __extension__ (RUBY_CONST_ID_CACHE((ID), (str))) : \
      |                       ^
/Users/serenachang/.rbenv/versions/2.6.10/include/ruby-2.6.0/ruby/ruby.h:413:29: note: expanded from macro 'ID2SYM'
  413 | #define ID2SYM(x) RB_ID2SYM(x)
      |                             ^
/Users/serenachang/.rbenv/versions/2.6.10/include/ruby-2.6.0/ruby/ruby.h:408:33: note: expanded from macro 'RB_ID2SYM'
  408 | #define RB_ID2SYM(x) (rb_id2sym(x))
      |                                 ^
pg_connection.c:2247:22: note: '{' token is here
 2247 |         sym_be_pid = ID2SYM(rb_intern("be_pid"));
      |                             ^~~~~~~~~~~~~~~~~~~
/Users/serenachang/.rbenv/versions/2.6.10/include/ruby-2.6.0/ruby/ruby.h:1826:24: note: expanded from macro 'rb_intern'
 1826 |         __extension__ (RUBY_CONST_ID_CACHE((ID), (str))) : \
      |                        ^~~~~~~~~~~~~~~~~~~~~~~~~~~~~~~~
/Users/serenachang/.rbenv/versions/2.6.10/include/ruby-2.6.0/ruby/ruby.h:1811:5: note: expanded from macro 'RUBY_CONST_ID_CACHE'
 1811 |     {                                                   \
      |     ^
/Users/serenachang/.rbenv/versions/2.6.10/include/ruby-2.6.0/ruby/ruby.h:413:29: note: expanded from macro 'ID2SYM'
  413 | #define ID2SYM(x) RB_ID2SYM(x)
      |                             ^
/Users/serenachang/.rbenv/versions/2.6.10/include/ruby-2.6.0/ruby/ruby.h:408:33: note: expanded from macro 'RB_ID2SYM'
  408 | #define RB_ID2SYM(x) (rb_id2sym(x))
      |                                 ^
pg_connection.c:2247:22: warning: '}' and ')' tokens terminating statement expression appear in different macro expansion contexts [-Wcompound-token-split-by-macro]
 2247 |         sym_be_pid = ID2SYM(rb_intern("be_pid"));
      |                             ^~~~~~~~~~~~~~~~~~~
/Users/serenachang/.rbenv/versions/2.6.10/include/ruby-2.6.0/ruby/ruby.h:1826:24: note: expanded from macro 'rb_intern'
 1826 |         __extension__ (RUBY_CONST_ID_CACHE((ID), (str))) : \
      |                        ^~~~~~~~~~~~~~~~~~~~~~~~~~~~~~~~
/Users/serenachang/.rbenv/versions/2.6.10/include/ruby-2.6.0/ruby/ruby.h:1816:5: note: expanded from macro 'RUBY_CONST_ID_CACHE'
 1816 |     }
      |     ^
/Users/serenachang/.rbenv/versions/2.6.10/include/ruby-2.6.0/ruby/ruby.h:413:29: note: expanded from macro 'ID2SYM'
  413 | #define ID2SYM(x) RB_ID2SYM(x)
      |                             ^
/Users/serenachang/.rbenv/versions/2.6.10/include/ruby-2.6.0/ruby/ruby.h:408:33: note: expanded from macro 'RB_ID2SYM'
  408 | #define RB_ID2SYM(x) (rb_id2sym(x))
      |                                 ^
pg_connection.c:2247:22: note: ')' token is here
 2247 |         sym_be_pid = ID2SYM(rb_intern("be_pid"));
      |                             ^~~~~~~~~~~~~~~~~~~
/Users/serenachang/.rbenv/versions/2.6.10/include/ruby-2.6.0/ruby/ruby.h:1826:56: note: expanded from macro 'rb_intern'
 1826 |         __extension__ (RUBY_CONST_ID_CACHE((ID), (str))) : \
      |                                                        ^
/Users/serenachang/.rbenv/versions/2.6.10/include/ruby-2.6.0/ruby/ruby.h:413:29: note: expanded from macro 'ID2SYM'
  413 | #define ID2SYM(x) RB_ID2SYM(x)
      |                             ^
/Users/serenachang/.rbenv/versions/2.6.10/include/ruby-2.6.0/ruby/ruby.h:408:33: note: expanded from macro 'RB_ID2SYM'
  408 | #define RB_ID2SYM(x) (rb_id2sym(x))
      |                                 ^
pg_connection.c:2248:21: warning: '(' and '{' tokens introducing statement expression appear in different macro expansion contexts [-Wcompound-token-split-by-macro]
 2248 |         sym_extra = ID2SYM(rb_intern("extra"));
      |                            ^~~~~~~~~~~~~~~~~~
/Users/serenachang/.rbenv/versions/2.6.10/include/ruby-2.6.0/ruby/ruby.h:1826:23: note: expanded from macro 'rb_intern'
 1826 |         __extension__ (RUBY_CONST_ID_CACHE((ID), (str))) : \
      |                       ^
/Users/serenachang/.rbenv/versions/2.6.10/include/ruby-2.6.0/ruby/ruby.h:413:29: note: expanded from macro 'ID2SYM'
  413 | #define ID2SYM(x) RB_ID2SYM(x)
      |                             ^
/Users/serenachang/.rbenv/versions/2.6.10/include/ruby-2.6.0/ruby/ruby.h:408:33: note: expanded from macro 'RB_ID2SYM'
  408 | #define RB_ID2SYM(x) (rb_id2sym(x))
      |                                 ^
pg_connection.c:2248:21: note: '{' token is here
 2248 |         sym_extra = ID2SYM(rb_intern("extra"));
      |                            ^~~~~~~~~~~~~~~~~~
/Users/serenachang/.rbenv/versions/2.6.10/include/ruby-2.6.0/ruby/ruby.h:1826:24: note: expanded from macro 'rb_intern'
 1826 |         __extension__ (RUBY_CONST_ID_CACHE((ID), (str))) : \
      |                        ^~~~~~~~~~~~~~~~~~~~~~~~~~~~~~~~
/Users/serenachang/.rbenv/versions/2.6.10/include/ruby-2.6.0/ruby/ruby.h:1811:5: note: expanded from macro 'RUBY_CONST_ID_CACHE'
 1811 |     {                                                   \
      |     ^
/Users/serenachang/.rbenv/versions/2.6.10/include/ruby-2.6.0/ruby/ruby.h:413:29: note: expanded from macro 'ID2SYM'
  413 | #define ID2SYM(x) RB_ID2SYM(x)
      |                             ^
/Users/serenachang/.rbenv/versions/2.6.10/include/ruby-2.6.0/ruby/ruby.h:408:33: note: expanded from macro 'RB_ID2SYM'
  408 | #define RB_ID2SYM(x) (rb_id2sym(x))
      |                                 ^
pg_connection.c:2248:21: warning: '}' and ')' tokens terminating statement expression appear in different macro expansion contexts [-Wcompound-token-split-by-macro]
 2248 |         sym_extra = ID2SYM(rb_intern("extra"));
      |                            ^~~~~~~~~~~~~~~~~~
/Users/serenachang/.rbenv/versions/2.6.10/include/ruby-2.6.0/ruby/ruby.h:1826:24: note: expanded from macro 'rb_intern'
 1826 |         __extension__ (RUBY_CONST_ID_CACHE((ID), (str))) : \
      |                        ^~~~~~~~~~~~~~~~~~~~~~~~~~~~~~~~
/Users/serenachang/.rbenv/versions/2.6.10/include/ruby-2.6.0/ruby/ruby.h:1816:5: note: expanded from macro 'RUBY_CONST_ID_CACHE'
 1816 |     }
      |     ^
/Users/serenachang/.rbenv/versions/2.6.10/include/ruby-2.6.0/ruby/ruby.h:413:29: note: expanded from macro 'ID2SYM'
  413 | #define ID2SYM(x) RB_ID2SYM(x)
      |                             ^
/Users/serenachang/.rbenv/versions/2.6.10/include/ruby-2.6.0/ruby/ruby.h:408:33: note: expanded from macro 'RB_ID2SYM'
  408 | #define RB_ID2SYM(x) (rb_id2sym(x))
      |                                 ^
pg_connection.c:2248:21: note: ')' token is here
 2248 |         sym_extra = ID2SYM(rb_intern("extra"));
      |                            ^~~~~~~~~~~~~~~~~~
/Users/serenachang/.rbenv/versions/2.6.10/include/ruby-2.6.0/ruby/ruby.h:1826:56: note: expanded from macro 'rb_intern'
 1826 |         __extension__ (RUBY_CONST_ID_CACHE((ID), (str))) : \
      |                                                        ^
/Users/serenachang/.rbenv/versions/2.6.10/include/ruby-2.6.0/ruby/ruby.h:413:29: note: expanded from macro 'ID2SYM'
  413 | #define ID2SYM(x) RB_ID2SYM(x)
      |                             ^
/Users/serenachang/.rbenv/versions/2.6.10/include/ruby-2.6.0/ruby/ruby.h:408:33: note: expanded from macro 'RB_ID2SYM'
  408 | #define RB_ID2SYM(x) (rb_id2sym(x))
      |                                 ^
pg_connection.c:2275:11: warning: mixing declarations and code is incompatible with standards before C99 [-Wdeclaration-after-statement]
 2275 |         rb_io_t *fptr = RFILE(io)->fptr;
      |                  ^
pg_connection.c:2402:22: warning: implicit conversion loses integer precision: 'time_t' (aka 'long') to '__darwin_suseconds_t' (aka 'int') [-Wshorten-64-to-32]
 2402 |                 waittime.tv_usec = (time_t)((NUM2DBL(timeout) - (double)waittime.tv_sec) * 1e6);
      |                                  ~ ^~~~~~~~~~~~~~~~~~~~~~~~~~~~~~~~~~~~~~~~~~~~~~~~~~~~~~~~~~~~
pg_connection.c:2755:27: warning: '(' and '{' tokens introducing statement expression appear in different macro expansion contexts [-Wcompound-token-split-by-macro]
 2755 |         if(!rb_respond_to(stream,rb_intern("fileno")))
      |                                  ^~~~~~~~~~~~~~~~~~~
/Users/serenachang/.rbenv/versions/2.6.10/include/ruby-2.6.0/ruby/ruby.h:1826:23: note: expanded from macro 'rb_intern'
 1826 |         __extension__ (RUBY_CONST_ID_CACHE((ID), (str))) : \
      |                       ^
pg_connection.c:2755:27: note: '{' token is here
 2755 |         if(!rb_respond_to(stream,rb_intern("fileno")))
      |                                  ^~~~~~~~~~~~~~~~~~~
/Users/serenachang/.rbenv/versions/2.6.10/include/ruby-2.6.0/ruby/ruby.h:1826:24: note: expanded from macro 'rb_intern'
 1826 |         __extension__ (RUBY_CONST_ID_CACHE((ID), (str))) : \
      |                        ^~~~~~~~~~~~~~~~~~~~~~~~~~~~~~~~
/Users/serenachang/.rbenv/versions/2.6.10/include/ruby-2.6.0/ruby/ruby.h:1811:5: note: expanded from macro 'RUBY_CONST_ID_CACHE'
 1811 |     {                                                   \
      |     ^
pg_connection.c:2755:27: warning: '}' and ')' tokens terminating statement expression appear in different macro expansion contexts [-Wcompound-token-split-by-macro]
 2755 |         if(!rb_respond_to(stream,rb_intern("fileno")))
      |                                  ^~~~~~~~~~~~~~~~~~~
/Users/serenachang/.rbenv/versions/2.6.10/include/ruby-2.6.0/ruby/ruby.h:1826:24: note: expanded from macro 'rb_intern'
 1826 |         __extension__ (RUBY_CONST_ID_CACHE((ID), (str))) : \
      |                        ^~~~~~~~~~~~~~~~~~~~~~~~~~~~~~~~
/Users/serenachang/.rbenv/versions/2.6.10/include/ruby-2.6.0/ruby/ruby.h:1816:5: note: expanded from macro 'RUBY_CONST_ID_CACHE'
 1816 |     }
      |     ^
pg_connection.c:2755:27: note: ')' token is here
 2755 |         if(!rb_respond_to(stream,rb_intern("fileno")))
      |                                  ^~~~~~~~~~~~~~~~~~~
/Users/serenachang/.rbenv/versions/2.6.10/include/ruby-2.6.0/ruby/ruby.h:1826:56: note: expanded from macro 'rb_intern'
 1826 |         __extension__ (RUBY_CONST_ID_CACHE((ID), (str))) : \
      |                                                        ^
pg_connection.c:2758:30: warning: '(' and '{' tokens introducing statement expression appear in different macro expansion contexts [-Wcompound-token-split-by-macro]
 2758 |         fileno = rb_funcall(stream, rb_intern("fileno"), 0);
      |                                     ^~~~~~~~~~~~~~~~~~~
/Users/serenachang/.rbenv/versions/2.6.10/include/ruby-2.6.0/ruby/ruby.h:1826:23: note: expanded from macro 'rb_intern'
 1826 |         __extension__ (RUBY_CONST_ID_CACHE((ID), (str))) : \
      |                       ^
/Users/serenachang/.rbenv/versions/2.6.10/include/ruby-2.6.0/ruby/ruby.h:2602:20: note: expanded from macro 'rb_funcall'
 2602 |         rb_funcallv(recv, mid, \
      |                           ^~~
pg_connection.c:2758:30: note: '{' token is here
 2758 |         fileno = rb_funcall(stream, rb_intern("fileno"), 0);
      |                                     ^~~~~~~~~~~~~~~~~~~
/Users/serenachang/.rbenv/versions/2.6.10/include/ruby-2.6.0/ruby/ruby.h:1826:24: note: expanded from macro 'rb_intern'
 1826 |         __extension__ (RUBY_CONST_ID_CACHE((ID), (str))) : \
      |                        ^~~~~~~~~~~~~~~~~~~~~~~~~~~~~~~~
/Users/serenachang/.rbenv/versions/2.6.10/include/ruby-2.6.0/ruby/ruby.h:1811:5: note: expanded from macro 'RUBY_CONST_ID_CACHE'
 1811 |     {                                                   \
      |     ^
/Users/serenachang/.rbenv/versions/2.6.10/include/ruby-2.6.0/ruby/ruby.h:2602:20: note: expanded from macro 'rb_funcall'
 2602 |         rb_funcallv(recv, mid, \
      |                           ^~~
pg_connection.c:2758:30: warning: '}' and ')' tokens terminating statement expression appear in different macro expansion contexts [-Wcompound-token-split-by-macro]
 2758 |         fileno = rb_funcall(stream, rb_intern("fileno"), 0);
      |                                     ^~~~~~~~~~~~~~~~~~~
/Users/serenachang/.rbenv/versions/2.6.10/include/ruby-2.6.0/ruby/ruby.h:1826:24: note: expanded from macro 'rb_intern'
 1826 |         __extension__ (RUBY_CONST_ID_CACHE((ID), (str))) : \
      |                        ^~~~~~~~~~~~~~~~~~~~~~~~~~~~~~~~
/Users/serenachang/.rbenv/versions/2.6.10/include/ruby-2.6.0/ruby/ruby.h:1816:5: note: expanded from macro 'RUBY_CONST_ID_CACHE'
 1816 |     }
      |     ^
/Users/serenachang/.rbenv/versions/2.6.10/include/ruby-2.6.0/ruby/ruby.h:2602:20: note: expanded from macro 'rb_funcall'
 2602 |         rb_funcallv(recv, mid, \
      |                           ^~~
pg_connection.c:2758:30: note: ')' token is here
 2758 |         fileno = rb_funcall(stream, rb_intern("fileno"), 0);
      |                                     ^~~~~~~~~~~~~~~~~~~
/Users/serenachang/.rbenv/versions/2.6.10/include/ruby-2.6.0/ruby/ruby.h:1826:56: note: expanded from macro 'rb_intern'
 1826 |         __extension__ (RUBY_CONST_ID_CACHE((ID), (str))) : \
      |                                                        ^
/Users/serenachang/.rbenv/versions/2.6.10/include/ruby-2.6.0/ruby/ruby.h:2602:20: note: expanded from macro 'rb_funcall'
 2602 |         rb_funcallv(recv, mid, \
      |                           ^~~
pg_connection.c:2775:32: warning: '(' and '{' tokens introducing statement expression appear in different macro expansion contexts [-Wcompound-token-split-by-macro]
 2775 |         new_file = rb_funcall(rb_cIO, rb_intern("new"), 1, INT2NUM(new_fd));
      |                                       ^~~~~~~~~~~~~~~~
/Users/serenachang/.rbenv/versions/2.6.10/include/ruby-2.6.0/ruby/ruby.h:1826:23: note: expanded from macro 'rb_intern'
 1826 |         __extension__ (RUBY_CONST_ID_CACHE((ID), (str))) : \
      |                       ^
/Users/serenachang/.rbenv/versions/2.6.10/include/ruby-2.6.0/ruby/ruby.h:2602:20: note: expanded from macro 'rb_funcall'
 2602 |         rb_funcallv(recv, mid, \
      |                           ^~~
pg_connection.c:2775:32: note: '{' token is here
 2775 |         new_file = rb_funcall(rb_cIO, rb_intern("new"), 1, INT2NUM(new_fd));
      |                                       ^~~~~~~~~~~~~~~~
/Users/serenachang/.rbenv/versions/2.6.10/include/ruby-2.6.0/ruby/ruby.h:1826:24: note: expanded from macro 'rb_intern'
 1826 |         __extension__ (RUBY_CONST_ID_CACHE((ID), (str))) : \
      |                        ^~~~~~~~~~~~~~~~~~~~~~~~~~~~~~~~
/Users/serenachang/.rbenv/versions/2.6.10/include/ruby-2.6.0/ruby/ruby.h:1811:5: note: expanded from macro 'RUBY_CONST_ID_CACHE'
 1811 |     {                                                   \
      |     ^
/Users/serenachang/.rbenv/versions/2.6.10/include/ruby-2.6.0/ruby/ruby.h:2602:20: note: expanded from macro 'rb_funcall'
 2602 |         rb_funcallv(recv, mid, \
      |                           ^~~
pg_connection.c:2775:32: warning: '}' and ')' tokens terminating statement expression appear in different macro expansion contexts [-Wcompound-token-split-by-macro]
 2775 |         new_file = rb_funcall(rb_cIO, rb_intern("new"), 1, INT2NUM(new_fd));
      |                                       ^~~~~~~~~~~~~~~~
/Users/serenachang/.rbenv/versions/2.6.10/include/ruby-2.6.0/ruby/ruby.h:1826:24: note: expanded from macro 'rb_intern'
 1826 |         __extension__ (RUBY_CONST_ID_CACHE((ID), (str))) : \
      |                        ^~~~~~~~~~~~~~~~~~~~~~~~~~~~~~~~
/Users/serenachang/.rbenv/versions/2.6.10/include/ruby-2.6.0/ruby/ruby.h:1816:5: note: expanded from macro 'RUBY_CONST_ID_CACHE'
 1816 |     }
      |     ^
/Users/serenachang/.rbenv/versions/2.6.10/include/ruby-2.6.0/ruby/ruby.h:2602:20: note: expanded from macro 'rb_funcall'
 2602 |         rb_funcallv(recv, mid, \
      |                           ^~~
pg_connection.c:2775:32: note: ')' token is here
 2775 |         new_file = rb_funcall(rb_cIO, rb_intern("new"), 1, INT2NUM(new_fd));
      |                                       ^~~~~~~~~~~~~~~~
/Users/serenachang/.rbenv/versions/2.6.10/include/ruby-2.6.0/ruby/ruby.h:1826:56: note: expanded from macro 'rb_intern'
 1826 |         __extension__ (RUBY_CONST_ID_CACHE((ID), (str))) : \
      |                                                        ^
/Users/serenachang/.rbenv/versions/2.6.10/include/ruby-2.6.0/ruby/ruby.h:2602:20: note: expanded from macro 'rb_funcall'
 2602 |         rb_funcallv(recv, mid, \
      |                           ^~~
pg_connection.c:2794:33: warning: '(' and '{' tokens introducing statement expression appear in different macro expansion contexts [-Wcompound-token-split-by-macro]
 2794 |         rb_funcall(this->trace_stream, rb_intern("close"), 0);
      |                                        ^~~~~~~~~~~~~~~~~~
/Users/serenachang/.rbenv/versions/2.6.10/include/ruby-2.6.0/ruby/ruby.h:1826:23: note: expanded from macro 'rb_intern'
 1826 |         __extension__ (RUBY_CONST_ID_CACHE((ID), (str))) : \
      |                       ^
/Users/serenachang/.rbenv/versions/2.6.10/include/ruby-2.6.0/ruby/ruby.h:2602:20: note: expanded from macro 'rb_funcall'
 2602 |         rb_funcallv(recv, mid, \
      |                           ^~~
pg_connection.c:2794:33: note: '{' token is here
 2794 |         rb_funcall(this->trace_stream, rb_intern("close"), 0);
      |                                        ^~~~~~~~~~~~~~~~~~
/Users/serenachang/.rbenv/versions/2.6.10/include/ruby-2.6.0/ruby/ruby.h:1826:24: note: expanded from macro 'rb_intern'
 1826 |         __extension__ (RUBY_CONST_ID_CACHE((ID), (str))) : \
      |                        ^~~~~~~~~~~~~~~~~~~~~~~~~~~~~~~~
/Users/serenachang/.rbenv/versions/2.6.10/include/ruby-2.6.0/ruby/ruby.h:1811:5: note: expanded from macro 'RUBY_CONST_ID_CACHE'
 1811 |     {                                                   \
      |     ^
/Users/serenachang/.rbenv/versions/2.6.10/include/ruby-2.6.0/ruby/ruby.h:2602:20: note: expanded from macro 'rb_funcall'
 2602 |         rb_funcallv(recv, mid, \
      |                           ^~~
pg_connection.c:2794:33: warning: '}' and ')' tokens terminating statement expression appear in different macro expansion contexts [-Wcompound-token-split-by-macro]
 2794 |         rb_funcall(this->trace_stream, rb_intern("close"), 0);
      |                                        ^~~~~~~~~~~~~~~~~~
/Users/serenachang/.rbenv/versions/2.6.10/include/ruby-2.6.0/ruby/ruby.h:1826:24: note: expanded from macro 'rb_intern'
 1826 |         __extension__ (RUBY_CONST_ID_CACHE((ID), (str))) : \
      |                        ^~~~~~~~~~~~~~~~~~~~~~~~~~~~~~~~
/Users/serenachang/.rbenv/versions/2.6.10/include/ruby-2.6.0/ruby/ruby.h:1816:5: note: expanded from macro 'RUBY_CONST_ID_CACHE'
 1816 |     }
      |     ^
/Users/serenachang/.rbenv/versions/2.6.10/include/ruby-2.6.0/ruby/ruby.h:2602:20: note: expanded from macro 'rb_funcall'
 2602 |         rb_funcallv(recv, mid, \
      |                           ^~~
pg_connection.c:2794:33: note: ')' token is here
 2794 |         rb_funcall(this->trace_stream, rb_intern("close"), 0);
      |                                        ^~~~~~~~~~~~~~~~~~
/Users/serenachang/.rbenv/versions/2.6.10/include/ruby-2.6.0/ruby/ruby.h:1826:56: note: expanded from macro 'rb_intern'
 1826 |         __extension__ (RUBY_CONST_ID_CACHE((ID), (str))) : \
      |                                                        ^
/Users/serenachang/.rbenv/versions/2.6.10/include/ruby-2.6.0/ruby/ruby.h:2602:20: note: expanded from macro 'rb_funcall'
 2602 |         rb_funcallv(recv, mid, \
      |                           ^~~
pg_connection.c:2813:37: warning: '(' and '{' tokens introducing statement expression appear in different macro expansion contexts [-Wcompound-token-split-by-macro]
 2813 |                 rb_funcall(this->notice_receiver, rb_intern("call"), 1, result);
      |                                                   ^~~~~~~~~~~~~~~~~
/Users/serenachang/.rbenv/versions/2.6.10/include/ruby-2.6.0/ruby/ruby.h:1826:23: note: expanded from macro 'rb_intern'
 1826 |         __extension__ (RUBY_CONST_ID_CACHE((ID), (str))) : \
      |                       ^
/Users/serenachang/.rbenv/versions/2.6.10/include/ruby-2.6.0/ruby/ruby.h:2602:20: note: expanded from macro 'rb_funcall'
 2602 |         rb_funcallv(recv, mid, \
      |                           ^~~
pg_connection.c:2813:37: note: '{' token is here
 2813 |                 rb_funcall(this->notice_receiver, rb_intern("call"), 1, result);
      |                                                   ^~~~~~~~~~~~~~~~~
/Users/serenachang/.rbenv/versions/2.6.10/include/ruby-2.6.0/ruby/ruby.h:1826:24: note: expanded from macro 'rb_intern'
 1826 |         __extension__ (RUBY_CONST_ID_CACHE((ID), (str))) : \
      |                        ^~~~~~~~~~~~~~~~~~~~~~~~~~~~~~~~
/Users/serenachang/.rbenv/versions/2.6.10/include/ruby-2.6.0/ruby/ruby.h:1811:5: note: expanded from macro 'RUBY_CONST_ID_CACHE'
 1811 |     {                                                   \
      |     ^
/Users/serenachang/.rbenv/versions/2.6.10/include/ruby-2.6.0/ruby/ruby.h:2602:20: note: expanded from macro 'rb_funcall'
 2602 |         rb_funcallv(recv, mid, \
      |                           ^~~
pg_connection.c:2813:37: warning: '}' and ')' tokens terminating statement expression appear in different macro expansion contexts [-Wcompound-token-split-by-macro]
 2813 |                 rb_funcall(this->notice_receiver, rb_intern("call"), 1, result);
      |                                                   ^~~~~~~~~~~~~~~~~
/Users/serenachang/.rbenv/versions/2.6.10/include/ruby-2.6.0/ruby/ruby.h:1826:24: note: expanded from macro 'rb_intern'
 1826 |         __extension__ (RUBY_CONST_ID_CACHE((ID), (str))) : \
      |                        ^~~~~~~~~~~~~~~~~~~~~~~~~~~~~~~~
/Users/serenachang/.rbenv/versions/2.6.10/include/ruby-2.6.0/ruby/ruby.h:1816:5: note: expanded from macro 'RUBY_CONST_ID_CACHE'
 1816 |     }
      |     ^
/Users/serenachang/.rbenv/versions/2.6.10/include/ruby-2.6.0/ruby/ruby.h:2602:20: note: expanded from macro 'rb_funcall'
 2602 |         rb_funcallv(recv, mid, \
      |                           ^~~
pg_connection.c:2813:37: note: ')' token is here
 2813 |                 rb_funcall(this->notice_receiver, rb_intern("call"), 1, result);
      |                                                   ^~~~~~~~~~~~~~~~~
/Users/serenachang/.rbenv/versions/2.6.10/include/ruby-2.6.0/ruby/ruby.h:1826:56: note: expanded from macro 'rb_intern'
 1826 |         __extension__ (RUBY_CONST_ID_CACHE((ID), (str))) : \
      |                                                        ^
/Users/serenachang/.rbenv/versions/2.6.10/include/ruby-2.6.0/ruby/ruby.h:2602:20: note: expanded from macro 'rb_funcall'
 2602 |         rb_funcallv(recv, mid, \
      |                           ^~~
pg_connection.c:2891:38: warning: '(' and '{' tokens introducing statement expression appear in different macro expansion contexts [-Wcompound-token-split-by-macro]
 2891 |                 rb_funcall(this->notice_processor, rb_intern("call"), 1, message_str);
      |                                                    ^~~~~~~~~~~~~~~~~
/Users/serenachang/.rbenv/versions/2.6.10/include/ruby-2.6.0/ruby/ruby.h:1826:23: note: expanded from macro 'rb_intern'
 1826 |         __extension__ (RUBY_CONST_ID_CACHE((ID), (str))) : \
      |                       ^
/Users/serenachang/.rbenv/versions/2.6.10/include/ruby-2.6.0/ruby/ruby.h:2602:20: note: expanded from macro 'rb_funcall'
 2602 |         rb_funcallv(recv, mid, \
      |                           ^~~
pg_connection.c:2891:38: note: '{' token is here
 2891 |                 rb_funcall(this->notice_processor, rb_intern("call"), 1, message_str);
      |                                                    ^~~~~~~~~~~~~~~~~
/Users/serenachang/.rbenv/versions/2.6.10/include/ruby-2.6.0/ruby/ruby.h:1826:24: note: expanded from macro 'rb_intern'
 1826 |         __extension__ (RUBY_CONST_ID_CACHE((ID), (str))) : \
      |                        ^~~~~~~~~~~~~~~~~~~~~~~~~~~~~~~~
/Users/serenachang/.rbenv/versions/2.6.10/include/ruby-2.6.0/ruby/ruby.h:1811:5: note: expanded from macro 'RUBY_CONST_ID_CACHE'
 1811 |     {                                                   \
      |     ^
/Users/serenachang/.rbenv/versions/2.6.10/include/ruby-2.6.0/ruby/ruby.h:2602:20: note: expanded from macro 'rb_funcall'
 2602 |         rb_funcallv(recv, mid, \
      |                           ^~~
pg_connection.c:2891:38: warning: '}' and ')' tokens terminating statement expression appear in different macro expansion contexts [-Wcompound-token-split-by-macro]
 2891 |                 rb_funcall(this->notice_processor, rb_intern("call"), 1, message_str);
      |                                                    ^~~~~~~~~~~~~~~~~
/Users/serenachang/.rbenv/versions/2.6.10/include/ruby-2.6.0/ruby/ruby.h:1826:24: note: expanded from macro 'rb_intern'
 1826 |         __extension__ (RUBY_CONST_ID_CACHE((ID), (str))) : \
      |                        ^~~~~~~~~~~~~~~~~~~~~~~~~~~~~~~~
/Users/serenachang/.rbenv/versions/2.6.10/include/ruby-2.6.0/ruby/ruby.h:1816:5: note: expanded from macro 'RUBY_CONST_ID_CACHE'
 1816 |     }
      |     ^
/Users/serenachang/.rbenv/versions/2.6.10/include/ruby-2.6.0/ruby/ruby.h:2602:20: note: expanded from macro 'rb_funcall'
 2602 |         rb_funcallv(recv, mid, \
      |                           ^~~
pg_connection.c:2891:38: note: ')' token is here
 2891 |                 rb_funcall(this->notice_processor, rb_intern("call"), 1, message_str);
      |                                                    ^~~~~~~~~~~~~~~~~
/Users/serenachang/.rbenv/versions/2.6.10/include/ruby-2.6.0/ruby/ruby.h:1826:56: note: expanded from macro 'rb_intern'
 1826 |         __extension__ (RUBY_CONST_ID_CACHE((ID), (str))) : \
      |                                                        ^
/Users/serenachang/.rbenv/versions/2.6.10/include/ruby-2.6.0/ruby/ruby.h:2602:20: note: expanded from macro 'rb_funcall'
 2602 |         rb_funcallv(recv, mid, \
      |                           ^~~
pg_connection.c:4158:35: warning: '(' and '{' tokens introducing statement expression appear in different macro expansion contexts [-Wcompound-token-split-by-macro]
 4158 |         query = rb_funcall(query_format, rb_intern("%"), 1, encname);
      |                                          ^~~~~~~~~~~~~~
/Users/serenachang/.rbenv/versions/2.6.10/include/ruby-2.6.0/ruby/ruby.h:1826:23: note: expanded from macro 'rb_intern'
 1826 |         __extension__ (RUBY_CONST_ID_CACHE((ID), (str))) : \
      |                       ^
/Users/serenachang/.rbenv/versions/2.6.10/include/ruby-2.6.0/ruby/ruby.h:2602:20: note: expanded from macro 'rb_funcall'
 2602 |         rb_funcallv(recv, mid, \
      |                           ^~~
pg_connection.c:4158:35: note: '{' token is here
 4158 |         query = rb_funcall(query_format, rb_intern("%"), 1, encname);
      |                                          ^~~~~~~~~~~~~~
/Users/serenachang/.rbenv/versions/2.6.10/include/ruby-2.6.0/ruby/ruby.h:1826:24: note: expanded from macro 'rb_intern'
 1826 |         __extension__ (RUBY_CONST_ID_CACHE((ID), (str))) : \
      |                        ^~~~~~~~~~~~~~~~~~~~~~~~~~~~~~~~
/Users/serenachang/.rbenv/versions/2.6.10/include/ruby-2.6.0/ruby/ruby.h:1811:5: note: expanded from macro 'RUBY_CONST_ID_CACHE'
 1811 |     {                                                   \
      |     ^
/Users/serenachang/.rbenv/versions/2.6.10/include/ruby-2.6.0/ruby/ruby.h:2602:20: note: expanded from macro 'rb_funcall'
 2602 |         rb_funcallv(recv, mid, \
      |                           ^~~
pg_connection.c:4158:35: warning: '}' and ')' tokens terminating statement expression appear in different macro expansion contexts [-Wcompound-token-split-by-macro]
 4158 |         query = rb_funcall(query_format, rb_intern("%"), 1, encname);
      |                                          ^~~~~~~~~~~~~~
/Users/serenachang/.rbenv/versions/2.6.10/include/ruby-2.6.0/ruby/ruby.h:1826:24: note: expanded from macro 'rb_intern'
 1826 |         __extension__ (RUBY_CONST_ID_CACHE((ID), (str))) : \
      |                        ^~~~~~~~~~~~~~~~~~~~~~~~~~~~~~~~
/Users/serenachang/.rbenv/versions/2.6.10/include/ruby-2.6.0/ruby/ruby.h:1816:5: note: expanded from macro 'RUBY_CONST_ID_CACHE'
 1816 |     }
      |     ^
/Users/serenachang/.rbenv/versions/2.6.10/include/ruby-2.6.0/ruby/ruby.h:2602:20: note: expanded from macro 'rb_funcall'
 2602 |         rb_funcallv(recv, mid, \
      |                           ^~~
pg_connection.c:4158:35: note: ')' token is here
 4158 |         query = rb_funcall(query_format, rb_intern("%"), 1, encname);
      |                                          ^~~~~~~~~~~~~~
/Users/serenachang/.rbenv/versions/2.6.10/include/ruby-2.6.0/ruby/ruby.h:1826:56: note: expanded from macro 'rb_intern'
 1826 |         __extension__ (RUBY_CONST_ID_CACHE((ID), (str))) : \
      |                                                        ^
/Users/serenachang/.rbenv/versions/2.6.10/include/ruby-2.6.0/ruby/ruby.h:2602:20: note: expanded from macro 'rb_funcall'
 2602 |         rb_funcallv(recv, mid, \
      |                           ^~~
pg_connection.c:4467:16: warning: '(' and '{' tokens introducing statement expression appear in different macro expansion contexts [-Wcompound-token-split-by-macro]
 4467 |         s_id_encode = rb_intern("encode");
      |                       ^~~~~~~~~~~~~~~~~~~
/Users/serenachang/.rbenv/versions/2.6.10/include/ruby-2.6.0/ruby/ruby.h:1826:23: note: expanded from macro 'rb_intern'
 1826 |         __extension__ (RUBY_CONST_ID_CACHE((ID), (str))) : \
      |                       ^
pg_connection.c:4467:16: note: '{' token is here
 4467 |         s_id_encode = rb_intern("encode");
      |                       ^~~~~~~~~~~~~~~~~~~
/Users/serenachang/.rbenv/versions/2.6.10/include/ruby-2.6.0/ruby/ruby.h:1826:24: note: expanded from macro 'rb_intern'
 1826 |         __extension__ (RUBY_CONST_ID_CACHE((ID), (str))) : \
      |                        ^~~~~~~~~~~~~~~~~~~~~~~~~~~~~~~~
/Users/serenachang/.rbenv/versions/2.6.10/include/ruby-2.6.0/ruby/ruby.h:1811:5: note: expanded from macro 'RUBY_CONST_ID_CACHE'
 1811 |     {                                                   \
      |     ^
pg_connection.c:4467:16: warning: '}' and ')' tokens terminating statement expression appear in different macro expansion contexts [-Wcompound-token-split-by-macro]
 4467 |         s_id_encode = rb_intern("encode");
      |                       ^~~~~~~~~~~~~~~~~~~
/Users/serenachang/.rbenv/versions/2.6.10/include/ruby-2.6.0/ruby/ruby.h:1826:24: note: expanded from macro 'rb_intern'
 1826 |         __extension__ (RUBY_CONST_ID_CACHE((ID), (str))) : \
      |                        ^~~~~~~~~~~~~~~~~~~~~~~~~~~~~~~~
/Users/serenachang/.rbenv/versions/2.6.10/include/ruby-2.6.0/ruby/ruby.h:1816:5: note: expanded from macro 'RUBY_CONST_ID_CACHE'
 1816 |     }
      |     ^
pg_connection.c:4467:16: note: ')' token is here
 4467 |         s_id_encode = rb_intern("encode");
      |                       ^~~~~~~~~~~~~~~~~~~
/Users/serenachang/.rbenv/versions/2.6.10/include/ruby-2.6.0/ruby/ruby.h:1826:56: note: expanded from macro 'rb_intern'
 1826 |         __extension__ (RUBY_CONST_ID_CACHE((ID), (str))) : \
      |                                                        ^
pg_connection.c:4468:23: warning: '(' and '{' tokens introducing statement expression appear in different macro expansion contexts [-Wcompound-token-split-by-macro]
 4468 |         s_id_autoclose_set = rb_intern("autoclose=");
      |                              ^~~~~~~~~~~~~~~~~~~~~~~
/Users/serenachang/.rbenv/versions/2.6.10/include/ruby-2.6.0/ruby/ruby.h:1826:23: note: expanded from macro 'rb_intern'
 1826 |         __extension__ (RUBY_CONST_ID_CACHE((ID), (str))) : \
      |                       ^
pg_connection.c:4468:23: note: '{' token is here
 4468 |         s_id_autoclose_set = rb_intern("autoclose=");
      |                              ^~~~~~~~~~~~~~~~~~~~~~~
/Users/serenachang/.rbenv/versions/2.6.10/include/ruby-2.6.0/ruby/ruby.h:1826:24: note: expanded from macro 'rb_intern'
 1826 |         __extension__ (RUBY_CONST_ID_CACHE((ID), (str))) : \
      |                        ^~~~~~~~~~~~~~~~~~~~~~~~~~~~~~~~
/Users/serenachang/.rbenv/versions/2.6.10/include/ruby-2.6.0/ruby/ruby.h:1811:5: note: expanded from macro 'RUBY_CONST_ID_CACHE'
 1811 |     {                                                   \
      |     ^
pg_connection.c:4468:23: warning: '}' and ')' tokens terminating statement expression appear in different macro expansion contexts [-Wcompound-token-split-by-macro]
 4468 |         s_id_autoclose_set = rb_intern("autoclose=");
      |                              ^~~~~~~~~~~~~~~~~~~~~~~
/Users/serenachang/.rbenv/versions/2.6.10/include/ruby-2.6.0/ruby/ruby.h:1826:24: note: expanded from macro 'rb_intern'
 1826 |         __extension__ (RUBY_CONST_ID_CACHE((ID), (str))) : \
      |                        ^~~~~~~~~~~~~~~~~~~~~~~~~~~~~~~~
/Users/serenachang/.rbenv/versions/2.6.10/include/ruby-2.6.0/ruby/ruby.h:1816:5: note: expanded from macro 'RUBY_CONST_ID_CACHE'
 1816 |     }
      |     ^
pg_connection.c:4468:23: note: ')' token is here
 4468 |         s_id_autoclose_set = rb_intern("autoclose=");
      |                              ^~~~~~~~~~~~~~~~~~~~~~~
/Users/serenachang/.rbenv/versions/2.6.10/include/ruby-2.6.0/ruby/ruby.h:1826:56: note: expanded from macro 'rb_intern'
 1826 |         __extension__ (RUBY_CONST_ID_CACHE((ID), (str))) : \
      |                                                        ^
pg_connection.c:4469:20: warning: '(' and '{' tokens introducing statement expression appear in different macro expansion contexts [-Wcompound-token-split-by-macro]
 4469 |         sym_type = ID2SYM(rb_intern("type"));
      |                           ^~~~~~~~~~~~~~~~~
/Users/serenachang/.rbenv/versions/2.6.10/include/ruby-2.6.0/ruby/ruby.h:1826:23: note: expanded from macro 'rb_intern'
 1826 |         __extension__ (RUBY_CONST_ID_CACHE((ID), (str))) : \
      |                       ^
/Users/serenachang/.rbenv/versions/2.6.10/include/ruby-2.6.0/ruby/ruby.h:413:29: note: expanded from macro 'ID2SYM'
  413 | #define ID2SYM(x) RB_ID2SYM(x)
      |                             ^
/Users/serenachang/.rbenv/versions/2.6.10/include/ruby-2.6.0/ruby/ruby.h:408:33: note: expanded from macro 'RB_ID2SYM'
  408 | #define RB_ID2SYM(x) (rb_id2sym(x))
      |                                 ^
pg_connection.c:4469:20: note: '{' token is here
 4469 |         sym_type = ID2SYM(rb_intern("type"));
      |                           ^~~~~~~~~~~~~~~~~
/Users/serenachang/.rbenv/versions/2.6.10/include/ruby-2.6.0/ruby/ruby.h:1826:24: note: expanded from macro 'rb_intern'
 1826 |         __extension__ (RUBY_CONST_ID_CACHE((ID), (str))) : \
      |                        ^~~~~~~~~~~~~~~~~~~~~~~~~~~~~~~~
/Users/serenachang/.rbenv/versions/2.6.10/include/ruby-2.6.0/ruby/ruby.h:1811:5: note: expanded from macro 'RUBY_CONST_ID_CACHE'
 1811 |     {                                                   \
      |     ^
/Users/serenachang/.rbenv/versions/2.6.10/include/ruby-2.6.0/ruby/ruby.h:413:29: note: expanded from macro 'ID2SYM'
  413 | #define ID2SYM(x) RB_ID2SYM(x)
      |                             ^
/Users/serenachang/.rbenv/versions/2.6.10/include/ruby-2.6.0/ruby/ruby.h:408:33: note: expanded from macro 'RB_ID2SYM'
  408 | #define RB_ID2SYM(x) (rb_id2sym(x))
      |                                 ^
pg_connection.c:4469:20: warning: '}' and ')' tokens terminating statement expression appear in different macro expansion contexts [-Wcompound-token-split-by-macro]
 4469 |         sym_type = ID2SYM(rb_intern("type"));
      |                           ^~~~~~~~~~~~~~~~~
/Users/serenachang/.rbenv/versions/2.6.10/include/ruby-2.6.0/ruby/ruby.h:1826:24: note: expanded from macro 'rb_intern'
 1826 |         __extension__ (RUBY_CONST_ID_CACHE((ID), (str))) : \
      |                        ^~~~~~~~~~~~~~~~~~~~~~~~~~~~~~~~
/Users/serenachang/.rbenv/versions/2.6.10/include/ruby-2.6.0/ruby/ruby.h:1816:5: note: expanded from macro 'RUBY_CONST_ID_CACHE'
 1816 |     }
      |     ^
/Users/serenachang/.rbenv/versions/2.6.10/include/ruby-2.6.0/ruby/ruby.h:413:29: note: expanded from macro 'ID2SYM'
  413 | #define ID2SYM(x) RB_ID2SYM(x)
      |                             ^
/Users/serenachang/.rbenv/versions/2.6.10/include/ruby-2.6.0/ruby/ruby.h:408:33: note: expanded from macro 'RB_ID2SYM'
  408 | #define RB_ID2SYM(x) (rb_id2sym(x))
      |                                 ^
pg_connection.c:4469:20: note: ')' token is here
 4469 |         sym_type = ID2SYM(rb_intern("type"));
      |                           ^~~~~~~~~~~~~~~~~
/Users/serenachang/.rbenv/versions/2.6.10/include/ruby-2.6.0/ruby/ruby.h:1826:56: note: expanded from macro 'rb_intern'
 1826 |         __extension__ (RUBY_CONST_ID_CACHE((ID), (str))) : \
      |                                                        ^
/Users/serenachang/.rbenv/versions/2.6.10/include/ruby-2.6.0/ruby/ruby.h:413:29: note: expanded from macro 'ID2SYM'
  413 | #define ID2SYM(x) RB_ID2SYM(x)
      |                             ^
/Users/serenachang/.rbenv/versions/2.6.10/include/ruby-2.6.0/ruby/ruby.h:408:33: note: expanded from macro 'RB_ID2SYM'
  408 | #define RB_ID2SYM(x) (rb_id2sym(x))
      |                                 ^
pg_connection.c:4470:22: warning: '(' and '{' tokens introducing statement expression appear in different macro expansion contexts [-Wcompound-token-split-by-macro]
 4470 |         sym_format = ID2SYM(rb_intern("format"));
      |                             ^~~~~~~~~~~~~~~~~~~
/Users/serenachang/.rbenv/versions/2.6.10/include/ruby-2.6.0/ruby/ruby.h:1826:23: note: expanded from macro 'rb_intern'
 1826 |         __extension__ (RUBY_CONST_ID_CACHE((ID), (str))) : \
      |                       ^
/Users/serenachang/.rbenv/versions/2.6.10/include/ruby-2.6.0/ruby/ruby.h:413:29: note: expanded from macro 'ID2SYM'
  413 | #define ID2SYM(x) RB_ID2SYM(x)
      |                             ^
/Users/serenachang/.rbenv/versions/2.6.10/include/ruby-2.6.0/ruby/ruby.h:408:33: note: expanded from macro 'RB_ID2SYM'
  408 | #define RB_ID2SYM(x) (rb_id2sym(x))
      |                                 ^
pg_connection.c:4470:22: note: '{' token is here
 4470 |         sym_format = ID2SYM(rb_intern("format"));
      |                             ^~~~~~~~~~~~~~~~~~~
/Users/serenachang/.rbenv/versions/2.6.10/include/ruby-2.6.0/ruby/ruby.h:1826:24: note: expanded from macro 'rb_intern'
 1826 |         __extension__ (RUBY_CONST_ID_CACHE((ID), (str))) : \
      |                        ^~~~~~~~~~~~~~~~~~~~~~~~~~~~~~~~
/Users/serenachang/.rbenv/versions/2.6.10/include/ruby-2.6.0/ruby/ruby.h:1811:5: note: expanded from macro 'RUBY_CONST_ID_CACHE'
 1811 |     {                                                   \
      |     ^
/Users/serenachang/.rbenv/versions/2.6.10/include/ruby-2.6.0/ruby/ruby.h:413:29: note: expanded from macro 'ID2SYM'
  413 | #define ID2SYM(x) RB_ID2SYM(x)
      |                             ^
/Users/serenachang/.rbenv/versions/2.6.10/include/ruby-2.6.0/ruby/ruby.h:408:33: note: expanded from macro 'RB_ID2SYM'
  408 | #define RB_ID2SYM(x) (rb_id2sym(x))
      |                                 ^
pg_connection.c:4470:22: warning: '}' and ')' tokens terminating statement expression appear in different macro expansion contexts [-Wcompound-token-split-by-macro]
 4470 |         sym_format = ID2SYM(rb_intern("format"));
      |                             ^~~~~~~~~~~~~~~~~~~
/Users/serenachang/.rbenv/versions/2.6.10/include/ruby-2.6.0/ruby/ruby.h:1826:24: note: expanded from macro 'rb_intern'
 1826 |         __extension__ (RUBY_CONST_ID_CACHE((ID), (str))) : \
      |                        ^~~~~~~~~~~~~~~~~~~~~~~~~~~~~~~~
/Users/serenachang/.rbenv/versions/2.6.10/include/ruby-2.6.0/ruby/ruby.h:1816:5: note: expanded from macro 'RUBY_CONST_ID_CACHE'
 1816 |     }
      |     ^
/Users/serenachang/.rbenv/versions/2.6.10/include/ruby-2.6.0/ruby/ruby.h:413:29: note: expanded from macro 'ID2SYM'
  413 | #define ID2SYM(x) RB_ID2SYM(x)
      |                             ^
/Users/serenachang/.rbenv/versions/2.6.10/include/ruby-2.6.0/ruby/ruby.h:408:33: note: expanded from macro 'RB_ID2SYM'
  408 | #define RB_ID2SYM(x) (rb_id2sym(x))
      |                                 ^
pg_connection.c:4470:22: note: ')' token is here
 4470 |         sym_format = ID2SYM(rb_intern("format"));
      |                             ^~~~~~~~~~~~~~~~~~~
/Users/serenachang/.rbenv/versions/2.6.10/include/ruby-2.6.0/ruby/ruby.h:1826:56: note: expanded from macro 'rb_intern'
 1826 |         __extension__ (RUBY_CONST_ID_CACHE((ID), (str))) : \
      |                                                        ^
/Users/serenachang/.rbenv/versions/2.6.10/include/ruby-2.6.0/ruby/ruby.h:413:29: note: expanded from macro 'ID2SYM'
  413 | #define ID2SYM(x) RB_ID2SYM(x)
      |                             ^
/Users/serenachang/.rbenv/versions/2.6.10/include/ruby-2.6.0/ruby/ruby.h:408:33: note: expanded from macro 'RB_ID2SYM'
  408 | #define RB_ID2SYM(x) (rb_id2sym(x))
      |                                 ^
pg_connection.c:4471:21: warning: '(' and '{' tokens introducing statement expression appear in different macro expansion contexts [-Wcompound-token-split-by-macro]
 4471 |         sym_value = ID2SYM(rb_intern("value"));
      |                            ^~~~~~~~~~~~~~~~~~
/Users/serenachang/.rbenv/versions/2.6.10/include/ruby-2.6.0/ruby/ruby.h:1826:23: note: expanded from macro 'rb_intern'
 1826 |         __extension__ (RUBY_CONST_ID_CACHE((ID), (str))) : \
      |                       ^
/Users/serenachang/.rbenv/versions/2.6.10/include/ruby-2.6.0/ruby/ruby.h:413:29: note: expanded from macro 'ID2SYM'
  413 | #define ID2SYM(x) RB_ID2SYM(x)
      |                             ^
/Users/serenachang/.rbenv/versions/2.6.10/include/ruby-2.6.0/ruby/ruby.h:408:33: note: expanded from macro 'RB_ID2SYM'
  408 | #define RB_ID2SYM(x) (rb_id2sym(x))
      |                                 ^
pg_connection.c:4471:21: note: '{' token is here
 4471 |         sym_value = ID2SYM(rb_intern("value"));
      |                            ^~~~~~~~~~~~~~~~~~
/Users/serenachang/.rbenv/versions/2.6.10/include/ruby-2.6.0/ruby/ruby.h:1826:24: note: expanded from macro 'rb_intern'
 1826 |         __extension__ (RUBY_CONST_ID_CACHE((ID), (str))) : \
      |                        ^~~~~~~~~~~~~~~~~~~~~~~~~~~~~~~~
/Users/serenachang/.rbenv/versions/2.6.10/include/ruby-2.6.0/ruby/ruby.h:1811:5: note: expanded from macro 'RUBY_CONST_ID_CACHE'
 1811 |     {                                                   \
      |     ^
/Users/serenachang/.rbenv/versions/2.6.10/include/ruby-2.6.0/ruby/ruby.h:413:29: note: expanded from macro 'ID2SYM'
  413 | #define ID2SYM(x) RB_ID2SYM(x)
      |                             ^
/Users/serenachang/.rbenv/versions/2.6.10/include/ruby-2.6.0/ruby/ruby.h:408:33: note: expanded from macro 'RB_ID2SYM'
  408 | #define RB_ID2SYM(x) (rb_id2sym(x))
      |                                 ^
pg_connection.c:4471:21: warning: '}' and ')' tokens terminating statement expression appear in different macro expansion contexts [-Wcompound-token-split-by-macro]
 4471 |         sym_value = ID2SYM(rb_intern("value"));
      |                            ^~~~~~~~~~~~~~~~~~
/Users/serenachang/.rbenv/versions/2.6.10/include/ruby-2.6.0/ruby/ruby.h:1826:24: note: expanded from macro 'rb_intern'
 1826 |         __extension__ (RUBY_CONST_ID_CACHE((ID), (str))) : \
      |                        ^~~~~~~~~~~~~~~~~~~~~~~~~~~~~~~~
/Users/serenachang/.rbenv/versions/2.6.10/include/ruby-2.6.0/ruby/ruby.h:1816:5: note: expanded from macro 'RUBY_CONST_ID_CACHE'
 1816 |     }
      |     ^
/Users/serenachang/.rbenv/versions/2.6.10/include/ruby-2.6.0/ruby/ruby.h:413:29: note: expanded from macro 'ID2SYM'
  413 | #define ID2SYM(x) RB_ID2SYM(x)
      |                             ^
/Users/serenachang/.rbenv/versions/2.6.10/include/ruby-2.6.0/ruby/ruby.h:408:33: note: expanded from macro 'RB_ID2SYM'
  408 | #define RB_ID2SYM(x) (rb_id2sym(x))
      |                                 ^
pg_connection.c:4471:21: note: ')' token is here
 4471 |         sym_value = ID2SYM(rb_intern("value"));
      |                            ^~~~~~~~~~~~~~~~~~
/Users/serenachang/.rbenv/versions/2.6.10/include/ruby-2.6.0/ruby/ruby.h:1826:56: note: expanded from macro 'rb_intern'
 1826 |         __extension__ (RUBY_CONST_ID_CACHE((ID), (str))) : \
      |                                                        ^
/Users/serenachang/.rbenv/versions/2.6.10/include/ruby-2.6.0/ruby/ruby.h:413:29: note: expanded from macro 'ID2SYM'
  413 | #define ID2SYM(x) RB_ID2SYM(x)
      |                             ^
/Users/serenachang/.rbenv/versions/2.6.10/include/ruby-2.6.0/ruby/ruby.h:408:33: note: expanded from macro 'RB_ID2SYM'
  408 | #define RB_ID2SYM(x) (rb_id2sym(x))
      |                                 ^
pg_connection.c:4472:22: warning: '(' and '{' tokens introducing statement expression appear in different macro expansion contexts [-Wcompound-token-split-by-macro]
 4472 |         sym_string = ID2SYM(rb_intern("string"));
      |                             ^~~~~~~~~~~~~~~~~~~
/Users/serenachang/.rbenv/versions/2.6.10/include/ruby-2.6.0/ruby/ruby.h:1826:23: note: expanded from macro 'rb_intern'
 1826 |         __extension__ (RUBY_CONST_ID_CACHE((ID), (str))) : \
      |                       ^
/Users/serenachang/.rbenv/versions/2.6.10/include/ruby-2.6.0/ruby/ruby.h:413:29: note: expanded from macro 'ID2SYM'
  413 | #define ID2SYM(x) RB_ID2SYM(x)
      |                             ^
/Users/serenachang/.rbenv/versions/2.6.10/include/ruby-2.6.0/ruby/ruby.h:408:33: note: expanded from macro 'RB_ID2SYM'
  408 | #define RB_ID2SYM(x) (rb_id2sym(x))
      |                                 ^
pg_connection.c:4472:22: note: '{' token is here
 4472 |         sym_string = ID2SYM(rb_intern("string"));
      |                             ^~~~~~~~~~~~~~~~~~~
/Users/serenachang/.rbenv/versions/2.6.10/include/ruby-2.6.0/ruby/ruby.h:1826:24: note: expanded from macro 'rb_intern'
 1826 |         __extension__ (RUBY_CONST_ID_CACHE((ID), (str))) : \
      |                        ^~~~~~~~~~~~~~~~~~~~~~~~~~~~~~~~
/Users/serenachang/.rbenv/versions/2.6.10/include/ruby-2.6.0/ruby/ruby.h:1811:5: note: expanded from macro 'RUBY_CONST_ID_CACHE'
 1811 |     {                                                   \
      |     ^
/Users/serenachang/.rbenv/versions/2.6.10/include/ruby-2.6.0/ruby/ruby.h:413:29: note: expanded from macro 'ID2SYM'
  413 | #define ID2SYM(x) RB_ID2SYM(x)
      |                             ^
/Users/serenachang/.rbenv/versions/2.6.10/include/ruby-2.6.0/ruby/ruby.h:408:33: note: expanded from macro 'RB_ID2SYM'
  408 | #define RB_ID2SYM(x) (rb_id2sym(x))
      |                                 ^
pg_connection.c:4472:22: warning: '}' and ')' tokens terminating statement expression appear in different macro expansion contexts [-Wcompound-token-split-by-macro]
 4472 |         sym_string = ID2SYM(rb_intern("string"));
      |                             ^~~~~~~~~~~~~~~~~~~
/Users/serenachang/.rbenv/versions/2.6.10/include/ruby-2.6.0/ruby/ruby.h:1826:24: note: expanded from macro 'rb_intern'
 1826 |         __extension__ (RUBY_CONST_ID_CACHE((ID), (str))) : \
      |                        ^~~~~~~~~~~~~~~~~~~~~~~~~~~~~~~~
/Users/serenachang/.rbenv/versions/2.6.10/include/ruby-2.6.0/ruby/ruby.h:1816:5: note: expanded from macro 'RUBY_CONST_ID_CACHE'
 1816 |     }
      |     ^
/Users/serenachang/.rbenv/versions/2.6.10/include/ruby-2.6.0/ruby/ruby.h:413:29: note: expanded from macro 'ID2SYM'
  413 | #define ID2SYM(x) RB_ID2SYM(x)
      |                             ^
/Users/serenachang/.rbenv/versions/2.6.10/include/ruby-2.6.0/ruby/ruby.h:408:33: note: expanded from macro 'RB_ID2SYM'
  408 | #define RB_ID2SYM(x) (rb_id2sym(x))
      |                                 ^
pg_connection.c:4472:22: note: ')' token is here
 4472 |         sym_string = ID2SYM(rb_intern("string"));
      |                             ^~~~~~~~~~~~~~~~~~~
/Users/serenachang/.rbenv/versions/2.6.10/include/ruby-2.6.0/ruby/ruby.h:1826:56: note: expanded from macro 'rb_intern'
 1826 |         __extension__ (RUBY_CONST_ID_CACHE((ID), (str))) : \
      |                                                        ^
/Users/serenachang/.rbenv/versions/2.6.10/include/ruby-2.6.0/ruby/ruby.h:413:29: note: expanded from macro 'ID2SYM'
  413 | #define ID2SYM(x) RB_ID2SYM(x)
      |                             ^
/Users/serenachang/.rbenv/versions/2.6.10/include/ruby-2.6.0/ruby/ruby.h:408:33: note: expanded from macro 'RB_ID2SYM'
  408 | #define RB_ID2SYM(x) (rb_id2sym(x))
      |                                 ^
pg_connection.c:4473:22: warning: '(' and '{' tokens introducing statement expression appear in different macro expansion contexts [-Wcompound-token-split-by-macro]
 4473 |         sym_symbol = ID2SYM(rb_intern("symbol"));
      |                             ^~~~~~~~~~~~~~~~~~~
/Users/serenachang/.rbenv/versions/2.6.10/include/ruby-2.6.0/ruby/ruby.h:1826:23: note: expanded from macro 'rb_intern'
 1826 |         __extension__ (RUBY_CONST_ID_CACHE((ID), (str))) : \
      |                       ^
/Users/serenachang/.rbenv/versions/2.6.10/include/ruby-2.6.0/ruby/ruby.h:413:29: note: expanded from macro 'ID2SYM'
  413 | #define ID2SYM(x) RB_ID2SYM(x)
      |                             ^
/Users/serenachang/.rbenv/versions/2.6.10/include/ruby-2.6.0/ruby/ruby.h:408:33: note: expanded from macro 'RB_ID2SYM'
  408 | #define RB_ID2SYM(x) (rb_id2sym(x))
      |                                 ^
pg_connection.c:4473:22: note: '{' token is here
 4473 |         sym_symbol = ID2SYM(rb_intern("symbol"));
      |                             ^~~~~~~~~~~~~~~~~~~
/Users/serenachang/.rbenv/versions/2.6.10/include/ruby-2.6.0/ruby/ruby.h:1826:24: note: expanded from macro 'rb_intern'
 1826 |         __extension__ (RUBY_CONST_ID_CACHE((ID), (str))) : \
      |                        ^~~~~~~~~~~~~~~~~~~~~~~~~~~~~~~~
/Users/serenachang/.rbenv/versions/2.6.10/include/ruby-2.6.0/ruby/ruby.h:1811:5: note: expanded from macro 'RUBY_CONST_ID_CACHE'
 1811 |     {                                                   \
      |     ^
/Users/serenachang/.rbenv/versions/2.6.10/include/ruby-2.6.0/ruby/ruby.h:413:29: note: expanded from macro 'ID2SYM'
  413 | #define ID2SYM(x) RB_ID2SYM(x)
      |                             ^
/Users/serenachang/.rbenv/versions/2.6.10/include/ruby-2.6.0/ruby/ruby.h:408:33: note: expanded from macro 'RB_ID2SYM'
  408 | #define RB_ID2SYM(x) (rb_id2sym(x))
      |                                 ^
pg_connection.c:4473:22: warning: '}' and ')' tokens terminating statement expression appear in different macro expansion contexts [-Wcompound-token-split-by-macro]
 4473 |         sym_symbol = ID2SYM(rb_intern("symbol"));
      |                             ^~~~~~~~~~~~~~~~~~~
/Users/serenachang/.rbenv/versions/2.6.10/include/ruby-2.6.0/ruby/ruby.h:1826:24: note: expanded from macro 'rb_intern'
 1826 |         __extension__ (RUBY_CONST_ID_CACHE((ID), (str))) : \
      |                        ^~~~~~~~~~~~~~~~~~~~~~~~~~~~~~~~
/Users/serenachang/.rbenv/versions/2.6.10/include/ruby-2.6.0/ruby/ruby.h:1816:5: note: expanded from macro 'RUBY_CONST_ID_CACHE'
 1816 |     }
      |     ^
/Users/serenachang/.rbenv/versions/2.6.10/include/ruby-2.6.0/ruby/ruby.h:413:29: note: expanded from macro 'ID2SYM'
  413 | #define ID2SYM(x) RB_ID2SYM(x)
      |                             ^
/Users/serenachang/.rbenv/versions/2.6.10/include/ruby-2.6.0/ruby/ruby.h:408:33: note: expanded from macro 'RB_ID2SYM'
  408 | #define RB_ID2SYM(x) (rb_id2sym(x))
      |                                 ^
pg_connection.c:4473:22: note: ')' token is here
 4473 |         sym_symbol = ID2SYM(rb_intern("symbol"));
      |                             ^~~~~~~~~~~~~~~~~~~
/Users/serenachang/.rbenv/versions/2.6.10/include/ruby-2.6.0/ruby/ruby.h:1826:56: note: expanded from macro 'rb_intern'
 1826 |         __extension__ (RUBY_CONST_ID_CACHE((ID), (str))) : \
      |                                                        ^
/Users/serenachang/.rbenv/versions/2.6.10/include/ruby-2.6.0/ruby/ruby.h:413:29: note: expanded from macro 'ID2SYM'
  413 | #define ID2SYM(x) RB_ID2SYM(x)
      |                             ^
/Users/serenachang/.rbenv/versions/2.6.10/include/ruby-2.6.0/ruby/ruby.h:408:33: note: expanded from macro 'RB_ID2SYM'
  408 | #define RB_ID2SYM(x) (rb_id2sym(x))
      |                                 ^
pg_connection.c:4474:29: warning: '(' and '{' tokens introducing statement expression appear in different macro expansion contexts [-Wcompound-token-split-by-macro]
 4474 |         sym_static_symbol = ID2SYM(rb_intern("static_symbol"));
      |                                    ^~~~~~~~~~~~~~~~~~~~~~~~~~
/Users/serenachang/.rbenv/versions/2.6.10/include/ruby-2.6.0/ruby/ruby.h:1826:23: note: expanded from macro 'rb_intern'
 1826 |         __extension__ (RUBY_CONST_ID_CACHE((ID), (str))) : \
      |                       ^
/Users/serenachang/.rbenv/versions/2.6.10/include/ruby-2.6.0/ruby/ruby.h:413:29: note: expanded from macro 'ID2SYM'
  413 | #define ID2SYM(x) RB_ID2SYM(x)
      |                             ^
/Users/serenachang/.rbenv/versions/2.6.10/include/ruby-2.6.0/ruby/ruby.h:408:33: note: expanded from macro 'RB_ID2SYM'
  408 | #define RB_ID2SYM(x) (rb_id2sym(x))
      |                                 ^
pg_connection.c:4474:29: note: '{' token is here
 4474 |         sym_static_symbol = ID2SYM(rb_intern("static_symbol"));
      |                                    ^~~~~~~~~~~~~~~~~~~~~~~~~~
/Users/serenachang/.rbenv/versions/2.6.10/include/ruby-2.6.0/ruby/ruby.h:1826:24: note: expanded from macro 'rb_intern'
 1826 |         __extension__ (RUBY_CONST_ID_CACHE((ID), (str))) : \
      |                        ^~~~~~~~~~~~~~~~~~~~~~~~~~~~~~~~
/Users/serenachang/.rbenv/versions/2.6.10/include/ruby-2.6.0/ruby/ruby.h:1811:5: note: expanded from macro 'RUBY_CONST_ID_CACHE'
 1811 |     {                                                   \
      |     ^
/Users/serenachang/.rbenv/versions/2.6.10/include/ruby-2.6.0/ruby/ruby.h:413:29: note: expanded from macro 'ID2SYM'
  413 | #define ID2SYM(x) RB_ID2SYM(x)
      |                             ^
/Users/serenachang/.rbenv/versions/2.6.10/include/ruby-2.6.0/ruby/ruby.h:408:33: note: expanded from macro 'RB_ID2SYM'
  408 | #define RB_ID2SYM(x) (rb_id2sym(x))
      |                                 ^
pg_connection.c:4474:29: warning: '}' and ')' tokens terminating statement expression appear in different macro expansion contexts [-Wcompound-token-split-by-macro]
 4474 |         sym_static_symbol = ID2SYM(rb_intern("static_symbol"));
      |                                    ^~~~~~~~~~~~~~~~~~~~~~~~~~
/Users/serenachang/.rbenv/versions/2.6.10/include/ruby-2.6.0/ruby/ruby.h:1826:24: note: expanded from macro 'rb_intern'
 1826 |         __extension__ (RUBY_CONST_ID_CACHE((ID), (str))) : \
      |                        ^~~~~~~~~~~~~~~~~~~~~~~~~~~~~~~~
/Users/serenachang/.rbenv/versions/2.6.10/include/ruby-2.6.0/ruby/ruby.h:1816:5: note: expanded from macro 'RUBY_CONST_ID_CACHE'
 1816 |     }
      |     ^
/Users/serenachang/.rbenv/versions/2.6.10/include/ruby-2.6.0/ruby/ruby.h:413:29: note: expanded from macro 'ID2SYM'
  413 | #define ID2SYM(x) RB_ID2SYM(x)
      |                             ^
/Users/serenachang/.rbenv/versions/2.6.10/include/ruby-2.6.0/ruby/ruby.h:408:33: note: expanded from macro 'RB_ID2SYM'
  408 | #define RB_ID2SYM(x) (rb_id2sym(x))
      |                                 ^
pg_connection.c:4474:29: note: ')' token is here
 4474 |         sym_static_symbol = ID2SYM(rb_intern("static_symbol"));
      |                                    ^~~~~~~~~~~~~~~~~~~~~~~~~~
/Users/serenachang/.rbenv/versions/2.6.10/include/ruby-2.6.0/ruby/ruby.h:1826:56: note: expanded from macro 'rb_intern'
 1826 |         __extension__ (RUBY_CONST_ID_CACHE((ID), (str))) : \
      |                                                        ^
/Users/serenachang/.rbenv/versions/2.6.10/include/ruby-2.6.0/ruby/ruby.h:413:29: note: expanded from macro 'ID2SYM'
  413 | #define ID2SYM(x) RB_ID2SYM(x)
      |                             ^
/Users/serenachang/.rbenv/versions/2.6.10/include/ruby-2.6.0/ruby/ruby.h:408:33: note: expanded from macro 'RB_ID2SYM'
  408 | #define RB_ID2SYM(x) (rb_id2sym(x))
      |                                 ^
68 warnings generated.
compiling pg_copy_coder.c
compiling pg_errors.c
compiling pg_record_coder.c
compiling pg_result.c
pg_result.c:1695:22: warning: '(' and '{' tokens introducing statement expression appear in different macro expansion contexts [-Wcompound-token-split-by-macro]
 1695 |         sym_string = ID2SYM(rb_intern("string"));
      |                             ^~~~~~~~~~~~~~~~~~~
/Users/serenachang/.rbenv/versions/2.6.10/include/ruby-2.6.0/ruby/ruby.h:1826:23: note: expanded from macro 'rb_intern'
 1826 |         __extension__ (RUBY_CONST_ID_CACHE((ID), (str))) : \
      |                       ^
/Users/serenachang/.rbenv/versions/2.6.10/include/ruby-2.6.0/ruby/ruby.h:413:29: note: expanded from macro 'ID2SYM'
  413 | #define ID2SYM(x) RB_ID2SYM(x)
      |                             ^
/Users/serenachang/.rbenv/versions/2.6.10/include/ruby-2.6.0/ruby/ruby.h:408:33: note: expanded from macro 'RB_ID2SYM'
  408 | #define RB_ID2SYM(x) (rb_id2sym(x))
      |                                 ^
pg_result.c:1695:22: note: '{' token is here
 1695 |         sym_string = ID2SYM(rb_intern("string"));
      |                             ^~~~~~~~~~~~~~~~~~~
/Users/serenachang/.rbenv/versions/2.6.10/include/ruby-2.6.0/ruby/ruby.h:1826:24: note: expanded from macro 'rb_intern'
 1826 |         __extension__ (RUBY_CONST_ID_CACHE((ID), (str))) : \
      |                        ^~~~~~~~~~~~~~~~~~~~~~~~~~~~~~~~
/Users/serenachang/.rbenv/versions/2.6.10/include/ruby-2.6.0/ruby/ruby.h:1811:5: note: expanded from macro 'RUBY_CONST_ID_CACHE'
 1811 |     {                                                   \
      |     ^
/Users/serenachang/.rbenv/versions/2.6.10/include/ruby-2.6.0/ruby/ruby.h:413:29: note: expanded from macro 'ID2SYM'
  413 | #define ID2SYM(x) RB_ID2SYM(x)
      |                             ^
/Users/serenachang/.rbenv/versions/2.6.10/include/ruby-2.6.0/ruby/ruby.h:408:33: note: expanded from macro 'RB_ID2SYM'
  408 | #define RB_ID2SYM(x) (rb_id2sym(x))
      |                                 ^
pg_result.c:1695:22: warning: '}' and ')' tokens terminating statement expression appear in different macro expansion contexts [-Wcompound-token-split-by-macro]
 1695 |         sym_string = ID2SYM(rb_intern("string"));
      |                             ^~~~~~~~~~~~~~~~~~~
/Users/serenachang/.rbenv/versions/2.6.10/include/ruby-2.6.0/ruby/ruby.h:1826:24: note: expanded from macro 'rb_intern'
 1826 |         __extension__ (RUBY_CONST_ID_CACHE((ID), (str))) : \
      |                        ^~~~~~~~~~~~~~~~~~~~~~~~~~~~~~~~
/Users/serenachang/.rbenv/versions/2.6.10/include/ruby-2.6.0/ruby/ruby.h:1816:5: note: expanded from macro 'RUBY_CONST_ID_CACHE'
 1816 |     }
      |     ^
/Users/serenachang/.rbenv/versions/2.6.10/include/ruby-2.6.0/ruby/ruby.h:413:29: note: expanded from macro 'ID2SYM'
  413 | #define ID2SYM(x) RB_ID2SYM(x)
      |                             ^
/Users/serenachang/.rbenv/versions/2.6.10/include/ruby-2.6.0/ruby/ruby.h:408:33: note: expanded from macro 'RB_ID2SYM'
  408 | #define RB_ID2SYM(x) (rb_id2sym(x))
      |                                 ^
pg_result.c:1695:22: note: ')' token is here
 1695 |         sym_string = ID2SYM(rb_intern("string"));
      |                             ^~~~~~~~~~~~~~~~~~~
/Users/serenachang/.rbenv/versions/2.6.10/include/ruby-2.6.0/ruby/ruby.h:1826:56: note: expanded from macro 'rb_intern'
 1826 |         __extension__ (RUBY_CONST_ID_CACHE((ID), (str))) : \
      |                                                        ^
/Users/serenachang/.rbenv/versions/2.6.10/include/ruby-2.6.0/ruby/ruby.h:413:29: note: expanded from macro 'ID2SYM'
  413 | #define ID2SYM(x) RB_ID2SYM(x)
      |                             ^
/Users/serenachang/.rbenv/versions/2.6.10/include/ruby-2.6.0/ruby/ruby.h:408:33: note: expanded from macro 'RB_ID2SYM'
  408 | #define RB_ID2SYM(x) (rb_id2sym(x))
      |                                 ^
pg_result.c:1696:22: warning: '(' and '{' tokens introducing statement expression appear in different macro expansion contexts [-Wcompound-token-split-by-macro]
 1696 |         sym_symbol = ID2SYM(rb_intern("symbol"));
      |                             ^~~~~~~~~~~~~~~~~~~
/Users/serenachang/.rbenv/versions/2.6.10/include/ruby-2.6.0/ruby/ruby.h:1826:23: note: expanded from macro 'rb_intern'
 1826 |         __extension__ (RUBY_CONST_ID_CACHE((ID), (str))) : \
      |                       ^
/Users/serenachang/.rbenv/versions/2.6.10/include/ruby-2.6.0/ruby/ruby.h:413:29: note: expanded from macro 'ID2SYM'
  413 | #define ID2SYM(x) RB_ID2SYM(x)
      |                             ^
/Users/serenachang/.rbenv/versions/2.6.10/include/ruby-2.6.0/ruby/ruby.h:408:33: note: expanded from macro 'RB_ID2SYM'
  408 | #define RB_ID2SYM(x) (rb_id2sym(x))
      |                                 ^
pg_result.c:1696:22: note: '{' token is here
 1696 |         sym_symbol = ID2SYM(rb_intern("symbol"));
      |                             ^~~~~~~~~~~~~~~~~~~
/Users/serenachang/.rbenv/versions/2.6.10/include/ruby-2.6.0/ruby/ruby.h:1826:24: note: expanded from macro 'rb_intern'
 1826 |         __extension__ (RUBY_CONST_ID_CACHE((ID), (str))) : \
      |                        ^~~~~~~~~~~~~~~~~~~~~~~~~~~~~~~~
/Users/serenachang/.rbenv/versions/2.6.10/include/ruby-2.6.0/ruby/ruby.h:1811:5: note: expanded from macro 'RUBY_CONST_ID_CACHE'
 1811 |     {                                                   \
      |     ^
/Users/serenachang/.rbenv/versions/2.6.10/include/ruby-2.6.0/ruby/ruby.h:413:29: note: expanded from macro 'ID2SYM'
  413 | #define ID2SYM(x) RB_ID2SYM(x)
      |                             ^
/Users/serenachang/.rbenv/versions/2.6.10/include/ruby-2.6.0/ruby/ruby.h:408:33: note: expanded from macro 'RB_ID2SYM'
  408 | #define RB_ID2SYM(x) (rb_id2sym(x))
      |                                 ^
pg_result.c:1696:22: warning: '}' and ')' tokens terminating statement expression appear in different macro expansion contexts [-Wcompound-token-split-by-macro]
 1696 |         sym_symbol = ID2SYM(rb_intern("symbol"));
      |                             ^~~~~~~~~~~~~~~~~~~
/Users/serenachang/.rbenv/versions/2.6.10/include/ruby-2.6.0/ruby/ruby.h:1826:24: note: expanded from macro 'rb_intern'
 1826 |         __extension__ (RUBY_CONST_ID_CACHE((ID), (str))) : \
      |                        ^~~~~~~~~~~~~~~~~~~~~~~~~~~~~~~~
/Users/serenachang/.rbenv/versions/2.6.10/include/ruby-2.6.0/ruby/ruby.h:1816:5: note: expanded from macro 'RUBY_CONST_ID_CACHE'
 1816 |     }
      |     ^
/Users/serenachang/.rbenv/versions/2.6.10/include/ruby-2.6.0/ruby/ruby.h:413:29: note: expanded from macro 'ID2SYM'
  413 | #define ID2SYM(x) RB_ID2SYM(x)
      |                             ^
/Users/serenachang/.rbenv/versions/2.6.10/include/ruby-2.6.0/ruby/ruby.h:408:33: note: expanded from macro 'RB_ID2SYM'
  408 | #define RB_ID2SYM(x) (rb_id2sym(x))
      |                                 ^
pg_result.c:1696:22: note: ')' token is here
 1696 |         sym_symbol = ID2SYM(rb_intern("symbol"));
      |                             ^~~~~~~~~~~~~~~~~~~
/Users/serenachang/.rbenv/versions/2.6.10/include/ruby-2.6.0/ruby/ruby.h:1826:56: note: expanded from macro 'rb_intern'
 1826 |         __extension__ (RUBY_CONST_ID_CACHE((ID), (str))) : \
      |                                                        ^
/Users/serenachang/.rbenv/versions/2.6.10/include/ruby-2.6.0/ruby/ruby.h:413:29: note: expanded from macro 'ID2SYM'
  413 | #define ID2SYM(x) RB_ID2SYM(x)
      |                             ^
/Users/serenachang/.rbenv/versions/2.6.10/include/ruby-2.6.0/ruby/ruby.h:408:33: note: expanded from macro 'RB_ID2SYM'
  408 | #define RB_ID2SYM(x) (rb_id2sym(x))
      |                                 ^
pg_result.c:1697:29: warning: '(' and '{' tokens introducing statement expression appear in different macro expansion contexts [-Wcompound-token-split-by-macro]
 1697 |         sym_static_symbol = ID2SYM(rb_intern("static_symbol"));
      |                                    ^~~~~~~~~~~~~~~~~~~~~~~~~~
/Users/serenachang/.rbenv/versions/2.6.10/include/ruby-2.6.0/ruby/ruby.h:1826:23: note: expanded from macro 'rb_intern'
 1826 |         __extension__ (RUBY_CONST_ID_CACHE((ID), (str))) : \
      |                       ^
/Users/serenachang/.rbenv/versions/2.6.10/include/ruby-2.6.0/ruby/ruby.h:413:29: note: expanded from macro 'ID2SYM'
  413 | #define ID2SYM(x) RB_ID2SYM(x)
      |                             ^
/Users/serenachang/.rbenv/versions/2.6.10/include/ruby-2.6.0/ruby/ruby.h:408:33: note: expanded from macro 'RB_ID2SYM'
  408 | #define RB_ID2SYM(x) (rb_id2sym(x))
      |                                 ^
pg_result.c:1697:29: note: '{' token is here
 1697 |         sym_static_symbol = ID2SYM(rb_intern("static_symbol"));
      |                                    ^~~~~~~~~~~~~~~~~~~~~~~~~~
/Users/serenachang/.rbenv/versions/2.6.10/include/ruby-2.6.0/ruby/ruby.h:1826:24: note: expanded from macro 'rb_intern'
 1826 |         __extension__ (RUBY_CONST_ID_CACHE((ID), (str))) : \
      |                        ^~~~~~~~~~~~~~~~~~~~~~~~~~~~~~~~
/Users/serenachang/.rbenv/versions/2.6.10/include/ruby-2.6.0/ruby/ruby.h:1811:5: note: expanded from macro 'RUBY_CONST_ID_CACHE'
 1811 |     {                                                   \
      |     ^
/Users/serenachang/.rbenv/versions/2.6.10/include/ruby-2.6.0/ruby/ruby.h:413:29: note: expanded from macro 'ID2SYM'
  413 | #define ID2SYM(x) RB_ID2SYM(x)
      |                             ^
/Users/serenachang/.rbenv/versions/2.6.10/include/ruby-2.6.0/ruby/ruby.h:408:33: note: expanded from macro 'RB_ID2SYM'
  408 | #define RB_ID2SYM(x) (rb_id2sym(x))
      |                                 ^
pg_result.c:1697:29: warning: '}' and ')' tokens terminating statement expression appear in different macro expansion contexts [-Wcompound-token-split-by-macro]
 1697 |         sym_static_symbol = ID2SYM(rb_intern("static_symbol"));
      |                                    ^~~~~~~~~~~~~~~~~~~~~~~~~~
/Users/serenachang/.rbenv/versions/2.6.10/include/ruby-2.6.0/ruby/ruby.h:1826:24: note: expanded from macro 'rb_intern'
 1826 |         __extension__ (RUBY_CONST_ID_CACHE((ID), (str))) : \
      |                        ^~~~~~~~~~~~~~~~~~~~~~~~~~~~~~~~
/Users/serenachang/.rbenv/versions/2.6.10/include/ruby-2.6.0/ruby/ruby.h:1816:5: note: expanded from macro 'RUBY_CONST_ID_CACHE'
 1816 |     }
      |     ^
/Users/serenachang/.rbenv/versions/2.6.10/include/ruby-2.6.0/ruby/ruby.h:413:29: note: expanded from macro 'ID2SYM'
  413 | #define ID2SYM(x) RB_ID2SYM(x)
      |                             ^
/Users/serenachang/.rbenv/versions/2.6.10/include/ruby-2.6.0/ruby/ruby.h:408:33: note: expanded from macro 'RB_ID2SYM'
  408 | #define RB_ID2SYM(x) (rb_id2sym(x))
      |                                 ^
pg_result.c:1697:29: note: ')' token is here
 1697 |         sym_static_symbol = ID2SYM(rb_intern("static_symbol"));
      |                                    ^~~~~~~~~~~~~~~~~~~~~~~~~~
/Users/serenachang/.rbenv/versions/2.6.10/include/ruby-2.6.0/ruby/ruby.h:1826:56: note: expanded from macro 'rb_intern'
 1826 |         __extension__ (RUBY_CONST_ID_CACHE((ID), (str))) : \
      |                                                        ^
/Users/serenachang/.rbenv/versions/2.6.10/include/ruby-2.6.0/ruby/ruby.h:413:29: note: expanded from macro 'ID2SYM'
  413 | #define ID2SYM(x) RB_ID2SYM(x)
      |                             ^
/Users/serenachang/.rbenv/versions/2.6.10/include/ruby-2.6.0/ruby/ruby.h:408:33: note: expanded from macro 'RB_ID2SYM'
  408 | #define RB_ID2SYM(x) (rb_id2sym(x))
      |                                 ^
6 warnings generated.
compiling pg_text_decoder.c
pg_text_decoder.c:179:21: warning: '(' and '{' tokens introducing statement expression appear in different macro expansion contexts [-Wcompound-token-split-by-macro]
  179 |         rb_funcall(rb_mPG, rb_intern("require_bigdecimal_without_warning"), 0);
      |                            ^~~~~~~~~~~~~~~~~~~~~~~~~~~~~~~~~~~~~~~~~~~~~~~
/Users/serenachang/.rbenv/versions/2.6.10/include/ruby-2.6.0/ruby/ruby.h:1826:23: note: expanded from macro 'rb_intern'
 1826 |         __extension__ (RUBY_CONST_ID_CACHE((ID), (str))) : \
      |                       ^
/Users/serenachang/.rbenv/versions/2.6.10/include/ruby-2.6.0/ruby/ruby.h:2602:20: note: expanded from macro 'rb_funcall'
 2602 |         rb_funcallv(recv, mid, \
      |                           ^~~
pg_text_decoder.c:179:21: note: '{' token is here
  179 |         rb_funcall(rb_mPG, rb_intern("require_bigdecimal_without_warning"), 0);
      |                            ^~~~~~~~~~~~~~~~~~~~~~~~~~~~~~~~~~~~~~~~~~~~~~~
/Users/serenachang/.rbenv/versions/2.6.10/include/ruby-2.6.0/ruby/ruby.h:1826:24: note: expanded from macro 'rb_intern'
 1826 |         __extension__ (RUBY_CONST_ID_CACHE((ID), (str))) : \
      |                        ^~~~~~~~~~~~~~~~~~~~~~~~~~~~~~~~
/Users/serenachang/.rbenv/versions/2.6.10/include/ruby-2.6.0/ruby/ruby.h:1811:5: note: expanded from macro 'RUBY_CONST_ID_CACHE'
 1811 |     {                                                   \
      |     ^
/Users/serenachang/.rbenv/versions/2.6.10/include/ruby-2.6.0/ruby/ruby.h:2602:20: note: expanded from macro 'rb_funcall'
 2602 |         rb_funcallv(recv, mid, \
      |                           ^~~
pg_text_decoder.c:179:21: warning: '}' and ')' tokens terminating statement expression appear in different macro expansion contexts [-Wcompound-token-split-by-macro]
  179 |         rb_funcall(rb_mPG, rb_intern("require_bigdecimal_without_warning"), 0);
      |                            ^~~~~~~~~~~~~~~~~~~~~~~~~~~~~~~~~~~~~~~~~~~~~~~
/Users/serenachang/.rbenv/versions/2.6.10/include/ruby-2.6.0/ruby/ruby.h:1826:24: note: expanded from macro 'rb_intern'
 1826 |         __extension__ (RUBY_CONST_ID_CACHE((ID), (str))) : \
      |                        ^~~~~~~~~~~~~~~~~~~~~~~~~~~~~~~~
/Users/serenachang/.rbenv/versions/2.6.10/include/ruby-2.6.0/ruby/ruby.h:1816:5: note: expanded from macro 'RUBY_CONST_ID_CACHE'
 1816 |     }
      |     ^
/Users/serenachang/.rbenv/versions/2.6.10/include/ruby-2.6.0/ruby/ruby.h:2602:20: note: expanded from macro 'rb_funcall'
 2602 |         rb_funcallv(recv, mid, \
      |                           ^~~
pg_text_decoder.c:179:21: note: ')' token is here
  179 |         rb_funcall(rb_mPG, rb_intern("require_bigdecimal_without_warning"), 0);
      |                            ^~~~~~~~~~~~~~~~~~~~~~~~~~~~~~~~~~~~~~~~~~~~~~~
/Users/serenachang/.rbenv/versions/2.6.10/include/ruby-2.6.0/ruby/ruby.h:1826:56: note: expanded from macro 'rb_intern'
 1826 |         __extension__ (RUBY_CONST_ID_CACHE((ID), (str))) : \
      |                                                        ^
/Users/serenachang/.rbenv/versions/2.6.10/include/ruby-2.6.0/ruby/ruby.h:2602:20: note: expanded from macro 'rb_funcall'
 2602 |         rb_funcallv(recv, mid, \
      |                           ^~~
pg_text_decoder.c:180:20: warning: '(' and '{' tokens introducing statement expression appear in different macro expansion contexts [-Wcompound-token-split-by-macro]
  180 |         s_id_BigDecimal = rb_intern("BigDecimal");
      |                           ^~~~~~~~~~~~~~~~~~~~~~~
/Users/serenachang/.rbenv/versions/2.6.10/include/ruby-2.6.0/ruby/ruby.h:1826:23: note: expanded from macro 'rb_intern'
 1826 |         __extension__ (RUBY_CONST_ID_CACHE((ID), (str))) : \
      |                       ^
pg_text_decoder.c:180:20: note: '{' token is here
  180 |         s_id_BigDecimal = rb_intern("BigDecimal");
      |                           ^~~~~~~~~~~~~~~~~~~~~~~
/Users/serenachang/.rbenv/versions/2.6.10/include/ruby-2.6.0/ruby/ruby.h:1826:24: note: expanded from macro 'rb_intern'
 1826 |         __extension__ (RUBY_CONST_ID_CACHE((ID), (str))) : \
      |                        ^~~~~~~~~~~~~~~~~~~~~~~~~~~~~~~~
/Users/serenachang/.rbenv/versions/2.6.10/include/ruby-2.6.0/ruby/ruby.h:1811:5: note: expanded from macro 'RUBY_CONST_ID_CACHE'
 1811 |     {                                                   \
      |     ^
pg_text_decoder.c:180:20: warning: '}' and ')' tokens terminating statement expression appear in different macro expansion contexts [-Wcompound-token-split-by-macro]
  180 |         s_id_BigDecimal = rb_intern("BigDecimal");
      |                           ^~~~~~~~~~~~~~~~~~~~~~~
/Users/serenachang/.rbenv/versions/2.6.10/include/ruby-2.6.0/ruby/ruby.h:1826:24: note: expanded from macro 'rb_intern'
 1826 |         __extension__ (RUBY_CONST_ID_CACHE((ID), (str))) : \
      |                        ^~~~~~~~~~~~~~~~~~~~~~~~~~~~~~~~
/Users/serenachang/.rbenv/versions/2.6.10/include/ruby-2.6.0/ruby/ruby.h:1816:5: note: expanded from macro 'RUBY_CONST_ID_CACHE'
 1816 |     }
      |     ^
pg_text_decoder.c:180:20: note: ')' token is here
  180 |         s_id_BigDecimal = rb_intern("BigDecimal");
      |                           ^~~~~~~~~~~~~~~~~~~~~~~
/Users/serenachang/.rbenv/versions/2.6.10/include/ruby-2.6.0/ruby/ruby.h:1826:56: note: expanded from macro 'rb_intern'
 1826 |         __extension__ (RUBY_CONST_ID_CACHE((ID), (str))) : \
      |                                                        ^
pg_text_decoder.c:945:36: warning: '(' and '{' tokens introducing statement expression appear in different macro expansion contexts [-Wcompound-token-split-by-macro]
  945 |         s_IPAddr = rb_funcall(rb_cObject, rb_intern("const_get"), 1, rb_str_new2("IPAddr"));
      |                                           ^~~~~~~~~~~~~~~~~~~~~~
/Users/serenachang/.rbenv/versions/2.6.10/include/ruby-2.6.0/ruby/ruby.h:1826:23: note: expanded from macro 'rb_intern'
 1826 |         __extension__ (RUBY_CONST_ID_CACHE((ID), (str))) : \
      |                       ^
/Users/serenachang/.rbenv/versions/2.6.10/include/ruby-2.6.0/ruby/ruby.h:2602:20: note: expanded from macro 'rb_funcall'
 2602 |         rb_funcallv(recv, mid, \
      |                           ^~~
pg_text_decoder.c:945:36: note: '{' token is here
  945 |         s_IPAddr = rb_funcall(rb_cObject, rb_intern("const_get"), 1, rb_str_new2("IPAddr"));
      |                                           ^~~~~~~~~~~~~~~~~~~~~~
/Users/serenachang/.rbenv/versions/2.6.10/include/ruby-2.6.0/ruby/ruby.h:1826:24: note: expanded from macro 'rb_intern'
 1826 |         __extension__ (RUBY_CONST_ID_CACHE((ID), (str))) : \
      |                        ^~~~~~~~~~~~~~~~~~~~~~~~~~~~~~~~
/Users/serenachang/.rbenv/versions/2.6.10/include/ruby-2.6.0/ruby/ruby.h:1811:5: note: expanded from macro 'RUBY_CONST_ID_CACHE'
 1811 |     {                                                   \
      |     ^
/Users/serenachang/.rbenv/versions/2.6.10/include/ruby-2.6.0/ruby/ruby.h:2602:20: note: expanded from macro 'rb_funcall'
 2602 |         rb_funcallv(recv, mid, \
      |                           ^~~
pg_text_decoder.c:945:36: warning: '}' and ')' tokens terminating statement expression appear in different macro expansion contexts [-Wcompound-token-split-by-macro]
  945 |         s_IPAddr = rb_funcall(rb_cObject, rb_intern("const_get"), 1, rb_str_new2("IPAddr"));
      |                                           ^~~~~~~~~~~~~~~~~~~~~~
/Users/serenachang/.rbenv/versions/2.6.10/include/ruby-2.6.0/ruby/ruby.h:1826:24: note: expanded from macro 'rb_intern'
 1826 |         __extension__ (RUBY_CONST_ID_CACHE((ID), (str))) : \
      |                        ^~~~~~~~~~~~~~~~~~~~~~~~~~~~~~~~
/Users/serenachang/.rbenv/versions/2.6.10/include/ruby-2.6.0/ruby/ruby.h:1816:5: note: expanded from macro 'RUBY_CONST_ID_CACHE'
 1816 |     }
      |     ^
/Users/serenachang/.rbenv/versions/2.6.10/include/ruby-2.6.0/ruby/ruby.h:2602:20: note: expanded from macro 'rb_funcall'
 2602 |         rb_funcallv(recv, mid, \
      |                           ^~~
pg_text_decoder.c:945:36: note: ')' token is here
  945 |         s_IPAddr = rb_funcall(rb_cObject, rb_intern("const_get"), 1, rb_str_new2("IPAddr"));
      |                                           ^~~~~~~~~~~~~~~~~~~~~~
/Users/serenachang/.rbenv/versions/2.6.10/include/ruby-2.6.0/ruby/ruby.h:1826:56: note: expanded from macro 'rb_intern'
 1826 |         __extension__ (RUBY_CONST_ID_CACHE((ID), (str))) : \
      |                                                        ^
/Users/serenachang/.rbenv/versions/2.6.10/include/ruby-2.6.0/ruby/ruby.h:2602:20: note: expanded from macro 'rb_funcall'
 2602 |         rb_funcallv(recv, mid, \
      |                           ^~~
pg_text_decoder.c:947:18: warning: '(' and '{' tokens introducing statement expression appear in different macro expansion contexts [-Wcompound-token-split-by-macro]
  947 |         s_ivar_family = rb_intern("@family");
      |                         ^~~~~~~~~~~~~~~~~~~~
/Users/serenachang/.rbenv/versions/2.6.10/include/ruby-2.6.0/ruby/ruby.h:1826:23: note: expanded from macro 'rb_intern'
 1826 |         __extension__ (RUBY_CONST_ID_CACHE((ID), (str))) : \
      |                       ^
pg_text_decoder.c:947:18: note: '{' token is here
  947 |         s_ivar_family = rb_intern("@family");
      |                         ^~~~~~~~~~~~~~~~~~~~
/Users/serenachang/.rbenv/versions/2.6.10/include/ruby-2.6.0/ruby/ruby.h:1826:24: note: expanded from macro 'rb_intern'
 1826 |         __extension__ (RUBY_CONST_ID_CACHE((ID), (str))) : \
      |                        ^~~~~~~~~~~~~~~~~~~~~~~~~~~~~~~~
/Users/serenachang/.rbenv/versions/2.6.10/include/ruby-2.6.0/ruby/ruby.h:1811:5: note: expanded from macro 'RUBY_CONST_ID_CACHE'
 1811 |     {                                                   \
      |     ^
pg_text_decoder.c:947:18: warning: '}' and ')' tokens terminating statement expression appear in different macro expansion contexts [-Wcompound-token-split-by-macro]
  947 |         s_ivar_family = rb_intern("@family");
      |                         ^~~~~~~~~~~~~~~~~~~~
/Users/serenachang/.rbenv/versions/2.6.10/include/ruby-2.6.0/ruby/ruby.h:1826:24: note: expanded from macro 'rb_intern'
 1826 |         __extension__ (RUBY_CONST_ID_CACHE((ID), (str))) : \
      |                        ^~~~~~~~~~~~~~~~~~~~~~~~~~~~~~~~
/Users/serenachang/.rbenv/versions/2.6.10/include/ruby-2.6.0/ruby/ruby.h:1816:5: note: expanded from macro 'RUBY_CONST_ID_CACHE'
 1816 |     }
      |     ^
pg_text_decoder.c:947:18: note: ')' token is here
  947 |         s_ivar_family = rb_intern("@family");
      |                         ^~~~~~~~~~~~~~~~~~~~
/Users/serenachang/.rbenv/versions/2.6.10/include/ruby-2.6.0/ruby/ruby.h:1826:56: note: expanded from macro 'rb_intern'
 1826 |         __extension__ (RUBY_CONST_ID_CACHE((ID), (str))) : \
      |                                                        ^
pg_text_decoder.c:948:16: warning: '(' and '{' tokens introducing statement expression appear in different macro expansion contexts [-Wcompound-token-split-by-macro]
  948 |         s_ivar_addr = rb_intern("@addr");
      |                       ^~~~~~~~~~~~~~~~~~
/Users/serenachang/.rbenv/versions/2.6.10/include/ruby-2.6.0/ruby/ruby.h:1826:23: note: expanded from macro 'rb_intern'
 1826 |         __extension__ (RUBY_CONST_ID_CACHE((ID), (str))) : \
      |                       ^
pg_text_decoder.c:948:16: note: '{' token is here
  948 |         s_ivar_addr = rb_intern("@addr");
      |                       ^~~~~~~~~~~~~~~~~~
/Users/serenachang/.rbenv/versions/2.6.10/include/ruby-2.6.0/ruby/ruby.h:1826:24: note: expanded from macro 'rb_intern'
 1826 |         __extension__ (RUBY_CONST_ID_CACHE((ID), (str))) : \
      |                        ^~~~~~~~~~~~~~~~~~~~~~~~~~~~~~~~
/Users/serenachang/.rbenv/versions/2.6.10/include/ruby-2.6.0/ruby/ruby.h:1811:5: note: expanded from macro 'RUBY_CONST_ID_CACHE'
 1811 |     {                                                   \
      |     ^
pg_text_decoder.c:948:16: warning: '}' and ')' tokens terminating statement expression appear in different macro expansion contexts [-Wcompound-token-split-by-macro]
  948 |         s_ivar_addr = rb_intern("@addr");
      |                       ^~~~~~~~~~~~~~~~~~
/Users/serenachang/.rbenv/versions/2.6.10/include/ruby-2.6.0/ruby/ruby.h:1826:24: note: expanded from macro 'rb_intern'
 1826 |         __extension__ (RUBY_CONST_ID_CACHE((ID), (str))) : \
      |                        ^~~~~~~~~~~~~~~~~~~~~~~~~~~~~~~~
/Users/serenachang/.rbenv/versions/2.6.10/include/ruby-2.6.0/ruby/ruby.h:1816:5: note: expanded from macro 'RUBY_CONST_ID_CACHE'
 1816 |     }
      |     ^
pg_text_decoder.c:948:16: note: ')' token is here
  948 |         s_ivar_addr = rb_intern("@addr");
      |                       ^~~~~~~~~~~~~~~~~~
/Users/serenachang/.rbenv/versions/2.6.10/include/ruby-2.6.0/ruby/ruby.h:1826:56: note: expanded from macro 'rb_intern'
 1826 |         __extension__ (RUBY_CONST_ID_CACHE((ID), (str))) : \
      |                                                        ^
pg_text_decoder.c:949:21: warning: '(' and '{' tokens introducing statement expression appear in different macro expansion contexts [-Wcompound-token-split-by-macro]
  949 |         s_ivar_mask_addr = rb_intern("@mask_addr");
      |                            ^~~~~~~~~~~~~~~~~~~~~~~
/Users/serenachang/.rbenv/versions/2.6.10/include/ruby-2.6.0/ruby/ruby.h:1826:23: note: expanded from macro 'rb_intern'
 1826 |         __extension__ (RUBY_CONST_ID_CACHE((ID), (str))) : \
      |                       ^
pg_text_decoder.c:949:21: note: '{' token is here
  949 |         s_ivar_mask_addr = rb_intern("@mask_addr");
      |                            ^~~~~~~~~~~~~~~~~~~~~~~
/Users/serenachang/.rbenv/versions/2.6.10/include/ruby-2.6.0/ruby/ruby.h:1826:24: note: expanded from macro 'rb_intern'
 1826 |         __extension__ (RUBY_CONST_ID_CACHE((ID), (str))) : \
      |                        ^~~~~~~~~~~~~~~~~~~~~~~~~~~~~~~~
/Users/serenachang/.rbenv/versions/2.6.10/include/ruby-2.6.0/ruby/ruby.h:1811:5: note: expanded from macro 'RUBY_CONST_ID_CACHE'
 1811 |     {                                                   \
      |     ^
pg_text_decoder.c:949:21: warning: '}' and ')' tokens terminating statement expression appear in different macro expansion contexts [-Wcompound-token-split-by-macro]
  949 |         s_ivar_mask_addr = rb_intern("@mask_addr");
      |                            ^~~~~~~~~~~~~~~~~~~~~~~
/Users/serenachang/.rbenv/versions/2.6.10/include/ruby-2.6.0/ruby/ruby.h:1826:24: note: expanded from macro 'rb_intern'
 1826 |         __extension__ (RUBY_CONST_ID_CACHE((ID), (str))) : \
      |                        ^~~~~~~~~~~~~~~~~~~~~~~~~~~~~~~~
/Users/serenachang/.rbenv/versions/2.6.10/include/ruby-2.6.0/ruby/ruby.h:1816:5: note: expanded from macro 'RUBY_CONST_ID_CACHE'
 1816 |     }
      |     ^
pg_text_decoder.c:949:21: note: ')' token is here
  949 |         s_ivar_mask_addr = rb_intern("@mask_addr");
      |                            ^~~~~~~~~~~~~~~~~~~~~~~
/Users/serenachang/.rbenv/versions/2.6.10/include/ruby-2.6.0/ruby/ruby.h:1826:56: note: expanded from macro 'rb_intern'
 1826 |         __extension__ (RUBY_CONST_ID_CACHE((ID), (str))) : \
      |                                                        ^
pg_text_decoder.c:950:16: warning: '(' and '{' tokens introducing statement expression appear in different macro expansion contexts [-Wcompound-token-split-by-macro]
  950 |         s_id_lshift = rb_intern("<<");
      |                       ^~~~~~~~~~~~~~~
/Users/serenachang/.rbenv/versions/2.6.10/include/ruby-2.6.0/ruby/ruby.h:1826:23: note: expanded from macro 'rb_intern'
 1826 |         __extension__ (RUBY_CONST_ID_CACHE((ID), (str))) : \
      |                       ^
pg_text_decoder.c:950:16: note: '{' token is here
  950 |         s_id_lshift = rb_intern("<<");
      |                       ^~~~~~~~~~~~~~~
/Users/serenachang/.rbenv/versions/2.6.10/include/ruby-2.6.0/ruby/ruby.h:1826:24: note: expanded from macro 'rb_intern'
 1826 |         __extension__ (RUBY_CONST_ID_CACHE((ID), (str))) : \
      |                        ^~~~~~~~~~~~~~~~~~~~~~~~~~~~~~~~
/Users/serenachang/.rbenv/versions/2.6.10/include/ruby-2.6.0/ruby/ruby.h:1811:5: note: expanded from macro 'RUBY_CONST_ID_CACHE'
 1811 |     {                                                   \
      |     ^
pg_text_decoder.c:950:16: warning: '}' and ')' tokens terminating statement expression appear in different macro expansion contexts [-Wcompound-token-split-by-macro]
  950 |         s_id_lshift = rb_intern("<<");
      |                       ^~~~~~~~~~~~~~~
/Users/serenachang/.rbenv/versions/2.6.10/include/ruby-2.6.0/ruby/ruby.h:1826:24: note: expanded from macro 'rb_intern'
 1826 |         __extension__ (RUBY_CONST_ID_CACHE((ID), (str))) : \
      |                        ^~~~~~~~~~~~~~~~~~~~~~~~~~~~~~~~
/Users/serenachang/.rbenv/versions/2.6.10/include/ruby-2.6.0/ruby/ruby.h:1816:5: note: expanded from macro 'RUBY_CONST_ID_CACHE'
 1816 |     }
      |     ^
pg_text_decoder.c:950:16: note: ')' token is here
  950 |         s_id_lshift = rb_intern("<<");
      |                       ^~~~~~~~~~~~~~~
/Users/serenachang/.rbenv/versions/2.6.10/include/ruby-2.6.0/ruby/ruby.h:1826:56: note: expanded from macro 'rb_intern'
 1826 |         __extension__ (RUBY_CONST_ID_CACHE((ID), (str))) : \
      |                                                        ^
pg_text_decoder.c:951:13: warning: '(' and '{' tokens introducing statement expression appear in different macro expansion contexts [-Wcompound-token-split-by-macro]
  951 |         s_id_add = rb_intern("+");
      |                    ^~~~~~~~~~~~~~
/Users/serenachang/.rbenv/versions/2.6.10/include/ruby-2.6.0/ruby/ruby.h:1826:23: note: expanded from macro 'rb_intern'
 1826 |         __extension__ (RUBY_CONST_ID_CACHE((ID), (str))) : \
      |                       ^
pg_text_decoder.c:951:13: note: '{' token is here
  951 |         s_id_add = rb_intern("+");
      |                    ^~~~~~~~~~~~~~
/Users/serenachang/.rbenv/versions/2.6.10/include/ruby-2.6.0/ruby/ruby.h:1826:24: note: expanded from macro 'rb_intern'
 1826 |         __extension__ (RUBY_CONST_ID_CACHE((ID), (str))) : \
      |                        ^~~~~~~~~~~~~~~~~~~~~~~~~~~~~~~~
/Users/serenachang/.rbenv/versions/2.6.10/include/ruby-2.6.0/ruby/ruby.h:1811:5: note: expanded from macro 'RUBY_CONST_ID_CACHE'
 1811 |     {                                                   \
      |     ^
pg_text_decoder.c:951:13: warning: '}' and ')' tokens terminating statement expression appear in different macro expansion contexts [-Wcompound-token-split-by-macro]
  951 |         s_id_add = rb_intern("+");
      |                    ^~~~~~~~~~~~~~
/Users/serenachang/.rbenv/versions/2.6.10/include/ruby-2.6.0/ruby/ruby.h:1826:24: note: expanded from macro 'rb_intern'
 1826 |         __extension__ (RUBY_CONST_ID_CACHE((ID), (str))) : \
      |                        ^~~~~~~~~~~~~~~~~~~~~~~~~~~~~~~~
/Users/serenachang/.rbenv/versions/2.6.10/include/ruby-2.6.0/ruby/ruby.h:1816:5: note: expanded from macro 'RUBY_CONST_ID_CACHE'
 1816 |     }
      |     ^
pg_text_decoder.c:951:13: note: ')' token is here
  951 |         s_id_add = rb_intern("+");
      |                    ^~~~~~~~~~~~~~
/Users/serenachang/.rbenv/versions/2.6.10/include/ruby-2.6.0/ruby/ruby.h:1826:56: note: expanded from macro 'rb_intern'
 1826 |         __extension__ (RUBY_CONST_ID_CACHE((ID), (str))) : \
      |                                                        ^
pg_text_decoder.c:952:14: warning: '(' and '{' tokens introducing statement expression appear in different macro expansion contexts [-Wcompound-token-split-by-macro]
  952 |         s_id_mask = rb_intern("mask");
      |                     ^~~~~~~~~~~~~~~~~
/Users/serenachang/.rbenv/versions/2.6.10/include/ruby-2.6.0/ruby/ruby.h:1826:23: note: expanded from macro 'rb_intern'
 1826 |         __extension__ (RUBY_CONST_ID_CACHE((ID), (str))) : \
      |                       ^
pg_text_decoder.c:952:14: note: '{' token is here
  952 |         s_id_mask = rb_intern("mask");
      |                     ^~~~~~~~~~~~~~~~~
/Users/serenachang/.rbenv/versions/2.6.10/include/ruby-2.6.0/ruby/ruby.h:1826:24: note: expanded from macro 'rb_intern'
 1826 |         __extension__ (RUBY_CONST_ID_CACHE((ID), (str))) : \
      |                        ^~~~~~~~~~~~~~~~~~~~~~~~~~~~~~~~
/Users/serenachang/.rbenv/versions/2.6.10/include/ruby-2.6.0/ruby/ruby.h:1811:5: note: expanded from macro 'RUBY_CONST_ID_CACHE'
 1811 |     {                                                   \
      |     ^
pg_text_decoder.c:952:14: warning: '}' and ')' tokens terminating statement expression appear in different macro expansion contexts [-Wcompound-token-split-by-macro]
  952 |         s_id_mask = rb_intern("mask");
      |                     ^~~~~~~~~~~~~~~~~
/Users/serenachang/.rbenv/versions/2.6.10/include/ruby-2.6.0/ruby/ruby.h:1826:24: note: expanded from macro 'rb_intern'
 1826 |         __extension__ (RUBY_CONST_ID_CACHE((ID), (str))) : \
      |                        ^~~~~~~~~~~~~~~~~~~~~~~~~~~~~~~~
/Users/serenachang/.rbenv/versions/2.6.10/include/ruby-2.6.0/ruby/ruby.h:1816:5: note: expanded from macro 'RUBY_CONST_ID_CACHE'
 1816 |     }
      |     ^
pg_text_decoder.c:952:14: note: ')' token is here
  952 |         s_id_mask = rb_intern("mask");
      |                     ^~~~~~~~~~~~~~~~~
/Users/serenachang/.rbenv/versions/2.6.10/include/ruby-2.6.0/ruby/ruby.h:1826:56: note: expanded from macro 'rb_intern'
 1826 |         __extension__ (RUBY_CONST_ID_CACHE((ID), (str))) : \
      |                                                        ^
pg_text_decoder.c:971:18: warning: '(' and '{' tokens introducing statement expression appear in different macro expansion contexts [-Wcompound-token-split-by-macro]
  971 |         s_id_Rational = rb_intern("Rational");
      |                         ^~~~~~~~~~~~~~~~~~~~~
/Users/serenachang/.rbenv/versions/2.6.10/include/ruby-2.6.0/ruby/ruby.h:1826:23: note: expanded from macro 'rb_intern'
 1826 |         __extension__ (RUBY_CONST_ID_CACHE((ID), (str))) : \
      |                       ^
pg_text_decoder.c:971:18: note: '{' token is here
  971 |         s_id_Rational = rb_intern("Rational");
      |                         ^~~~~~~~~~~~~~~~~~~~~
/Users/serenachang/.rbenv/versions/2.6.10/include/ruby-2.6.0/ruby/ruby.h:1826:24: note: expanded from macro 'rb_intern'
 1826 |         __extension__ (RUBY_CONST_ID_CACHE((ID), (str))) : \
      |                        ^~~~~~~~~~~~~~~~~~~~~~~~~~~~~~~~
/Users/serenachang/.rbenv/versions/2.6.10/include/ruby-2.6.0/ruby/ruby.h:1811:5: note: expanded from macro 'RUBY_CONST_ID_CACHE'
 1811 |     {                                                   \
      |     ^
pg_text_decoder.c:971:18: warning: '}' and ')' tokens terminating statement expression appear in different macro expansion contexts [-Wcompound-token-split-by-macro]
  971 |         s_id_Rational = rb_intern("Rational");
      |                         ^~~~~~~~~~~~~~~~~~~~~
/Users/serenachang/.rbenv/versions/2.6.10/include/ruby-2.6.0/ruby/ruby.h:1826:24: note: expanded from macro 'rb_intern'
 1826 |         __extension__ (RUBY_CONST_ID_CACHE((ID), (str))) : \
      |                        ^~~~~~~~~~~~~~~~~~~~~~~~~~~~~~~~
/Users/serenachang/.rbenv/versions/2.6.10/include/ruby-2.6.0/ruby/ruby.h:1816:5: note: expanded from macro 'RUBY_CONST_ID_CACHE'
 1816 |     }
      |     ^
pg_text_decoder.c:971:18: note: ')' token is here
  971 |         s_id_Rational = rb_intern("Rational");
      |                         ^~~~~~~~~~~~~~~~~~~~~
/Users/serenachang/.rbenv/versions/2.6.10/include/ruby-2.6.0/ruby/ruby.h:1826:56: note: expanded from macro 'rb_intern'
 1826 |         __extension__ (RUBY_CONST_ID_CACHE((ID), (str))) : \
      |                                                        ^
pg_text_decoder.c:972:13: warning: '(' and '{' tokens introducing statement expression appear in different macro expansion contexts [-Wcompound-token-split-by-macro]
  972 |         s_id_new = rb_intern("new");
      |                    ^~~~~~~~~~~~~~~~
/Users/serenachang/.rbenv/versions/2.6.10/include/ruby-2.6.0/ruby/ruby.h:1826:23: note: expanded from macro 'rb_intern'
 1826 |         __extension__ (RUBY_CONST_ID_CACHE((ID), (str))) : \
      |                       ^
pg_text_decoder.c:972:13: note: '{' token is here
  972 |         s_id_new = rb_intern("new");
      |                    ^~~~~~~~~~~~~~~~
/Users/serenachang/.rbenv/versions/2.6.10/include/ruby-2.6.0/ruby/ruby.h:1826:24: note: expanded from macro 'rb_intern'
 1826 |         __extension__ (RUBY_CONST_ID_CACHE((ID), (str))) : \
      |                        ^~~~~~~~~~~~~~~~~~~~~~~~~~~~~~~~
/Users/serenachang/.rbenv/versions/2.6.10/include/ruby-2.6.0/ruby/ruby.h:1811:5: note: expanded from macro 'RUBY_CONST_ID_CACHE'
 1811 |     {                                                   \
      |     ^
pg_text_decoder.c:972:13: warning: '}' and ')' tokens terminating statement expression appear in different macro expansion contexts [-Wcompound-token-split-by-macro]
  972 |         s_id_new = rb_intern("new");
      |                    ^~~~~~~~~~~~~~~~
/Users/serenachang/.rbenv/versions/2.6.10/include/ruby-2.6.0/ruby/ruby.h:1826:24: note: expanded from macro 'rb_intern'
 1826 |         __extension__ (RUBY_CONST_ID_CACHE((ID), (str))) : \
      |                        ^~~~~~~~~~~~~~~~~~~~~~~~~~~~~~~~
/Users/serenachang/.rbenv/versions/2.6.10/include/ruby-2.6.0/ruby/ruby.h:1816:5: note: expanded from macro 'RUBY_CONST_ID_CACHE'
 1816 |     }
      |     ^
pg_text_decoder.c:972:13: note: ')' token is here
  972 |         s_id_new = rb_intern("new");
      |                    ^~~~~~~~~~~~~~~~
/Users/serenachang/.rbenv/versions/2.6.10/include/ruby-2.6.0/ruby/ruby.h:1826:56: note: expanded from macro 'rb_intern'
 1826 |         __extension__ (RUBY_CONST_ID_CACHE((ID), (str))) : \
      |                                                        ^
pg_text_decoder.c:973:13: warning: '(' and '{' tokens introducing statement expression appear in different macro expansion contexts [-Wcompound-token-split-by-macro]
  973 |         s_id_utc = rb_intern("utc");
      |                    ^~~~~~~~~~~~~~~~
/Users/serenachang/.rbenv/versions/2.6.10/include/ruby-2.6.0/ruby/ruby.h:1826:23: note: expanded from macro 'rb_intern'
 1826 |         __extension__ (RUBY_CONST_ID_CACHE((ID), (str))) : \
      |                       ^
pg_text_decoder.c:973:13: note: '{' token is here
  973 |         s_id_utc = rb_intern("utc");
      |                    ^~~~~~~~~~~~~~~~
/Users/serenachang/.rbenv/versions/2.6.10/include/ruby-2.6.0/ruby/ruby.h:1826:24: note: expanded from macro 'rb_intern'
 1826 |         __extension__ (RUBY_CONST_ID_CACHE((ID), (str))) : \
      |                        ^~~~~~~~~~~~~~~~~~~~~~~~~~~~~~~~
/Users/serenachang/.rbenv/versions/2.6.10/include/ruby-2.6.0/ruby/ruby.h:1811:5: note: expanded from macro 'RUBY_CONST_ID_CACHE'
 1811 |     {                                                   \
      |     ^
pg_text_decoder.c:973:13: warning: '}' and ')' tokens terminating statement expression appear in different macro expansion contexts [-Wcompound-token-split-by-macro]
  973 |         s_id_utc = rb_intern("utc");
      |                    ^~~~~~~~~~~~~~~~
/Users/serenachang/.rbenv/versions/2.6.10/include/ruby-2.6.0/ruby/ruby.h:1826:24: note: expanded from macro 'rb_intern'
 1826 |         __extension__ (RUBY_CONST_ID_CACHE((ID), (str))) : \
      |                        ^~~~~~~~~~~~~~~~~~~~~~~~~~~~~~~~
/Users/serenachang/.rbenv/versions/2.6.10/include/ruby-2.6.0/ruby/ruby.h:1816:5: note: expanded from macro 'RUBY_CONST_ID_CACHE'
 1816 |     }
      |     ^
pg_text_decoder.c:973:13: note: ')' token is here
  973 |         s_id_utc = rb_intern("utc");
      |                    ^~~~~~~~~~~~~~~~
/Users/serenachang/.rbenv/versions/2.6.10/include/ruby-2.6.0/ruby/ruby.h:1826:56: note: expanded from macro 'rb_intern'
 1826 |         __extension__ (RUBY_CONST_ID_CACHE((ID), (str))) : \
      |                                                        ^
pg_text_decoder.c:974:18: warning: '(' and '{' tokens introducing statement expression appear in different macro expansion contexts [-Wcompound-token-split-by-macro]
  974 |         s_id_getlocal = rb_intern("getlocal");
      |                         ^~~~~~~~~~~~~~~~~~~~~
/Users/serenachang/.rbenv/versions/2.6.10/include/ruby-2.6.0/ruby/ruby.h:1826:23: note: expanded from macro 'rb_intern'
 1826 |         __extension__ (RUBY_CONST_ID_CACHE((ID), (str))) : \
      |                       ^
pg_text_decoder.c:974:18: note: '{' token is here
  974 |         s_id_getlocal = rb_intern("getlocal");
      |                         ^~~~~~~~~~~~~~~~~~~~~
/Users/serenachang/.rbenv/versions/2.6.10/include/ruby-2.6.0/ruby/ruby.h:1826:24: note: expanded from macro 'rb_intern'
 1826 |         __extension__ (RUBY_CONST_ID_CACHE((ID), (str))) : \
      |                        ^~~~~~~~~~~~~~~~~~~~~~~~~~~~~~~~
/Users/serenachang/.rbenv/versions/2.6.10/include/ruby-2.6.0/ruby/ruby.h:1811:5: note: expanded from macro 'RUBY_CONST_ID_CACHE'
 1811 |     {                                                   \
      |     ^
pg_text_decoder.c:974:18: warning: '}' and ')' tokens terminating statement expression appear in different macro expansion contexts [-Wcompound-token-split-by-macro]
  974 |         s_id_getlocal = rb_intern("getlocal");
      |                         ^~~~~~~~~~~~~~~~~~~~~
/Users/serenachang/.rbenv/versions/2.6.10/include/ruby-2.6.0/ruby/ruby.h:1826:24: note: expanded from macro 'rb_intern'
 1826 |         __extension__ (RUBY_CONST_ID_CACHE((ID), (str))) : \
      |                        ^~~~~~~~~~~~~~~~~~~~~~~~~~~~~~~~
/Users/serenachang/.rbenv/versions/2.6.10/include/ruby-2.6.0/ruby/ruby.h:1816:5: note: expanded from macro 'RUBY_CONST_ID_CACHE'
 1816 |     }
      |     ^
pg_text_decoder.c:974:18: note: ')' token is here
  974 |         s_id_getlocal = rb_intern("getlocal");
      |                         ^~~~~~~~~~~~~~~~~~~~~
/Users/serenachang/.rbenv/versions/2.6.10/include/ruby-2.6.0/ruby/ruby.h:1826:56: note: expanded from macro 'rb_intern'
 1826 |         __extension__ (RUBY_CONST_ID_CACHE((ID), (str))) : \
      |                                                        ^
26 warnings generated.
compiling pg_text_encoder.c
pg_text_encoder.c:386:21: warning: '(' and '{' tokens introducing statement expression appear in different macro expansion contexts [-Wcompound-token-split-by-macro]
  386 |         rb_funcall(rb_mPG, rb_intern("require_bigdecimal_without_warning"), 0);
      |                            ^~~~~~~~~~~~~~~~~~~~~~~~~~~~~~~~~~~~~~~~~~~~~~~
/Users/serenachang/.rbenv/versions/2.6.10/include/ruby-2.6.0/ruby/ruby.h:1826:23: note: expanded from macro 'rb_intern'
 1826 |         __extension__ (RUBY_CONST_ID_CACHE((ID), (str))) : \
      |                       ^
/Users/serenachang/.rbenv/versions/2.6.10/include/ruby-2.6.0/ruby/ruby.h:2602:20: note: expanded from macro 'rb_funcall'
 2602 |         rb_funcallv(recv, mid, \
      |                           ^~~
pg_text_encoder.c:386:21: note: '{' token is here
  386 |         rb_funcall(rb_mPG, rb_intern("require_bigdecimal_without_warning"), 0);
      |                            ^~~~~~~~~~~~~~~~~~~~~~~~~~~~~~~~~~~~~~~~~~~~~~~
/Users/serenachang/.rbenv/versions/2.6.10/include/ruby-2.6.0/ruby/ruby.h:1826:24: note: expanded from macro 'rb_intern'
 1826 |         __extension__ (RUBY_CONST_ID_CACHE((ID), (str))) : \
      |                        ^~~~~~~~~~~~~~~~~~~~~~~~~~~~~~~~
/Users/serenachang/.rbenv/versions/2.6.10/include/ruby-2.6.0/ruby/ruby.h:1811:5: note: expanded from macro 'RUBY_CONST_ID_CACHE'
 1811 |     {                                                   \
      |     ^
/Users/serenachang/.rbenv/versions/2.6.10/include/ruby-2.6.0/ruby/ruby.h:2602:20: note: expanded from macro 'rb_funcall'
 2602 |         rb_funcallv(recv, mid, \
      |                           ^~~
pg_text_encoder.c:386:21: warning: '}' and ')' tokens terminating statement expression appear in different macro expansion contexts [-Wcompound-token-split-by-macro]
  386 |         rb_funcall(rb_mPG, rb_intern("require_bigdecimal_without_warning"), 0);
      |                            ^~~~~~~~~~~~~~~~~~~~~~~~~~~~~~~~~~~~~~~~~~~~~~~
/Users/serenachang/.rbenv/versions/2.6.10/include/ruby-2.6.0/ruby/ruby.h:1826:24: note: expanded from macro 'rb_intern'
 1826 |         __extension__ (RUBY_CONST_ID_CACHE((ID), (str))) : \
      |                        ^~~~~~~~~~~~~~~~~~~~~~~~~~~~~~~~
/Users/serenachang/.rbenv/versions/2.6.10/include/ruby-2.6.0/ruby/ruby.h:1816:5: note: expanded from macro 'RUBY_CONST_ID_CACHE'
 1816 |     }
      |     ^
/Users/serenachang/.rbenv/versions/2.6.10/include/ruby-2.6.0/ruby/ruby.h:2602:20: note: expanded from macro 'rb_funcall'
 2602 |         rb_funcallv(recv, mid, \
      |                           ^~~
pg_text_encoder.c:386:21: note: ')' token is here
  386 |         rb_funcall(rb_mPG, rb_intern("require_bigdecimal_without_warning"), 0);
      |                            ^~~~~~~~~~~~~~~~~~~~~~~~~~~~~~~~~~~~~~~~~~~~~~~
/Users/serenachang/.rbenv/versions/2.6.10/include/ruby-2.6.0/ruby/ruby.h:1826:56: note: expanded from macro 'rb_intern'
 1826 |         __extension__ (RUBY_CONST_ID_CACHE((ID), (str))) : \
      |                                                        ^
/Users/serenachang/.rbenv/versions/2.6.10/include/ruby-2.6.0/ruby/ruby.h:2602:20: note: expanded from macro 'rb_funcall'
 2602 |         rb_funcallv(recv, mid, \
      |                           ^~~
pg_text_encoder.c:387:43: warning: '(' and '{' tokens introducing statement expression appear in different macro expansion contexts [-Wcompound-token-split-by-macro]
  387 |         s_cBigDecimal = rb_const_get(rb_cObject, rb_intern("BigDecimal"));
      |                                                  ^~~~~~~~~~~~~~~~~~~~~~~
/Users/serenachang/.rbenv/versions/2.6.10/include/ruby-2.6.0/ruby/ruby.h:1826:23: note: expanded from macro 'rb_intern'
 1826 |         __extension__ (RUBY_CONST_ID_CACHE((ID), (str))) : \
      |                       ^
pg_text_encoder.c:387:43: note: '{' token is here
  387 |         s_cBigDecimal = rb_const_get(rb_cObject, rb_intern("BigDecimal"));
      |                                                  ^~~~~~~~~~~~~~~~~~~~~~~
/Users/serenachang/.rbenv/versions/2.6.10/include/ruby-2.6.0/ruby/ruby.h:1826:24: note: expanded from macro 'rb_intern'
 1826 |         __extension__ (RUBY_CONST_ID_CACHE((ID), (str))) : \
      |                        ^~~~~~~~~~~~~~~~~~~~~~~~~~~~~~~~
/Users/serenachang/.rbenv/versions/2.6.10/include/ruby-2.6.0/ruby/ruby.h:1811:5: note: expanded from macro 'RUBY_CONST_ID_CACHE'
 1811 |     {                                                   \
      |     ^
pg_text_encoder.c:387:43: warning: '}' and ')' tokens terminating statement expression appear in different macro expansion contexts [-Wcompound-token-split-by-macro]
  387 |         s_cBigDecimal = rb_const_get(rb_cObject, rb_intern("BigDecimal"));
      |                                                  ^~~~~~~~~~~~~~~~~~~~~~~
/Users/serenachang/.rbenv/versions/2.6.10/include/ruby-2.6.0/ruby/ruby.h:1826:24: note: expanded from macro 'rb_intern'
 1826 |         __extension__ (RUBY_CONST_ID_CACHE((ID), (str))) : \
      |                        ^~~~~~~~~~~~~~~~~~~~~~~~~~~~~~~~
/Users/serenachang/.rbenv/versions/2.6.10/include/ruby-2.6.0/ruby/ruby.h:1816:5: note: expanded from macro 'RUBY_CONST_ID_CACHE'
 1816 |     }
      |     ^
pg_text_encoder.c:387:43: note: ')' token is here
  387 |         s_cBigDecimal = rb_const_get(rb_cObject, rb_intern("BigDecimal"));
      |                                                  ^~~~~~~~~~~~~~~~~~~~~~~
/Users/serenachang/.rbenv/versions/2.6.10/include/ruby-2.6.0/ruby/ruby.h:1826:56: note: expanded from macro 'rb_intern'
 1826 |         __extension__ (RUBY_CONST_ID_CACHE((ID), (str))) : \
      |                                                        ^
pg_text_encoder.c:805:16: warning: '(' and '{' tokens introducing statement expression appear in different macro expansion contexts [-Wcompound-token-split-by-macro]
  805 |         s_id_encode = rb_intern("encode");
      |                       ^~~~~~~~~~~~~~~~~~~
/Users/serenachang/.rbenv/versions/2.6.10/include/ruby-2.6.0/ruby/ruby.h:1826:23: note: expanded from macro 'rb_intern'
 1826 |         __extension__ (RUBY_CONST_ID_CACHE((ID), (str))) : \
      |                       ^
pg_text_encoder.c:805:16: note: '{' token is here
  805 |         s_id_encode = rb_intern("encode");
      |                       ^~~~~~~~~~~~~~~~~~~
/Users/serenachang/.rbenv/versions/2.6.10/include/ruby-2.6.0/ruby/ruby.h:1826:24: note: expanded from macro 'rb_intern'
 1826 |         __extension__ (RUBY_CONST_ID_CACHE((ID), (str))) : \
      |                        ^~~~~~~~~~~~~~~~~~~~~~~~~~~~~~~~
/Users/serenachang/.rbenv/versions/2.6.10/include/ruby-2.6.0/ruby/ruby.h:1811:5: note: expanded from macro 'RUBY_CONST_ID_CACHE'
 1811 |     {                                                   \
      |     ^
pg_text_encoder.c:805:16: warning: '}' and ')' tokens terminating statement expression appear in different macro expansion contexts [-Wcompound-token-split-by-macro]
  805 |         s_id_encode = rb_intern("encode");
      |                       ^~~~~~~~~~~~~~~~~~~
/Users/serenachang/.rbenv/versions/2.6.10/include/ruby-2.6.0/ruby/ruby.h:1826:24: note: expanded from macro 'rb_intern'
 1826 |         __extension__ (RUBY_CONST_ID_CACHE((ID), (str))) : \
      |                        ^~~~~~~~~~~~~~~~~~~~~~~~~~~~~~~~
/Users/serenachang/.rbenv/versions/2.6.10/include/ruby-2.6.0/ruby/ruby.h:1816:5: note: expanded from macro 'RUBY_CONST_ID_CACHE'
 1816 |     }
      |     ^
pg_text_encoder.c:805:16: note: ')' token is here
  805 |         s_id_encode = rb_intern("encode");
      |                       ^~~~~~~~~~~~~~~~~~~
/Users/serenachang/.rbenv/versions/2.6.10/include/ruby-2.6.0/ruby/ruby.h:1826:56: note: expanded from macro 'rb_intern'
 1826 |         __extension__ (RUBY_CONST_ID_CACHE((ID), (str))) : \
      |                                                        ^
pg_text_encoder.c:806:14: warning: '(' and '{' tokens introducing statement expression appear in different macro expansion contexts [-Wcompound-token-split-by-macro]
  806 |         s_id_to_i = rb_intern("to_i");
      |                     ^~~~~~~~~~~~~~~~~
/Users/serenachang/.rbenv/versions/2.6.10/include/ruby-2.6.0/ruby/ruby.h:1826:23: note: expanded from macro 'rb_intern'
 1826 |         __extension__ (RUBY_CONST_ID_CACHE((ID), (str))) : \
      |                       ^
pg_text_encoder.c:806:14: note: '{' token is here
  806 |         s_id_to_i = rb_intern("to_i");
      |                     ^~~~~~~~~~~~~~~~~
/Users/serenachang/.rbenv/versions/2.6.10/include/ruby-2.6.0/ruby/ruby.h:1826:24: note: expanded from macro 'rb_intern'
 1826 |         __extension__ (RUBY_CONST_ID_CACHE((ID), (str))) : \
      |                        ^~~~~~~~~~~~~~~~~~~~~~~~~~~~~~~~
/Users/serenachang/.rbenv/versions/2.6.10/include/ruby-2.6.0/ruby/ruby.h:1811:5: note: expanded from macro 'RUBY_CONST_ID_CACHE'
 1811 |     {                                                   \
      |     ^
pg_text_encoder.c:806:14: warning: '}' and ')' tokens terminating statement expression appear in different macro expansion contexts [-Wcompound-token-split-by-macro]
  806 |         s_id_to_i = rb_intern("to_i");
      |                     ^~~~~~~~~~~~~~~~~
/Users/serenachang/.rbenv/versions/2.6.10/include/ruby-2.6.0/ruby/ruby.h:1826:24: note: expanded from macro 'rb_intern'
 1826 |         __extension__ (RUBY_CONST_ID_CACHE((ID), (str))) : \
      |                        ^~~~~~~~~~~~~~~~~~~~~~~~~~~~~~~~
/Users/serenachang/.rbenv/versions/2.6.10/include/ruby-2.6.0/ruby/ruby.h:1816:5: note: expanded from macro 'RUBY_CONST_ID_CACHE'
 1816 |     }
      |     ^
pg_text_encoder.c:806:14: note: ')' token is here
  806 |         s_id_to_i = rb_intern("to_i");
      |                     ^~~~~~~~~~~~~~~~~
/Users/serenachang/.rbenv/versions/2.6.10/include/ruby-2.6.0/ruby/ruby.h:1826:56: note: expanded from macro 'rb_intern'
 1826 |         __extension__ (RUBY_CONST_ID_CACHE((ID), (str))) : \
      |                                                        ^
pg_text_encoder.c:807:14: warning: '(' and '{' tokens introducing statement expression appear in different macro expansion contexts [-Wcompound-token-split-by-macro]
  807 |         s_id_to_s = rb_intern("to_s");
      |                     ^~~~~~~~~~~~~~~~~
/Users/serenachang/.rbenv/versions/2.6.10/include/ruby-2.6.0/ruby/ruby.h:1826:23: note: expanded from macro 'rb_intern'
 1826 |         __extension__ (RUBY_CONST_ID_CACHE((ID), (str))) : \
      |                       ^
pg_text_encoder.c:807:14: note: '{' token is here
  807 |         s_id_to_s = rb_intern("to_s");
      |                     ^~~~~~~~~~~~~~~~~
/Users/serenachang/.rbenv/versions/2.6.10/include/ruby-2.6.0/ruby/ruby.h:1826:24: note: expanded from macro 'rb_intern'
 1826 |         __extension__ (RUBY_CONST_ID_CACHE((ID), (str))) : \
      |                        ^~~~~~~~~~~~~~~~~~~~~~~~~~~~~~~~
/Users/serenachang/.rbenv/versions/2.6.10/include/ruby-2.6.0/ruby/ruby.h:1811:5: note: expanded from macro 'RUBY_CONST_ID_CACHE'
 1811 |     {                                                   \
      |     ^
pg_text_encoder.c:807:14: warning: '}' and ')' tokens terminating statement expression appear in different macro expansion contexts [-Wcompound-token-split-by-macro]
  807 |         s_id_to_s = rb_intern("to_s");
      |                     ^~~~~~~~~~~~~~~~~
/Users/serenachang/.rbenv/versions/2.6.10/include/ruby-2.6.0/ruby/ruby.h:1826:24: note: expanded from macro 'rb_intern'
 1826 |         __extension__ (RUBY_CONST_ID_CACHE((ID), (str))) : \
      |                        ^~~~~~~~~~~~~~~~~~~~~~~~~~~~~~~~
/Users/serenachang/.rbenv/versions/2.6.10/include/ruby-2.6.0/ruby/ruby.h:1816:5: note: expanded from macro 'RUBY_CONST_ID_CACHE'
 1816 |     }
      |     ^
pg_text_encoder.c:807:14: note: ')' token is here
  807 |         s_id_to_s = rb_intern("to_s");
      |                     ^~~~~~~~~~~~~~~~~
/Users/serenachang/.rbenv/versions/2.6.10/include/ruby-2.6.0/ruby/ruby.h:1826:56: note: expanded from macro 'rb_intern'
 1826 |         __extension__ (RUBY_CONST_ID_CACHE((ID), (str))) : \
      |                                                        ^
10 warnings generated.
compiling pg_tuple.c
pg_tuple.c:472:45: warning: '(' and '{' tokens introducing statement expression appear in different macro expansion contexts [-Wcompound-token-split-by-macro]
  472 |                 field_names = rb_funcall(this->field_map, rb_intern("keys"), 0);
      |                                                           ^~~~~~~~~~~~~~~~~
/Users/serenachang/.rbenv/versions/2.6.10/include/ruby-2.6.0/ruby/ruby.h:1826:23: note: expanded from macro 'rb_intern'
 1826 |         __extension__ (RUBY_CONST_ID_CACHE((ID), (str))) : \
      |                       ^
/Users/serenachang/.rbenv/versions/2.6.10/include/ruby-2.6.0/ruby/ruby.h:2602:20: note: expanded from macro 'rb_funcall'
 2602 |         rb_funcallv(recv, mid, \
      |                           ^~~
pg_tuple.c:472:45: note: '{' token is here
  472 |                 field_names = rb_funcall(this->field_map, rb_intern("keys"), 0);
      |                                                           ^~~~~~~~~~~~~~~~~
/Users/serenachang/.rbenv/versions/2.6.10/include/ruby-2.6.0/ruby/ruby.h:1826:24: note: expanded from macro 'rb_intern'
 1826 |         __extension__ (RUBY_CONST_ID_CACHE((ID), (str))) : \
      |                        ^~~~~~~~~~~~~~~~~~~~~~~~~~~~~~~~
/Users/serenachang/.rbenv/versions/2.6.10/include/ruby-2.6.0/ruby/ruby.h:1811:5: note: expanded from macro 'RUBY_CONST_ID_CACHE'
 1811 |     {                                                   \
      |     ^
/Users/serenachang/.rbenv/versions/2.6.10/include/ruby-2.6.0/ruby/ruby.h:2602:20: note: expanded from macro 'rb_funcall'
 2602 |         rb_funcallv(recv, mid, \
      |                           ^~~
pg_tuple.c:472:45: warning: '}' and ')' tokens terminating statement expression appear in different macro expansion contexts [-Wcompound-token-split-by-macro]
  472 |                 field_names = rb_funcall(this->field_map, rb_intern("keys"), 0);
      |                                                           ^~~~~~~~~~~~~~~~~
/Users/serenachang/.rbenv/versions/2.6.10/include/ruby-2.6.0/ruby/ruby.h:1826:24: note: expanded from macro 'rb_intern'
 1826 |         __extension__ (RUBY_CONST_ID_CACHE((ID), (str))) : \
      |                        ^~~~~~~~~~~~~~~~~~~~~~~~~~~~~~~~
/Users/serenachang/.rbenv/versions/2.6.10/include/ruby-2.6.0/ruby/ruby.h:1816:5: note: expanded from macro 'RUBY_CONST_ID_CACHE'
 1816 |     }
      |     ^
/Users/serenachang/.rbenv/versions/2.6.10/include/ruby-2.6.0/ruby/ruby.h:2602:20: note: expanded from macro 'rb_funcall'
 2602 |         rb_funcallv(recv, mid, \
      |                           ^~~
pg_tuple.c:472:45: note: ')' token is here
  472 |                 field_names = rb_funcall(this->field_map, rb_intern("keys"), 0);
      |                                                           ^~~~~~~~~~~~~~~~~
/Users/serenachang/.rbenv/versions/2.6.10/include/ruby-2.6.0/ruby/ruby.h:1826:56: note: expanded from macro 'rb_intern'
 1826 |         __extension__ (RUBY_CONST_ID_CACHE((ID), (str))) : \
      |                                                        ^
/Users/serenachang/.rbenv/versions/2.6.10/include/ruby-2.6.0/ruby/ruby.h:2602:20: note: expanded from macro 'rb_funcall'
 2602 |         rb_funcallv(recv, mid, \
      |                           ^~~
2 warnings generated.
compiling pg_type_map.c
pg_type_map.c:182:22: warning: '(' and '{' tokens introducing statement expression appear in different macro expansion contexts [-Wcompound-token-split-by-macro]
  182 |         s_id_fit_to_query = rb_intern("fit_to_query");
      |                             ^~~~~~~~~~~~~~~~~~~~~~~~~
/Users/serenachang/.rbenv/versions/2.6.10/include/ruby-2.6.0/ruby/ruby.h:1826:23: note: expanded from macro 'rb_intern'
 1826 |         __extension__ (RUBY_CONST_ID_CACHE((ID), (str))) : \
      |                       ^
pg_type_map.c:182:22: note: '{' token is here
  182 |         s_id_fit_to_query = rb_intern("fit_to_query");
      |                             ^~~~~~~~~~~~~~~~~~~~~~~~~
/Users/serenachang/.rbenv/versions/2.6.10/include/ruby-2.6.0/ruby/ruby.h:1826:24: note: expanded from macro 'rb_intern'
 1826 |         __extension__ (RUBY_CONST_ID_CACHE((ID), (str))) : \
      |                        ^~~~~~~~~~~~~~~~~~~~~~~~~~~~~~~~
/Users/serenachang/.rbenv/versions/2.6.10/include/ruby-2.6.0/ruby/ruby.h:1811:5: note: expanded from macro 'RUBY_CONST_ID_CACHE'
 1811 |     {                                                   \
      |     ^
pg_type_map.c:182:22: warning: '}' and ')' tokens terminating statement expression appear in different macro expansion contexts [-Wcompound-token-split-by-macro]
  182 |         s_id_fit_to_query = rb_intern("fit_to_query");
      |                             ^~~~~~~~~~~~~~~~~~~~~~~~~
/Users/serenachang/.rbenv/versions/2.6.10/include/ruby-2.6.0/ruby/ruby.h:1826:24: note: expanded from macro 'rb_intern'
 1826 |         __extension__ (RUBY_CONST_ID_CACHE((ID), (str))) : \
      |                        ^~~~~~~~~~~~~~~~~~~~~~~~~~~~~~~~
/Users/serenachang/.rbenv/versions/2.6.10/include/ruby-2.6.0/ruby/ruby.h:1816:5: note: expanded from macro 'RUBY_CONST_ID_CACHE'
 1816 |     }
      |     ^
pg_type_map.c:182:22: note: ')' token is here
  182 |         s_id_fit_to_query = rb_intern("fit_to_query");
      |                             ^~~~~~~~~~~~~~~~~~~~~~~~~
/Users/serenachang/.rbenv/versions/2.6.10/include/ruby-2.6.0/ruby/ruby.h:1826:56: note: expanded from macro 'rb_intern'
 1826 |         __extension__ (RUBY_CONST_ID_CACHE((ID), (str))) : \
      |                                                        ^
pg_type_map.c:183:23: warning: '(' and '{' tokens introducing statement expression appear in different macro expansion contexts [-Wcompound-token-split-by-macro]
  183 |         s_id_fit_to_result = rb_intern("fit_to_result");
      |                              ^~~~~~~~~~~~~~~~~~~~~~~~~~
/Users/serenachang/.rbenv/versions/2.6.10/include/ruby-2.6.0/ruby/ruby.h:1826:23: note: expanded from macro 'rb_intern'
 1826 |         __extension__ (RUBY_CONST_ID_CACHE((ID), (str))) : \
      |                       ^
pg_type_map.c:183:23: note: '{' token is here
  183 |         s_id_fit_to_result = rb_intern("fit_to_result");
      |                              ^~~~~~~~~~~~~~~~~~~~~~~~~~
/Users/serenachang/.rbenv/versions/2.6.10/include/ruby-2.6.0/ruby/ruby.h:1826:24: note: expanded from macro 'rb_intern'
 1826 |         __extension__ (RUBY_CONST_ID_CACHE((ID), (str))) : \
      |                        ^~~~~~~~~~~~~~~~~~~~~~~~~~~~~~~~
/Users/serenachang/.rbenv/versions/2.6.10/include/ruby-2.6.0/ruby/ruby.h:1811:5: note: expanded from macro 'RUBY_CONST_ID_CACHE'
 1811 |     {                                                   \
      |     ^
pg_type_map.c:183:23: warning: '}' and ')' tokens terminating statement expression appear in different macro expansion contexts [-Wcompound-token-split-by-macro]
  183 |         s_id_fit_to_result = rb_intern("fit_to_result");
      |                              ^~~~~~~~~~~~~~~~~~~~~~~~~~
/Users/serenachang/.rbenv/versions/2.6.10/include/ruby-2.6.0/ruby/ruby.h:1826:24: note: expanded from macro 'rb_intern'
 1826 |         __extension__ (RUBY_CONST_ID_CACHE((ID), (str))) : \
      |                        ^~~~~~~~~~~~~~~~~~~~~~~~~~~~~~~~
/Users/serenachang/.rbenv/versions/2.6.10/include/ruby-2.6.0/ruby/ruby.h:1816:5: note: expanded from macro 'RUBY_CONST_ID_CACHE'
 1816 |     }
      |     ^
pg_type_map.c:183:23: note: ')' token is here
  183 |         s_id_fit_to_result = rb_intern("fit_to_result");
      |                              ^~~~~~~~~~~~~~~~~~~~~~~~~~
/Users/serenachang/.rbenv/versions/2.6.10/include/ruby-2.6.0/ruby/ruby.h:1826:56: note: expanded from macro 'rb_intern'
 1826 |         __extension__ (RUBY_CONST_ID_CACHE((ID), (str))) : \
      |                                                        ^
4 warnings generated.
compiling pg_type_map_all_strings.c
pg_type_map_all_strings.c:128:77: warning: '(' and '{' tokens introducing statement expression appear in different macro expansion contexts [-Wcompound-token-split-by-macro]
  128 |         pg_typemap_all_strings = rb_obj_freeze( rb_funcall( rb_cTypeMapAllStrings, rb_intern("new"), 0 ));
      |                                                                                    ^~~~~~~~~~~~~~~~
/Users/serenachang/.rbenv/versions/2.6.10/include/ruby-2.6.0/ruby/ruby.h:1826:23: note: expanded from macro 'rb_intern'
 1826 |         __extension__ (RUBY_CONST_ID_CACHE((ID), (str))) : \
      |                       ^
/Users/serenachang/.rbenv/versions/2.6.10/include/ruby-2.6.0/ruby/ruby.h:2602:20: note: expanded from macro 'rb_funcall'
 2602 |         rb_funcallv(recv, mid, \
      |                           ^~~
pg_type_map_all_strings.c:128:77: note: '{' token is here
  128 |         pg_typemap_all_strings = rb_obj_freeze( rb_funcall( rb_cTypeMapAllStrings, rb_intern("new"), 0 ));
      |                                                                                    ^~~~~~~~~~~~~~~~
/Users/serenachang/.rbenv/versions/2.6.10/include/ruby-2.6.0/ruby/ruby.h:1826:24: note: expanded from macro 'rb_intern'
 1826 |         __extension__ (RUBY_CONST_ID_CACHE((ID), (str))) : \
      |                        ^~~~~~~~~~~~~~~~~~~~~~~~~~~~~~~~
/Users/serenachang/.rbenv/versions/2.6.10/include/ruby-2.6.0/ruby/ruby.h:1811:5: note: expanded from macro 'RUBY_CONST_ID_CACHE'
 1811 |     {                                                   \
      |     ^
/Users/serenachang/.rbenv/versions/2.6.10/include/ruby-2.6.0/ruby/ruby.h:2602:20: note: expanded from macro 'rb_funcall'
 2602 |         rb_funcallv(recv, mid, \
      |                           ^~~
pg_type_map_all_strings.c:128:77: warning: '}' and ')' tokens terminating statement expression appear in different macro expansion contexts [-Wcompound-token-split-by-macro]
  128 |         pg_typemap_all_strings = rb_obj_freeze( rb_funcall( rb_cTypeMapAllStrings, rb_intern("new"), 0 ));
      |                                                                                    ^~~~~~~~~~~~~~~~
/Users/serenachang/.rbenv/versions/2.6.10/include/ruby-2.6.0/ruby/ruby.h:1826:24: note: expanded from macro 'rb_intern'
 1826 |         __extension__ (RUBY_CONST_ID_CACHE((ID), (str))) : \
      |                        ^~~~~~~~~~~~~~~~~~~~~~~~~~~~~~~~
/Users/serenachang/.rbenv/versions/2.6.10/include/ruby-2.6.0/ruby/ruby.h:1816:5: note: expanded from macro 'RUBY_CONST_ID_CACHE'
 1816 |     }
      |     ^
/Users/serenachang/.rbenv/versions/2.6.10/include/ruby-2.6.0/ruby/ruby.h:2602:20: note: expanded from macro 'rb_funcall'
 2602 |         rb_funcallv(recv, mid, \
      |                           ^~~
pg_type_map_all_strings.c:128:77: note: ')' token is here
  128 |         pg_typemap_all_strings = rb_obj_freeze( rb_funcall( rb_cTypeMapAllStrings, rb_intern("new"), 0 ));
      |                                                                                    ^~~~~~~~~~~~~~~~
/Users/serenachang/.rbenv/versions/2.6.10/include/ruby-2.6.0/ruby/ruby.h:1826:56: note: expanded from macro 'rb_intern'
 1826 |         __extension__ (RUBY_CONST_ID_CACHE((ID), (str))) : \
      |                                                        ^
/Users/serenachang/.rbenv/versions/2.6.10/include/ruby-2.6.0/ruby/ruby.h:2602:20: note: expanded from macro 'rb_funcall'
 2602 |         rb_funcallv(recv, mid, \
      |                           ^~~
2 warnings generated.
compiling pg_type_map_by_class.c
pg_type_map_by_class.c:72:27: warning: '(' and '{' tokens introducing statement expression appear in different macro expansion contexts [-Wcompound-token-split-by-macro]
   72 |                                 obj = rb_funcall(obj, rb_intern("call"), 1, param_value);
      |                                                       ^~~~~~~~~~~~~~~~~
/Users/serenachang/.rbenv/versions/2.6.10/include/ruby-2.6.0/ruby/ruby.h:1826:23: note: expanded from macro 'rb_intern'
 1826 |         __extension__ (RUBY_CONST_ID_CACHE((ID), (str))) : \
      |                       ^
/Users/serenachang/.rbenv/versions/2.6.10/include/ruby-2.6.0/ruby/ruby.h:2602:20: note: expanded from macro 'rb_funcall'
 2602 |         rb_funcallv(recv, mid, \
      |                           ^~~
pg_type_map_by_class.c:72:27: note: '{' token is here
   72 |                                 obj = rb_funcall(obj, rb_intern("call"), 1, param_value);
      |                                                       ^~~~~~~~~~~~~~~~~
/Users/serenachang/.rbenv/versions/2.6.10/include/ruby-2.6.0/ruby/ruby.h:1826:24: note: expanded from macro 'rb_intern'
 1826 |         __extension__ (RUBY_CONST_ID_CACHE((ID), (str))) : \
      |                        ^~~~~~~~~~~~~~~~~~~~~~~~~~~~~~~~
/Users/serenachang/.rbenv/versions/2.6.10/include/ruby-2.6.0/ruby/ruby.h:1811:5: note: expanded from macro 'RUBY_CONST_ID_CACHE'
 1811 |     {                                                   \
      |     ^
/Users/serenachang/.rbenv/versions/2.6.10/include/ruby-2.6.0/ruby/ruby.h:2602:20: note: expanded from macro 'rb_funcall'
 2602 |         rb_funcallv(recv, mid, \
      |                           ^~~
pg_type_map_by_class.c:72:27: warning: '}' and ')' tokens terminating statement expression appear in different macro expansion contexts [-Wcompound-token-split-by-macro]
   72 |                                 obj = rb_funcall(obj, rb_intern("call"), 1, param_value);
      |                                                       ^~~~~~~~~~~~~~~~~
/Users/serenachang/.rbenv/versions/2.6.10/include/ruby-2.6.0/ruby/ruby.h:1826:24: note: expanded from macro 'rb_intern'
 1826 |         __extension__ (RUBY_CONST_ID_CACHE((ID), (str))) : \
      |                        ^~~~~~~~~~~~~~~~~~~~~~~~~~~~~~~~
/Users/serenachang/.rbenv/versions/2.6.10/include/ruby-2.6.0/ruby/ruby.h:1816:5: note: expanded from macro 'RUBY_CONST_ID_CACHE'
 1816 |     }
      |     ^
/Users/serenachang/.rbenv/versions/2.6.10/include/ruby-2.6.0/ruby/ruby.h:2602:20: note: expanded from macro 'rb_funcall'
 2602 |         rb_funcallv(recv, mid, \
      |                           ^~~
pg_type_map_by_class.c:72:27: note: ')' token is here
   72 |                                 obj = rb_funcall(obj, rb_intern("call"), 1, param_value);
      |                                                       ^~~~~~~~~~~~~~~~~
/Users/serenachang/.rbenv/versions/2.6.10/include/ruby-2.6.0/ruby/ruby.h:1826:56: note: expanded from macro 'rb_intern'
 1826 |         __extension__ (RUBY_CONST_ID_CACHE((ID), (str))) : \
      |                                                        ^
/Users/serenachang/.rbenv/versions/2.6.10/include/ruby-2.6.0/ruby/ruby.h:2602:20: note: expanded from macro 'rb_funcall'
 2602 |         rb_funcallv(recv, mid, \
      |                           ^~~
2 warnings generated.
compiling pg_type_map_by_column.c
pg_type_map_by_column.c:329:16: warning: '(' and '{' tokens introducing statement expression appear in different macro expansion contexts [-Wcompound-token-split-by-macro]
  329 |         s_id_decode = rb_intern("decode");
      |                       ^~~~~~~~~~~~~~~~~~~
/Users/serenachang/.rbenv/versions/2.6.10/include/ruby-2.6.0/ruby/ruby.h:1826:23: note: expanded from macro 'rb_intern'
 1826 |         __extension__ (RUBY_CONST_ID_CACHE((ID), (str))) : \
      |                       ^
pg_type_map_by_column.c:329:16: note: '{' token is here
  329 |         s_id_decode = rb_intern("decode");
      |                       ^~~~~~~~~~~~~~~~~~~
/Users/serenachang/.rbenv/versions/2.6.10/include/ruby-2.6.0/ruby/ruby.h:1826:24: note: expanded from macro 'rb_intern'
 1826 |         __extension__ (RUBY_CONST_ID_CACHE((ID), (str))) : \
      |                        ^~~~~~~~~~~~~~~~~~~~~~~~~~~~~~~~
/Users/serenachang/.rbenv/versions/2.6.10/include/ruby-2.6.0/ruby/ruby.h:1811:5: note: expanded from macro 'RUBY_CONST_ID_CACHE'
 1811 |     {                                                   \
      |     ^
pg_type_map_by_column.c:329:16: warning: '}' and ')' tokens terminating statement expression appear in different macro expansion contexts [-Wcompound-token-split-by-macro]
  329 |         s_id_decode = rb_intern("decode");
      |                       ^~~~~~~~~~~~~~~~~~~
/Users/serenachang/.rbenv/versions/2.6.10/include/ruby-2.6.0/ruby/ruby.h:1826:24: note: expanded from macro 'rb_intern'
 1826 |         __extension__ (RUBY_CONST_ID_CACHE((ID), (str))) : \
      |                        ^~~~~~~~~~~~~~~~~~~~~~~~~~~~~~~~
/Users/serenachang/.rbenv/versions/2.6.10/include/ruby-2.6.0/ruby/ruby.h:1816:5: note: expanded from macro 'RUBY_CONST_ID_CACHE'
 1816 |     }
      |     ^
pg_type_map_by_column.c:329:16: note: ')' token is here
  329 |         s_id_decode = rb_intern("decode");
      |                       ^~~~~~~~~~~~~~~~~~~
/Users/serenachang/.rbenv/versions/2.6.10/include/ruby-2.6.0/ruby/ruby.h:1826:56: note: expanded from macro 'rb_intern'
 1826 |         __extension__ (RUBY_CONST_ID_CACHE((ID), (str))) : \
      |                                                        ^
pg_type_map_by_column.c:330:16: warning: '(' and '{' tokens introducing statement expression appear in different macro expansion contexts [-Wcompound-token-split-by-macro]
  330 |         s_id_encode = rb_intern("encode");
      |                       ^~~~~~~~~~~~~~~~~~~
/Users/serenachang/.rbenv/versions/2.6.10/include/ruby-2.6.0/ruby/ruby.h:1826:23: note: expanded from macro 'rb_intern'
 1826 |         __extension__ (RUBY_CONST_ID_CACHE((ID), (str))) : \
      |                       ^
pg_type_map_by_column.c:330:16: note: '{' token is here
  330 |         s_id_encode = rb_intern("encode");
      |                       ^~~~~~~~~~~~~~~~~~~
/Users/serenachang/.rbenv/versions/2.6.10/include/ruby-2.6.0/ruby/ruby.h:1826:24: note: expanded from macro 'rb_intern'
 1826 |         __extension__ (RUBY_CONST_ID_CACHE((ID), (str))) : \
      |                        ^~~~~~~~~~~~~~~~~~~~~~~~~~~~~~~~
/Users/serenachang/.rbenv/versions/2.6.10/include/ruby-2.6.0/ruby/ruby.h:1811:5: note: expanded from macro 'RUBY_CONST_ID_CACHE'
 1811 |     {                                                   \
      |     ^
pg_type_map_by_column.c:330:16: warning: '}' and ')' tokens terminating statement expression appear in different macro expansion contexts [-Wcompound-token-split-by-macro]
  330 |         s_id_encode = rb_intern("encode");
      |                       ^~~~~~~~~~~~~~~~~~~
/Users/serenachang/.rbenv/versions/2.6.10/include/ruby-2.6.0/ruby/ruby.h:1826:24: note: expanded from macro 'rb_intern'
 1826 |         __extension__ (RUBY_CONST_ID_CACHE((ID), (str))) : \
      |                        ^~~~~~~~~~~~~~~~~~~~~~~~~~~~~~~~
/Users/serenachang/.rbenv/versions/2.6.10/include/ruby-2.6.0/ruby/ruby.h:1816:5: note: expanded from macro 'RUBY_CONST_ID_CACHE'
 1816 |     }
      |     ^
pg_type_map_by_column.c:330:16: note: ')' token is here
  330 |         s_id_encode = rb_intern("encode");
      |                       ^~~~~~~~~~~~~~~~~~~
/Users/serenachang/.rbenv/versions/2.6.10/include/ruby-2.6.0/ruby/ruby.h:1826:56: note: expanded from macro 'rb_intern'
 1826 |         __extension__ (RUBY_CONST_ID_CACHE((ID), (str))) : \
      |                                                        ^
4 warnings generated.
compiling pg_type_map_by_mri_type.c
pg_type_map_by_mri_type.c:72:35: warning: '(' and '{' tokens introducing statement expression appear in different macro expansion contexts [-Wcompound-token-split-by-macro]
   72 |                 obj = rb_funcall(ask_for_coder, rb_intern("call"), 1, param_value);
      |                                                 ^~~~~~~~~~~~~~~~~
/Users/serenachang/.rbenv/versions/2.6.10/include/ruby-2.6.0/ruby/ruby.h:1826:23: note: expanded from macro 'rb_intern'
 1826 |         __extension__ (RUBY_CONST_ID_CACHE((ID), (str))) : \
      |                       ^
/Users/serenachang/.rbenv/versions/2.6.10/include/ruby-2.6.0/ruby/ruby.h:2602:20: note: expanded from macro 'rb_funcall'
 2602 |         rb_funcallv(recv, mid, \
      |                           ^~~
pg_type_map_by_mri_type.c:72:35: note: '{' token is here
   72 |                 obj = rb_funcall(ask_for_coder, rb_intern("call"), 1, param_value);
      |                                                 ^~~~~~~~~~~~~~~~~
/Users/serenachang/.rbenv/versions/2.6.10/include/ruby-2.6.0/ruby/ruby.h:1826:24: note: expanded from macro 'rb_intern'
 1826 |         __extension__ (RUBY_CONST_ID_CACHE((ID), (str))) : \
      |                        ^~~~~~~~~~~~~~~~~~~~~~~~~~~~~~~~
/Users/serenachang/.rbenv/versions/2.6.10/include/ruby-2.6.0/ruby/ruby.h:1811:5: note: expanded from macro 'RUBY_CONST_ID_CACHE'
 1811 |     {                                                   \
      |     ^
/Users/serenachang/.rbenv/versions/2.6.10/include/ruby-2.6.0/ruby/ruby.h:2602:20: note: expanded from macro 'rb_funcall'
 2602 |         rb_funcallv(recv, mid, \
      |                           ^~~
pg_type_map_by_mri_type.c:72:35: warning: '}' and ')' tokens terminating statement expression appear in different macro expansion contexts [-Wcompound-token-split-by-macro]
   72 |                 obj = rb_funcall(ask_for_coder, rb_intern("call"), 1, param_value);
      |                                                 ^~~~~~~~~~~~~~~~~
/Users/serenachang/.rbenv/versions/2.6.10/include/ruby-2.6.0/ruby/ruby.h:1826:24: note: expanded from macro 'rb_intern'
 1826 |         __extension__ (RUBY_CONST_ID_CACHE((ID), (str))) : \
      |                        ^~~~~~~~~~~~~~~~~~~~~~~~~~~~~~~~
/Users/serenachang/.rbenv/versions/2.6.10/include/ruby-2.6.0/ruby/ruby.h:1816:5: note: expanded from macro 'RUBY_CONST_ID_CACHE'
 1816 |     }
      |     ^
/Users/serenachang/.rbenv/versions/2.6.10/include/ruby-2.6.0/ruby/ruby.h:2602:20: note: expanded from macro 'rb_funcall'
 2602 |         rb_funcallv(recv, mid, \
      |                           ^~~
pg_type_map_by_mri_type.c:72:35: note: ')' token is here
   72 |                 obj = rb_funcall(ask_for_coder, rb_intern("call"), 1, param_value);
      |                                                 ^~~~~~~~~~~~~~~~~
/Users/serenachang/.rbenv/versions/2.6.10/include/ruby-2.6.0/ruby/ruby.h:1826:56: note: expanded from macro 'rb_intern'
 1826 |         __extension__ (RUBY_CONST_ID_CACHE((ID), (str))) : \
      |                                                        ^
/Users/serenachang/.rbenv/versions/2.6.10/include/ruby-2.6.0/ruby/ruby.h:2602:20: note: expanded from macro 'rb_funcall'
 2602 |         rb_funcallv(recv, mid, \
      |                           ^~~
2 warnings generated.
compiling pg_type_map_by_oid.c
pg_type_map_by_oid.c:306:45: warning: '(' and '{' tokens introducing statement expression appear in different macro expansion contexts [-Wcompound-token-split-by-macro]
  306 |                         rb_funcall(this->format[0].oid_to_coder, rb_intern("values"), 0),
      |                                                                  ^~~~~~~~~~~~~~~~~~~
/Users/serenachang/.rbenv/versions/2.6.10/include/ruby-2.6.0/ruby/ruby.h:1826:23: note: expanded from macro 'rb_intern'
 1826 |         __extension__ (RUBY_CONST_ID_CACHE((ID), (str))) : \
      |                       ^
/Users/serenachang/.rbenv/versions/2.6.10/include/ruby-2.6.0/ruby/ruby.h:2602:20: note: expanded from macro 'rb_funcall'
 2602 |         rb_funcallv(recv, mid, \
      |                           ^~~
pg_type_map_by_oid.c:306:45: note: '{' token is here
  306 |                         rb_funcall(this->format[0].oid_to_coder, rb_intern("values"), 0),
      |                                                                  ^~~~~~~~~~~~~~~~~~~
/Users/serenachang/.rbenv/versions/2.6.10/include/ruby-2.6.0/ruby/ruby.h:1826:24: note: expanded from macro 'rb_intern'
 1826 |         __extension__ (RUBY_CONST_ID_CACHE((ID), (str))) : \
      |                        ^~~~~~~~~~~~~~~~~~~~~~~~~~~~~~~~
/Users/serenachang/.rbenv/versions/2.6.10/include/ruby-2.6.0/ruby/ruby.h:1811:5: note: expanded from macro 'RUBY_CONST_ID_CACHE'
 1811 |     {                                                   \
      |     ^
/Users/serenachang/.rbenv/versions/2.6.10/include/ruby-2.6.0/ruby/ruby.h:2602:20: note: expanded from macro 'rb_funcall'
 2602 |         rb_funcallv(recv, mid, \
      |                           ^~~
pg_type_map_by_oid.c:306:45: warning: '}' and ')' tokens terminating statement expression appear in different macro expansion contexts [-Wcompound-token-split-by-macro]
  306 |                         rb_funcall(this->format[0].oid_to_coder, rb_intern("values"), 0),
      |                                                                  ^~~~~~~~~~~~~~~~~~~
/Users/serenachang/.rbenv/versions/2.6.10/include/ruby-2.6.0/ruby/ruby.h:1826:24: note: expanded from macro 'rb_intern'
 1826 |         __extension__ (RUBY_CONST_ID_CACHE((ID), (str))) : \
      |                        ^~~~~~~~~~~~~~~~~~~~~~~~~~~~~~~~
/Users/serenachang/.rbenv/versions/2.6.10/include/ruby-2.6.0/ruby/ruby.h:1816:5: note: expanded from macro 'RUBY_CONST_ID_CACHE'
 1816 |     }
      |     ^
/Users/serenachang/.rbenv/versions/2.6.10/include/ruby-2.6.0/ruby/ruby.h:2602:20: note: expanded from macro 'rb_funcall'
 2602 |         rb_funcallv(recv, mid, \
      |                           ^~~
pg_type_map_by_oid.c:306:45: note: ')' token is here
  306 |                         rb_funcall(this->format[0].oid_to_coder, rb_intern("values"), 0),
      |                                                                  ^~~~~~~~~~~~~~~~~~~
/Users/serenachang/.rbenv/versions/2.6.10/include/ruby-2.6.0/ruby/ruby.h:1826:56: note: expanded from macro 'rb_intern'
 1826 |         __extension__ (RUBY_CONST_ID_CACHE((ID), (str))) : \
      |                                                        ^
/Users/serenachang/.rbenv/versions/2.6.10/include/ruby-2.6.0/ruby/ruby.h:2602:20: note: expanded from macro 'rb_funcall'
 2602 |         rb_funcallv(recv, mid, \
      |                           ^~~
pg_type_map_by_oid.c:307:45: warning: '(' and '{' tokens introducing statement expression appear in different macro expansion contexts [-Wcompound-token-split-by-macro]
  307 |                         rb_funcall(this->format[1].oid_to_coder, rb_intern("values"), 0));
      |                                                                  ^~~~~~~~~~~~~~~~~~~
/Users/serenachang/.rbenv/versions/2.6.10/include/ruby-2.6.0/ruby/ruby.h:1826:23: note: expanded from macro 'rb_intern'
 1826 |         __extension__ (RUBY_CONST_ID_CACHE((ID), (str))) : \
      |                       ^
/Users/serenachang/.rbenv/versions/2.6.10/include/ruby-2.6.0/ruby/ruby.h:2602:20: note: expanded from macro 'rb_funcall'
 2602 |         rb_funcallv(recv, mid, \
      |                           ^~~
pg_type_map_by_oid.c:307:45: note: '{' token is here
  307 |                         rb_funcall(this->format[1].oid_to_coder, rb_intern("values"), 0));
      |                                                                  ^~~~~~~~~~~~~~~~~~~
/Users/serenachang/.rbenv/versions/2.6.10/include/ruby-2.6.0/ruby/ruby.h:1826:24: note: expanded from macro 'rb_intern'
 1826 |         __extension__ (RUBY_CONST_ID_CACHE((ID), (str))) : \
      |                        ^~~~~~~~~~~~~~~~~~~~~~~~~~~~~~~~
/Users/serenachang/.rbenv/versions/2.6.10/include/ruby-2.6.0/ruby/ruby.h:1811:5: note: expanded from macro 'RUBY_CONST_ID_CACHE'
 1811 |     {                                                   \
      |     ^
/Users/serenachang/.rbenv/versions/2.6.10/include/ruby-2.6.0/ruby/ruby.h:2602:20: note: expanded from macro 'rb_funcall'
 2602 |         rb_funcallv(recv, mid, \
      |                           ^~~
pg_type_map_by_oid.c:307:45: warning: '}' and ')' tokens terminating statement expression appear in different macro expansion contexts [-Wcompound-token-split-by-macro]
  307 |                         rb_funcall(this->format[1].oid_to_coder, rb_intern("values"), 0));
      |                                                                  ^~~~~~~~~~~~~~~~~~~
/Users/serenachang/.rbenv/versions/2.6.10/include/ruby-2.6.0/ruby/ruby.h:1826:24: note: expanded from macro 'rb_intern'
 1826 |         __extension__ (RUBY_CONST_ID_CACHE((ID), (str))) : \
      |                        ^~~~~~~~~~~~~~~~~~~~~~~~~~~~~~~~
/Users/serenachang/.rbenv/versions/2.6.10/include/ruby-2.6.0/ruby/ruby.h:1816:5: note: expanded from macro 'RUBY_CONST_ID_CACHE'
 1816 |     }
      |     ^
/Users/serenachang/.rbenv/versions/2.6.10/include/ruby-2.6.0/ruby/ruby.h:2602:20: note: expanded from macro 'rb_funcall'
 2602 |         rb_funcallv(recv, mid, \
      |                           ^~~
pg_type_map_by_oid.c:307:45: note: ')' token is here
  307 |                         rb_funcall(this->format[1].oid_to_coder, rb_intern("values"), 0));
      |                                                                  ^~~~~~~~~~~~~~~~~~~
/Users/serenachang/.rbenv/versions/2.6.10/include/ruby-2.6.0/ruby/ruby.h:1826:56: note: expanded from macro 'rb_intern'
 1826 |         __extension__ (RUBY_CONST_ID_CACHE((ID), (str))) : \
      |                                                        ^
/Users/serenachang/.rbenv/versions/2.6.10/include/ruby-2.6.0/ruby/ruby.h:2602:20: note: expanded from macro 'rb_funcall'
 2602 |         rb_funcallv(recv, mid, \
      |                           ^~~
pg_type_map_by_oid.c:364:16: warning: '(' and '{' tokens introducing statement expression appear in different macro expansion contexts [-Wcompound-token-split-by-macro]
  364 |         s_id_decode = rb_intern("decode");
      |                       ^~~~~~~~~~~~~~~~~~~
/Users/serenachang/.rbenv/versions/2.6.10/include/ruby-2.6.0/ruby/ruby.h:1826:23: note: expanded from macro 'rb_intern'
 1826 |         __extension__ (RUBY_CONST_ID_CACHE((ID), (str))) : \
      |                       ^
pg_type_map_by_oid.c:364:16: note: '{' token is here
  364 |         s_id_decode = rb_intern("decode");
      |                       ^~~~~~~~~~~~~~~~~~~
/Users/serenachang/.rbenv/versions/2.6.10/include/ruby-2.6.0/ruby/ruby.h:1826:24: note: expanded from macro 'rb_intern'
 1826 |         __extension__ (RUBY_CONST_ID_CACHE((ID), (str))) : \
      |                        ^~~~~~~~~~~~~~~~~~~~~~~~~~~~~~~~
/Users/serenachang/.rbenv/versions/2.6.10/include/ruby-2.6.0/ruby/ruby.h:1811:5: note: expanded from macro 'RUBY_CONST_ID_CACHE'
 1811 |     {                                                   \
      |     ^
pg_type_map_by_oid.c:364:16: warning: '}' and ')' tokens terminating statement expression appear in different macro expansion contexts [-Wcompound-token-split-by-macro]
  364 |         s_id_decode = rb_intern("decode");
      |                       ^~~~~~~~~~~~~~~~~~~
/Users/serenachang/.rbenv/versions/2.6.10/include/ruby-2.6.0/ruby/ruby.h:1826:24: note: expanded from macro 'rb_intern'
 1826 |         __extension__ (RUBY_CONST_ID_CACHE((ID), (str))) : \
      |                        ^~~~~~~~~~~~~~~~~~~~~~~~~~~~~~~~
/Users/serenachang/.rbenv/versions/2.6.10/include/ruby-2.6.0/ruby/ruby.h:1816:5: note: expanded from macro 'RUBY_CONST_ID_CACHE'
 1816 |     }
      |     ^
pg_type_map_by_oid.c:364:16: note: ')' token is here
  364 |         s_id_decode = rb_intern("decode");
      |                       ^~~~~~~~~~~~~~~~~~~
/Users/serenachang/.rbenv/versions/2.6.10/include/ruby-2.6.0/ruby/ruby.h:1826:56: note: expanded from macro 'rb_intern'
 1826 |         __extension__ (RUBY_CONST_ID_CACHE((ID), (str))) : \
      |                                                        ^
6 warnings generated.
compiling pg_type_map_in_ruby.c
pg_type_map_in_ruby.c:307:23: warning: '(' and '{' tokens introducing statement expression appear in different macro expansion contexts [-Wcompound-token-split-by-macro]
  307 |         s_id_fit_to_result = rb_intern("fit_to_result");
      |                              ^~~~~~~~~~~~~~~~~~~~~~~~~~
/Users/serenachang/.rbenv/versions/2.6.10/include/ruby-2.6.0/ruby/ruby.h:1826:23: note: expanded from macro 'rb_intern'
 1826 |         __extension__ (RUBY_CONST_ID_CACHE((ID), (str))) : \
      |                       ^
pg_type_map_in_ruby.c:307:23: note: '{' token is here
  307 |         s_id_fit_to_result = rb_intern("fit_to_result");
      |                              ^~~~~~~~~~~~~~~~~~~~~~~~~~
/Users/serenachang/.rbenv/versions/2.6.10/include/ruby-2.6.0/ruby/ruby.h:1826:24: note: expanded from macro 'rb_intern'
 1826 |         __extension__ (RUBY_CONST_ID_CACHE((ID), (str))) : \
      |                        ^~~~~~~~~~~~~~~~~~~~~~~~~~~~~~~~
/Users/serenachang/.rbenv/versions/2.6.10/include/ruby-2.6.0/ruby/ruby.h:1811:5: note: expanded from macro 'RUBY_CONST_ID_CACHE'
 1811 |     {                                                   \
      |     ^
pg_type_map_in_ruby.c:307:23: warning: '}' and ')' tokens terminating statement expression appear in different macro expansion contexts [-Wcompound-token-split-by-macro]
  307 |         s_id_fit_to_result = rb_intern("fit_to_result");
      |                              ^~~~~~~~~~~~~~~~~~~~~~~~~~
/Users/serenachang/.rbenv/versions/2.6.10/include/ruby-2.6.0/ruby/ruby.h:1826:24: note: expanded from macro 'rb_intern'
 1826 |         __extension__ (RUBY_CONST_ID_CACHE((ID), (str))) : \
      |                        ^~~~~~~~~~~~~~~~~~~~~~~~~~~~~~~~
/Users/serenachang/.rbenv/versions/2.6.10/include/ruby-2.6.0/ruby/ruby.h:1816:5: note: expanded from macro 'RUBY_CONST_ID_CACHE'
 1816 |     }
      |     ^
pg_type_map_in_ruby.c:307:23: note: ')' token is here
  307 |         s_id_fit_to_result = rb_intern("fit_to_result");
      |                              ^~~~~~~~~~~~~~~~~~~~~~~~~~
/Users/serenachang/.rbenv/versions/2.6.10/include/ruby-2.6.0/ruby/ruby.h:1826:56: note: expanded from macro 'rb_intern'
 1826 |         __extension__ (RUBY_CONST_ID_CACHE((ID), (str))) : \
      |                                                        ^
pg_type_map_in_ruby.c:308:22: warning: '(' and '{' tokens introducing statement expression appear in different macro expansion contexts [-Wcompound-token-split-by-macro]
  308 |         s_id_fit_to_query = rb_intern("fit_to_query");
      |                             ^~~~~~~~~~~~~~~~~~~~~~~~~
/Users/serenachang/.rbenv/versions/2.6.10/include/ruby-2.6.0/ruby/ruby.h:1826:23: note: expanded from macro 'rb_intern'
 1826 |         __extension__ (RUBY_CONST_ID_CACHE((ID), (str))) : \
      |                       ^
pg_type_map_in_ruby.c:308:22: note: '{' token is here
  308 |         s_id_fit_to_query = rb_intern("fit_to_query");
      |                             ^~~~~~~~~~~~~~~~~~~~~~~~~
/Users/serenachang/.rbenv/versions/2.6.10/include/ruby-2.6.0/ruby/ruby.h:1826:24: note: expanded from macro 'rb_intern'
 1826 |         __extension__ (RUBY_CONST_ID_CACHE((ID), (str))) : \
      |                        ^~~~~~~~~~~~~~~~~~~~~~~~~~~~~~~~
/Users/serenachang/.rbenv/versions/2.6.10/include/ruby-2.6.0/ruby/ruby.h:1811:5: note: expanded from macro 'RUBY_CONST_ID_CACHE'
 1811 |     {                                                   \
      |     ^
pg_type_map_in_ruby.c:308:22: warning: '}' and ')' tokens terminating statement expression appear in different macro expansion contexts [-Wcompound-token-split-by-macro]
  308 |         s_id_fit_to_query = rb_intern("fit_to_query");
      |                             ^~~~~~~~~~~~~~~~~~~~~~~~~
/Users/serenachang/.rbenv/versions/2.6.10/include/ruby-2.6.0/ruby/ruby.h:1826:24: note: expanded from macro 'rb_intern'
 1826 |         __extension__ (RUBY_CONST_ID_CACHE((ID), (str))) : \
      |                        ^~~~~~~~~~~~~~~~~~~~~~~~~~~~~~~~
/Users/serenachang/.rbenv/versions/2.6.10/include/ruby-2.6.0/ruby/ruby.h:1816:5: note: expanded from macro 'RUBY_CONST_ID_CACHE'
 1816 |     }
      |     ^
pg_type_map_in_ruby.c:308:22: note: ')' token is here
  308 |         s_id_fit_to_query = rb_intern("fit_to_query");
      |                             ^~~~~~~~~~~~~~~~~~~~~~~~~
/Users/serenachang/.rbenv/versions/2.6.10/include/ruby-2.6.0/ruby/ruby.h:1826:56: note: expanded from macro 'rb_intern'
 1826 |         __extension__ (RUBY_CONST_ID_CACHE((ID), (str))) : \
      |                                                        ^
pg_type_map_in_ruby.c:309:25: warning: '(' and '{' tokens introducing statement expression appear in different macro expansion contexts [-Wcompound-token-split-by-macro]
  309 |         s_id_fit_to_copy_get = rb_intern("fit_to_copy_get");
      |                                ^~~~~~~~~~~~~~~~~~~~~~~~~~~~
/Users/serenachang/.rbenv/versions/2.6.10/include/ruby-2.6.0/ruby/ruby.h:1826:23: note: expanded from macro 'rb_intern'
 1826 |         __extension__ (RUBY_CONST_ID_CACHE((ID), (str))) : \
      |                       ^
pg_type_map_in_ruby.c:309:25: note: '{' token is here
  309 |         s_id_fit_to_copy_get = rb_intern("fit_to_copy_get");
      |                                ^~~~~~~~~~~~~~~~~~~~~~~~~~~~
/Users/serenachang/.rbenv/versions/2.6.10/include/ruby-2.6.0/ruby/ruby.h:1826:24: note: expanded from macro 'rb_intern'
 1826 |         __extension__ (RUBY_CONST_ID_CACHE((ID), (str))) : \
      |                        ^~~~~~~~~~~~~~~~~~~~~~~~~~~~~~~~
/Users/serenachang/.rbenv/versions/2.6.10/include/ruby-2.6.0/ruby/ruby.h:1811:5: note: expanded from macro 'RUBY_CONST_ID_CACHE'
 1811 |     {                                                   \
      |     ^
pg_type_map_in_ruby.c:309:25: warning: '}' and ')' tokens terminating statement expression appear in different macro expansion contexts [-Wcompound-token-split-by-macro]
  309 |         s_id_fit_to_copy_get = rb_intern("fit_to_copy_get");
      |                                ^~~~~~~~~~~~~~~~~~~~~~~~~~~~
/Users/serenachang/.rbenv/versions/2.6.10/include/ruby-2.6.0/ruby/ruby.h:1826:24: note: expanded from macro 'rb_intern'
 1826 |         __extension__ (RUBY_CONST_ID_CACHE((ID), (str))) : \
      |                        ^~~~~~~~~~~~~~~~~~~~~~~~~~~~~~~~
/Users/serenachang/.rbenv/versions/2.6.10/include/ruby-2.6.0/ruby/ruby.h:1816:5: note: expanded from macro 'RUBY_CONST_ID_CACHE'
 1816 |     }
      |     ^
pg_type_map_in_ruby.c:309:25: note: ')' token is here
  309 |         s_id_fit_to_copy_get = rb_intern("fit_to_copy_get");
      |                                ^~~~~~~~~~~~~~~~~~~~~~~~~~~~
/Users/serenachang/.rbenv/versions/2.6.10/include/ruby-2.6.0/ruby/ruby.h:1826:56: note: expanded from macro 'rb_intern'
 1826 |         __extension__ (RUBY_CONST_ID_CACHE((ID), (str))) : \
      |                                                        ^
pg_type_map_in_ruby.c:310:31: warning: '(' and '{' tokens introducing statement expression appear in different macro expansion contexts [-Wcompound-token-split-by-macro]
  310 |         s_id_typecast_result_value = rb_intern("typecast_result_value");
      |                                      ^~~~~~~~~~~~~~~~~~~~~~~~~~~~~~~~~~
/Users/serenachang/.rbenv/versions/2.6.10/include/ruby-2.6.0/ruby/ruby.h:1826:23: note: expanded from macro 'rb_intern'
 1826 |         __extension__ (RUBY_CONST_ID_CACHE((ID), (str))) : \
      |                       ^
pg_type_map_in_ruby.c:310:31: note: '{' token is here
  310 |         s_id_typecast_result_value = rb_intern("typecast_result_value");
      |                                      ^~~~~~~~~~~~~~~~~~~~~~~~~~~~~~~~~~
/Users/serenachang/.rbenv/versions/2.6.10/include/ruby-2.6.0/ruby/ruby.h:1826:24: note: expanded from macro 'rb_intern'
 1826 |         __extension__ (RUBY_CONST_ID_CACHE((ID), (str))) : \
      |                        ^~~~~~~~~~~~~~~~~~~~~~~~~~~~~~~~
/Users/serenachang/.rbenv/versions/2.6.10/include/ruby-2.6.0/ruby/ruby.h:1811:5: note: expanded from macro 'RUBY_CONST_ID_CACHE'
 1811 |     {                                                   \
      |     ^
pg_type_map_in_ruby.c:310:31: warning: '}' and ')' tokens terminating statement expression appear in different macro expansion contexts [-Wcompound-token-split-by-macro]
  310 |         s_id_typecast_result_value = rb_intern("typecast_result_value");
      |                                      ^~~~~~~~~~~~~~~~~~~~~~~~~~~~~~~~~~
/Users/serenachang/.rbenv/versions/2.6.10/include/ruby-2.6.0/ruby/ruby.h:1826:24: note: expanded from macro 'rb_intern'
 1826 |         __extension__ (RUBY_CONST_ID_CACHE((ID), (str))) : \
      |                        ^~~~~~~~~~~~~~~~~~~~~~~~~~~~~~~~
/Users/serenachang/.rbenv/versions/2.6.10/include/ruby-2.6.0/ruby/ruby.h:1816:5: note: expanded from macro 'RUBY_CONST_ID_CACHE'
 1816 |     }
      |     ^
pg_type_map_in_ruby.c:310:31: note: ')' token is here
  310 |         s_id_typecast_result_value = rb_intern("typecast_result_value");
      |                                      ^~~~~~~~~~~~~~~~~~~~~~~~~~~~~~~~~~
/Users/serenachang/.rbenv/versions/2.6.10/include/ruby-2.6.0/ruby/ruby.h:1826:56: note: expanded from macro 'rb_intern'
 1826 |         __extension__ (RUBY_CONST_ID_CACHE((ID), (str))) : \
      |                                                        ^
pg_type_map_in_ruby.c:311:30: warning: '(' and '{' tokens introducing statement expression appear in different macro expansion contexts [-Wcompound-token-split-by-macro]
  311 |         s_id_typecast_query_param = rb_intern("typecast_query_param");
      |                                     ^~~~~~~~~~~~~~~~~~~~~~~~~~~~~~~~~
/Users/serenachang/.rbenv/versions/2.6.10/include/ruby-2.6.0/ruby/ruby.h:1826:23: note: expanded from macro 'rb_intern'
 1826 |         __extension__ (RUBY_CONST_ID_CACHE((ID), (str))) : \
      |                       ^
pg_type_map_in_ruby.c:311:30: note: '{' token is here
  311 |         s_id_typecast_query_param = rb_intern("typecast_query_param");
      |                                     ^~~~~~~~~~~~~~~~~~~~~~~~~~~~~~~~~
/Users/serenachang/.rbenv/versions/2.6.10/include/ruby-2.6.0/ruby/ruby.h:1826:24: note: expanded from macro 'rb_intern'
 1826 |         __extension__ (RUBY_CONST_ID_CACHE((ID), (str))) : \
      |                        ^~~~~~~~~~~~~~~~~~~~~~~~~~~~~~~~
/Users/serenachang/.rbenv/versions/2.6.10/include/ruby-2.6.0/ruby/ruby.h:1811:5: note: expanded from macro 'RUBY_CONST_ID_CACHE'
 1811 |     {                                                   \
      |     ^
pg_type_map_in_ruby.c:311:30: warning: '}' and ')' tokens terminating statement expression appear in different macro expansion contexts [-Wcompound-token-split-by-macro]
  311 |         s_id_typecast_query_param = rb_intern("typecast_query_param");
      |                                     ^~~~~~~~~~~~~~~~~~~~~~~~~~~~~~~~~
/Users/serenachang/.rbenv/versions/2.6.10/include/ruby-2.6.0/ruby/ruby.h:1826:24: note: expanded from macro 'rb_intern'
 1826 |         __extension__ (RUBY_CONST_ID_CACHE((ID), (str))) : \
      |                        ^~~~~~~~~~~~~~~~~~~~~~~~~~~~~~~~
/Users/serenachang/.rbenv/versions/2.6.10/include/ruby-2.6.0/ruby/ruby.h:1816:5: note: expanded from macro 'RUBY_CONST_ID_CACHE'
 1816 |     }
      |     ^
pg_type_map_in_ruby.c:311:30: note: ')' token is here
  311 |         s_id_typecast_query_param = rb_intern("typecast_query_param");
      |                                     ^~~~~~~~~~~~~~~~~~~~~~~~~~~~~~~~~
/Users/serenachang/.rbenv/versions/2.6.10/include/ruby-2.6.0/ruby/ruby.h:1826:56: note: expanded from macro 'rb_intern'
 1826 |         __extension__ (RUBY_CONST_ID_CACHE((ID), (str))) : \
      |                                                        ^
pg_type_map_in_ruby.c:312:27: warning: '(' and '{' tokens introducing statement expression appear in different macro expansion contexts [-Wcompound-token-split-by-macro]
  312 |         s_id_typecast_copy_get = rb_intern("typecast_copy_get");
      |                                  ^~~~~~~~~~~~~~~~~~~~~~~~~~~~~~
/Users/serenachang/.rbenv/versions/2.6.10/include/ruby-2.6.0/ruby/ruby.h:1826:23: note: expanded from macro 'rb_intern'
 1826 |         __extension__ (RUBY_CONST_ID_CACHE((ID), (str))) : \
      |                       ^
pg_type_map_in_ruby.c:312:27: note: '{' token is here
  312 |         s_id_typecast_copy_get = rb_intern("typecast_copy_get");
      |                                  ^~~~~~~~~~~~~~~~~~~~~~~~~~~~~~
/Users/serenachang/.rbenv/versions/2.6.10/include/ruby-2.6.0/ruby/ruby.h:1826:24: note: expanded from macro 'rb_intern'
 1826 |         __extension__ (RUBY_CONST_ID_CACHE((ID), (str))) : \
      |                        ^~~~~~~~~~~~~~~~~~~~~~~~~~~~~~~~
/Users/serenachang/.rbenv/versions/2.6.10/include/ruby-2.6.0/ruby/ruby.h:1811:5: note: expanded from macro 'RUBY_CONST_ID_CACHE'
 1811 |     {                                                   \
      |     ^
pg_type_map_in_ruby.c:312:27: warning: '}' and ')' tokens terminating statement expression appear in different macro expansion contexts [-Wcompound-token-split-by-macro]
  312 |         s_id_typecast_copy_get = rb_intern("typecast_copy_get");
      |                                  ^~~~~~~~~~~~~~~~~~~~~~~~~~~~~~
/Users/serenachang/.rbenv/versions/2.6.10/include/ruby-2.6.0/ruby/ruby.h:1826:24: note: expanded from macro 'rb_intern'
 1826 |         __extension__ (RUBY_CONST_ID_CACHE((ID), (str))) : \
      |                        ^~~~~~~~~~~~~~~~~~~~~~~~~~~~~~~~
/Users/serenachang/.rbenv/versions/2.6.10/include/ruby-2.6.0/ruby/ruby.h:1816:5: note: expanded from macro 'RUBY_CONST_ID_CACHE'
 1816 |     }
      |     ^
pg_type_map_in_ruby.c:312:27: note: ')' token is here
  312 |         s_id_typecast_copy_get = rb_intern("typecast_copy_get");
      |                                  ^~~~~~~~~~~~~~~~~~~~~~~~~~~~~~
/Users/serenachang/.rbenv/versions/2.6.10/include/ruby-2.6.0/ruby/ruby.h:1826:56: note: expanded from macro 'rb_intern'
 1826 |         __extension__ (RUBY_CONST_ID_CACHE((ID), (str))) : \
      |                                                        ^
12 warnings generated.
compiling pg_util.c
linking shared-object pg_ext.bundle

current directory: /Users/serenachang/Desktop/smartadmin-template/vendor/bundle/ruby/2.6.0/gems/pg-1.5.9/ext
make "DESTDIR=" install
/usr/bin/install -c -m 0755 pg_ext.bundle ./.gem.20251216-8554-1bg5n8h
installing pg_ext libraries
